# Blender 4.4.3
# www.blender.org
mtllib jupiter.mtl
o Jupiter
v 0.000000 27.829742 -2.740991
v 0.000000 26.760262 -8.117638
v 0.000000 25.835735 -10.701514
v 0.000000 21.616774 -17.740429
v 0.000000 19.773815 -19.773819
v 0.000000 17.740427 -21.616776
v 0.000000 13.182327 -24.662401
v 0.000000 8.117636 -26.760265
v 0.000000 5.455585 -27.427074
v 0.000000 2.740990 -27.829746
v 0.000000 -0.000001 -27.964403
v 0.000000 -2.740989 -27.829746
v 0.000000 -10.701511 -25.835741
v 0.000000 -21.616774 -17.740429
v 0.000000 -25.835735 -10.701515
v 0.000000 -26.760262 -8.117639
v 0.000000 -27.829742 -2.740990
v 0.268664 27.829742 -2.727792
v 0.534741 27.427071 -5.429314
v 0.795668 26.760262 -8.078549
v 1.048932 25.835735 -10.649983
v 1.292094 24.662399 -13.118852
v 1.522813 23.251547 -15.461379
v 1.738867 21.616774 -17.655005
v 1.938174 19.773815 -19.678602
v 2.118815 17.740427 -21.512686
v 2.279051 15.536188 -23.139587
v 2.417338 13.182327 -24.543644
v 2.532346 10.701512 -25.711334
v 2.622965 8.117636 -26.631409
v 2.688324 5.455585 -27.295004
v 2.727793 2.740990 -27.695738
v 2.740991 -0.000001 -27.829746
v 2.727793 -2.740989 -27.695738
v 2.688324 -5.455584 -27.295004
v 2.622965 -8.117638 -26.631407
v 2.532346 -10.701511 -25.711334
v 2.417339 -13.182323 -24.543646
v 2.279051 -15.536186 -23.139589
v 2.118815 -17.740427 -21.512686
v 1.938174 -19.773815 -19.678602
v 1.738867 -21.616774 -17.655005
v 1.522813 -23.251549 -15.461377
v 1.292095 -24.662397 -13.118855
v 1.048932 -25.835735 -10.649984
v 0.795668 -26.760262 -8.078550
v 0.534741 -27.427073 -5.429314
v 0.268664 -27.829742 -2.727791
v 0.534741 27.829742 -2.688323
v 1.064332 27.427071 -5.350757
v 1.583673 26.760262 -7.961659
v 2.087762 25.835735 -10.495887
v 2.571745 24.662399 -12.929033
v 3.030961 23.251547 -15.237666
v 3.460987 21.616774 -17.399549
v 3.857682 19.773815 -19.393869
v 4.217225 17.740427 -21.201416
v 4.536154 15.536188 -22.804779
v 4.811396 13.182327 -24.188519
v 5.040304 10.701512 -25.339314
v 5.220670 8.117636 -26.246075
v 5.350758 5.455585 -26.900070
v 5.429316 2.740990 -27.295004
v 5.455585 -0.000001 -27.427074
v 5.429316 -2.740989 -27.295004
v 5.350758 -5.455584 -26.900070
v 5.220669 -8.117638 -26.246075
v 5.040304 -10.701511 -25.339315
v 4.811397 -13.182323 -24.188520
v 4.536154 -15.536186 -22.804781
v 4.217225 -17.740427 -21.201416
v 3.857682 -19.773815 -19.393869
v 3.460987 -21.616774 -17.399549
v 3.030961 -23.251549 -15.237665
v 2.571746 -24.662397 -12.929036
v 2.087763 -25.835735 -10.495888
v 1.583673 -26.760262 -7.961661
v 1.064332 -27.427073 -5.350757
v 0.534741 -27.829742 -2.688322
v 0.795668 27.829742 -2.622965
v 1.583673 27.427071 -5.220669
v 2.356427 26.760262 -7.768095
v 3.106486 25.835735 -10.240709
v 3.826629 24.662399 -12.614701
v 4.509919 23.251547 -14.867207
v 5.149776 21.616774 -16.976532
v 5.740038 19.773815 -18.922365
v 6.275020 17.740427 -20.685965
v 6.749571 15.536188 -22.250347
v 7.159117 13.182327 -23.600445
v 7.499721 10.701512 -24.723263
v 7.768097 8.117636 -25.607979
v 7.961660 5.455585 -26.246073
v 8.078550 2.740990 -26.631407
v 8.117639 -0.000001 -26.760263
v 8.078550 -2.740989 -26.631407
v 7.961660 -5.455584 -26.246073
v 7.768095 -8.117638 -25.607977
v 7.499721 -10.701511 -24.723265
v 7.159119 -13.182323 -23.600445
v 6.749571 -15.536186 -22.250349
v 6.275021 -17.740427 -20.685966
v 5.740038 -19.773815 -18.922365
v 5.149776 -21.616774 -16.976532
v 4.509918 -23.251549 -14.867207
v 3.826630 -24.662397 -12.614704
v 3.106487 -25.835735 -10.240710
v 2.356427 -26.760262 -7.768096
v 1.583673 -27.427073 -5.220669
v 0.795668 -27.829742 -2.622963
v 1.048933 27.829742 -2.532345
v 2.087763 27.427071 -5.040303
v 3.106487 26.760262 -7.499718
v 4.095294 25.835735 -9.886909
v 5.044660 24.662399 -12.178883
v 5.945445 23.251547 -14.353568
v 6.788970 21.616774 -16.390018
v 7.567115 19.773815 -18.268625
v 8.272384 17.740427 -19.971296
v 8.897986 15.536188 -21.481632
v 9.437893 13.182327 -22.785084
v 9.886910 10.701512 -23.869112
v 10.240713 8.117636 -24.723263
v 10.495888 5.455585 -25.339310
v 10.649984 2.740990 -25.711334
v 10.701515 -0.000001 -25.835739
v 10.649984 -2.740989 -25.711334
v 10.495888 -5.455584 -25.339310
v 10.240711 -8.117638 -24.723261
v 9.886911 -10.701511 -23.869114
v 9.437895 -13.182323 -22.785086
v 8.897986 -15.536186 -21.481634
v 8.272385 -17.740427 -19.971298
v 7.567115 -19.773815 -18.268625
v 6.788970 -21.616774 -16.390018
v 5.945444 -23.251549 -14.353568
v 5.044661 -24.662397 -12.178885
v 4.095294 -25.835735 -9.886909
v 3.106487 -26.760262 -7.499720
v 2.087763 -27.427073 -5.040303
v 1.048932 -27.829742 -2.532344
v 1.292095 27.829742 -2.417338
v 2.571746 27.427071 -4.811397
v 3.826629 26.760262 -7.159116
v 5.044660 25.835735 -9.437891
v 6.214108 24.662399 -11.625774
v 7.323711 23.251547 -13.701697
v 8.362782 21.616774 -15.645661
v 9.321316 19.773815 -17.438950
v 10.190079 17.740427 -19.064293
v 10.960708 15.536188 -20.506037
v 11.625775 13.182327 -21.750294
v 12.178885 10.701512 -22.785088
v 12.614704 8.117636 -23.600447
v 12.929034 5.455585 -24.188517
v 13.118854 2.740990 -24.543646
v 13.182329 -0.000001 -24.662401
v 13.118854 -2.740989 -24.543646
v 12.929034 -5.455584 -24.188517
v 12.614703 -8.117638 -23.600445
v 12.178885 -10.701511 -22.785089
v 11.625777 -13.182323 -21.750296
v 10.960708 -15.536186 -20.506037
v 10.190080 -17.740427 -19.064295
v 9.321316 -19.773815 -17.438950
v 8.362782 -21.616774 -15.645661
v 7.323710 -23.251549 -13.701697
v 6.214110 -24.662397 -11.625778
v 5.044661 -25.835735 -9.437892
v 3.826630 -26.760262 -7.159118
v 2.571746 -27.427073 -4.811396
v 1.292095 -27.829742 -2.417337
v 1.522814 27.829742 -2.279050
v 3.030962 27.427071 -4.536153
v 4.509920 26.760262 -6.749568
v 5.945445 25.835735 -8.897982
v 7.323711 24.662399 -10.960704
v 8.631447 23.251547 -12.917871
v 9.856056 21.616774 -14.750627
v 10.985747 19.773815 -16.441328
v 12.009638 17.740427 -17.973690
v 12.917872 15.536188 -19.332956
v 13.701695 13.182327 -20.506035
v 14.353569 10.701512 -21.481632
v 14.867209 8.117636 -22.250347
v 15.237666 5.455585 -22.804775
v 15.461380 2.740990 -23.139587
v 15.536191 -0.000001 -23.251549
v 15.461380 -2.740989 -23.139587
v 15.237666 -5.455584 -22.804775
v 14.867208 -8.117638 -22.250345
v 14.353571 -10.701511 -21.481634
v 13.701698 -13.182323 -20.506037
v 12.917872 -15.536186 -19.332958
v 12.009640 -17.740427 -17.973692
v 10.985747 -19.773815 -16.441328
v 9.856056 -21.616774 -14.750627
v 8.631446 -23.251549 -12.917871
v 7.323713 -24.662397 -10.960708
v 5.945445 -25.835735 -8.897983
v 4.509921 -26.760262 -6.749569
v 3.030962 -27.427073 -4.536152
v 1.522814 -27.829742 -2.279049
v 1.738868 27.829742 -2.118814
v 3.460988 27.427071 -4.217224
v 5.149777 26.760262 -6.275017
v 6.788970 25.835735 -8.272381
v 8.362782 24.662399 -10.190076
v 9.856056 23.251547 -12.009638
v 11.254411 21.616774 -13.713537
v 12.544380 19.773815 -15.285366
v 13.713538 17.740427 -16.709991
v 14.750631 15.536188 -17.973690
v 15.645660 13.182327 -19.064291
v 16.390020 10.701512 -19.971296
v 16.976536 8.117636 -20.685965
v 17.399551 5.455585 -21.201412
v 17.655005 2.740990 -21.512686
v 17.740431 -0.000001 -21.616774
v 17.655005 -2.740989 -21.512686
v 17.399551 -5.455584 -21.201412
v 16.976534 -8.117638 -20.685963
v 16.390024 -10.701511 -19.971296
v 15.645664 -13.182323 -19.064293
v 14.750631 -15.536186 -17.973692
v 13.713540 -17.740427 -16.709993
v 12.544380 -19.773815 -15.285366
v 11.254411 -21.616774 -13.713537
v 9.856056 -23.251549 -12.009638
v 8.362784 -24.662397 -10.190080
v 6.788971 -25.835735 -8.272382
v 5.149778 -26.760262 -6.275019
v 3.460988 -27.427073 -4.217224
v 1.738867 -27.829742 -2.118813
v 1.938175 27.829742 -1.938173
v 3.857683 27.427071 -3.857681
v 5.740039 26.760262 -5.740036
v 7.567114 25.835735 -7.567111
v 9.321316 24.662399 -9.321311
v 10.985746 23.251547 -10.985746
v 12.544379 21.616774 -12.544377
v 13.982204 19.773815 -13.982199
v 15.285368 17.740427 -15.285366
v 16.441334 15.536188 -16.441328
v 17.438950 13.182327 -17.438950
v 18.268627 10.701512 -18.268623
v 18.922367 8.117636 -18.922365
v 19.393869 5.455585 -19.393866
v 19.678604 2.740990 -19.678602
v 19.773821 -0.000001 -19.773817
v 19.678604 -2.740989 -19.678602
v 19.393869 -5.455584 -19.393866
v 18.922365 -8.117638 -18.922363
v 18.268631 -10.701511 -18.268625
v 17.438953 -13.182323 -17.438950
v 16.441334 -15.536186 -16.441328
v 15.285370 -17.740427 -15.285367
v 13.982204 -19.773815 -13.982199
v 12.544379 -21.616774 -12.544377
v 10.985746 -23.251549 -10.985746
v 9.321318 -24.662397 -9.321315
v 7.567115 -25.835735 -7.567111
v 5.740041 -26.760262 -5.740036
v 3.857683 -27.427073 -3.857681
v 1.938174 -27.829742 -1.938172
v 2.118816 27.829742 -1.738865
v 4.217226 27.427071 -3.460986
v 6.275022 26.760262 -5.149773
v 8.272383 25.835735 -6.788966
v 10.190080 24.662399 -8.362779
v 12.009639 23.251547 -9.856055
v 13.713539 21.616774 -11.254408
v 15.285372 19.773815 -12.544374
v 16.709993 17.740427 -13.713534
v 17.973696 15.536188 -14.750626
v 19.064291 13.182327 -15.645659
v 19.971296 10.701512 -16.390017
v 20.685968 8.117636 -16.976532
v 21.201414 5.455585 -17.399549
v 21.512686 2.740990 -17.655005
v 21.616777 -0.000001 -17.740427
v 21.512686 -2.740989 -17.655005
v 21.201414 -5.455584 -17.399549
v 20.685966 -8.117638 -16.976532
v 19.971300 -10.701511 -16.390018
v 19.064295 -13.182323 -15.645659
v 17.973696 -15.536186 -14.750627
v 16.709995 -17.740427 -13.713536
v 15.285372 -19.773815 -12.544374
v 13.713539 -21.616774 -11.254408
v 12.009638 -23.251549 -9.856055
v 10.190082 -24.662397 -8.362781
v 8.272384 -25.835735 -6.788967
v 6.275023 -26.760262 -5.149774
v 4.217226 -27.427073 -3.460986
v 2.118815 -27.829742 -1.738864
v 2.279052 27.829742 -1.522812
v 4.536155 27.427071 -3.030961
v 6.749573 26.760262 -4.509916
v 8.897984 25.835735 -5.945440
v 10.960708 24.662399 -7.323707
v 12.917871 23.251547 -8.631445
v 14.750629 21.616774 -9.856053
v 16.441334 19.773815 -10.985742
v 17.973690 17.740427 -12.009634
v 19.332960 15.536188 -12.917868
v 20.506035 13.182327 -13.701694
v 21.481632 10.701512 -14.353565
v 22.250351 8.117636 -14.867207
v 22.804777 5.455585 -15.237663
v 23.139591 2.740990 -15.461377
v 23.251553 -0.000001 -15.536187
v 23.139591 -2.740989 -15.461377
v 22.804777 -5.455584 -15.237663
v 22.250349 -8.117638 -14.867205
v 21.481636 -10.701511 -14.353566
v 20.506037 -13.182323 -13.701694
v 19.332960 -15.536186 -12.917870
v 17.973692 -17.740427 -12.009636
v 16.441334 -19.773815 -10.985742
v 14.750629 -21.616774 -9.856053
v 12.917871 -23.251549 -8.631445
v 10.960709 -24.662397 -7.323709
v 8.897985 -25.835735 -5.945441
v 6.749574 -26.760262 -4.509917
v 4.536155 -27.427073 -3.030960
v 2.279051 -27.829742 -1.522811
v 2.417340 27.829742 -1.292093
v 4.811399 27.427071 -2.571745
v 7.159121 26.760262 -3.826626
v 9.437893 25.835735 -5.044656
v 11.625777 24.662399 -6.214104
v 13.701698 23.251547 -7.323710
v 15.645664 21.616774 -8.362779
v 17.438955 19.773815 -9.321310
v 19.064291 17.740427 -10.190074
v 20.506041 15.536188 -10.960703
v 21.750294 13.182327 -11.625774
v 22.785088 10.701512 -12.178881
v 23.600449 8.117636 -12.614702
v 24.188519 5.455585 -12.929031
v 24.543650 2.740990 -13.118850
v 24.662403 -0.000001 -13.182325
v 24.543650 -2.740989 -13.118850
v 24.188519 -5.455584 -12.929031
v 23.600447 -8.117638 -12.614700
v 22.785091 -10.701511 -12.178883
v 21.750296 -13.182323 -11.625773
v 20.506041 -15.536186 -10.960705
v 19.064293 -17.740427 -10.190076
v 17.438955 -19.773815 -9.321310
v 15.645664 -21.616774 -8.362779
v 13.701697 -23.251549 -7.323710
v 11.625779 -24.662397 -6.214107
v 9.437894 -25.835735 -5.044657
v 7.159122 -26.760262 -3.826626
v 4.811399 -27.427073 -2.571744
v 2.417339 -27.829742 -1.292092
v 2.532347 27.829742 -1.048931
v 5.040307 27.427071 -2.087761
v 7.499723 26.760262 -3.106483
v 9.886909 25.835735 -4.095289
v 12.178885 24.662399 -5.044656
v 14.353569 23.251547 -5.945443
v 16.390022 21.616774 -6.788967
v 18.268629 19.773815 -7.567110
v 19.971294 17.740427 -8.272379
v 21.481636 15.536188 -8.897982
v 22.785084 13.182327 -9.437892
v 23.869112 10.701512 -9.886907
v 24.723263 8.117636 -10.240710
v 25.339310 5.455585 -10.495885
v 25.711336 2.740990 -10.649980
v 25.835739 -0.000001 -10.701511
v 25.711336 -2.740989 -10.649980
v 25.339310 -5.455584 -10.495885
v 24.723261 -8.117638 -10.240708
v 23.869116 -10.701511 -9.886909
v 22.785088 -13.182323 -9.437890
v 21.481636 -15.536186 -8.897983
v 19.971294 -17.740427 -8.272381
v 18.268629 -19.773815 -7.567110
v 16.390022 -21.616774 -6.788967
v 14.353569 -23.251549 -5.945443
v 12.178887 -24.662397 -5.044658
v 9.886910 -25.835735 -4.095290
v 7.499724 -26.760262 -3.106483
v 5.040307 -27.427073 -2.087761
v 2.532346 -27.829742 -1.048930
v 2.622967 27.829742 -0.795666
v 5.220673 27.427071 -1.583672
v 7.768098 26.760262 -2.356423
v 10.240709 25.835735 -3.106483
v 12.614702 24.662399 -3.826626
v 14.867208 23.251547 -4.509918
v 16.976534 21.616774 -5.149773
v 18.922365 19.773815 -5.740033
v 20.685961 17.740427 -6.275016
v 22.250349 15.536188 -6.749567
v 23.600445 13.182327 -7.159117
v 24.723261 10.701512 -7.499716
v 25.607979 8.117636 -7.768095
v 26.246073 5.455585 -7.961658
v 26.631411 2.740990 -8.078546
v 26.760263 -0.000001 -8.117635
v 26.631411 -2.740989 -8.078546
v 26.246073 -5.455584 -7.961658
v 25.607977 -8.117638 -7.768094
v 24.723267 -10.701511 -7.499718
v 23.600447 -13.182323 -7.159115
v 22.250349 -15.536186 -6.749568
v 20.685963 -17.740427 -6.275017
v 18.922365 -19.773815 -5.740033
v 16.976534 -21.616774 -5.149773
v 14.867208 -23.251549 -4.509918
v 12.614705 -24.662397 -3.826627
v 10.240710 -25.835735 -3.106484
v 7.768100 -26.760262 -2.356423
v 5.220673 -27.427073 -1.583671
v 2.622966 -27.829742 -0.795666
v 2.688325 27.829742 -0.534739
v 5.350762 27.427071 -1.064330
v 7.961662 26.760262 -1.583670
v 10.495886 25.835735 -2.087759
v 12.929034 24.662399 -2.571743
v 15.237668 23.251547 -3.030961
v 17.399553 21.616774 -3.460984
v 19.393871 19.773815 -3.857677
v 21.201412 17.740427 -4.217221
v 22.804779 15.536188 -4.536150
v 24.188517 13.182327 -4.811396
v 25.339312 10.701512 -5.040300
v 26.246075 8.117636 -5.220669
v 26.900070 5.455585 -5.350756
v 27.295008 2.740990 -5.429311
v 27.427074 -0.000001 -5.455582
v 27.295008 -2.740989 -5.429311
v 26.900070 -5.455584 -5.350756
v 26.246075 -8.117638 -5.220667
v 25.339317 -10.701511 -5.040302
v 24.188520 -13.182323 -4.811394
v 22.804779 -15.536186 -4.536152
v 21.201414 -17.740427 -4.217223
v 19.393871 -19.773815 -3.857677
v 17.399553 -21.616774 -3.460984
v 15.237668 -23.251549 -3.030961
v 12.929037 -24.662397 -2.571743
v 10.495887 -25.835735 -2.087760
v 7.961664 -26.760262 -1.583669
v 5.350761 -27.427073 -1.064330
v 2.688324 -27.829742 -0.534739
v 2.727794 27.829742 -0.268662
v 5.429319 27.427071 -0.534739
v 8.078551 26.760262 -0.795664
v 10.649981 25.835735 -1.048929
v 13.118852 24.662399 -1.292092
v 15.461382 23.251547 -1.522813
v 17.655005 21.616774 -1.738864
v 19.678604 19.773815 -1.938169
v 21.512682 17.740427 -2.118813
v 23.139589 15.536188 -2.279049
v 24.543642 13.182327 -2.417339
v 25.711332 10.701512 -2.532343
v 26.631409 8.117636 -2.622965
v 27.295004 5.455585 -2.688323
v 27.695740 2.740990 -2.727789
v 27.829744 -0.000001 -2.740988
v 27.695740 -2.740989 -2.727789
v 27.295004 -5.455584 -2.688323
v 26.631407 -8.117638 -2.622964
v 25.711336 -10.701511 -2.532344
v 24.543644 -13.182323 -2.417336
v 23.139589 -15.536186 -2.279050
v 21.512684 -17.740427 -2.118814
v 19.678604 -19.773815 -1.938169
v 17.655005 -21.616774 -1.738864
v 15.461382 -23.251549 -1.522813
v 13.118855 -24.662397 -1.292093
v 10.649982 -25.835735 -1.048930
v 8.078553 -26.760262 -0.795664
v 5.429319 -27.427073 -0.534739
v 2.727793 -27.829742 -0.268662
v 2.740993 27.829742 0.000002
v 5.455589 27.427071 0.000002
v 8.117640 26.760262 0.000003
v 10.701511 25.835735 0.000002
v 13.182328 24.662399 0.000002
v 15.536191 23.251547 0.000000
v 17.740429 21.616774 0.000002
v 19.773821 19.773815 0.000004
v 21.616772 17.740427 0.000001
v 23.251553 15.536188 0.000002
v 24.662397 13.182327 -0.000001
v 25.835737 10.701512 0.000002
v 26.760265 8.117636 -0.000000
v 27.427074 5.455585 0.000001
v 27.829746 2.740990 0.000004
v 27.964401 -0.000001 0.000002
v 27.829746 -2.740989 0.000004
v 27.427074 -5.455584 0.000001
v 26.760263 -8.117638 0.000001
v 25.835743 -10.701511 0.000001
v 24.662399 -13.182323 0.000001
v 23.251553 -15.536186 0.000000
v 21.616774 -17.740427 0.000001
v 19.773821 -19.773815 0.000004
v 17.740429 -21.616774 0.000002
v 15.536191 -23.251549 0.000000
v 13.182331 -24.662397 0.000002
v 10.701512 -25.835735 0.000002
v 8.117641 -26.760262 0.000004
v 5.455589 -27.427073 0.000002
v 2.740992 -27.829742 0.000002
v 2.727794 27.829742 0.268666
v 5.429319 27.427071 0.534743
v 8.078551 26.760262 0.795671
v 10.649981 25.835735 1.048934
v 13.118852 24.662399 1.292096
v 15.461380 23.251547 1.522813
v 17.655003 21.616774 1.738868
v 19.678604 19.773815 1.938177
v 21.512682 17.740427 2.118815
v 23.139589 15.536188 2.279052
v 24.543640 13.182327 2.417337
v 25.711332 10.701512 2.532347
v 26.631409 8.117636 2.622964
v 27.295004 5.455585 2.688324
v 27.695740 2.740990 2.727796
v 27.829744 -0.000001 2.740992
v 27.695740 -2.740989 2.727796
v 27.295004 -5.455584 2.688324
v 26.631407 -8.117638 2.622965
v 25.711336 -10.701511 2.532347
v 24.543642 -13.182323 2.417339
v 23.139589 -15.536186 2.279051
v 21.512684 -17.740427 2.118815
v 19.678604 -19.773815 1.938177
v 17.655003 -21.616774 1.738868
v 15.461380 -23.251549 1.522813
v 13.118855 -24.662397 1.292096
v 10.649981 -25.835735 1.048933
v 8.078553 -26.760262 0.795672
v 5.429319 -27.427073 0.534744
v 2.727793 -27.829742 0.268666
v 2.688325 27.829742 0.534743
v 5.350762 27.427071 1.064335
v 7.961661 26.760262 1.583676
v 10.495884 25.835735 2.087764
v 12.929033 24.662399 2.571747
v 15.237668 23.251547 3.030960
v 17.399549 21.616774 3.460988
v 19.393871 19.773815 3.857685
v 21.201412 17.740427 4.217224
v 22.804781 15.536188 4.536155
v 24.188515 13.182327 4.811394
v 25.339312 10.701512 5.040304
v 26.246075 8.117636 5.220669
v 26.900070 5.455585 5.350757
v 27.295004 2.740990 5.429317
v 27.427073 -0.000001 5.455585
v 27.295004 -2.740989 5.429317
v 26.900070 -5.455584 5.350757
v 26.246075 -8.117638 5.220669
v 25.339317 -10.701511 5.040304
v 24.188517 -13.182323 4.811397
v 22.804781 -15.536186 4.536153
v 21.201414 -17.740427 4.217223
v 19.393871 -19.773815 3.857685
v 17.399549 -21.616774 3.460988
v 15.237668 -23.251549 3.030960
v 12.929036 -24.662397 2.571747
v 10.495885 -25.835735 2.087763
v 7.961663 -26.760262 1.583677
v 5.350761 -27.427073 1.064335
v 2.688324 -27.829742 0.534743
v 2.622967 27.829742 0.795670
v 5.220674 27.427071 1.583676
v 7.768096 26.760262 2.356430
v 10.240706 25.835735 3.106487
v 12.614700 24.662399 3.826629
v 14.867209 23.251547 4.509918
v 16.976530 21.616774 5.149776
v 18.922365 19.773815 5.740040
v 20.685961 17.740427 6.275019
v 22.250349 15.536188 6.749571
v 23.600443 13.182327 7.159115
v 24.723259 10.701512 7.499721
v 25.607979 8.117636 7.768095
v 26.246073 5.455585 7.961660
v 26.631405 2.740990 8.078551
v 26.760263 -0.000001 8.117639
v 26.631405 -2.740989 8.078551
v 26.246073 -5.455584 7.961660
v 25.607977 -8.117638 7.768095
v 24.723265 -10.701511 7.499721
v 23.600443 -13.182323 7.159118
v 22.250349 -15.536186 6.749569
v 20.685963 -17.740427 6.275018
v 18.922365 -19.773815 5.740040
v 16.976530 -21.616774 5.149776
v 14.867209 -23.251549 4.509918
v 12.614704 -24.662397 3.826630
v 10.240707 -25.835735 3.106487
v 7.768098 -26.760262 2.356431
v 5.220673 -27.427073 1.583676
v 2.622966 -27.829742 0.795670
v 2.532347 27.829742 1.048934
v 5.040308 27.427071 2.087766
v 7.499721 26.760262 3.106489
v 9.886906 25.835735 4.095293
v 12.178882 24.662399 5.044660
v 14.353571 23.251547 5.945443
v 16.390017 21.616774 6.788970
v 18.268627 19.773815 7.567116
v 19.971294 17.740427 8.272382
v 21.481634 15.536188 8.897985
v 22.785084 13.182327 9.437889
v 23.869108 10.701512 9.886910
v 24.723263 8.117636 10.240710
v 25.339310 5.455585 10.495887
v 25.711330 2.740990 10.649985
v 25.835737 -0.000001 10.701514
v 25.711330 -2.740989 10.649985
v 25.339310 -5.455584 10.495887
v 24.723261 -8.117638 10.240710
v 23.869114 -10.701511 9.886911
v 22.785084 -13.182323 9.437892
v 21.481634 -15.536186 8.897984
v 19.971294 -17.740427 8.272382
v 18.268627 -19.773815 7.567116
v 16.390017 -21.616774 6.788970
v 14.353571 -23.251549 5.945443
v 12.178885 -24.662397 5.044661
v 9.886907 -25.835735 4.095293
v 7.499722 -26.760262 3.106491
v 5.040308 -27.427073 2.087766
v 2.532346 -27.829742 1.048934
v 2.417340 27.829742 1.292097
v 4.811401 27.427071 2.571749
v 7.159118 26.760262 3.826632
v 9.437888 25.835735 5.044659
v 11.625773 24.662399 6.214107
v 13.701699 23.251547 7.323710
v 15.645660 21.616774 8.362782
v 17.438951 19.773815 9.321317
v 19.064289 17.740427 10.190076
v 20.506037 15.536188 10.960708
v 21.750292 13.182327 11.625772
v 22.785084 10.701512 12.178884
v 23.600447 8.117636 12.614702
v 24.188517 5.455585 12.929032
v 24.543642 2.740990 13.118854
v 24.662399 -0.000001 13.182328
v 24.543642 -2.740989 13.118854
v 24.188517 -5.455584 12.929032
v 23.600445 -8.117638 12.614702
v 22.785089 -10.701511 12.178885
v 21.750292 -13.182323 11.625774
v 20.506039 -15.536186 10.960706
v 19.064291 -17.740427 10.190076
v 17.438951 -19.773815 9.321317
v 15.645660 -21.616774 8.362782
v 13.701699 -23.251549 7.323710
v 11.625777 -24.662397 6.214109
v 9.437889 -25.835735 5.044659
v 7.159120 -26.760262 3.826633
v 4.811400 -27.427073 2.571749
v 2.417339 -27.829742 1.292097
v 2.279052 27.829742 1.522816
v 4.536158 27.427071 3.030965
v 6.749570 26.760262 4.509922
v 8.897980 25.835735 5.945442
v 10.960703 24.662399 7.323710
v 12.917872 23.251547 8.631446
v 14.750627 21.616774 9.856055
v 16.441328 19.773815 10.985748
v 17.973688 17.740427 12.009635
v 19.332958 15.536188 12.917872
v 20.506033 13.182327 13.701691
v 21.481628 10.701512 14.353566
v 22.250347 8.117636 14.867207
v 22.804777 5.455585 15.237665
v 23.139585 2.740990 15.461379
v 23.251547 -0.000001 15.536190
v 23.139585 -2.740989 15.461379
v 22.804777 -5.455584 15.237665
v 22.250345 -8.117638 14.867207
v 21.481634 -10.701511 14.353570
v 20.506033 -13.182323 13.701694
v 19.332960 -15.536186 12.917871
v 17.973690 -17.740427 12.009635
v 16.441328 -19.773815 10.985748
v 14.750627 -21.616774 9.856055
v 12.917872 -23.251549 8.631446
v 10.960707 -24.662397 7.323711
v 8.897980 -25.835735 5.945442
v 6.749571 -26.760262 4.509923
v 4.536157 -27.427073 3.030965
v 2.279051 -27.829742 1.522816
v 2.118816 27.829742 1.738869
v 4.217229 27.427071 3.460991
v 6.275020 26.760262 5.149779
v 8.272378 25.835735 6.788968
v 10.190075 24.662399 8.362781
v 12.009641 23.251547 9.856056
v 13.713536 21.616774 11.254410
v 15.285367 19.773815 12.544381
v 16.709990 17.740427 13.713534
v 17.973692 15.536188 14.750630
v 19.064289 13.182327 15.645657
v 19.971292 10.701512 16.390018
v 20.685965 8.117636 16.976532
v 21.201414 5.455585 17.399549
v 21.512682 2.740990 17.655005
v 21.616772 -0.000001 17.740429
v 21.512682 -2.740989 17.655005
v 21.201414 -5.455584 17.399549
v 20.685963 -8.117638 16.976532
v 19.971296 -10.701511 16.390022
v 19.064289 -13.182323 15.645659
v 17.973696 -15.536186 14.750628
v 16.709991 -17.740427 13.713534
v 15.285367 -19.773815 12.544381
v 13.713536 -21.616774 11.254410
v 12.009641 -23.251549 9.856056
v 10.190079 -24.662397 8.362783
v 8.272379 -25.835735 6.788967
v 6.275021 -26.760262 5.149781
v 4.217228 -27.427073 3.460991
v 2.118815 -27.829742 1.738869
v 1.938175 27.829742 1.938176
v 3.857686 27.427071 3.857686
v 5.740037 26.760262 5.740041
v 7.567109 25.835735 7.567111
v 9.321311 24.662399 9.321314
v 10.985748 23.251547 10.985747
v 12.544376 21.616774 12.544378
v 13.982200 19.773815 13.982204
v 15.285365 17.740427 15.285366
v 16.441328 15.536188 16.441332
v 17.438948 13.182327 17.438946
v 18.268620 10.701512 18.268625
v 18.922365 8.117636 18.922365
v 19.393867 5.455585 19.393867
v 19.678598 2.740990 19.678600
v 19.773815 -0.000001 19.773817
v 19.678598 -2.740989 19.678600
v 19.393867 -5.455584 19.393867
v 18.922363 -8.117638 18.922365
v 18.268625 -10.701511 18.268629
v 17.438946 -13.182323 17.438950
v 16.441332 -15.536186 16.441330
v 15.285367 -17.740427 15.285366
v 13.982200 -19.773815 13.982204
v 12.544376 -21.616774 12.544378
v 10.985748 -23.251549 10.985747
v 9.321314 -24.662397 9.321317
v 7.567110 -25.835735 7.567111
v 5.740039 -26.760262 5.740043
v 3.857685 -27.427073 3.857686
v 1.938174 -27.829742 1.938176
v 1.738868 27.829742 2.118818
v 3.460991 27.427071 4.217230
v 5.149776 26.760262 6.275023
v 6.788964 25.835735 8.272380
v 8.362778 24.662399 10.190078
v 9.856057 23.251547 12.009639
v 11.254407 21.616774 13.713538
v 12.544375 19.773815 15.285373
v 13.713533 17.740427 16.709990
v 14.750627 15.536188 17.973694
v 15.645659 13.182327 19.064287
v 16.390013 10.701512 19.971294
v 16.976532 8.117636 20.685965
v 17.399549 5.455585 21.201414
v 17.655001 2.740990 21.512682
v 17.740425 -0.000001 21.616774
v 17.655001 -2.740989 21.512682
v 17.399549 -5.455584 21.201414
v 16.976530 -8.117638 20.685965
v 16.390017 -10.701511 19.971298
v 15.645658 -13.182323 19.064291
v 14.750629 -15.536186 17.973692
v 13.713535 -17.740427 16.709990
v 12.544375 -19.773815 15.285373
v 11.254407 -21.616774 13.713538
v 9.856057 -23.251549 12.009639
v 8.362781 -24.662397 10.190080
v 6.788965 -25.835735 8.272380
v 5.149777 -26.760262 6.275026
v 3.460990 -27.427073 4.217230
v 1.738867 -27.829742 2.118817
v 1.522814 27.829742 2.279054
v 3.030964 27.427071 4.536159
v 4.509919 26.760262 6.749574
v 5.945438 25.835735 8.897981
v 7.323706 24.662399 10.960705
v 8.631448 23.251547 12.917871
v 9.856052 21.616774 14.750628
v 10.985743 19.773815 16.441334
v 12.009633 17.740427 17.973688
v 12.917869 15.536188 19.332960
v 13.701694 13.182327 20.506029
v 14.353560 10.701512 21.481627
v 14.867207 8.117636 22.250347
v 15.237664 5.455585 22.804777
v 15.461375 2.740990 23.139585
v 15.536184 -0.000001 23.251549
v 15.461375 -2.740989 23.139585
v 15.237664 -5.455584 22.804777
v 14.867205 -8.117638 22.250347
v 14.353566 -10.701511 21.481634
v 13.701692 -13.182323 20.506033
v 12.917872 -15.536186 19.332958
v 12.009635 -17.740427 17.973688
v 10.985743 -19.773815 16.441334
v 9.856052 -21.616774 14.750628
v 8.631448 -23.251549 12.917871
v 7.323709 -24.662397 10.960708
v 5.945439 -25.835735 8.897981
v 4.509920 -26.760262 6.749576
v 3.030964 -27.427073 4.536159
v 1.522813 -27.829742 2.279053
v 1.292095 27.829742 2.417341
v 2.571748 27.427071 4.811403
v 3.826628 26.760262 7.159122
v 5.044655 25.835735 9.437889
v 6.214104 24.662399 11.625774
v 7.323712 23.251547 13.701697
v 8.362778 21.616774 15.645663
v 9.321310 19.773815 17.438955
v 10.190073 17.740427 19.064289
v 10.960704 15.536188 20.506039
v 11.625773 13.182327 21.750288
v 12.178878 10.701512 22.785082
v 12.614701 8.117636 23.600445
v 12.929032 5.455585 24.188517
v 13.118848 2.740990 24.543642
v 13.182323 -0.000001 24.662399
v 13.118848 -2.740989 24.543642
v 12.929032 -5.455584 24.188517
v 12.614699 -8.117638 23.600445
v 12.178882 -10.701511 22.785089
v 11.625772 -13.182323 21.750292
v 10.960708 -15.536186 20.506037
v 10.190075 -17.740427 19.064289
v 9.321310 -19.773815 17.438955
v 8.362778 -21.616774 15.645663
v 7.323712 -23.251549 13.701697
v 6.214107 -24.662397 11.625778
v 5.044656 -25.835735 9.437889
v 3.826629 -26.760262 7.159124
v 2.571748 -27.427073 4.811403
v 1.292094 -27.829742 2.417341
v 1.048933 27.829742 2.532349
v 2.087765 27.427071 5.040310
v 3.106486 26.760262 7.499724
v 4.095290 25.835735 9.886906
v 5.044657 24.662399 12.178882
v 5.945446 23.251547 14.353570
v 6.788966 21.616774 16.390020
v 7.567109 19.773815 18.268629
v 8.272378 17.740427 19.971291
v 8.897982 15.536188 21.481634
v 9.437891 13.182327 22.785080
v 9.886904 10.701512 23.869104
v 10.240709 8.117636 24.723259
v 10.495886 5.455585 25.339308
v 10.649979 2.740990 25.711330
v 10.701509 -0.000001 25.835735
v 10.649979 -2.740989 25.711330
v 10.495886 -5.455584 25.339308
v 10.240707 -8.117638 24.723259
v 9.886908 -10.701511 23.869114
v 9.437889 -13.182323 22.785084
v 8.897986 -15.536186 21.481634
v 8.272380 -17.740427 19.971291
v 7.567109 -19.773815 18.268629
v 6.788966 -21.616774 16.390020
v 5.945446 -23.251549 14.353570
v 5.044659 -24.662397 12.178885
v 4.095290 -25.835735 9.886906
v 3.106486 -26.760262 7.499726
v 2.087765 -27.427073 5.040309
v 1.048932 -27.829742 2.532348
v 0.795668 27.829742 2.622968
v 1.583675 27.427071 5.220676
v 2.356426 26.760262 7.768100
v 3.106484 25.835735 10.240705
v 3.826627 24.662399 12.614699
v 4.509921 23.251547 14.867210
v 5.149773 21.616774 16.976532
v 5.740032 19.773815 18.922367
v 6.275015 17.740427 20.685959
v 6.749568 15.536188 22.250347
v 7.159116 13.182327 23.600439
v 7.499714 10.701512 24.723253
v 7.768094 8.117636 25.607975
v 7.961659 5.455585 26.246071
v 8.078545 2.740990 26.631403
v 8.117632 -0.000001 26.760262
v 8.078545 -2.740989 26.631403
v 7.961659 -5.455584 26.246071
v 7.768092 -8.117638 25.607975
v 7.499717 -10.701511 24.723263
v 7.159114 -13.182323 23.600443
v 6.749572 -15.536186 22.250349
v 6.275017 -17.740427 20.685959
v 5.740032 -19.773815 18.922367
v 5.149773 -21.616774 16.976532
v 4.509921 -23.251549 14.867210
v 3.826627 -24.662397 12.614704
v 3.106484 -25.835735 10.240705
v 2.356426 -26.760262 7.768103
v 1.583675 -27.427073 5.220676
v 0.795668 -27.829742 2.622967
v 0.534741 27.829742 2.688327
v 1.064334 27.427071 5.350764
v 1.583672 26.760262 7.961665
v 2.087760 25.835735 10.495882
v 2.571744 24.662399 12.929031
v 3.030963 23.251547 15.237670
v 3.460984 21.616774 17.399551
v 3.857676 19.773815 19.393871
v 4.217221 17.740427 21.201408
v 4.536151 15.536188 22.804777
v 4.811396 13.182327 24.188513
v 5.040299 10.701512 25.339304
v 5.220668 8.117636 26.246073
v 5.350757 5.455585 26.900068
v 5.429310 2.740990 27.295002
v 5.455579 -0.000001 27.427071
v 5.429310 -2.740989 27.295002
v 5.350757 -5.455584 26.900068
v 5.220666 -8.117638 26.246073
v 5.040301 -10.701511 25.339314
v 4.811393 -13.182323 24.188515
v 4.536155 -15.536186 22.804781
v 4.217222 -17.740427 21.201408
v 3.857676 -19.773815 19.393871
v 3.460984 -21.616774 17.399551
v 3.030963 -23.251549 15.237670
v 2.571744 -24.662397 12.929035
v 2.087761 -25.835735 10.495882
v 1.583672 -26.760262 7.961668
v 1.064333 -27.427073 5.350764
v 0.534741 -27.829742 2.688326
v 0.268665 27.829742 2.727796
v 0.534742 27.427071 5.429322
v 0.795667 26.760262 8.078555
v 1.048931 25.835735 10.649978
v 1.292094 24.662399 13.118849
v 1.522816 23.251547 15.461384
v 1.738864 21.616774 17.655005
v 1.938169 19.773815 19.678604
v 2.118812 17.740427 21.512678
v 2.279049 15.536188 23.139587
v 2.417339 13.182327 24.543638
v 2.532343 10.701512 25.711323
v 2.622965 8.117636 26.631405
v 2.688323 5.455585 27.295002
v 2.727789 2.740990 27.695734
v 2.740986 -0.000001 27.829742
v 2.727789 -2.740989 27.695734
v 2.688323 -5.455584 27.295002
v 2.622963 -8.117638 26.631405
v 2.532343 -10.701511 25.711334
v 2.417336 -13.182323 24.543638
v 2.279053 -15.536186 23.139591
v 2.118814 -17.740427 21.512678
v 1.938169 -19.773815 19.678604
v 1.738864 -21.616774 17.655005
v 1.522816 -23.251549 15.461384
v 1.292094 -24.662397 13.118854
v 1.048932 -25.835735 10.649978
v 0.795667 -26.760262 8.078557
v 0.534742 -27.427073 5.429321
v 0.268664 -27.829742 2.727795
v 0.000000 -27.964399 0.000002
v 0.000000 27.829742 2.740994
v 0.000001 27.427071 5.455592
v -0.000001 26.760262 8.117643
v 0.000000 25.835735 10.701508
v -0.000000 24.662399 13.182325
v 0.000002 23.251547 15.536196
v -0.000002 21.616774 17.740427
v -0.000005 19.773815 19.773821
v -0.000002 17.740427 21.616768
v -0.000001 15.536188 23.251551
v 0.000002 13.182327 24.662392
v -0.000002 10.701512 25.835730
v 0.000000 8.117636 26.760262
v 0.000000 5.455585 27.427073
v -0.000003 2.740990 27.829741
v -0.000004 -0.000001 27.964397
v -0.000003 -2.740989 27.829741
v 0.000000 -5.455584 27.427073
v -0.000001 -8.117638 26.760262
v -0.000002 -10.701511 25.835739
v -0.000001 -13.182323 24.662394
v 0.000002 -15.536186 23.251554
v 0.000000 -17.740427 21.616768
v -0.000005 -19.773815 19.773821
v -0.000002 -21.616774 17.740427
v 0.000002 -23.251549 15.536196
v -0.000000 -24.662397 13.182329
v 0.000001 -25.835735 10.701508
v -0.000002 -26.760262 8.117645
v 0.000001 -27.427073 5.455592
v -0.000000 -27.829742 2.740994
v -0.268664 27.829742 2.727796
v -0.534740 27.427071 5.429322
v -0.795669 26.760262 8.078555
v -1.048931 25.835735 10.649977
v -1.292094 24.662399 13.118849
v -1.522811 23.251547 15.461384
v -1.738868 21.616774 17.655003
v -1.938178 19.773815 19.678604
v -2.118815 17.740427 21.512678
v -2.279052 15.536188 23.139587
v -2.417335 13.182327 24.543636
v -2.532346 10.701512 25.711323
v -2.622964 8.117636 26.631405
v -2.688323 5.455585 27.295002
v -2.727795 2.740990 27.695732
v -2.740994 -0.000001 27.829741
v -2.727795 -2.740989 27.695732
v -2.688323 -5.455584 27.295002
v -2.622966 -8.117638 26.631405
v -2.532347 -10.701511 25.711334
v -2.417339 -13.182323 24.543638
v -2.279049 -15.536186 23.139591
v -2.118814 -17.740427 21.512678
v -1.938178 -19.773815 19.678604
v -1.738868 -21.616774 17.655003
v -1.522811 -23.251549 15.461384
v -1.292095 -24.662397 13.118854
v -1.048930 -25.835735 10.649977
v -0.795670 -26.760262 8.078556
v -0.534741 -27.427073 5.429321
v -0.268664 -27.829742 2.727795
v -0.534741 27.829742 2.688327
v -1.064332 27.427071 5.350764
v -1.583675 26.760262 7.961665
v -2.087760 25.835735 10.495881
v -2.571744 24.662399 12.929030
v -3.030959 23.251547 15.237672
v -3.460988 21.616774 17.399549
v -3.857685 19.773815 19.393871
v -4.217224 17.740427 21.201408
v -4.536153 15.536188 22.804779
v -4.811392 13.182327 24.188511
v -5.040302 10.701512 25.339304
v -5.220668 8.117636 26.246073
v -5.350756 5.455585 26.900068
v -5.429316 2.740990 27.294998
v -5.455587 -0.000001 27.427067
v -5.429316 -2.740989 27.294998
v -5.350756 -5.455584 26.900068
v -5.220669 -8.117638 26.246073
v -5.040305 -10.701511 25.339314
v -4.811396 -13.182323 24.188513
v -4.536151 -15.536186 22.804783
v -4.217222 -17.740427 21.201410
v -3.857685 -19.773815 19.393871
v -3.460988 -21.616774 17.399549
v -3.030959 -23.251549 15.237672
v -2.571745 -24.662397 12.929034
v -2.087760 -25.835735 10.495881
v -1.583675 -26.760262 7.961667
v -1.064332 -27.427073 5.350764
v -0.534741 -27.829742 2.688326
v -0.795668 27.829742 2.622968
v -1.583673 27.427071 5.220676
v -2.356428 26.760262 7.768100
v -3.106483 25.835735 10.240704
v -3.826626 24.662399 12.614698
v -4.509916 23.251547 14.867213
v -5.149776 21.616774 16.976530
v -5.740041 19.773815 18.922367
v -6.275017 17.740427 20.685959
v -6.749569 15.536188 22.250347
v -7.159112 13.182327 23.600437
v -7.499718 10.701512 24.723253
v -7.768094 8.117636 25.607975
v -7.961659 5.455585 26.246071
v -8.078550 2.740990 26.631399
v -8.117640 -0.000001 26.760258
v -8.078550 -2.740989 26.631399
v -7.961659 -5.455584 26.246071
v -7.768095 -8.117638 25.607975
v -7.499721 -10.701511 24.723261
v -7.159116 -13.182323 23.600439
v -6.749568 -15.536186 22.250351
v -6.275016 -17.740427 20.685959
v -5.740041 -19.773815 18.922367
v -5.149776 -21.616774 16.976530
v -4.509916 -23.251549 14.867213
v -3.826628 -24.662397 12.614703
v -3.106483 -25.835735 10.240704
v -2.356429 -26.760262 7.768102
v -1.583674 -27.427073 5.220676
v -0.795668 -27.829742 2.622967
v -1.048932 27.829742 2.532349
v -2.087763 27.427071 5.040310
v -3.106488 26.760262 7.499724
v -4.095289 25.835735 9.886904
v -5.044657 24.662399 12.178880
v -5.945442 23.251547 14.353575
v -6.788969 21.616774 16.390017
v -7.567118 19.773815 18.268627
v -8.272380 17.740427 19.971291
v -8.897985 15.536188 21.481632
v -9.437887 13.182327 22.785078
v -9.886908 10.701512 23.869102
v -10.240709 8.117636 24.723259
v -10.495886 5.455585 25.339308
v -10.649983 2.740990 25.711327
v -10.701515 -0.000001 25.835732
v -10.649983 -2.740989 25.711327
v -10.495886 -5.455584 25.339308
v -10.240711 -8.117638 24.723259
v -9.886911 -10.701511 23.869110
v -9.437891 -13.182323 22.785080
v -8.897982 -15.536186 21.481636
v -8.272379 -17.740427 19.971292
v -7.567118 -19.773815 18.268627
v -6.788969 -21.616774 16.390017
v -5.945442 -23.251549 14.353575
v -5.044659 -24.662397 12.178885
v -4.095288 -25.835735 9.886904
v -3.106489 -26.760262 7.499726
v -2.087763 -27.427073 5.040309
v -1.048932 -27.829742 2.532348
v -1.292094 27.829742 2.417341
v -2.571746 27.427071 4.811403
v -3.826631 26.760262 7.159122
v -5.044654 25.835735 9.437887
v -6.214104 24.662399 11.625772
v -7.323709 23.251547 13.701704
v -8.362781 21.616774 15.645659
v -9.321319 19.773815 17.438951
v -10.190075 17.740427 19.064287
v -10.960707 15.536188 20.506037
v -11.625769 13.182327 21.750286
v -12.178881 10.701512 22.785080
v -12.614701 8.117636 23.600445
v -12.929031 5.455585 24.188515
v -13.118852 2.740990 24.543638
v -13.182328 -0.000001 24.662394
v -13.118852 -2.740989 24.543638
v -12.929031 -5.455584 24.188515
v -12.614703 -8.117638 23.600445
v -12.178885 -10.701511 22.785086
v -11.625772 -13.182323 21.750288
v -10.960704 -15.536186 20.506041
v -10.190073 -17.740427 19.064289
v -9.321319 -19.773815 17.438951
v -8.362781 -21.616774 15.645659
v -7.323709 -23.251549 13.701704
v -6.214106 -24.662397 11.625776
v -5.044654 -25.835735 9.437887
v -3.826632 -26.760262 7.159123
v -2.571747 -27.427073 4.811402
v -1.292094 -27.829742 2.417341
v -1.522813 27.829742 2.279054
v -3.030962 27.427071 4.536160
v -4.509921 26.760262 6.749574
v -5.945438 25.835735 8.897978
v -7.323706 24.662399 10.960702
v -8.631445 23.251547 12.917878
v -9.856054 21.616774 14.750626
v -10.985750 19.773815 16.441328
v -12.009634 17.740427 17.973686
v -12.917871 15.536188 19.332960
v -13.701689 13.182327 20.506027
v -14.353564 10.701512 21.481625
v -14.867207 8.117636 22.250343
v -15.237664 5.455585 22.804775
v -15.461378 2.740990 23.139582
v -15.536190 -0.000001 23.251543
v -15.461378 -2.740989 23.139582
v -15.237664 -5.455584 22.804775
v -14.867208 -8.117638 22.250343
v -14.353571 -10.701511 21.481630
v -13.701693 -13.182323 20.506029
v -12.917869 -15.536186 19.332962
v -12.009632 -17.740427 17.973688
v -10.985750 -19.773815 16.441328
v -9.856054 -21.616774 14.750626
v -8.631445 -23.251549 12.917878
v -7.323709 -24.662397 10.960707
v -5.945437 -25.835735 8.897978
v -4.509923 -26.760262 6.749575
v -3.030963 -27.427073 4.536159
v -1.522813 -27.829742 2.279053
v -1.738867 27.829742 2.118818
v -3.460989 27.427071 4.217231
v -5.149778 26.760262 6.275023
v -6.788963 25.835735 8.272377
v -8.362778 24.662399 10.190075
v -9.856056 23.251547 12.009645
v -11.254409 21.616774 13.713535
v -12.544383 19.773815 15.285367
v -13.713533 17.740427 16.709988
v -14.750629 15.536188 17.973694
v -15.645654 13.182327 19.064285
v -16.390017 10.701512 19.971289
v -16.976532 8.117636 20.685961
v -17.399549 5.455585 21.201412
v -17.655003 2.740990 21.512678
v -17.740429 -0.000001 21.616768
v -17.655003 -2.740989 21.512678
v -17.399549 -5.455584 21.201412
v -16.976534 -8.117638 20.685961
v -16.390024 -10.701511 19.971294
v -15.645658 -13.182323 19.064287
v -14.750628 -15.536186 17.973698
v -13.713532 -17.740427 16.709988
v -12.544383 -19.773815 15.285367
v -11.254409 -21.616774 13.713535
v -9.856056 -23.251549 12.009645
v -8.362781 -24.662397 10.190080
v -6.788962 -25.835735 8.272377
v -5.149780 -26.760262 6.275024
v -3.460989 -27.427073 4.217230
v -1.738867 -27.829742 2.118817
v -1.938174 27.829742 1.938176
v -3.857683 27.427071 3.857687
v -5.740040 26.760262 5.740040
v -7.567107 25.835735 7.567108
v -9.321311 24.662399 9.321311
v -10.985746 23.251547 10.985753
v -12.544377 21.616774 12.544376
v -13.982205 19.773815 13.982200
v -15.285363 17.740427 15.285362
v -16.441332 15.536188 16.441330
v -17.438944 13.182327 17.438944
v -18.268621 10.701512 18.268620
v -18.922365 8.117636 18.922361
v -19.393867 5.455585 19.393867
v -19.678600 2.740990 19.678596
v -19.773817 -0.000001 19.773811
v -19.678600 -2.740989 19.678596
v -19.393867 -5.455584 19.393867
v -18.922365 -8.117638 18.922361
v -18.268631 -10.701511 18.268623
v -17.438946 -13.182323 17.438946
v -16.441330 -15.536186 16.441334
v -15.285363 -17.740427 15.285364
v -13.982205 -19.773815 13.982200
v -12.544377 -21.616774 12.544376
v -10.985746 -23.251549 10.985753
v -9.321314 -24.662397 9.321316
v -7.567106 -25.835735 7.567108
v -5.740042 -26.760262 5.740042
v -3.857684 -27.427073 3.857687
v -1.938174 -27.829742 1.938176
v -2.118815 27.829742 1.738869
v -4.217227 27.427071 3.460993
v -6.275023 26.760262 5.149778
v -8.272375 25.835735 6.788964
v -10.190075 24.662399 8.362779
v -12.009640 23.251547 9.856062
v -13.713537 21.616774 11.254408
v -15.285374 19.773815 12.544376
v -16.709988 17.740427 13.713532
v -17.973694 15.536188 14.750628
v -19.064285 13.182327 15.645655
v -19.971291 10.701512 16.390013
v -20.685965 8.117636 16.976530
v -21.201414 5.455585 17.399549
v -21.512684 2.740990 17.654999
v -21.616774 -0.000001 17.740421
v -21.512684 -2.740989 17.654999
v -21.201414 -5.455584 17.399549
v -20.685966 -8.117638 16.976530
v -19.971300 -10.701511 16.390015
v -19.064287 -13.182323 15.645657
v -17.973692 -15.536186 14.750632
v -16.709988 -17.740427 13.713533
v -15.285374 -19.773815 12.544376
v -13.713537 -21.616774 11.254408
v -12.009640 -23.251549 9.856062
v -10.190078 -24.662397 8.362782
v -8.272374 -25.835735 6.788964
v -6.275023 -26.760262 5.149779
v -4.217227 -27.427073 3.460992
v -2.118815 -27.829742 1.738869
v -2.279051 27.829742 1.522816
v -4.536156 27.427071 3.030967
v -6.749573 26.760262 4.509921
v -8.897976 25.835735 5.945438
v -10.960702 24.662399 7.323708
v -12.917872 23.251547 8.631452
v -14.750628 21.616774 9.856053
v -16.441336 19.773815 10.985744
v -17.973686 17.740427 12.009632
v -19.332960 15.536188 12.917871
v -20.506027 13.182327 13.701691
v -21.481625 10.701512 14.353563
v -22.250347 8.117636 14.867204
v -22.804777 5.455585 15.237665
v -23.139585 2.740990 15.461374
v -23.251549 -0.000001 15.536180
v -23.139585 -2.740989 15.461374
v -22.804777 -5.455584 15.237665
v -22.250349 -8.117638 14.867204
v -21.481634 -10.701511 14.353563
v -20.506031 -13.182323 13.701691
v -19.332958 -15.536186 12.917874
v -17.973686 -17.740427 12.009634
v -16.441336 -19.773815 10.985744
v -14.750628 -21.616774 9.856053
v -12.917872 -23.251549 8.631452
v -10.960706 -24.662397 7.323711
v -8.897976 -25.835735 5.945439
v -6.749574 -26.760262 4.509922
v -4.536156 -27.427073 3.030966
v -2.279051 -27.829742 1.522815
v -2.417339 27.829742 1.292097
v -4.811399 27.427071 2.571751
v -7.159122 26.760262 3.826631
v -9.437884 25.835735 5.044655
v -11.625772 24.662399 6.214105
v -13.701700 23.251547 7.323717
v -15.645662 21.616774 8.362779
v -17.438957 19.773815 9.321311
v -19.064287 17.740427 10.190073
v -20.506039 15.536188 10.960708
v -21.750286 13.182327 11.625772
v -22.785078 10.701512 12.178880
v -23.600445 8.117636 12.614698
v -24.188519 5.455585 12.929033
v -24.543644 2.740990 13.118847
v -24.662399 -0.000001 13.182319
v -24.543644 -2.740989 13.118847
v -24.188519 -5.455584 12.929033
v -23.600447 -8.117638 12.614698
v -22.785088 -10.701511 12.178879
v -21.750290 -13.182323 11.625772
v -20.506037 -15.536186 10.960711
v -19.064287 -17.740427 10.190075
v -17.438957 -19.773815 9.321311
v -15.645662 -21.616774 8.362779
v -13.701700 -23.251549 7.323717
v -11.625776 -24.662397 6.214108
v -9.437884 -25.835735 5.044656
v -7.159122 -26.760262 3.826632
v -4.811399 -27.427073 2.571749
v -2.417339 -27.829742 1.292096
v -2.532346 27.829742 1.048935
v -5.040307 27.427071 2.087767
v -7.499724 26.760262 3.106488
v -9.886901 25.835735 4.095290
v -12.178879 24.662399 5.044658
v -14.353573 23.251547 5.945449
v -16.390020 21.616774 6.788967
v -18.268631 19.773815 7.567110
v -19.971289 17.740427 8.272378
v -21.481636 15.536188 8.897985
v -22.785078 13.182327 9.437889
v -23.869102 10.701512 9.886907
v -24.723259 8.117636 10.240707
v -25.339312 5.455585 10.495887
v -25.711332 2.740990 10.649978
v -25.835735 -0.000001 10.701505
v -25.711332 -2.740989 10.649978
v -25.339312 -5.455584 10.495887
v -24.723261 -8.117638 10.240707
v -23.869110 -10.701511 9.886906
v -22.785082 -13.182323 9.437889
v -21.481634 -15.536186 8.897988
v -19.971289 -17.740427 8.272380
v -18.268631 -19.773815 7.567110
v -16.390020 -21.616774 6.788967
v -14.353573 -23.251549 5.945449
v -12.178885 -24.662397 5.044661
v -9.886901 -25.835735 4.095290
v -7.499724 -26.760262 3.106489
v -5.040306 -27.427073 2.087766
v -2.532346 -27.829742 1.048934
v -2.622966 27.829742 0.795670
v -5.220673 27.427071 1.583678
v -7.768100 26.760262 2.356428
v -10.240701 25.835735 3.106484
v -12.614697 24.662399 3.826627
v -14.867213 23.251547 4.509924
v -16.976532 21.616774 5.149774
v -18.922367 19.773815 5.740033
v -20.685957 17.740427 6.275015
v -22.250351 15.536188 6.749571
v -23.600437 13.182327 7.159114
v -24.723251 10.701512 7.499717
v -25.607975 8.117636 7.768092
v -26.246075 5.455585 7.961659
v -26.631405 2.740990 8.078544
v -26.760262 -0.000001 8.117628
v -26.631405 -2.740989 8.078544
v -26.246075 -5.455584 7.961659
v -25.607977 -8.117638 7.768092
v -24.723259 -10.701511 7.499716
v -23.600441 -13.182323 7.159114
v -22.250349 -15.536186 6.749575
v -20.685957 -17.740427 6.275017
v -18.922367 -19.773815 5.740033
v -16.976532 -21.616774 5.149774
v -14.867213 -23.251549 4.509924
v -12.614702 -24.662397 3.826629
v -10.240701 -25.835735 3.106484
v -7.768101 -26.760262 2.356429
v -5.220672 -27.427073 1.583677
v -2.622965 -27.829742 0.795670
v -2.688324 27.829742 0.534743
v -5.350761 27.427071 1.064337
v -7.961665 26.760262 1.583674
v -10.495877 25.835735 2.087761
v -12.929029 24.662399 2.571745
v -15.237673 23.251547 3.030966
v -17.399551 21.616774 3.460985
v -19.393873 19.773815 3.857677
v -21.201406 17.740427 4.217221
v -22.804781 15.536188 4.536155
v -24.188511 13.182327 4.811394
v -25.339302 10.701512 5.040302
v -26.246073 8.117636 5.220666
v -26.900072 5.455585 5.350757
v -27.295004 2.740990 5.429309
v -27.427069 -0.000001 5.455576
v -27.295004 -2.740989 5.429309
v -26.900072 -5.455584 5.350757
v -26.246075 -8.117638 5.220666
v -25.339310 -10.701511 5.040299
v -24.188515 -13.182323 4.811394
v -22.804781 -15.536186 4.536158
v -21.201406 -17.740427 4.217223
v -19.393873 -19.773815 3.857677
v -17.399551 -21.616774 3.460985
v -15.237673 -23.251549 3.030966
v -12.929034 -24.662397 2.571746
v -10.495877 -25.835735 2.087762
v -7.961666 -26.760262 1.583675
v -5.350760 -27.427073 1.064335
v -2.688324 -27.829742 0.534743
v -0.000002 27.964399 0.000003
v -2.727793 27.829742 0.268667
v -5.429318 27.427071 0.534745
v -8.078554 26.760262 0.795669
v -10.649973 25.835735 1.048932
v -13.118847 24.662399 1.292095
v -15.461387 23.251547 1.522818
v -17.655003 21.616774 1.738865
v -19.678606 19.773815 1.938169
v -21.512676 17.740427 2.118813
v -23.139591 15.536188 2.279053
v -24.543634 13.182327 2.417337
v -25.711321 10.701512 2.532346
v -26.631405 8.117636 2.622962
v -27.295006 5.455585 2.688323
v -27.695736 2.740990 2.727788
v -27.829741 -0.000001 2.740983
v -27.695736 -2.740989 2.727788
v -27.295006 -5.455584 2.688323
v -26.631407 -8.117638 2.622962
v -25.711330 -10.701511 2.532343
v -24.543638 -13.182323 2.417337
v -23.139591 -15.536186 2.279056
v -21.512676 -17.740427 2.118815
v -19.678606 -19.773815 1.938169
v -17.655003 -21.616774 1.738865
v -15.461387 -23.251549 1.522818
v -13.118853 -24.662397 1.292096
v -10.649973 -25.835735 1.048933
v -8.078555 -26.760262 0.795670
v -5.429317 -27.427073 0.534744
v -2.727793 -27.829742 0.268666
v -2.740992 27.829742 0.000002
v -5.455588 27.427071 0.000004
v -8.117643 26.760262 0.000001
v -10.701505 25.835735 0.000001
v -13.182323 24.662399 0.000001
v -15.536198 23.251547 0.000005
v -17.740427 21.616774 -0.000001
v -19.773821 19.773815 -0.000004
v -21.616766 17.740427 -0.000001
v -23.251554 15.536188 0.000002
v -24.662390 13.182327 0.000000
v -25.835728 10.701512 0.000002
v -26.760263 8.117636 -0.000002
v -27.427076 5.455585 0.000000
v -27.829742 2.740990 -0.000004
v -27.964396 -0.000001 -0.000007
v -27.829742 -2.740989 -0.000004
v -27.427076 -5.455584 0.000000
v -26.760263 -8.117638 -0.000002
v -25.835735 -10.701511 -0.000002
v -24.662392 -13.182323 -0.000000
v -23.251556 -15.536186 0.000005
v -21.616768 -17.740427 0.000001
v -19.773821 -19.773815 -0.000004
v -17.740427 -21.616774 -0.000001
v -15.536198 -23.251549 0.000005
v -13.182328 -24.662397 0.000002
v -10.701505 -25.835735 0.000002
v -8.117643 -26.760262 0.000001
v -5.455587 -27.427073 0.000003
v -2.740991 -27.829742 0.000002
v -2.727793 27.829742 -0.268662
v -5.429318 27.427071 -0.534737
v -8.078554 26.760262 -0.795667
v -10.649973 25.835735 -1.048929
v -13.118847 24.662399 -1.292092
v -15.461387 23.251547 -1.522809
v -17.655001 21.616774 -1.738867
v -19.678606 19.773815 -1.938177
v -21.512676 17.740427 -2.118814
v -23.139591 15.536188 -2.279049
v -24.543633 13.182327 -2.417336
v -25.711321 10.701512 -2.532342
v -26.631405 8.117636 -2.622967
v -27.295006 5.455585 -2.688323
v -27.695734 2.740990 -2.727796
v -27.829739 -0.000001 -2.740997
v -27.695734 -2.740989 -2.727796
v -27.295006 -5.455584 -2.688323
v -26.631407 -8.117638 -2.622967
v -25.711330 -10.701511 -2.532347
v -24.543636 -13.182323 -2.417337
v -23.139593 -15.536186 -2.279046
v -21.512678 -17.740427 -2.118813
v -19.678606 -19.773815 -1.938177
v -17.655001 -21.616774 -1.738867
v -15.461387 -23.251549 -1.522809
v -13.118853 -24.662397 -1.292093
v -10.649973 -25.835735 -1.048929
v -8.078555 -26.760262 -0.795667
v -5.429317 -27.427073 -0.534738
v -2.727793 -27.829742 -0.268662
v -2.688324 27.829742 -0.534739
v -5.350760 27.427071 -1.064329
v -7.961665 26.760262 -1.583673
v -10.495877 25.835735 -2.087759
v -12.929028 24.662399 -2.571742
v -15.237675 23.251547 -3.030957
v -17.399548 21.616774 -3.460986
v -19.393873 19.773815 -3.857685
v -21.201408 17.740427 -4.217223
v -22.804783 15.536188 -4.536151
v -24.188507 13.182327 -4.811393
v -25.339302 10.701512 -5.040298
v -26.246073 8.117636 -5.220670
v -26.900072 5.455585 -5.350757
v -27.295000 2.740990 -5.429317
v -27.427067 -0.000001 -5.455589
v -27.295000 -2.740989 -5.429317
v -26.900072 -5.455584 -5.350757
v -26.246075 -8.117638 -5.220670
v -25.339310 -10.701511 -5.040304
v -24.188511 -13.182323 -4.811394
v -22.804785 -15.536186 -4.536148
v -21.201410 -17.740427 -4.217221
v -19.393873 -19.773815 -3.857685
v -17.399548 -21.616774 -3.460986
v -15.237675 -23.251549 -3.030957
v -12.929034 -24.662397 -2.571743
v -10.495877 -25.835735 -2.087758
v -7.961666 -26.760262 -1.583672
v -5.350759 -27.427073 -1.064329
v -2.688324 -27.829742 -0.534739
v -2.622966 27.829742 -0.795666
v -5.220672 27.427071 -1.583670
v -7.768100 26.760262 -2.356426
v -10.240701 25.835735 -3.106481
v -12.614697 24.662399 -3.826625
v -14.867216 23.251547 -4.509915
v -16.976528 21.616774 -5.149774
v -18.922367 19.773815 -5.740041
v -20.685957 17.740427 -6.275017
v -22.250351 15.536188 -6.749568
v -23.600433 13.182327 -7.159113
v -24.723251 10.701512 -7.499713
v -25.607975 8.117636 -7.768097
v -26.246075 5.455585 -7.961659
v -26.631399 2.740990 -8.078550
v -26.760256 -0.000001 -8.117641
v -26.631399 -2.740989 -8.078550
v -26.246075 -5.455584 -7.961659
v -25.607977 -8.117638 -7.768097
v -24.723259 -10.701511 -7.499720
v -23.600437 -13.182323 -7.159114
v -22.250355 -15.536186 -6.749565
v -20.685959 -17.740427 -6.275015
v -18.922367 -19.773815 -5.740041
v -16.976528 -21.616774 -5.149774
v -14.867216 -23.251549 -4.509915
v -12.614702 -24.662397 -3.826626
v -10.240701 -25.835735 -3.106481
v -7.768101 -26.760262 -2.356426
v -5.220671 -27.427073 -1.583670
v -2.622965 -27.829742 -0.795666
v -2.532346 27.829742 -1.048930
v -5.040306 27.427071 -2.087759
v -7.499724 26.760262 -3.106487
v -9.886901 25.835735 -4.095287
v -12.178878 24.662399 -5.044655
v -14.353578 23.251547 -5.945441
v -16.390017 21.616774 -6.788967
v -18.268629 19.773815 -7.567117
v -19.971291 17.740427 -8.272379
v -21.481636 15.536188 -8.897983
v -22.785074 13.182327 -9.437887
v -23.869101 10.701512 -9.886902
v -24.723259 8.117636 -10.240712
v -25.339312 5.455585 -10.495887
v -25.711327 2.740990 -10.649983
v -25.835732 -0.000001 -10.701517
v -25.711327 -2.740989 -10.649983
v -25.339312 -5.455584 -10.495887
v -24.723261 -8.117638 -10.240712
v -23.869108 -10.701511 -9.886910
v -22.785078 -13.182323 -9.437889
v -21.481638 -15.536186 -8.897980
v -19.971292 -17.740427 -8.272378
v -18.268629 -19.773815 -7.567117
v -16.390017 -21.616774 -6.788967
v -14.353578 -23.251549 -5.945441
v -12.178884 -24.662397 -5.044657
v -9.886901 -25.835735 -4.095286
v -7.499724 -26.760262 -3.106486
v -5.040305 -27.427073 -2.087759
v -2.532346 -27.829742 -1.048930
v -2.417339 27.829742 -1.292092
v -4.811399 27.427071 -2.571743
v -7.159122 26.760262 -3.826629
v -9.437884 25.835735 -5.044652
v -11.625770 24.662399 -6.214102
v -13.701706 23.251547 -7.323708
v -15.645659 21.616774 -8.362779
v -17.438953 19.773815 -9.321318
v -19.064287 17.740427 -10.190073
v -20.506041 15.536188 -10.960705
v -21.750282 13.182327 -11.625768
v -22.785078 10.701512 -12.178874
v -23.600445 8.117636 -12.614704
v -24.188519 5.455585 -12.929033
v -24.543638 2.740990 -13.118852
v -24.662392 -0.000001 -13.182330
v -24.543638 -2.740989 -13.118852
v -24.188519 -5.455584 -12.929033
v -23.600445 -8.117638 -12.614704
v -22.785084 -10.701511 -12.178884
v -21.750286 -13.182323 -11.625771
v -20.506044 -15.536186 -10.960702
v -19.064287 -17.740427 -10.190073
v -17.438953 -19.773815 -9.321318
v -15.645659 -21.616774 -8.362779
v -13.701706 -23.251549 -7.323708
v -11.625775 -24.662397 -6.214105
v -9.437884 -25.835735 -5.044652
v -7.159122 -26.760262 -3.826629
v -4.811398 -27.427073 -2.571743
v -2.417339 -27.829742 -1.292092
v -2.279051 27.829742 -1.522811
v -4.536155 27.427071 -3.030958
v -6.749573 26.760262 -4.509920
v -8.897975 25.835735 -5.945436
v -10.960700 24.662399 -7.323704
v -12.917880 23.251547 -8.631444
v -14.750625 21.616774 -9.856052
v -16.441330 19.773815 -10.985749
v -17.973686 17.740427 -12.009632
v -19.332962 15.536188 -12.917870
v -20.506023 13.182327 -13.701687
v -21.481625 10.701512 -14.353557
v -22.250343 8.117636 -14.867208
v -22.804777 5.455585 -15.237665
v -23.139582 2.740990 -15.461377
v -23.251541 -0.000001 -15.536190
v -23.139582 -2.740989 -15.461377
v -22.804777 -5.455584 -15.237665
v -22.250345 -8.117638 -14.867208
v -21.481628 -10.701511 -14.353566
v -20.506027 -13.182323 -13.701690
v -19.332966 -15.536186 -12.917868
v -17.973686 -17.740427 -12.009631
v -16.441330 -19.773815 -10.985749
v -14.750625 -21.616774 -9.856052
v -12.917880 -23.251549 -8.631444
v -10.960706 -24.662397 -7.323708
v -8.897976 -25.835735 -5.945435
v -6.749574 -26.760262 -4.509920
v -4.536154 -27.427073 -3.030958
v -2.279051 -27.829742 -1.522811
v -2.118815 27.829742 -1.738864
v -4.217227 27.427071 -3.460984
v -6.275022 26.760262 -5.149777
v -8.272374 25.835735 -6.788960
v -10.190072 24.662399 -8.362775
v -12.009647 23.251547 -9.856055
v -13.713534 21.616774 -11.254406
v -15.285368 19.773815 -12.544382
v -16.709986 17.740427 -13.713531
v -17.973698 15.536188 -14.750628
v -19.064281 13.182327 -15.645651
v -19.971289 10.701512 -16.390007
v -20.685961 8.117636 -16.976534
v -21.201414 5.455585 -17.399549
v -21.512678 2.740990 -17.655003
v -21.616766 -0.000001 -17.740427
v -21.512678 -2.740989 -17.655003
v -21.201414 -5.455584 -17.399549
v -20.685963 -8.117638 -16.976534
v -19.971292 -10.701511 -16.390018
v -19.064285 -13.182323 -15.645655
v -17.973700 -15.536186 -14.750627
v -16.709988 -17.740427 -13.713531
v -15.285368 -19.773815 -12.544382
v -13.713534 -21.616774 -11.254406
v -12.009647 -23.251549 -9.856055
v -10.190079 -24.662397 -8.362779
v -8.272375 -25.835735 -6.788960
v -6.275023 -26.760262 -5.149777
v -4.217226 -27.427073 -3.460984
v -2.118815 -27.829742 -1.738864
v -1.938174 27.829742 -1.938171
v -3.857683 27.427071 -3.857679
v -5.740038 26.760262 -5.740039
v -7.567106 25.835735 -7.567105
v -9.321309 24.662399 -9.321307
v -10.985755 23.251547 -10.985746
v -12.544375 21.616774 -12.544375
v -13.982201 19.773815 -13.982204
v -15.285361 17.740427 -15.285360
v -16.441334 15.536188 -16.441330
v -17.438940 13.182327 -17.438938
v -18.268620 10.701512 -18.268614
v -18.922361 8.117636 -18.922367
v -19.393867 5.455585 -19.393867
v -19.678596 2.740990 -19.678598
v -19.773808 -0.000001 -19.773815
v -19.678596 -2.740989 -19.678598
v -19.393867 -5.455584 -19.393867
v -18.922363 -8.117638 -18.922367
v -18.268620 -10.701511 -18.268625
v -17.438944 -13.182323 -17.438944
v -16.441338 -15.536186 -16.441330
v -15.285363 -17.740427 -15.285360
v -13.982201 -19.773815 -13.982204
v -12.544375 -21.616774 -12.544375
v -10.985755 -23.251549 -10.985746
v -9.321315 -24.662397 -9.321312
v -7.567107 -25.835735 -7.567104
v -5.740039 -26.760262 -5.740039
v -3.857682 -27.427073 -3.857679
v -1.938173 -27.829742 -1.938171
v -1.738867 27.829742 -2.118813
v -3.460989 27.427071 -4.217223
v -5.149776 26.760262 -6.275022
v -6.788961 25.835735 -8.272373
v -8.362776 24.662399 -10.190070
v -9.856064 23.251547 -12.009639
v -11.254407 21.616774 -13.713534
v -12.544377 19.773815 -15.285373
v -13.713531 17.740427 -16.709986
v -14.750631 15.536188 -17.973692
v -15.645651 13.182327 -19.064280
v -16.390013 10.701512 -19.971283
v -16.976528 8.117636 -20.685966
v -17.399549 5.455585 -21.201414
v -17.654999 2.740990 -21.512682
v -17.740419 -0.000001 -21.616770
v -17.654999 -2.740989 -21.512682
v -17.399549 -5.455584 -21.201414
v -16.976530 -8.117638 -20.685966
v -16.390013 -10.701511 -19.971294
v -15.645654 -13.182323 -19.064285
v -14.750634 -15.536186 -17.973692
v -13.713533 -17.740427 -16.709986
v -12.544377 -19.773815 -15.285373
v -11.254407 -21.616774 -13.713534
v -9.856064 -23.251549 -12.009639
v -8.362782 -24.662397 -10.190076
v -6.788962 -25.835735 -8.272372
v -5.149777 -26.760262 -6.275022
v -3.460987 -27.427073 -4.217222
v -1.738866 -27.829742 -2.118813
v -1.522813 27.829742 -2.279049
v -3.030962 27.427071 -4.536152
v -4.509918 26.760262 -6.749572
v -5.945436 25.835735 -8.897975
v -7.323705 24.662399 -10.960697
v -8.631454 23.251547 -12.917872
v -9.856052 21.616774 -14.750626
v -10.985744 19.773815 -16.441334
v -12.009631 17.740427 -17.973682
v -12.917873 15.536188 -19.332958
v -13.701686 13.182327 -20.506023
v -14.353562 10.701512 -21.481617
v -14.867203 8.117636 -22.250349
v -15.237664 5.455585 -22.804777
v -15.461373 2.740990 -23.139585
v -15.536180 -0.000001 -23.251545
v -15.461373 -2.740989 -23.139585
v -15.237664 -5.455584 -22.804777
v -14.867205 -8.117638 -22.250349
v -14.353560 -10.701511 -21.481627
v -13.701689 -13.182323 -20.506027
v -12.917877 -15.536186 -19.332958
v -12.009633 -17.740427 -17.973682
v -10.985744 -19.773815 -16.441334
v -9.856052 -21.616774 -14.750626
v -8.631454 -23.251549 -12.917872
v -7.323709 -24.662397 -10.960703
v -5.945437 -25.835735 -8.897974
v -4.509919 -26.760262 -6.749572
v -3.030961 -27.427073 -4.536150
v -1.522813 -27.829742 -2.279049
v -1.292094 27.829742 -2.417336
v -2.571747 27.427071 -4.811395
v -3.826627 26.760262 -7.159120
v -5.044652 25.835735 -9.437882
v -6.214103 24.662399 -11.625767
v -7.323719 23.251547 -13.701699
v -8.362778 21.616774 -15.645659
v -9.321312 19.773815 -17.438955
v -10.190072 17.740427 -19.064283
v -10.960710 15.536188 -20.506037
v -11.625767 13.182327 -21.750282
v -12.178880 10.701512 -22.785070
v -12.614697 8.117636 -23.600447
v -12.929032 5.455585 -24.188517
v -13.118846 2.740990 -24.543640
v -13.182318 -0.000001 -24.662392
v -13.118846 -2.740989 -24.543640
v -12.929032 -5.455584 -24.188517
v -12.614699 -8.117638 -23.600447
v -12.178878 -10.701511 -22.785082
v -11.625769 -13.182323 -21.750286
v -10.960713 -15.536186 -20.506037
v -10.190074 -17.740427 -19.064283
v -9.321312 -19.773815 -17.438955
v -8.362778 -21.616774 -15.645659
v -7.323719 -23.251549 -13.701699
v -6.214107 -24.662397 -11.625773
v -5.044653 -25.835735 -9.437882
v -3.826628 -26.760262 -7.159121
v -2.571746 -27.427073 -4.811394
v -1.292094 -27.829742 -2.417336
v -1.048932 27.829742 -2.532344
v -2.087763 27.427071 -5.040302
v -3.106485 26.760262 -7.499722
v -4.095286 25.835735 -9.886899
v -5.044656 24.662399 -12.178874
v -5.945451 23.251547 -14.353572
v -6.788965 21.616774 -16.390018
v -7.567110 19.773815 -18.268629
v -8.272378 17.740427 -19.971285
v -8.897987 15.536188 -21.481634
v -9.437885 13.182327 -22.785072
v -9.886908 10.701512 -23.869095
v -10.240706 8.117636 -24.723261
v -10.495886 5.455585 -25.339308
v -10.649977 2.740990 -25.711327
v -10.701505 -0.000001 -25.835730
v -10.649977 -2.740989 -25.711327
v -10.495886 -5.455584 -25.339308
v -10.240707 -8.117638 -24.723261
v -9.886904 -10.701511 -23.869104
v -9.437886 -13.182323 -22.785078
v -8.897991 -15.536186 -21.481634
v -8.272380 -17.740427 -19.971285
v -7.567110 -19.773815 -18.268629
v -6.788965 -21.616774 -16.390018
v -5.945451 -23.251549 -14.353572
v -5.044659 -24.662397 -12.178882
v -4.095287 -25.835735 -9.886899
v -3.106485 -26.760262 -7.499723
v -2.087763 -27.427073 -5.040301
v -1.048932 -27.829742 -2.532344
v -0.795668 27.829742 -2.622963
v -1.583674 27.427071 -5.220668
v -2.356424 26.760262 -7.768098
v -3.106480 25.835735 -10.240699
v -3.826625 24.662399 -12.614692
v -4.509926 23.251547 -14.867211
v -5.149771 21.616774 -16.976532
v -5.740033 19.773815 -18.922367
v -6.275015 17.740427 -20.685951
v -6.749573 15.536188 -22.250349
v -7.159111 13.182327 -23.600431
v -7.499719 10.701512 -24.723244
v -7.768091 8.117636 -25.607977
v -7.961659 5.455585 -26.246071
v -8.078543 2.740990 -26.631399
v -8.117629 -0.000001 -26.760254
v -8.078543 -2.740989 -26.631399
v -7.961659 -5.455584 -26.246071
v -7.768092 -8.117638 -25.607977
v -7.499714 -10.701511 -24.723253
v -7.159111 -13.182323 -23.600437
v -6.749576 -15.536186 -22.250349
v -6.275017 -17.740427 -20.685953
v -5.740033 -19.773815 -18.922367
v -5.149771 -21.616774 -16.976532
v -4.509926 -23.251549 -14.867211
v -3.826627 -24.662397 -12.614699
v -3.106481 -25.835735 -10.240699
v -2.356425 -26.760262 -7.768098
v -1.583673 -27.427073 -5.220667
v -0.795667 -27.829742 -2.622963
v -0.534741 27.829742 -2.688322
v -1.064333 27.427071 -5.350757
v -1.583670 26.760262 -7.961662
v -2.087758 25.835735 -10.495875
v -2.571743 24.662399 -12.929024
v -3.030967 23.251547 -15.237672
v -3.460983 21.616774 -17.399549
v -3.857676 19.773815 -19.393871
v -4.217221 17.740427 -21.201403
v -4.536155 15.536188 -22.804781
v -4.811390 13.182327 -24.188505
v -5.040303 10.701512 -25.339294
v -5.220664 8.117636 -26.246075
v -5.350756 5.455585 -26.900068
v -5.429308 2.740990 -27.294998
v -5.455576 -0.000001 -27.427063
v -5.429308 -2.740989 -27.294998
v -5.350756 -5.455584 -26.900068
v -5.220665 -8.117638 -26.246075
v -5.040298 -10.701511 -25.339304
v -4.811390 -13.182323 -24.188511
v -4.536159 -15.536186 -22.804781
v -4.217222 -17.740427 -21.201403
v -3.857676 -19.773815 -19.393871
v -3.460983 -21.616774 -17.399549
v -3.030967 -23.251549 -15.237672
v -2.571744 -24.662397 -12.929031
v -2.087758 -25.835735 -10.495875
v -1.583671 -26.760262 -7.961663
v -1.064332 -27.427073 -5.350755
v -0.534740 -27.829742 -2.688322
v -0.268664 27.829742 -2.727791
v -0.534742 27.427071 -5.429314
v -0.795665 26.760262 -8.078550
v -1.048928 25.835735 -10.649970
v -1.292093 24.662399 -13.118841
v -1.522819 23.251547 -15.461386
v -1.738862 21.616774 -17.655003
v -1.938168 19.773815 -19.678604
v -2.118813 17.740427 -21.512672
v -2.279053 15.536188 -23.139591
v -2.417333 13.182327 -24.543629
v -2.532347 10.701512 -25.711315
v -2.622959 8.117636 -26.631407
v -2.688322 5.455585 -27.295002
v -2.727787 2.740990 -27.695730
v -2.740983 -0.000001 -27.829733
v -2.727787 -2.740989 -27.695730
v -2.688322 -5.455584 -27.295002
v -2.622961 -8.117638 -26.631407
v -2.532341 -10.701511 -25.711323
v -2.417333 -13.182323 -24.543634
v -2.279056 -15.536186 -23.139591
v -2.118814 -17.740427 -21.512672
v -1.938168 -19.773815 -19.678604
v -1.738862 -21.616774 -17.655003
v -1.522819 -23.251549 -15.461386
v -1.292094 -24.662397 -13.118849
v -1.048929 -25.835735 -10.649970
v -0.795666 -26.760262 -8.078552
v -0.534741 -27.427073 -5.429312
v -0.268664 -27.829742 -2.727791
v -0.000001 27.427071 -5.455585
v 0.000000 24.662399 -13.182318
v -0.000005 23.251547 -15.536197
v -0.000001 15.536188 -23.251554
v -0.000003 10.701512 -25.835720
v 0.000001 -5.455584 -27.427073
v 0.000004 -8.117638 -26.760263
v 0.000004 -13.182323 -24.662390
v -0.000005 -15.536186 -23.251556
v -0.000000 -17.740427 -21.616764
v 0.000006 -19.773815 -19.773821
v -0.000005 -23.251549 -15.536197
v 0.000001 -24.662397 -13.182325
v -0.000000 -27.427073 -5.455582
vn -0.0000 0.9950 -0.0995
vn -0.0000 0.9565 -0.2917
vn -0.0000 0.9233 -0.3840
vn -0.0000 0.7723 -0.6353
vn -0.0000 0.7063 -0.7079
vn -0.0000 0.6336 -0.7736
vn -0.0000 0.4708 -0.8823
vn -0.0000 0.2899 -0.9571
vn -0.0000 0.1948 -0.9808
vn -0.0000 0.0979 -0.9952
vn -0.0000 -0.0000 -1.0000
vn -0.0000 -0.0979 -0.9952
vn -0.0000 -0.3821 -0.9241
vn -0.0000 -0.7723 -0.6353
vn -0.0000 -0.9233 -0.3840
vn -0.0000 -0.9565 -0.2917
vn -0.0000 -0.9950 -0.0995
vn 0.0098 0.9950 -0.0991
vn 0.0193 0.9805 -0.1956
vn 0.0286 0.9565 -0.2903
vn 0.0376 0.9233 -0.3821
vn 0.0463 0.8813 -0.4703
vn 0.0546 0.8308 -0.5539
vn 0.0623 0.7723 -0.6322
vn 0.0694 0.7063 -0.7045
vn 0.0758 0.6336 -0.7699
vn 0.0815 0.5549 -0.8279
vn 0.0865 0.4708 -0.8780
vn 0.0906 0.3821 -0.9197
vn 0.0938 0.2899 -0.9525
vn 0.0961 0.1948 -0.9761
vn 0.0975 0.0979 -0.9904
vn 0.0980 -0.0000 -0.9952
vn 0.0975 -0.0979 -0.9904
vn 0.0961 -0.1948 -0.9761
vn 0.0938 -0.2899 -0.9525
vn 0.0906 -0.3821 -0.9197
vn 0.0865 -0.4708 -0.8780
vn 0.0815 -0.5549 -0.8279
vn 0.0758 -0.6336 -0.7699
vn 0.0694 -0.7063 -0.7045
vn 0.0623 -0.7723 -0.6322
vn 0.0546 -0.8308 -0.5539
vn 0.0463 -0.8813 -0.4703
vn 0.0376 -0.9233 -0.3821
vn 0.0286 -0.9565 -0.2903
vn 0.0193 -0.9805 -0.1956
vn 0.0098 -0.9950 -0.0991
vn 0.0194 0.9950 -0.0976
vn 0.0383 0.9805 -0.1928
vn 0.0569 0.9565 -0.2861
vn 0.0749 0.9233 -0.3766
vn 0.0922 0.8813 -0.4635
vn 0.1086 0.8308 -0.5459
vn 0.1239 0.7723 -0.6231
vn 0.1381 0.7063 -0.6943
vn 0.1509 0.6336 -0.7588
vn 0.1623 0.5549 -0.8160
vn 0.1721 0.4708 -0.8653
vn 0.1803 0.3821 -0.9063
vn 0.1867 0.2899 -0.9387
vn 0.1914 0.1948 -0.9620
vn 0.1942 0.0979 -0.9761
vn 0.1951 -0.0000 -0.9808
vn 0.1942 -0.0979 -0.9761
vn 0.1914 -0.1948 -0.9620
vn 0.1867 -0.2899 -0.9387
vn 0.1803 -0.3821 -0.9063
vn 0.1721 -0.4708 -0.8653
vn 0.1623 -0.5549 -0.8160
vn 0.1509 -0.6336 -0.7588
vn 0.1381 -0.7063 -0.6943
vn 0.1239 -0.7723 -0.6231
vn 0.1086 -0.8308 -0.5459
vn 0.0922 -0.8813 -0.4635
vn 0.0749 -0.9233 -0.3766
vn 0.0569 -0.9565 -0.2861
vn 0.0383 -0.9805 -0.1928
vn 0.0194 -0.9950 -0.0976
vn 0.0289 0.9950 -0.0952
vn 0.0571 0.9805 -0.1881
vn 0.0847 0.9565 -0.2791
vn 0.1115 0.9233 -0.3675
vn 0.1372 0.8813 -0.4522
vn 0.1616 0.8308 -0.5327
vn 0.1844 0.7723 -0.6080
vn 0.2055 0.7063 -0.6774
vn 0.2246 0.6336 -0.7403
vn 0.2415 0.5549 -0.7961
vn 0.2561 0.4708 -0.8443
vn 0.2683 0.3821 -0.8843
vn 0.2778 0.2899 -0.9159
vn 0.2847 0.1948 -0.9386
vn 0.2889 0.0979 -0.9523
vn 0.2903 -0.0000 -0.9569
vn 0.2889 -0.0979 -0.9523
vn 0.2847 -0.1948 -0.9386
vn 0.2778 -0.2899 -0.9159
vn 0.2683 -0.3821 -0.8843
vn 0.2561 -0.4708 -0.8443
vn 0.2415 -0.5549 -0.7961
vn 0.2246 -0.6336 -0.7403
vn 0.2055 -0.7063 -0.6774
vn 0.1844 -0.7723 -0.6080
vn 0.1616 -0.8308 -0.5327
vn 0.1372 -0.8813 -0.4522
vn 0.1115 -0.9233 -0.3675
vn 0.0847 -0.9565 -0.2791
vn 0.0571 -0.9805 -0.1881
vn 0.0289 -0.9950 -0.0952
vn 0.0381 0.9950 -0.0920
vn 0.0752 0.9805 -0.1816
vn 0.1116 0.9565 -0.2695
vn 0.1469 0.9233 -0.3548
vn 0.1809 0.8813 -0.4366
vn 0.2130 0.8308 -0.5143
vn 0.2431 0.7723 -0.5869
vn 0.2709 0.7063 -0.6540
vn 0.2961 0.6336 -0.7147
vn 0.3184 0.5549 -0.7686
vn 0.3376 0.4708 -0.8151
vn 0.3536 0.3821 -0.8538
vn 0.3663 0.2899 -0.8842
vn 0.3754 0.1948 -0.9062
vn 0.3808 0.0979 -0.9194
vn 0.3827 -0.0000 -0.9239
vn 0.3808 -0.0979 -0.9194
vn 0.3754 -0.1948 -0.9062
vn 0.3663 -0.2899 -0.8842
vn 0.3536 -0.3821 -0.8538
vn 0.3376 -0.4708 -0.8151
vn 0.3184 -0.5549 -0.7686
vn 0.2961 -0.6336 -0.7147
vn 0.2709 -0.7063 -0.6540
vn 0.2431 -0.7723 -0.5869
vn 0.2130 -0.8308 -0.5143
vn 0.1809 -0.8813 -0.4366
vn 0.1469 -0.9233 -0.3548
vn 0.1116 -0.9565 -0.2695
vn 0.0752 -0.9805 -0.1816
vn 0.0381 -0.9950 -0.0920
vn 0.0469 0.9950 -0.0878
vn 0.0927 0.9805 -0.1734
vn 0.1375 0.9565 -0.2572
vn 0.1810 0.9233 -0.3386
vn 0.2228 0.8813 -0.4168
vn 0.2624 0.8308 -0.4909
vn 0.2995 0.7723 -0.5603
vn 0.3337 0.7063 -0.6243
vn 0.3647 0.6336 -0.6823
vn 0.3922 0.5549 -0.7337
vn 0.4159 0.4708 -0.7781
vn 0.4356 0.3821 -0.8150
vn 0.4512 0.2899 -0.8441
vn 0.4624 0.1948 -0.8650
vn 0.4691 0.0979 -0.8777
vn 0.4714 -0.0000 -0.8819
vn 0.4691 -0.0979 -0.8777
vn 0.4624 -0.1948 -0.8650
vn 0.4512 -0.2899 -0.8441
vn 0.4356 -0.3821 -0.8150
vn 0.4159 -0.4708 -0.7781
vn 0.3922 -0.5549 -0.7337
vn 0.3647 -0.6336 -0.6823
vn 0.3337 -0.7063 -0.6243
vn 0.2995 -0.7723 -0.5603
vn 0.2624 -0.8308 -0.4909
vn 0.2228 -0.8813 -0.4168
vn 0.1810 -0.9233 -0.3386
vn 0.1375 -0.9565 -0.2572
vn 0.0927 -0.9805 -0.1734
vn 0.0469 -0.9950 -0.0878
vn 0.0553 0.9950 -0.0828
vn 0.1092 0.9805 -0.1634
vn 0.1621 0.9565 -0.2425
vn 0.2133 0.9233 -0.3193
vn 0.2626 0.8813 -0.3929
vn 0.3092 0.8308 -0.4628
vn 0.3530 0.7723 -0.5282
vn 0.3933 0.7063 -0.5886
vn 0.4298 0.6336 -0.6432
vn 0.4622 0.5549 -0.6917
vn 0.4902 0.4708 -0.7336
vn 0.5134 0.3821 -0.7684
vn 0.5317 0.2899 -0.7958
vn 0.5449 0.1948 -0.8155
vn 0.5529 0.0979 -0.8275
vn 0.5556 -0.0000 -0.8315
vn 0.5529 -0.0979 -0.8275
vn 0.5449 -0.1948 -0.8155
vn 0.5317 -0.2899 -0.7958
vn 0.5134 -0.3821 -0.7684
vn 0.4902 -0.4708 -0.7336
vn 0.4622 -0.5549 -0.6917
vn 0.4298 -0.6336 -0.6432
vn 0.3933 -0.7063 -0.5886
vn 0.3530 -0.7723 -0.5282
vn 0.3092 -0.8308 -0.4628
vn 0.2626 -0.8813 -0.3929
vn 0.2133 -0.9233 -0.3193
vn 0.1621 -0.9565 -0.2425
vn 0.1092 -0.9805 -0.1634
vn 0.0553 -0.9950 -0.0828
vn 0.0631 0.9950 -0.0769
vn 0.1247 0.9805 -0.1519
vn 0.1850 0.9565 -0.2255
vn 0.2436 0.9233 -0.2968
vn 0.2998 0.8813 -0.3653
vn 0.3531 0.8308 -0.4303
vn 0.4030 0.7723 -0.4911
vn 0.4491 0.7063 -0.5472
vn 0.4908 0.6336 -0.5980
vn 0.5278 0.5549 -0.6431
vn 0.5597 0.4708 -0.6820
vn 0.5862 0.3821 -0.7143
vn 0.6072 0.2899 -0.7398
vn 0.6222 0.1948 -0.7582
vn 0.6313 0.0979 -0.7693
vn 0.6344 -0.0000 -0.7730
vn 0.6313 -0.0979 -0.7693
vn 0.6222 -0.1948 -0.7582
vn 0.6072 -0.2899 -0.7398
vn 0.5862 -0.3821 -0.7143
vn 0.5597 -0.4708 -0.6820
vn 0.5278 -0.5549 -0.6431
vn 0.4908 -0.6336 -0.5980
vn 0.4491 -0.7063 -0.5472
vn 0.4030 -0.7723 -0.4911
vn 0.3531 -0.8308 -0.4303
vn 0.2998 -0.8813 -0.3653
vn 0.2436 -0.9233 -0.2968
vn 0.1850 -0.9565 -0.2255
vn 0.1247 -0.9805 -0.1519
vn 0.0631 -0.9950 -0.0769
vn 0.0704 0.9950 -0.0704
vn 0.1390 0.9805 -0.1390
vn 0.2063 0.9565 -0.2063
vn 0.2715 0.9233 -0.2715
vn 0.3342 0.8813 -0.3342
vn 0.3936 0.8308 -0.3936
vn 0.4492 0.7723 -0.4492
vn 0.5005 0.7063 -0.5005
vn 0.5470 0.6336 -0.5470
vn 0.5883 0.5549 -0.5883
vn 0.6239 0.4708 -0.6239
vn 0.6534 0.3821 -0.6534
vn 0.6768 0.2899 -0.6768
vn 0.6936 0.1948 -0.6936
vn 0.7037 0.0979 -0.7037
vn 0.7071 -0.0000 -0.7071
vn 0.7037 -0.0979 -0.7037
vn 0.6936 -0.1948 -0.6936
vn 0.6768 -0.2899 -0.6768
vn 0.6534 -0.3821 -0.6534
vn 0.6239 -0.4708 -0.6239
vn 0.5883 -0.5549 -0.5883
vn 0.5470 -0.6336 -0.5470
vn 0.5005 -0.7063 -0.5005
vn 0.4492 -0.7723 -0.4492
vn 0.3936 -0.8308 -0.3936
vn 0.3342 -0.8813 -0.3342
vn 0.2715 -0.9233 -0.2715
vn 0.2063 -0.9565 -0.2063
vn 0.1390 -0.9805 -0.1390
vn 0.0704 -0.9950 -0.0704
vn 0.0769 0.9950 -0.0631
vn 0.1519 0.9805 -0.1247
vn 0.2255 0.9565 -0.1850
vn 0.2968 0.9233 -0.2436
vn 0.3653 0.8813 -0.2998
vn 0.4303 0.8308 -0.3531
vn 0.4911 0.7723 -0.4030
vn 0.5472 0.7063 -0.4491
vn 0.5980 0.6336 -0.4908
vn 0.6431 0.5549 -0.5278
vn 0.6820 0.4708 -0.5597
vn 0.7143 0.3821 -0.5862
vn 0.7398 0.2899 -0.6072
vn 0.7582 0.1948 -0.6222
vn 0.7693 0.0979 -0.6313
vn 0.7730 -0.0000 -0.6344
vn 0.7693 -0.0979 -0.6313
vn 0.7582 -0.1948 -0.6222
vn 0.7398 -0.2899 -0.6072
vn 0.7143 -0.3821 -0.5862
vn 0.6820 -0.4708 -0.5597
vn 0.6431 -0.5549 -0.5278
vn 0.5980 -0.6336 -0.4908
vn 0.5472 -0.7063 -0.4491
vn 0.4911 -0.7723 -0.4030
vn 0.4303 -0.8308 -0.3531
vn 0.3653 -0.8813 -0.2998
vn 0.2968 -0.9233 -0.2436
vn 0.2255 -0.9565 -0.1850
vn 0.1519 -0.9805 -0.1247
vn 0.0769 -0.9950 -0.0631
vn 0.0828 0.9950 -0.0553
vn 0.1634 0.9805 -0.1092
vn 0.2425 0.9565 -0.1621
vn 0.3193 0.9233 -0.2133
vn 0.3929 0.8813 -0.2626
vn 0.4628 0.8308 -0.3092
vn 0.5282 0.7723 -0.3530
vn 0.5886 0.7063 -0.3933
vn 0.6432 0.6336 -0.4298
vn 0.6917 0.5549 -0.4622
vn 0.7336 0.4708 -0.4902
vn 0.7684 0.3821 -0.5134
vn 0.7958 0.2899 -0.5317
vn 0.8155 0.1948 -0.5449
vn 0.8275 0.0979 -0.5529
vn 0.8315 -0.0000 -0.5556
vn 0.8275 -0.0979 -0.5529
vn 0.8155 -0.1948 -0.5449
vn 0.7958 -0.2899 -0.5317
vn 0.7684 -0.3821 -0.5134
vn 0.7336 -0.4708 -0.4902
vn 0.6917 -0.5549 -0.4622
vn 0.6432 -0.6336 -0.4298
vn 0.5886 -0.7063 -0.3933
vn 0.5282 -0.7723 -0.3530
vn 0.4628 -0.8308 -0.3092
vn 0.3929 -0.8813 -0.2626
vn 0.3193 -0.9233 -0.2133
vn 0.2425 -0.9565 -0.1621
vn 0.1634 -0.9805 -0.1092
vn 0.0828 -0.9950 -0.0553
vn 0.0878 0.9950 -0.0469
vn 0.1734 0.9805 -0.0927
vn 0.2572 0.9565 -0.1375
vn 0.3386 0.9233 -0.1810
vn 0.4168 0.8813 -0.2228
vn 0.4909 0.8308 -0.2624
vn 0.5603 0.7723 -0.2995
vn 0.6243 0.7063 -0.3337
vn 0.6823 0.6336 -0.3647
vn 0.7337 0.5549 -0.3922
vn 0.7781 0.4708 -0.4159
vn 0.8150 0.3821 -0.4356
vn 0.8441 0.2899 -0.4512
vn 0.8650 0.1948 -0.4624
vn 0.8777 0.0979 -0.4691
vn 0.8819 -0.0000 -0.4714
vn 0.8777 -0.0979 -0.4691
vn 0.8650 -0.1948 -0.4624
vn 0.8441 -0.2899 -0.4512
vn 0.8150 -0.3821 -0.4356
vn 0.7781 -0.4708 -0.4159
vn 0.7337 -0.5549 -0.3922
vn 0.6823 -0.6336 -0.3647
vn 0.6243 -0.7063 -0.3337
vn 0.5603 -0.7723 -0.2995
vn 0.4909 -0.8308 -0.2624
vn 0.4168 -0.8813 -0.2228
vn 0.3386 -0.9233 -0.1810
vn 0.2572 -0.9565 -0.1375
vn 0.1734 -0.9805 -0.0927
vn 0.0878 -0.9950 -0.0469
vn 0.0920 0.9950 -0.0381
vn 0.1816 0.9805 -0.0752
vn 0.2695 0.9565 -0.1116
vn 0.3548 0.9233 -0.1469
vn 0.4366 0.8813 -0.1809
vn 0.5143 0.8308 -0.2130
vn 0.5869 0.7723 -0.2431
vn 0.6540 0.7063 -0.2709
vn 0.7147 0.6336 -0.2961
vn 0.7686 0.5549 -0.3184
vn 0.8151 0.4708 -0.3376
vn 0.8538 0.3821 -0.3536
vn 0.8842 0.2899 -0.3663
vn 0.9062 0.1948 -0.3754
vn 0.9194 0.0979 -0.3808
vn 0.9239 -0.0000 -0.3827
vn 0.9194 -0.0979 -0.3808
vn 0.9062 -0.1948 -0.3754
vn 0.8842 -0.2899 -0.3663
vn 0.8538 -0.3821 -0.3536
vn 0.8151 -0.4708 -0.3376
vn 0.7686 -0.5549 -0.3184
vn 0.7147 -0.6336 -0.2961
vn 0.6540 -0.7063 -0.2709
vn 0.5869 -0.7723 -0.2431
vn 0.5143 -0.8308 -0.2130
vn 0.4366 -0.8813 -0.1809
vn 0.3548 -0.9233 -0.1469
vn 0.2695 -0.9565 -0.1116
vn 0.1816 -0.9805 -0.0752
vn 0.0920 -0.9950 -0.0381
vn 0.0952 0.9950 -0.0289
vn 0.1881 0.9805 -0.0571
vn 0.2791 0.9565 -0.0847
vn 0.3675 0.9233 -0.1115
vn 0.4522 0.8813 -0.1372
vn 0.5327 0.8308 -0.1616
vn 0.6080 0.7723 -0.1844
vn 0.6774 0.7063 -0.2055
vn 0.7403 0.6336 -0.2246
vn 0.7961 0.5549 -0.2415
vn 0.8443 0.4708 -0.2561
vn 0.8843 0.3821 -0.2683
vn 0.9159 0.2899 -0.2778
vn 0.9386 0.1948 -0.2847
vn 0.9523 0.0979 -0.2889
vn 0.9569 -0.0000 -0.2903
vn 0.9523 -0.0979 -0.2889
vn 0.9386 -0.1948 -0.2847
vn 0.9159 -0.2899 -0.2778
vn 0.8843 -0.3821 -0.2683
vn 0.8443 -0.4708 -0.2561
vn 0.7961 -0.5549 -0.2415
vn 0.7403 -0.6336 -0.2246
vn 0.6774 -0.7063 -0.2055
vn 0.6080 -0.7723 -0.1844
vn 0.5327 -0.8308 -0.1616
vn 0.4522 -0.8813 -0.1372
vn 0.3675 -0.9233 -0.1115
vn 0.2791 -0.9565 -0.0847
vn 0.1881 -0.9805 -0.0571
vn 0.0952 -0.9950 -0.0289
vn 0.0976 0.9950 -0.0194
vn 0.1928 0.9805 -0.0383
vn 0.2861 0.9565 -0.0569
vn 0.3766 0.9233 -0.0749
vn 0.4635 0.8813 -0.0922
vn 0.5459 0.8308 -0.1086
vn 0.6231 0.7723 -0.1239
vn 0.6943 0.7063 -0.1381
vn 0.7588 0.6336 -0.1509
vn 0.8160 0.5549 -0.1623
vn 0.8653 0.4708 -0.1721
vn 0.9063 0.3821 -0.1803
vn 0.9387 0.2899 -0.1867
vn 0.9620 0.1948 -0.1914
vn 0.9761 0.0979 -0.1942
vn 0.9808 -0.0000 -0.1951
vn 0.9761 -0.0979 -0.1942
vn 0.9620 -0.1948 -0.1914
vn 0.9387 -0.2899 -0.1867
vn 0.9063 -0.3821 -0.1803
vn 0.8653 -0.4708 -0.1721
vn 0.8160 -0.5549 -0.1623
vn 0.7588 -0.6336 -0.1509
vn 0.6943 -0.7063 -0.1381
vn 0.6231 -0.7723 -0.1239
vn 0.5459 -0.8308 -0.1086
vn 0.4635 -0.8813 -0.0922
vn 0.3766 -0.9233 -0.0749
vn 0.2861 -0.9565 -0.0569
vn 0.1928 -0.9805 -0.0383
vn 0.0976 -0.9950 -0.0194
vn 0.0991 0.9950 -0.0098
vn 0.1956 0.9805 -0.0193
vn 0.2903 0.9565 -0.0286
vn 0.3821 0.9233 -0.0376
vn 0.4703 0.8813 -0.0463
vn 0.5539 0.8308 -0.0546
vn 0.6322 0.7723 -0.0623
vn 0.7045 0.7063 -0.0694
vn 0.7699 0.6336 -0.0758
vn 0.8279 0.5549 -0.0815
vn 0.8780 0.4708 -0.0865
vn 0.9197 0.3821 -0.0906
vn 0.9525 0.2899 -0.0938
vn 0.9761 0.1948 -0.0961
vn 0.9904 0.0979 -0.0975
vn 0.9952 -0.0000 -0.0980
vn 0.9904 -0.0979 -0.0975
vn 0.9761 -0.1948 -0.0961
vn 0.9525 -0.2899 -0.0938
vn 0.9197 -0.3821 -0.0906
vn 0.8780 -0.4708 -0.0865
vn 0.8279 -0.5549 -0.0815
vn 0.7699 -0.6336 -0.0758
vn 0.7045 -0.7063 -0.0694
vn 0.6322 -0.7723 -0.0623
vn 0.5539 -0.8308 -0.0546
vn 0.4703 -0.8813 -0.0463
vn 0.3821 -0.9233 -0.0376
vn 0.2903 -0.9565 -0.0286
vn 0.1956 -0.9805 -0.0193
vn 0.0991 -0.9950 -0.0098
vn 0.0995 0.9950 -0.0000
vn 0.1966 0.9805 -0.0000
vn 0.2917 0.9565 -0.0000
vn 0.3840 0.9233 -0.0000
vn 0.4726 0.8813 -0.0000
vn 0.5566 0.8308 -0.0000
vn 0.6353 0.7723 -0.0000
vn 0.7079 0.7063 -0.0000
vn 0.7736 0.6336 -0.0000
vn 0.8319 0.5549 -0.0000
vn 0.8823 0.4708 -0.0000
vn 0.9241 0.3821 -0.0000
vn 0.9571 0.2899 -0.0000
vn 0.9808 0.1948 -0.0000
vn 0.9952 0.0979 -0.0000
vn 1.0000 -0.0000 -0.0000
vn 0.9952 -0.0979 -0.0000
vn 0.9808 -0.1948 -0.0000
vn 0.9571 -0.2899 -0.0000
vn 0.9241 -0.3821 -0.0000
vn 0.8823 -0.4708 -0.0000
vn 0.8319 -0.5549 -0.0000
vn 0.7736 -0.6336 -0.0000
vn 0.7079 -0.7063 -0.0000
vn 0.6353 -0.7723 -0.0000
vn 0.5566 -0.8308 -0.0000
vn 0.4726 -0.8813 -0.0000
vn 0.3840 -0.9233 -0.0000
vn 0.2917 -0.9565 -0.0000
vn 0.1966 -0.9805 -0.0000
vn 0.0995 -0.9950 -0.0000
vn 0.0991 0.9950 0.0098
vn 0.1956 0.9805 0.0193
vn 0.2903 0.9565 0.0286
vn 0.3821 0.9233 0.0376
vn 0.4703 0.8813 0.0463
vn 0.5539 0.8308 0.0546
vn 0.6322 0.7723 0.0623
vn 0.7045 0.7063 0.0694
vn 0.7699 0.6336 0.0758
vn 0.8279 0.5549 0.0815
vn 0.8780 0.4708 0.0865
vn 0.9197 0.3821 0.0906
vn 0.9525 0.2899 0.0938
vn 0.9761 0.1948 0.0961
vn 0.9904 0.0979 0.0975
vn 0.9952 -0.0000 0.0980
vn 0.9904 -0.0979 0.0975
vn 0.9761 -0.1948 0.0961
vn 0.9525 -0.2899 0.0938
vn 0.9197 -0.3821 0.0906
vn 0.8780 -0.4708 0.0865
vn 0.8279 -0.5549 0.0815
vn 0.7699 -0.6336 0.0758
vn 0.7045 -0.7063 0.0694
vn 0.6322 -0.7723 0.0623
vn 0.5539 -0.8308 0.0546
vn 0.4703 -0.8813 0.0463
vn 0.3821 -0.9233 0.0376
vn 0.2903 -0.9565 0.0286
vn 0.1956 -0.9805 0.0193
vn 0.0991 -0.9950 0.0098
vn 0.0976 0.9950 0.0194
vn 0.1928 0.9805 0.0383
vn 0.2861 0.9565 0.0569
vn 0.3766 0.9233 0.0749
vn 0.4635 0.8813 0.0922
vn 0.5459 0.8308 0.1086
vn 0.6231 0.7723 0.1239
vn 0.6943 0.7063 0.1381
vn 0.7588 0.6336 0.1509
vn 0.8160 0.5549 0.1623
vn 0.8653 0.4708 0.1721
vn 0.9063 0.3821 0.1803
vn 0.9387 0.2899 0.1867
vn 0.9620 0.1948 0.1914
vn 0.9761 0.0979 0.1942
vn 0.9808 -0.0000 0.1951
vn 0.9761 -0.0979 0.1942
vn 0.9620 -0.1948 0.1914
vn 0.9387 -0.2899 0.1867
vn 0.9063 -0.3821 0.1803
vn 0.8653 -0.4708 0.1721
vn 0.8160 -0.5549 0.1623
vn 0.7588 -0.6336 0.1509
vn 0.6943 -0.7063 0.1381
vn 0.6231 -0.7723 0.1239
vn 0.5459 -0.8308 0.1086
vn 0.4635 -0.8813 0.0922
vn 0.3766 -0.9233 0.0749
vn 0.2861 -0.9565 0.0569
vn 0.1928 -0.9805 0.0383
vn 0.0976 -0.9950 0.0194
vn 0.0952 0.9950 0.0289
vn 0.1881 0.9805 0.0571
vn 0.2791 0.9565 0.0847
vn 0.3675 0.9233 0.1115
vn 0.4522 0.8813 0.1372
vn 0.5327 0.8308 0.1616
vn 0.6080 0.7723 0.1844
vn 0.6774 0.7063 0.2055
vn 0.7403 0.6336 0.2246
vn 0.7961 0.5549 0.2415
vn 0.8443 0.4708 0.2561
vn 0.8843 0.3821 0.2683
vn 0.9159 0.2899 0.2778
vn 0.9386 0.1948 0.2847
vn 0.9523 0.0979 0.2889
vn 0.9569 -0.0000 0.2903
vn 0.9523 -0.0979 0.2889
vn 0.9386 -0.1948 0.2847
vn 0.9159 -0.2899 0.2778
vn 0.8843 -0.3821 0.2683
vn 0.8443 -0.4708 0.2561
vn 0.7961 -0.5549 0.2415
vn 0.7403 -0.6336 0.2246
vn 0.6774 -0.7063 0.2055
vn 0.6080 -0.7723 0.1844
vn 0.5327 -0.8308 0.1616
vn 0.4522 -0.8813 0.1372
vn 0.3675 -0.9233 0.1115
vn 0.2791 -0.9565 0.0847
vn 0.1881 -0.9805 0.0571
vn 0.0952 -0.9950 0.0289
vn 0.0920 0.9950 0.0381
vn 0.1816 0.9805 0.0752
vn 0.2695 0.9565 0.1116
vn 0.3548 0.9233 0.1469
vn 0.4366 0.8813 0.1809
vn 0.5143 0.8308 0.2130
vn 0.5869 0.7723 0.2431
vn 0.6540 0.7063 0.2709
vn 0.7147 0.6336 0.2961
vn 0.7686 0.5549 0.3184
vn 0.8151 0.4708 0.3376
vn 0.8538 0.3821 0.3536
vn 0.8842 0.2899 0.3663
vn 0.9062 0.1948 0.3754
vn 0.9194 0.0979 0.3808
vn 0.9239 -0.0000 0.3827
vn 0.9194 -0.0979 0.3808
vn 0.9062 -0.1948 0.3754
vn 0.8842 -0.2899 0.3663
vn 0.8538 -0.3821 0.3536
vn 0.8151 -0.4708 0.3376
vn 0.7686 -0.5549 0.3184
vn 0.7147 -0.6336 0.2961
vn 0.6540 -0.7063 0.2709
vn 0.5869 -0.7723 0.2431
vn 0.5143 -0.8308 0.2130
vn 0.4366 -0.8813 0.1809
vn 0.3548 -0.9233 0.1469
vn 0.2695 -0.9565 0.1116
vn 0.1816 -0.9805 0.0752
vn 0.0920 -0.9950 0.0381
vn 0.0878 0.9950 0.0469
vn 0.1734 0.9805 0.0927
vn 0.2572 0.9565 0.1375
vn 0.3386 0.9233 0.1810
vn 0.4168 0.8813 0.2228
vn 0.4909 0.8308 0.2624
vn 0.5603 0.7723 0.2995
vn 0.6243 0.7063 0.3337
vn 0.6823 0.6336 0.3647
vn 0.7337 0.5549 0.3922
vn 0.7781 0.4708 0.4159
vn 0.8150 0.3821 0.4356
vn 0.8441 0.2899 0.4512
vn 0.8650 0.1948 0.4624
vn 0.8777 0.0979 0.4691
vn 0.8819 -0.0000 0.4714
vn 0.8777 -0.0979 0.4691
vn 0.8650 -0.1948 0.4624
vn 0.8441 -0.2899 0.4512
vn 0.8150 -0.3821 0.4356
vn 0.7781 -0.4708 0.4159
vn 0.7337 -0.5549 0.3922
vn 0.6823 -0.6336 0.3647
vn 0.6243 -0.7063 0.3337
vn 0.5603 -0.7723 0.2995
vn 0.4909 -0.8308 0.2624
vn 0.4168 -0.8813 0.2228
vn 0.3386 -0.9233 0.1810
vn 0.2572 -0.9565 0.1375
vn 0.1734 -0.9805 0.0927
vn 0.0878 -0.9950 0.0469
vn 0.0828 0.9950 0.0553
vn 0.1634 0.9805 0.1092
vn 0.2425 0.9565 0.1621
vn 0.3193 0.9233 0.2133
vn 0.3929 0.8813 0.2626
vn 0.4628 0.8308 0.3092
vn 0.5282 0.7723 0.3530
vn 0.5886 0.7063 0.3933
vn 0.6432 0.6336 0.4298
vn 0.6917 0.5549 0.4622
vn 0.7336 0.4708 0.4902
vn 0.7684 0.3821 0.5134
vn 0.7958 0.2899 0.5317
vn 0.8155 0.1948 0.5449
vn 0.8275 0.0979 0.5529
vn 0.8315 -0.0000 0.5556
vn 0.8275 -0.0979 0.5529
vn 0.8155 -0.1948 0.5449
vn 0.7958 -0.2899 0.5317
vn 0.7684 -0.3821 0.5134
vn 0.7336 -0.4708 0.4902
vn 0.6917 -0.5549 0.4622
vn 0.6432 -0.6336 0.4298
vn 0.5886 -0.7063 0.3933
vn 0.5282 -0.7723 0.3530
vn 0.4628 -0.8308 0.3092
vn 0.3929 -0.8813 0.2626
vn 0.3193 -0.9233 0.2133
vn 0.2425 -0.9565 0.1621
vn 0.1634 -0.9805 0.1092
vn 0.0828 -0.9950 0.0553
vn 0.0769 0.9950 0.0631
vn 0.1519 0.9805 0.1247
vn 0.2255 0.9565 0.1850
vn 0.2968 0.9233 0.2436
vn 0.3653 0.8813 0.2998
vn 0.4303 0.8308 0.3531
vn 0.4911 0.7723 0.4030
vn 0.5472 0.7063 0.4491
vn 0.5980 0.6336 0.4908
vn 0.6431 0.5549 0.5278
vn 0.6820 0.4708 0.5597
vn 0.7143 0.3821 0.5862
vn 0.7398 0.2899 0.6072
vn 0.7582 0.1948 0.6222
vn 0.7693 0.0979 0.6313
vn 0.7730 -0.0000 0.6344
vn 0.7693 -0.0979 0.6313
vn 0.7582 -0.1948 0.6222
vn 0.7398 -0.2899 0.6072
vn 0.7143 -0.3821 0.5862
vn 0.6820 -0.4708 0.5597
vn 0.6431 -0.5549 0.5278
vn 0.5980 -0.6336 0.4908
vn 0.5472 -0.7063 0.4491
vn 0.4911 -0.7723 0.4030
vn 0.4303 -0.8308 0.3531
vn 0.3653 -0.8813 0.2998
vn 0.2968 -0.9233 0.2436
vn 0.2255 -0.9565 0.1850
vn 0.1519 -0.9805 0.1247
vn 0.0769 -0.9950 0.0631
vn 0.0704 0.9950 0.0704
vn 0.1390 0.9805 0.1390
vn 0.2063 0.9565 0.2063
vn 0.2715 0.9233 0.2715
vn 0.3342 0.8813 0.3342
vn 0.3936 0.8308 0.3936
vn 0.4492 0.7723 0.4492
vn 0.5005 0.7063 0.5005
vn 0.5470 0.6336 0.5470
vn 0.5883 0.5549 0.5883
vn 0.6239 0.4708 0.6239
vn 0.6534 0.3821 0.6534
vn 0.6767 0.2899 0.6767
vn 0.6936 0.1948 0.6936
vn 0.7037 0.0979 0.7037
vn 0.7071 -0.0000 0.7071
vn 0.7037 -0.0979 0.7037
vn 0.6936 -0.1948 0.6936
vn 0.6767 -0.2899 0.6768
vn 0.6534 -0.3821 0.6534
vn 0.6239 -0.4708 0.6239
vn 0.5883 -0.5549 0.5883
vn 0.5470 -0.6336 0.5470
vn 0.5005 -0.7063 0.5005
vn 0.4492 -0.7723 0.4492
vn 0.3936 -0.8308 0.3936
vn 0.3342 -0.8813 0.3342
vn 0.2715 -0.9233 0.2715
vn 0.2063 -0.9565 0.2063
vn 0.1390 -0.9805 0.1390
vn 0.0704 -0.9950 0.0704
vn 0.0631 0.9950 0.0769
vn 0.1247 0.9805 0.1519
vn 0.1850 0.9565 0.2255
vn 0.2436 0.9233 0.2968
vn 0.2998 0.8813 0.3653
vn 0.3531 0.8308 0.4303
vn 0.4030 0.7723 0.4911
vn 0.4491 0.7063 0.5472
vn 0.4908 0.6336 0.5980
vn 0.5278 0.5549 0.6431
vn 0.5597 0.4708 0.6820
vn 0.5862 0.3821 0.7143
vn 0.6072 0.2899 0.7398
vn 0.6222 0.1948 0.7582
vn 0.6313 0.0979 0.7693
vn 0.6344 -0.0000 0.7730
vn 0.6313 -0.0979 0.7693
vn 0.6222 -0.1948 0.7582
vn 0.6072 -0.2899 0.7398
vn 0.5862 -0.3821 0.7143
vn 0.5597 -0.4708 0.6820
vn 0.5278 -0.5549 0.6431
vn 0.4908 -0.6336 0.5980
vn 0.4491 -0.7063 0.5472
vn 0.4030 -0.7723 0.4911
vn 0.3531 -0.8308 0.4303
vn 0.2998 -0.8813 0.3653
vn 0.2436 -0.9233 0.2968
vn 0.1850 -0.9565 0.2255
vn 0.1247 -0.9805 0.1519
vn 0.0631 -0.9950 0.0769
vn 0.0553 0.9950 0.0828
vn 0.1092 0.9805 0.1634
vn 0.1621 0.9565 0.2425
vn 0.2133 0.9233 0.3193
vn 0.2626 0.8813 0.3929
vn 0.3092 0.8308 0.4628
vn 0.3530 0.7723 0.5282
vn 0.3933 0.7063 0.5886
vn 0.4298 0.6336 0.6432
vn 0.4622 0.5549 0.6917
vn 0.4902 0.4708 0.7336
vn 0.5134 0.3821 0.7684
vn 0.5317 0.2899 0.7958
vn 0.5449 0.1948 0.8155
vn 0.5529 0.0979 0.8275
vn 0.5556 -0.0000 0.8315
vn 0.5529 -0.0979 0.8275
vn 0.5449 -0.1948 0.8155
vn 0.5317 -0.2899 0.7958
vn 0.5134 -0.3821 0.7684
vn 0.4902 -0.4708 0.7336
vn 0.4622 -0.5549 0.6917
vn 0.4298 -0.6336 0.6432
vn 0.3933 -0.7063 0.5886
vn 0.3530 -0.7723 0.5282
vn 0.3092 -0.8308 0.4628
vn 0.2626 -0.8813 0.3929
vn 0.2133 -0.9233 0.3193
vn 0.1621 -0.9565 0.2425
vn 0.1092 -0.9805 0.1634
vn 0.0553 -0.9950 0.0828
vn 0.0469 0.9950 0.0878
vn 0.0927 0.9805 0.1734
vn 0.1375 0.9565 0.2572
vn 0.1810 0.9233 0.3386
vn 0.2228 0.8813 0.4168
vn 0.2624 0.8308 0.4909
vn 0.2995 0.7723 0.5603
vn 0.3337 0.7063 0.6243
vn 0.3647 0.6336 0.6823
vn 0.3922 0.5549 0.7337
vn 0.4159 0.4708 0.7781
vn 0.4356 0.3821 0.8150
vn 0.4512 0.2899 0.8441
vn 0.4624 0.1948 0.8650
vn 0.4691 0.0979 0.8777
vn 0.4714 -0.0000 0.8819
vn 0.4691 -0.0979 0.8777
vn 0.4624 -0.1948 0.8650
vn 0.4512 -0.2899 0.8441
vn 0.4356 -0.3821 0.8150
vn 0.4159 -0.4708 0.7781
vn 0.3922 -0.5549 0.7337
vn 0.3647 -0.6336 0.6823
vn 0.3337 -0.7063 0.6243
vn 0.2995 -0.7723 0.5603
vn 0.2624 -0.8308 0.4909
vn 0.2228 -0.8813 0.4168
vn 0.1810 -0.9233 0.3386
vn 0.1375 -0.9565 0.2572
vn 0.0927 -0.9805 0.1734
vn 0.0469 -0.9950 0.0878
vn 0.0381 0.9950 0.0920
vn 0.0752 0.9805 0.1816
vn 0.1116 0.9565 0.2695
vn 0.1469 0.9233 0.3548
vn 0.1809 0.8813 0.4366
vn 0.2130 0.8308 0.5143
vn 0.2431 0.7723 0.5869
vn 0.2709 0.7063 0.6540
vn 0.2961 0.6336 0.7147
vn 0.3184 0.5549 0.7686
vn 0.3376 0.4708 0.8151
vn 0.3536 0.3821 0.8538
vn 0.3663 0.2899 0.8842
vn 0.3754 0.1948 0.9062
vn 0.3808 0.0979 0.9194
vn 0.3827 -0.0000 0.9239
vn 0.3808 -0.0979 0.9194
vn 0.3754 -0.1948 0.9062
vn 0.3663 -0.2899 0.8842
vn 0.3536 -0.3821 0.8538
vn 0.3376 -0.4708 0.8151
vn 0.3184 -0.5549 0.7686
vn 0.2961 -0.6336 0.7147
vn 0.2709 -0.7063 0.6540
vn 0.2431 -0.7723 0.5869
vn 0.2130 -0.8308 0.5143
vn 0.1809 -0.8813 0.4366
vn 0.1469 -0.9233 0.3548
vn 0.1116 -0.9565 0.2695
vn 0.0752 -0.9805 0.1816
vn 0.0381 -0.9950 0.0920
vn 0.0289 0.9950 0.0952
vn 0.0571 0.9805 0.1881
vn 0.0847 0.9565 0.2791
vn 0.1115 0.9233 0.3675
vn 0.1372 0.8813 0.4522
vn 0.1616 0.8308 0.5327
vn 0.1844 0.7723 0.6080
vn 0.2055 0.7063 0.6774
vn 0.2246 0.6336 0.7403
vn 0.2415 0.5549 0.7961
vn 0.2561 0.4708 0.8443
vn 0.2683 0.3821 0.8843
vn 0.2778 0.2899 0.9159
vn 0.2847 0.1948 0.9386
vn 0.2889 0.0979 0.9523
vn 0.2903 -0.0000 0.9569
vn 0.2889 -0.0979 0.9523
vn 0.2847 -0.1948 0.9386
vn 0.2778 -0.2899 0.9159
vn 0.2683 -0.3821 0.8843
vn 0.2561 -0.4708 0.8443
vn 0.2415 -0.5549 0.7961
vn 0.2246 -0.6336 0.7403
vn 0.2055 -0.7063 0.6774
vn 0.1844 -0.7723 0.6080
vn 0.1616 -0.8308 0.5327
vn 0.1372 -0.8813 0.4522
vn 0.1115 -0.9233 0.3675
vn 0.0847 -0.9565 0.2791
vn 0.0571 -0.9805 0.1881
vn 0.0289 -0.9950 0.0952
vn 0.0194 0.9950 0.0976
vn 0.0383 0.9805 0.1928
vn 0.0569 0.9565 0.2861
vn 0.0749 0.9233 0.3766
vn 0.0922 0.8813 0.4635
vn 0.1086 0.8308 0.5459
vn 0.1239 0.7723 0.6231
vn 0.1381 0.7063 0.6943
vn 0.1509 0.6336 0.7588
vn 0.1623 0.5549 0.8160
vn 0.1721 0.4708 0.8653
vn 0.1803 0.3821 0.9063
vn 0.1867 0.2899 0.9387
vn 0.1914 0.1948 0.9620
vn 0.1942 0.0979 0.9761
vn 0.1951 -0.0000 0.9808
vn 0.1942 -0.0979 0.9761
vn 0.1914 -0.1948 0.9620
vn 0.1867 -0.2899 0.9387
vn 0.1803 -0.3821 0.9063
vn 0.1721 -0.4708 0.8653
vn 0.1623 -0.5549 0.8160
vn 0.1509 -0.6336 0.7588
vn 0.1381 -0.7063 0.6943
vn 0.1239 -0.7723 0.6231
vn 0.1086 -0.8308 0.5459
vn 0.0922 -0.8813 0.4635
vn 0.0749 -0.9233 0.3766
vn 0.0569 -0.9565 0.2861
vn 0.0383 -0.9805 0.1928
vn 0.0194 -0.9950 0.0976
vn 0.0098 0.9950 0.0991
vn 0.0193 0.9805 0.1956
vn 0.0286 0.9565 0.2903
vn 0.0376 0.9233 0.3821
vn 0.0463 0.8813 0.4703
vn 0.0546 0.8308 0.5539
vn 0.0623 0.7723 0.6322
vn 0.0694 0.7063 0.7045
vn 0.0758 0.6336 0.7699
vn 0.0815 0.5549 0.8279
vn 0.0865 0.4708 0.8780
vn 0.0906 0.3821 0.9197
vn 0.0938 0.2899 0.9525
vn 0.0961 0.1948 0.9761
vn 0.0975 0.0979 0.9904
vn 0.0980 -0.0000 0.9952
vn 0.0975 -0.0979 0.9904
vn 0.0961 -0.1948 0.9761
vn 0.0938 -0.2899 0.9525
vn 0.0906 -0.3821 0.9197
vn 0.0865 -0.4708 0.8780
vn 0.0815 -0.5549 0.8279
vn 0.0758 -0.6336 0.7699
vn 0.0694 -0.7063 0.7045
vn 0.0623 -0.7723 0.6322
vn 0.0546 -0.8308 0.5539
vn 0.0463 -0.8813 0.4703
vn 0.0376 -0.9233 0.3821
vn 0.0286 -0.9565 0.2903
vn 0.0193 -0.9805 0.1956
vn 0.0098 -0.9950 0.0991
vn -0.0000 -1.0000 -0.0000
vn -0.0000 0.9950 0.0995
vn -0.0000 0.9805 0.1966
vn -0.0000 0.9565 0.2917
vn -0.0000 0.9233 0.3840
vn -0.0000 0.8813 0.4726
vn -0.0000 0.8308 0.5566
vn -0.0000 0.7723 0.6353
vn -0.0000 0.7063 0.7079
vn -0.0000 0.6336 0.7736
vn -0.0000 0.5549 0.8319
vn -0.0000 0.4708 0.8823
vn -0.0000 0.3821 0.9241
vn -0.0000 0.2899 0.9571
vn -0.0000 0.1948 0.9808
vn -0.0000 0.0979 0.9952
vn -0.0000 -0.0000 1.0000
vn -0.0000 -0.0979 0.9952
vn -0.0000 -0.1948 0.9808
vn -0.0000 -0.2899 0.9571
vn -0.0000 -0.3821 0.9241
vn -0.0000 -0.4708 0.8823
vn -0.0000 -0.5549 0.8319
vn -0.0000 -0.6336 0.7736
vn -0.0000 -0.7063 0.7079
vn -0.0000 -0.7723 0.6353
vn -0.0000 -0.8308 0.5566
vn -0.0000 -0.8813 0.4726
vn -0.0000 -0.9233 0.3840
vn -0.0000 -0.9565 0.2917
vn -0.0000 -0.9805 0.1966
vn -0.0000 -0.9950 0.0995
vn -0.0098 0.9950 0.0991
vn -0.0193 0.9805 0.1956
vn -0.0286 0.9565 0.2903
vn -0.0376 0.9233 0.3821
vn -0.0463 0.8813 0.4703
vn -0.0546 0.8308 0.5539
vn -0.0623 0.7723 0.6322
vn -0.0694 0.7063 0.7045
vn -0.0758 0.6336 0.7699
vn -0.0815 0.5549 0.8279
vn -0.0865 0.4708 0.8780
vn -0.0906 0.3821 0.9197
vn -0.0938 0.2899 0.9525
vn -0.0961 0.1948 0.9761
vn -0.0975 0.0979 0.9904
vn -0.0980 -0.0000 0.9952
vn -0.0975 -0.0979 0.9904
vn -0.0961 -0.1948 0.9761
vn -0.0938 -0.2899 0.9525
vn -0.0906 -0.3821 0.9197
vn -0.0865 -0.4708 0.8780
vn -0.0815 -0.5549 0.8279
vn -0.0758 -0.6336 0.7699
vn -0.0694 -0.7063 0.7045
vn -0.0623 -0.7723 0.6322
vn -0.0546 -0.8308 0.5539
vn -0.0463 -0.8813 0.4703
vn -0.0376 -0.9233 0.3821
vn -0.0286 -0.9565 0.2903
vn -0.0193 -0.9805 0.1956
vn -0.0098 -0.9950 0.0991
vn -0.0194 0.9950 0.0976
vn -0.0383 0.9805 0.1928
vn -0.0569 0.9565 0.2861
vn -0.0749 0.9233 0.3766
vn -0.0922 0.8813 0.4635
vn -0.1086 0.8308 0.5459
vn -0.1239 0.7723 0.6231
vn -0.1381 0.7063 0.6943
vn -0.1509 0.6336 0.7588
vn -0.1623 0.5549 0.8160
vn -0.1721 0.4708 0.8653
vn -0.1803 0.3821 0.9063
vn -0.1867 0.2899 0.9387
vn -0.1914 0.1948 0.9620
vn -0.1942 0.0979 0.9761
vn -0.1951 -0.0000 0.9808
vn -0.1942 -0.0979 0.9761
vn -0.1914 -0.1948 0.9620
vn -0.1867 -0.2899 0.9387
vn -0.1803 -0.3821 0.9063
vn -0.1721 -0.4708 0.8653
vn -0.1623 -0.5549 0.8160
vn -0.1509 -0.6336 0.7588
vn -0.1381 -0.7063 0.6943
vn -0.1239 -0.7723 0.6231
vn -0.1086 -0.8308 0.5459
vn -0.0922 -0.8813 0.4635
vn -0.0749 -0.9233 0.3766
vn -0.0569 -0.9565 0.2861
vn -0.0383 -0.9805 0.1928
vn -0.0194 -0.9950 0.0976
vn -0.0289 0.9950 0.0952
vn -0.0571 0.9805 0.1881
vn -0.0847 0.9565 0.2791
vn -0.1115 0.9233 0.3675
vn -0.1372 0.8813 0.4522
vn -0.1616 0.8308 0.5327
vn -0.1844 0.7723 0.6080
vn -0.2055 0.7063 0.6774
vn -0.2246 0.6336 0.7403
vn -0.2415 0.5549 0.7961
vn -0.2561 0.4708 0.8443
vn -0.2683 0.3821 0.8843
vn -0.2778 0.2899 0.9159
vn -0.2847 0.1948 0.9386
vn -0.2889 0.0979 0.9523
vn -0.2903 -0.0000 0.9569
vn -0.2889 -0.0979 0.9523
vn -0.2847 -0.1948 0.9386
vn -0.2778 -0.2899 0.9159
vn -0.2683 -0.3821 0.8843
vn -0.2561 -0.4708 0.8443
vn -0.2415 -0.5549 0.7961
vn -0.2246 -0.6336 0.7403
vn -0.2055 -0.7063 0.6774
vn -0.1844 -0.7723 0.6080
vn -0.1616 -0.8308 0.5327
vn -0.1372 -0.8813 0.4522
vn -0.1115 -0.9233 0.3675
vn -0.0847 -0.9565 0.2791
vn -0.0571 -0.9805 0.1881
vn -0.0289 -0.9950 0.0952
vn -0.0381 0.9950 0.0920
vn -0.0752 0.9805 0.1816
vn -0.1116 0.9565 0.2695
vn -0.1469 0.9233 0.3548
vn -0.1809 0.8813 0.4366
vn -0.2130 0.8308 0.5143
vn -0.2431 0.7723 0.5869
vn -0.2709 0.7063 0.6540
vn -0.2961 0.6336 0.7147
vn -0.3184 0.5549 0.7686
vn -0.3376 0.4708 0.8151
vn -0.3536 0.3821 0.8538
vn -0.3663 0.2899 0.8842
vn -0.3754 0.1948 0.9062
vn -0.3808 0.0979 0.9194
vn -0.3827 -0.0000 0.9239
vn -0.3808 -0.0979 0.9194
vn -0.3754 -0.1948 0.9062
vn -0.3663 -0.2899 0.8842
vn -0.3536 -0.3821 0.8538
vn -0.3376 -0.4708 0.8151
vn -0.3184 -0.5549 0.7686
vn -0.2961 -0.6336 0.7147
vn -0.2709 -0.7063 0.6540
vn -0.2431 -0.7723 0.5869
vn -0.2130 -0.8308 0.5143
vn -0.1809 -0.8813 0.4366
vn -0.1469 -0.9233 0.3548
vn -0.1116 -0.9565 0.2695
vn -0.0752 -0.9805 0.1816
vn -0.0381 -0.9950 0.0920
vn -0.0469 0.9950 0.0878
vn -0.0927 0.9805 0.1734
vn -0.1375 0.9565 0.2572
vn -0.1810 0.9233 0.3386
vn -0.2228 0.8813 0.4168
vn -0.2624 0.8308 0.4909
vn -0.2995 0.7723 0.5603
vn -0.3337 0.7063 0.6243
vn -0.3647 0.6336 0.6823
vn -0.3922 0.5549 0.7337
vn -0.4159 0.4708 0.7781
vn -0.4356 0.3821 0.8150
vn -0.4512 0.2899 0.8441
vn -0.4624 0.1948 0.8650
vn -0.4691 0.0979 0.8777
vn -0.4714 -0.0000 0.8819
vn -0.4691 -0.0979 0.8777
vn -0.4624 -0.1948 0.8650
vn -0.4512 -0.2899 0.8441
vn -0.4356 -0.3821 0.8150
vn -0.4159 -0.4708 0.7781
vn -0.3922 -0.5549 0.7337
vn -0.3647 -0.6336 0.6823
vn -0.3337 -0.7063 0.6243
vn -0.2995 -0.7723 0.5603
vn -0.2624 -0.8308 0.4909
vn -0.2228 -0.8813 0.4168
vn -0.1810 -0.9233 0.3386
vn -0.1375 -0.9565 0.2572
vn -0.0927 -0.9805 0.1734
vn -0.0469 -0.9950 0.0878
vn -0.0553 0.9950 0.0828
vn -0.1092 0.9805 0.1634
vn -0.1621 0.9565 0.2425
vn -0.2133 0.9233 0.3193
vn -0.2626 0.8813 0.3929
vn -0.3092 0.8308 0.4628
vn -0.3530 0.7723 0.5282
vn -0.3933 0.7063 0.5886
vn -0.4298 0.6336 0.6432
vn -0.4622 0.5549 0.6917
vn -0.4902 0.4708 0.7336
vn -0.5134 0.3821 0.7684
vn -0.5317 0.2899 0.7958
vn -0.5449 0.1948 0.8155
vn -0.5529 0.0979 0.8275
vn -0.5556 -0.0000 0.8315
vn -0.5529 -0.0979 0.8275
vn -0.5449 -0.1948 0.8155
vn -0.5317 -0.2899 0.7958
vn -0.5134 -0.3821 0.7684
vn -0.4902 -0.4708 0.7336
vn -0.4622 -0.5549 0.6917
vn -0.4298 -0.6336 0.6432
vn -0.3933 -0.7063 0.5886
vn -0.3530 -0.7723 0.5282
vn -0.3092 -0.8308 0.4628
vn -0.2626 -0.8813 0.3929
vn -0.2133 -0.9233 0.3193
vn -0.1621 -0.9565 0.2425
vn -0.1092 -0.9805 0.1634
vn -0.0553 -0.9950 0.0828
vn -0.0631 0.9950 0.0769
vn -0.1247 0.9805 0.1519
vn -0.1850 0.9565 0.2255
vn -0.2436 0.9233 0.2968
vn -0.2998 0.8813 0.3653
vn -0.3531 0.8308 0.4303
vn -0.4030 0.7723 0.4911
vn -0.4491 0.7063 0.5472
vn -0.4908 0.6336 0.5980
vn -0.5278 0.5549 0.6431
vn -0.5597 0.4708 0.6820
vn -0.5862 0.3821 0.7143
vn -0.6072 0.2899 0.7398
vn -0.6222 0.1948 0.7582
vn -0.6313 0.0979 0.7693
vn -0.6344 -0.0000 0.7730
vn -0.6313 -0.0979 0.7693
vn -0.6222 -0.1948 0.7582
vn -0.6072 -0.2899 0.7398
vn -0.5862 -0.3821 0.7143
vn -0.5597 -0.4708 0.6820
vn -0.5278 -0.5549 0.6431
vn -0.4908 -0.6336 0.5980
vn -0.4491 -0.7063 0.5472
vn -0.4030 -0.7723 0.4911
vn -0.3531 -0.8308 0.4303
vn -0.2998 -0.8813 0.3653
vn -0.2436 -0.9233 0.2968
vn -0.1850 -0.9565 0.2255
vn -0.1247 -0.9805 0.1519
vn -0.0631 -0.9950 0.0769
vn -0.0704 0.9950 0.0704
vn -0.1390 0.9805 0.1390
vn -0.2063 0.9565 0.2063
vn -0.2715 0.9233 0.2715
vn -0.3342 0.8813 0.3342
vn -0.3936 0.8308 0.3936
vn -0.4492 0.7723 0.4492
vn -0.5005 0.7063 0.5005
vn -0.5470 0.6336 0.5470
vn -0.5883 0.5549 0.5883
vn -0.6239 0.4708 0.6239
vn -0.6534 0.3821 0.6534
vn -0.6767 0.2899 0.6767
vn -0.6936 0.1948 0.6936
vn -0.7037 0.0979 0.7037
vn -0.7071 -0.0000 0.7071
vn -0.7037 -0.0979 0.7037
vn -0.6936 -0.1948 0.6936
vn -0.6768 -0.2899 0.6768
vn -0.6534 -0.3821 0.6534
vn -0.6239 -0.4708 0.6239
vn -0.5883 -0.5549 0.5883
vn -0.5470 -0.6336 0.5470
vn -0.5005 -0.7063 0.5005
vn -0.4492 -0.7723 0.4492
vn -0.3936 -0.8308 0.3936
vn -0.3342 -0.8813 0.3342
vn -0.2715 -0.9233 0.2715
vn -0.2063 -0.9565 0.2063
vn -0.1390 -0.9805 0.1390
vn -0.0704 -0.9950 0.0704
vn -0.0769 0.9950 0.0631
vn -0.1519 0.9805 0.1247
vn -0.2255 0.9565 0.1850
vn -0.2968 0.9233 0.2436
vn -0.3653 0.8813 0.2998
vn -0.4303 0.8308 0.3531
vn -0.4911 0.7723 0.4030
vn -0.5472 0.7063 0.4491
vn -0.5980 0.6336 0.4908
vn -0.6431 0.5549 0.5278
vn -0.6820 0.4708 0.5597
vn -0.7143 0.3821 0.5862
vn -0.7398 0.2899 0.6072
vn -0.7582 0.1948 0.6222
vn -0.7693 0.0979 0.6313
vn -0.7730 -0.0000 0.6344
vn -0.7693 -0.0979 0.6313
vn -0.7582 -0.1948 0.6222
vn -0.7398 -0.2899 0.6072
vn -0.7143 -0.3821 0.5862
vn -0.6820 -0.4708 0.5597
vn -0.6431 -0.5549 0.5278
vn -0.5980 -0.6336 0.4908
vn -0.5472 -0.7063 0.4491
vn -0.4911 -0.7723 0.4030
vn -0.4303 -0.8308 0.3531
vn -0.3653 -0.8813 0.2998
vn -0.2968 -0.9233 0.2436
vn -0.2255 -0.9565 0.1850
vn -0.1519 -0.9805 0.1247
vn -0.0769 -0.9950 0.0631
vn -0.0828 0.9950 0.0553
vn -0.1634 0.9805 0.1092
vn -0.2425 0.9565 0.1621
vn -0.3193 0.9233 0.2133
vn -0.3929 0.8813 0.2626
vn -0.4628 0.8308 0.3092
vn -0.5282 0.7723 0.3530
vn -0.5886 0.7063 0.3933
vn -0.6432 0.6336 0.4298
vn -0.6917 0.5549 0.4622
vn -0.7336 0.4708 0.4902
vn -0.7684 0.3821 0.5134
vn -0.7958 0.2899 0.5317
vn -0.8155 0.1948 0.5449
vn -0.8275 0.0979 0.5529
vn -0.8315 -0.0000 0.5556
vn -0.8275 -0.0979 0.5529
vn -0.8155 -0.1948 0.5449
vn -0.7958 -0.2899 0.5317
vn -0.7684 -0.3821 0.5134
vn -0.7336 -0.4708 0.4902
vn -0.6917 -0.5549 0.4622
vn -0.6432 -0.6336 0.4298
vn -0.5886 -0.7063 0.3933
vn -0.5282 -0.7723 0.3530
vn -0.4628 -0.8308 0.3092
vn -0.3929 -0.8813 0.2626
vn -0.3193 -0.9233 0.2133
vn -0.2425 -0.9565 0.1621
vn -0.1634 -0.9805 0.1092
vn -0.0828 -0.9950 0.0553
vn -0.0878 0.9950 0.0469
vn -0.1734 0.9805 0.0927
vn -0.2572 0.9565 0.1375
vn -0.3386 0.9233 0.1810
vn -0.4168 0.8813 0.2228
vn -0.4909 0.8308 0.2624
vn -0.5603 0.7723 0.2995
vn -0.6243 0.7063 0.3337
vn -0.6823 0.6336 0.3647
vn -0.7337 0.5549 0.3922
vn -0.7781 0.4708 0.4159
vn -0.8150 0.3821 0.4356
vn -0.8441 0.2899 0.4512
vn -0.8650 0.1948 0.4624
vn -0.8777 0.0979 0.4691
vn -0.8819 -0.0000 0.4714
vn -0.8777 -0.0979 0.4691
vn -0.8650 -0.1948 0.4624
vn -0.8441 -0.2899 0.4512
vn -0.8150 -0.3821 0.4356
vn -0.7781 -0.4708 0.4159
vn -0.7337 -0.5549 0.3922
vn -0.6823 -0.6336 0.3647
vn -0.6243 -0.7063 0.3337
vn -0.5603 -0.7723 0.2995
vn -0.4909 -0.8308 0.2624
vn -0.4168 -0.8813 0.2228
vn -0.3386 -0.9233 0.1810
vn -0.2572 -0.9565 0.1375
vn -0.1734 -0.9805 0.0927
vn -0.0878 -0.9950 0.0469
vn -0.0920 0.9950 0.0381
vn -0.1816 0.9805 0.0752
vn -0.2695 0.9565 0.1116
vn -0.3548 0.9233 0.1469
vn -0.4366 0.8813 0.1809
vn -0.5143 0.8308 0.2130
vn -0.5869 0.7723 0.2431
vn -0.6540 0.7063 0.2709
vn -0.7147 0.6336 0.2961
vn -0.7686 0.5549 0.3184
vn -0.8151 0.4708 0.3376
vn -0.8538 0.3821 0.3536
vn -0.8842 0.2899 0.3663
vn -0.9062 0.1948 0.3754
vn -0.9194 0.0979 0.3808
vn -0.9239 -0.0000 0.3827
vn -0.9194 -0.0979 0.3808
vn -0.9062 -0.1948 0.3754
vn -0.8842 -0.2899 0.3663
vn -0.8538 -0.3821 0.3536
vn -0.8151 -0.4708 0.3376
vn -0.7686 -0.5549 0.3184
vn -0.7147 -0.6336 0.2961
vn -0.6540 -0.7063 0.2709
vn -0.5869 -0.7723 0.2431
vn -0.5143 -0.8308 0.2130
vn -0.4366 -0.8813 0.1809
vn -0.3548 -0.9233 0.1469
vn -0.2695 -0.9565 0.1116
vn -0.1816 -0.9805 0.0752
vn -0.0920 -0.9950 0.0381
vn -0.0952 0.9950 0.0289
vn -0.1881 0.9805 0.0571
vn -0.2791 0.9565 0.0847
vn -0.3675 0.9233 0.1115
vn -0.4522 0.8813 0.1372
vn -0.5327 0.8308 0.1616
vn -0.6080 0.7723 0.1844
vn -0.6774 0.7063 0.2055
vn -0.7403 0.6336 0.2246
vn -0.7961 0.5549 0.2415
vn -0.8443 0.4708 0.2561
vn -0.8843 0.3821 0.2683
vn -0.9159 0.2899 0.2778
vn -0.9386 0.1948 0.2847
vn -0.9523 0.0979 0.2889
vn -0.9569 -0.0000 0.2903
vn -0.9523 -0.0979 0.2889
vn -0.9386 -0.1948 0.2847
vn -0.9159 -0.2899 0.2778
vn -0.8843 -0.3821 0.2683
vn -0.8443 -0.4708 0.2561
vn -0.7961 -0.5549 0.2415
vn -0.7403 -0.6336 0.2246
vn -0.6774 -0.7063 0.2055
vn -0.6080 -0.7723 0.1844
vn -0.5327 -0.8308 0.1616
vn -0.4522 -0.8813 0.1372
vn -0.3675 -0.9233 0.1115
vn -0.2791 -0.9565 0.0847
vn -0.1881 -0.9805 0.0571
vn -0.0952 -0.9950 0.0289
vn -0.0976 0.9950 0.0194
vn -0.1928 0.9805 0.0383
vn -0.2861 0.9565 0.0569
vn -0.3766 0.9233 0.0749
vn -0.4635 0.8813 0.0922
vn -0.5459 0.8308 0.1086
vn -0.6231 0.7723 0.1239
vn -0.6943 0.7063 0.1381
vn -0.7588 0.6336 0.1509
vn -0.8160 0.5549 0.1623
vn -0.8653 0.4708 0.1721
vn -0.9063 0.3821 0.1803
vn -0.9387 0.2899 0.1867
vn -0.9620 0.1948 0.1914
vn -0.9761 0.0979 0.1942
vn -0.9808 -0.0000 0.1951
vn -0.9761 -0.0979 0.1942
vn -0.9620 -0.1948 0.1914
vn -0.9387 -0.2899 0.1867
vn -0.9063 -0.3821 0.1803
vn -0.8653 -0.4708 0.1721
vn -0.8160 -0.5549 0.1623
vn -0.7588 -0.6336 0.1509
vn -0.6943 -0.7063 0.1381
vn -0.6231 -0.7723 0.1239
vn -0.5459 -0.8308 0.1086
vn -0.4635 -0.8813 0.0922
vn -0.3766 -0.9233 0.0749
vn -0.2861 -0.9565 0.0569
vn -0.1928 -0.9805 0.0383
vn -0.0976 -0.9950 0.0194
vn -0.0000 1.0000 -0.0000
vn -0.0991 0.9950 0.0098
vn -0.1956 0.9805 0.0193
vn -0.2903 0.9565 0.0286
vn -0.3821 0.9233 0.0376
vn -0.4703 0.8813 0.0463
vn -0.5539 0.8308 0.0546
vn -0.6322 0.7723 0.0623
vn -0.7045 0.7063 0.0694
vn -0.7699 0.6336 0.0758
vn -0.8279 0.5549 0.0815
vn -0.8780 0.4708 0.0865
vn -0.9197 0.3821 0.0906
vn -0.9525 0.2899 0.0938
vn -0.9761 0.1948 0.0961
vn -0.9904 0.0979 0.0975
vn -0.9952 -0.0000 0.0980
vn -0.9904 -0.0979 0.0975
vn -0.9761 -0.1948 0.0961
vn -0.9525 -0.2899 0.0938
vn -0.9197 -0.3821 0.0906
vn -0.8780 -0.4708 0.0865
vn -0.8279 -0.5549 0.0815
vn -0.7699 -0.6336 0.0758
vn -0.7045 -0.7063 0.0694
vn -0.6322 -0.7723 0.0623
vn -0.5539 -0.8308 0.0546
vn -0.4703 -0.8813 0.0463
vn -0.3821 -0.9233 0.0376
vn -0.2903 -0.9565 0.0286
vn -0.1956 -0.9805 0.0193
vn -0.0991 -0.9950 0.0098
vn -0.0995 0.9950 -0.0000
vn -0.1966 0.9805 -0.0000
vn -0.2917 0.9565 -0.0000
vn -0.3840 0.9233 -0.0000
vn -0.4726 0.8813 -0.0000
vn -0.5566 0.8308 -0.0000
vn -0.6353 0.7723 -0.0000
vn -0.7079 0.7063 -0.0000
vn -0.7736 0.6336 -0.0000
vn -0.8319 0.5549 -0.0000
vn -0.8823 0.4708 -0.0000
vn -0.9241 0.3821 -0.0000
vn -0.9571 0.2899 -0.0000
vn -0.9808 0.1948 -0.0000
vn -0.9952 0.0979 -0.0000
vn -1.0000 -0.0000 -0.0000
vn -0.9952 -0.0979 -0.0000
vn -0.9808 -0.1948 -0.0000
vn -0.9571 -0.2899 -0.0000
vn -0.9241 -0.3821 -0.0000
vn -0.8823 -0.4708 -0.0000
vn -0.8319 -0.5549 -0.0000
vn -0.7736 -0.6336 -0.0000
vn -0.7079 -0.7063 -0.0000
vn -0.6353 -0.7723 -0.0000
vn -0.5566 -0.8308 -0.0000
vn -0.4726 -0.8813 -0.0000
vn -0.3840 -0.9233 -0.0000
vn -0.2917 -0.9565 -0.0000
vn -0.1966 -0.9805 -0.0000
vn -0.0995 -0.9950 -0.0000
vn -0.0991 0.9950 -0.0098
vn -0.1956 0.9805 -0.0193
vn -0.2903 0.9565 -0.0286
vn -0.3821 0.9233 -0.0376
vn -0.4703 0.8813 -0.0463
vn -0.5539 0.8308 -0.0546
vn -0.6322 0.7723 -0.0623
vn -0.7045 0.7063 -0.0694
vn -0.7699 0.6336 -0.0758
vn -0.8279 0.5549 -0.0815
vn -0.8780 0.4708 -0.0865
vn -0.9197 0.3821 -0.0906
vn -0.9525 0.2899 -0.0938
vn -0.9761 0.1948 -0.0961
vn -0.9904 0.0979 -0.0975
vn -0.9952 -0.0000 -0.0980
vn -0.9904 -0.0979 -0.0975
vn -0.9761 -0.1948 -0.0961
vn -0.9525 -0.2899 -0.0938
vn -0.9197 -0.3821 -0.0906
vn -0.8780 -0.4708 -0.0865
vn -0.8279 -0.5549 -0.0815
vn -0.7699 -0.6336 -0.0758
vn -0.7045 -0.7063 -0.0694
vn -0.6322 -0.7723 -0.0623
vn -0.5539 -0.8308 -0.0546
vn -0.4703 -0.8813 -0.0463
vn -0.3821 -0.9233 -0.0376
vn -0.2903 -0.9565 -0.0286
vn -0.1956 -0.9805 -0.0193
vn -0.0991 -0.9950 -0.0098
vn -0.0976 0.9950 -0.0194
vn -0.1928 0.9805 -0.0383
vn -0.2861 0.9565 -0.0569
vn -0.3766 0.9233 -0.0749
vn -0.4635 0.8813 -0.0922
vn -0.5459 0.8308 -0.1086
vn -0.6231 0.7723 -0.1239
vn -0.6943 0.7063 -0.1381
vn -0.7588 0.6336 -0.1509
vn -0.8160 0.5549 -0.1623
vn -0.8653 0.4708 -0.1721
vn -0.9063 0.3821 -0.1803
vn -0.9387 0.2899 -0.1867
vn -0.9620 0.1948 -0.1914
vn -0.9761 0.0979 -0.1942
vn -0.9808 -0.0000 -0.1951
vn -0.9761 -0.0979 -0.1942
vn -0.9620 -0.1948 -0.1914
vn -0.9387 -0.2899 -0.1867
vn -0.9063 -0.3821 -0.1803
vn -0.8653 -0.4708 -0.1721
vn -0.8160 -0.5549 -0.1623
vn -0.7588 -0.6336 -0.1509
vn -0.6943 -0.7063 -0.1381
vn -0.6231 -0.7723 -0.1239
vn -0.5459 -0.8308 -0.1086
vn -0.4635 -0.8813 -0.0922
vn -0.3766 -0.9233 -0.0749
vn -0.2861 -0.9565 -0.0569
vn -0.1928 -0.9805 -0.0383
vn -0.0976 -0.9950 -0.0194
vn -0.0952 0.9950 -0.0289
vn -0.1881 0.9805 -0.0571
vn -0.2791 0.9565 -0.0847
vn -0.3675 0.9233 -0.1115
vn -0.4522 0.8813 -0.1372
vn -0.5327 0.8308 -0.1616
vn -0.6080 0.7723 -0.1844
vn -0.6774 0.7063 -0.2055
vn -0.7403 0.6336 -0.2246
vn -0.7961 0.5549 -0.2415
vn -0.8443 0.4708 -0.2561
vn -0.8843 0.3821 -0.2683
vn -0.9159 0.2899 -0.2778
vn -0.9386 0.1948 -0.2847
vn -0.9523 0.0979 -0.2889
vn -0.9569 -0.0000 -0.2903
vn -0.9523 -0.0979 -0.2889
vn -0.9386 -0.1948 -0.2847
vn -0.9159 -0.2899 -0.2778
vn -0.8843 -0.3821 -0.2683
vn -0.8443 -0.4708 -0.2561
vn -0.7961 -0.5549 -0.2415
vn -0.7403 -0.6336 -0.2246
vn -0.6774 -0.7063 -0.2055
vn -0.6080 -0.7723 -0.1844
vn -0.5327 -0.8308 -0.1616
vn -0.4522 -0.8813 -0.1372
vn -0.3675 -0.9233 -0.1115
vn -0.2791 -0.9565 -0.0847
vn -0.1881 -0.9805 -0.0571
vn -0.0952 -0.9950 -0.0289
vn -0.0920 0.9950 -0.0381
vn -0.1816 0.9805 -0.0752
vn -0.2695 0.9565 -0.1116
vn -0.3548 0.9233 -0.1469
vn -0.4366 0.8813 -0.1809
vn -0.5143 0.8308 -0.2130
vn -0.5869 0.7723 -0.2431
vn -0.6540 0.7063 -0.2709
vn -0.7147 0.6336 -0.2961
vn -0.7686 0.5549 -0.3184
vn -0.8151 0.4708 -0.3376
vn -0.8538 0.3821 -0.3536
vn -0.8842 0.2899 -0.3663
vn -0.9062 0.1948 -0.3754
vn -0.9194 0.0979 -0.3808
vn -0.9239 -0.0000 -0.3827
vn -0.9194 -0.0979 -0.3808
vn -0.9062 -0.1948 -0.3754
vn -0.8842 -0.2899 -0.3663
vn -0.8538 -0.3821 -0.3536
vn -0.8151 -0.4708 -0.3376
vn -0.7686 -0.5549 -0.3184
vn -0.7147 -0.6336 -0.2961
vn -0.6540 -0.7063 -0.2709
vn -0.5869 -0.7723 -0.2431
vn -0.5143 -0.8308 -0.2130
vn -0.4366 -0.8813 -0.1809
vn -0.3548 -0.9233 -0.1469
vn -0.2695 -0.9565 -0.1116
vn -0.1816 -0.9805 -0.0752
vn -0.0920 -0.9950 -0.0381
vn -0.0878 0.9950 -0.0469
vn -0.1734 0.9805 -0.0927
vn -0.2572 0.9565 -0.1375
vn -0.3386 0.9233 -0.1810
vn -0.4168 0.8813 -0.2228
vn -0.4909 0.8308 -0.2624
vn -0.5603 0.7723 -0.2995
vn -0.6243 0.7063 -0.3337
vn -0.6823 0.6336 -0.3647
vn -0.7337 0.5549 -0.3922
vn -0.7781 0.4708 -0.4159
vn -0.8150 0.3821 -0.4356
vn -0.8441 0.2899 -0.4512
vn -0.8650 0.1948 -0.4624
vn -0.8777 0.0979 -0.4691
vn -0.8819 -0.0000 -0.4714
vn -0.8777 -0.0979 -0.4691
vn -0.8650 -0.1948 -0.4624
vn -0.8441 -0.2899 -0.4512
vn -0.8150 -0.3821 -0.4356
vn -0.7781 -0.4708 -0.4159
vn -0.7337 -0.5549 -0.3922
vn -0.6823 -0.6336 -0.3647
vn -0.6243 -0.7063 -0.3337
vn -0.5603 -0.7723 -0.2995
vn -0.4909 -0.8308 -0.2624
vn -0.4168 -0.8813 -0.2228
vn -0.3386 -0.9233 -0.1810
vn -0.2572 -0.9565 -0.1375
vn -0.1734 -0.9805 -0.0927
vn -0.0878 -0.9950 -0.0469
vn -0.0828 0.9950 -0.0553
vn -0.1634 0.9805 -0.1092
vn -0.2425 0.9565 -0.1621
vn -0.3193 0.9233 -0.2133
vn -0.3929 0.8813 -0.2626
vn -0.4628 0.8308 -0.3092
vn -0.5282 0.7723 -0.3530
vn -0.5886 0.7063 -0.3933
vn -0.6432 0.6336 -0.4298
vn -0.6917 0.5549 -0.4622
vn -0.7336 0.4708 -0.4902
vn -0.7684 0.3821 -0.5134
vn -0.7958 0.2899 -0.5317
vn -0.8155 0.1948 -0.5449
vn -0.8275 0.0979 -0.5529
vn -0.8315 -0.0000 -0.5556
vn -0.8275 -0.0979 -0.5529
vn -0.8155 -0.1948 -0.5449
vn -0.7958 -0.2899 -0.5317
vn -0.7684 -0.3821 -0.5134
vn -0.7336 -0.4708 -0.4902
vn -0.6917 -0.5549 -0.4622
vn -0.6432 -0.6336 -0.4298
vn -0.5886 -0.7063 -0.3933
vn -0.5282 -0.7723 -0.3530
vn -0.4628 -0.8308 -0.3092
vn -0.3929 -0.8813 -0.2626
vn -0.3193 -0.9233 -0.2133
vn -0.2425 -0.9565 -0.1621
vn -0.1634 -0.9805 -0.1092
vn -0.0828 -0.9950 -0.0553
vn -0.0769 0.9950 -0.0631
vn -0.1519 0.9805 -0.1247
vn -0.2255 0.9565 -0.1850
vn -0.2968 0.9233 -0.2436
vn -0.3653 0.8813 -0.2998
vn -0.4303 0.8308 -0.3531
vn -0.4911 0.7723 -0.4030
vn -0.5472 0.7063 -0.4491
vn -0.5980 0.6336 -0.4908
vn -0.6431 0.5549 -0.5278
vn -0.6820 0.4708 -0.5597
vn -0.7143 0.3821 -0.5862
vn -0.7398 0.2899 -0.6072
vn -0.7582 0.1948 -0.6222
vn -0.7693 0.0979 -0.6313
vn -0.7730 -0.0000 -0.6344
vn -0.7693 -0.0979 -0.6313
vn -0.7582 -0.1948 -0.6222
vn -0.7398 -0.2899 -0.6072
vn -0.7143 -0.3821 -0.5862
vn -0.6820 -0.4708 -0.5597
vn -0.6431 -0.5549 -0.5278
vn -0.5980 -0.6336 -0.4908
vn -0.5472 -0.7063 -0.4491
vn -0.4911 -0.7723 -0.4030
vn -0.4303 -0.8308 -0.3531
vn -0.3653 -0.8813 -0.2998
vn -0.2968 -0.9233 -0.2436
vn -0.2255 -0.9565 -0.1850
vn -0.1519 -0.9805 -0.1247
vn -0.0769 -0.9950 -0.0631
vn -0.0704 0.9950 -0.0704
vn -0.1390 0.9805 -0.1390
vn -0.2063 0.9565 -0.2063
vn -0.2715 0.9233 -0.2715
vn -0.3342 0.8813 -0.3342
vn -0.3936 0.8308 -0.3936
vn -0.4492 0.7723 -0.4492
vn -0.5005 0.7063 -0.5005
vn -0.5470 0.6336 -0.5470
vn -0.5883 0.5549 -0.5883
vn -0.6239 0.4708 -0.6239
vn -0.6534 0.3821 -0.6534
vn -0.6767 0.2899 -0.6767
vn -0.6936 0.1948 -0.6936
vn -0.7037 0.0979 -0.7037
vn -0.7071 -0.0000 -0.7071
vn -0.7037 -0.0979 -0.7037
vn -0.6936 -0.1948 -0.6936
vn -0.6767 -0.2899 -0.6768
vn -0.6534 -0.3821 -0.6534
vn -0.6239 -0.4708 -0.6239
vn -0.5883 -0.5549 -0.5883
vn -0.5470 -0.6336 -0.5470
vn -0.5005 -0.7063 -0.5005
vn -0.4492 -0.7723 -0.4492
vn -0.3936 -0.8308 -0.3936
vn -0.3342 -0.8813 -0.3342
vn -0.2715 -0.9233 -0.2715
vn -0.2063 -0.9565 -0.2063
vn -0.1390 -0.9805 -0.1390
vn -0.0704 -0.9950 -0.0704
vn -0.0631 0.9950 -0.0769
vn -0.1247 0.9805 -0.1519
vn -0.1850 0.9565 -0.2255
vn -0.2436 0.9233 -0.2968
vn -0.2998 0.8813 -0.3653
vn -0.3531 0.8308 -0.4303
vn -0.4030 0.7723 -0.4911
vn -0.4491 0.7063 -0.5472
vn -0.4908 0.6336 -0.5980
vn -0.5278 0.5549 -0.6431
vn -0.5597 0.4708 -0.6820
vn -0.5862 0.3821 -0.7143
vn -0.6072 0.2899 -0.7398
vn -0.6222 0.1948 -0.7582
vn -0.6313 0.0979 -0.7693
vn -0.6344 -0.0000 -0.7730
vn -0.6313 -0.0979 -0.7693
vn -0.6222 -0.1948 -0.7582
vn -0.6072 -0.2899 -0.7398
vn -0.5862 -0.3821 -0.7143
vn -0.5597 -0.4708 -0.6820
vn -0.5278 -0.5549 -0.6431
vn -0.4908 -0.6336 -0.5980
vn -0.4491 -0.7063 -0.5472
vn -0.4030 -0.7723 -0.4911
vn -0.3531 -0.8308 -0.4303
vn -0.2998 -0.8813 -0.3653
vn -0.2436 -0.9233 -0.2968
vn -0.1850 -0.9565 -0.2255
vn -0.1247 -0.9805 -0.1519
vn -0.0631 -0.9950 -0.0769
vn -0.0553 0.9950 -0.0828
vn -0.1092 0.9805 -0.1634
vn -0.1621 0.9565 -0.2425
vn -0.2133 0.9233 -0.3193
vn -0.2626 0.8813 -0.3929
vn -0.3092 0.8308 -0.4628
vn -0.3530 0.7723 -0.5282
vn -0.3933 0.7063 -0.5886
vn -0.4298 0.6336 -0.6432
vn -0.4622 0.5549 -0.6917
vn -0.4902 0.4708 -0.7336
vn -0.5134 0.3821 -0.7684
vn -0.5317 0.2899 -0.7958
vn -0.5449 0.1948 -0.8155
vn -0.5529 0.0979 -0.8275
vn -0.5556 -0.0000 -0.8315
vn -0.5529 -0.0979 -0.8275
vn -0.5449 -0.1948 -0.8155
vn -0.5317 -0.2899 -0.7958
vn -0.5134 -0.3821 -0.7684
vn -0.4902 -0.4708 -0.7336
vn -0.4622 -0.5549 -0.6917
vn -0.4298 -0.6336 -0.6432
vn -0.3933 -0.7063 -0.5886
vn -0.3530 -0.7723 -0.5282
vn -0.3092 -0.8308 -0.4628
vn -0.2626 -0.8813 -0.3929
vn -0.2133 -0.9233 -0.3193
vn -0.1621 -0.9565 -0.2425
vn -0.1092 -0.9805 -0.1634
vn -0.0553 -0.9950 -0.0828
vn -0.0469 0.9950 -0.0878
vn -0.0927 0.9805 -0.1734
vn -0.1375 0.9565 -0.2572
vn -0.1810 0.9233 -0.3386
vn -0.2228 0.8813 -0.4168
vn -0.2624 0.8308 -0.4909
vn -0.2995 0.7723 -0.5603
vn -0.3337 0.7063 -0.6243
vn -0.3647 0.6336 -0.6823
vn -0.3922 0.5549 -0.7337
vn -0.4159 0.4708 -0.7781
vn -0.4356 0.3821 -0.8150
vn -0.4512 0.2899 -0.8441
vn -0.4624 0.1948 -0.8650
vn -0.4691 0.0979 -0.8777
vn -0.4714 -0.0000 -0.8819
vn -0.4691 -0.0979 -0.8777
vn -0.4624 -0.1948 -0.8650
vn -0.4512 -0.2899 -0.8441
vn -0.4356 -0.3821 -0.8150
vn -0.4159 -0.4708 -0.7781
vn -0.3922 -0.5549 -0.7337
vn -0.3647 -0.6336 -0.6823
vn -0.3337 -0.7063 -0.6243
vn -0.2995 -0.7723 -0.5603
vn -0.2624 -0.8308 -0.4909
vn -0.2228 -0.8813 -0.4168
vn -0.1810 -0.9233 -0.3386
vn -0.1375 -0.9565 -0.2572
vn -0.0927 -0.9805 -0.1734
vn -0.0469 -0.9950 -0.0878
vn -0.0381 0.9950 -0.0920
vn -0.0752 0.9805 -0.1816
vn -0.1116 0.9565 -0.2695
vn -0.1469 0.9233 -0.3548
vn -0.1809 0.8813 -0.4366
vn -0.2130 0.8308 -0.5143
vn -0.2431 0.7723 -0.5869
vn -0.2709 0.7063 -0.6540
vn -0.2961 0.6336 -0.7147
vn -0.3184 0.5549 -0.7686
vn -0.3376 0.4708 -0.8151
vn -0.3536 0.3821 -0.8538
vn -0.3663 0.2899 -0.8842
vn -0.3754 0.1948 -0.9062
vn -0.3808 0.0979 -0.9194
vn -0.3827 -0.0000 -0.9239
vn -0.3808 -0.0979 -0.9194
vn -0.3754 -0.1948 -0.9062
vn -0.3663 -0.2899 -0.8842
vn -0.3536 -0.3821 -0.8538
vn -0.3376 -0.4708 -0.8151
vn -0.3184 -0.5549 -0.7686
vn -0.2961 -0.6336 -0.7147
vn -0.2709 -0.7063 -0.6540
vn -0.2431 -0.7723 -0.5869
vn -0.2130 -0.8308 -0.5143
vn -0.1809 -0.8813 -0.4366
vn -0.1469 -0.9233 -0.3548
vn -0.1116 -0.9565 -0.2695
vn -0.0752 -0.9805 -0.1816
vn -0.0381 -0.9950 -0.0920
vn -0.0289 0.9950 -0.0952
vn -0.0571 0.9805 -0.1881
vn -0.0847 0.9565 -0.2791
vn -0.1115 0.9233 -0.3675
vn -0.1372 0.8813 -0.4522
vn -0.1616 0.8308 -0.5327
vn -0.1844 0.7723 -0.6080
vn -0.2055 0.7063 -0.6774
vn -0.2246 0.6336 -0.7403
vn -0.2415 0.5549 -0.7961
vn -0.2561 0.4708 -0.8443
vn -0.2683 0.3821 -0.8843
vn -0.2778 0.2899 -0.9159
vn -0.2847 0.1948 -0.9386
vn -0.2889 0.0979 -0.9523
vn -0.2903 -0.0000 -0.9569
vn -0.2889 -0.0979 -0.9523
vn -0.2847 -0.1948 -0.9386
vn -0.2778 -0.2899 -0.9159
vn -0.2683 -0.3821 -0.8843
vn -0.2561 -0.4708 -0.8443
vn -0.2415 -0.5549 -0.7961
vn -0.2246 -0.6336 -0.7403
vn -0.2055 -0.7063 -0.6774
vn -0.1844 -0.7723 -0.6080
vn -0.1616 -0.8308 -0.5327
vn -0.1372 -0.8813 -0.4522
vn -0.1115 -0.9233 -0.3675
vn -0.0847 -0.9565 -0.2791
vn -0.0571 -0.9805 -0.1881
vn -0.0289 -0.9950 -0.0952
vn -0.0194 0.9950 -0.0976
vn -0.0383 0.9805 -0.1928
vn -0.0569 0.9565 -0.2861
vn -0.0749 0.9233 -0.3766
vn -0.0922 0.8813 -0.4635
vn -0.1086 0.8308 -0.5459
vn -0.1239 0.7723 -0.6231
vn -0.1381 0.7063 -0.6943
vn -0.1509 0.6336 -0.7588
vn -0.1623 0.5549 -0.8160
vn -0.1721 0.4708 -0.8653
vn -0.1803 0.3821 -0.9063
vn -0.1867 0.2899 -0.9387
vn -0.1914 0.1948 -0.9620
vn -0.1942 0.0979 -0.9761
vn -0.1951 -0.0000 -0.9808
vn -0.1942 -0.0979 -0.9761
vn -0.1914 -0.1948 -0.9620
vn -0.1867 -0.2899 -0.9387
vn -0.1803 -0.3821 -0.9063
vn -0.1721 -0.4708 -0.8653
vn -0.1623 -0.5549 -0.8160
vn -0.1509 -0.6336 -0.7588
vn -0.1381 -0.7063 -0.6943
vn -0.1239 -0.7723 -0.6231
vn -0.1086 -0.8308 -0.5459
vn -0.0922 -0.8813 -0.4635
vn -0.0749 -0.9233 -0.3766
vn -0.0569 -0.9565 -0.2861
vn -0.0383 -0.9805 -0.1928
vn -0.0194 -0.9950 -0.0976
vn -0.0098 0.9950 -0.0991
vn -0.0193 0.9805 -0.1956
vn -0.0286 0.9565 -0.2903
vn -0.0376 0.9233 -0.3821
vn -0.0463 0.8813 -0.4703
vn -0.0546 0.8308 -0.5539
vn -0.0623 0.7723 -0.6322
vn -0.0694 0.7063 -0.7045
vn -0.0758 0.6336 -0.7699
vn -0.0815 0.5549 -0.8279
vn -0.0865 0.4708 -0.8780
vn -0.0906 0.3821 -0.9197
vn -0.0938 0.2899 -0.9525
vn -0.0961 0.1948 -0.9761
vn -0.0975 0.0979 -0.9904
vn -0.0980 -0.0000 -0.9952
vn -0.0975 -0.0979 -0.9904
vn -0.0961 -0.1948 -0.9761
vn -0.0938 -0.2899 -0.9525
vn -0.0906 -0.3821 -0.9197
vn -0.0865 -0.4708 -0.8780
vn -0.0815 -0.5549 -0.8279
vn -0.0758 -0.6336 -0.7699
vn -0.0694 -0.7063 -0.7045
vn -0.0623 -0.7723 -0.6322
vn -0.0546 -0.8308 -0.5539
vn -0.0463 -0.8813 -0.4703
vn -0.0376 -0.9233 -0.3821
vn -0.0286 -0.9565 -0.2903
vn -0.0193 -0.9805 -0.1956
vn -0.0098 -0.9950 -0.0991
vn -0.0000 0.9805 -0.1966
vn -0.0000 0.8813 -0.4726
vn -0.0000 0.8308 -0.5566
vn -0.0000 0.5549 -0.8319
vn -0.0000 0.3821 -0.9241
vn -0.0000 -0.1948 -0.9808
vn -0.0000 -0.2899 -0.9571
vn -0.0000 -0.4708 -0.8823
vn -0.0000 -0.5549 -0.8319
vn -0.0000 -0.6336 -0.7736
vn -0.0000 -0.7063 -0.7079
vn -0.0000 -0.8308 -0.5566
vn -0.0000 -0.8813 -0.4726
vn -0.0000 -0.9805 -0.1966
vt 0.750000 0.812500
vt 0.750000 0.843750
vt 0.734375 0.843750
vt 0.734375 0.812500
vt 0.750000 0.375000
vt 0.750000 0.406250
vt 0.734375 0.406250
vt 0.734375 0.375000
vt 0.750000 0.781250
vt 0.734375 0.781250
vt 0.750000 0.343750
vt 0.734375 0.343750
vt 0.750000 0.750000
vt 0.734375 0.750000
vt 0.750000 0.312500
vt 0.734375 0.312500
vt 0.750000 0.718750
vt 0.734375 0.718750
vt 0.750000 0.281250
vt 0.734375 0.281250
vt 0.750000 0.687500
vt 0.734375 0.687500
vt 0.750000 0.250000
vt 0.734375 0.250000
vt 0.750000 0.656250
vt 0.734375 0.656250
vt 0.750000 0.218750
vt 0.734375 0.218750
vt 0.750000 0.625000
vt 0.734375 0.625000
vt 0.750000 0.187500
vt 0.734375 0.187500
vt 0.750000 0.593750
vt 0.734375 0.593750
vt 0.750000 0.156250
vt 0.734375 0.156250
vt 0.750000 0.562500
vt 0.734375 0.562500
vt 0.750000 0.968750
vt 0.742188 1.000000
vt 0.734375 0.968750
vt 0.750000 0.125000
vt 0.734375 0.125000
vt 0.750000 0.531250
vt 0.734375 0.531250
vt 0.750000 0.937500
vt 0.734375 0.937500
vt 0.750000 0.093750
vt 0.734375 0.093750
vt 0.750000 0.500000
vt 0.734375 0.500000
vt 0.750000 0.906250
vt 0.734375 0.906250
vt 0.750000 0.062500
vt 0.734375 0.062500
vt 0.750000 0.468750
vt 0.734375 0.468750
vt 0.750000 0.875000
vt 0.734375 0.875000
vt 0.750000 0.031250
vt 0.734375 0.031250
vt 0.750000 0.437500
vt 0.734375 0.437500
vt 0.742188 0.000000
vt 0.718750 0.593750
vt 0.718750 0.562500
vt 0.726562 1.000000
vt 0.718750 0.968750
vt 0.718750 0.156250
vt 0.718750 0.125000
vt 0.718750 0.531250
vt 0.718750 0.937500
vt 0.718750 0.093750
vt 0.718750 0.500000
vt 0.718750 0.906250
vt 0.718750 0.062500
vt 0.718750 0.468750
vt 0.718750 0.875000
vt 0.718750 0.031250
vt 0.718750 0.437500
vt 0.718750 0.843750
vt 0.726562 0.000000
vt 0.718750 0.406250
vt 0.718750 0.812500
vt 0.718750 0.375000
vt 0.718750 0.781250
vt 0.718750 0.343750
vt 0.718750 0.750000
vt 0.718750 0.312500
vt 0.718750 0.718750
vt 0.718750 0.281250
vt 0.718750 0.687500
vt 0.718750 0.250000
vt 0.718750 0.656250
vt 0.718750 0.218750
vt 0.718750 0.625000
vt 0.718750 0.187500
vt 0.703125 0.531250
vt 0.703125 0.500000
vt 0.703125 0.937500
vt 0.703125 0.906250
vt 0.703125 0.093750
vt 0.703125 0.062500
vt 0.703125 0.468750
vt 0.703125 0.875000
vt 0.703125 0.031250
vt 0.703125 0.437500
vt 0.703125 0.843750
vt 0.710937 0.000000
vt 0.703125 0.406250
vt 0.703125 0.812500
vt 0.703125 0.375000
vt 0.703125 0.781250
vt 0.703125 0.343750
vt 0.703125 0.750000
vt 0.703125 0.312500
vt 0.703125 0.718750
vt 0.703125 0.281250
vt 0.703125 0.687500
vt 0.703125 0.250000
vt 0.703125 0.656250
vt 0.703125 0.218750
vt 0.703125 0.625000
vt 0.703125 0.187500
vt 0.703125 0.593750
vt 0.703125 0.156250
vt 0.703125 0.562500
vt 0.710938 1.000000
vt 0.703125 0.968750
vt 0.703125 0.125000
vt 0.687500 0.468750
vt 0.687500 0.437500
vt 0.687500 0.875000
vt 0.687500 0.843750
vt 0.695312 0.000000
vt 0.687500 0.031250
vt 0.687500 0.406250
vt 0.687500 0.812500
vt 0.687500 0.375000
vt 0.687500 0.781250
vt 0.687500 0.343750
vt 0.687500 0.750000
vt 0.687500 0.312500
vt 0.687500 0.718750
vt 0.687500 0.281250
vt 0.687500 0.687500
vt 0.687500 0.250000
vt 0.687500 0.656250
vt 0.687500 0.218750
vt 0.687500 0.625000
vt 0.687500 0.187500
vt 0.687500 0.593750
vt 0.687500 0.156250
vt 0.687500 0.562500
vt 0.695312 1.000000
vt 0.687500 0.968750
vt 0.687500 0.125000
vt 0.687500 0.531250
vt 0.687500 0.937500
vt 0.687500 0.093750
vt 0.687500 0.500000
vt 0.687500 0.906250
vt 0.687500 0.062500
vt 0.671875 0.406250
vt 0.671875 0.375000
vt 0.671875 0.812500
vt 0.671875 0.781250
vt 0.671875 0.343750
vt 0.671875 0.750000
vt 0.671875 0.312500
vt 0.671875 0.718750
vt 0.671875 0.281250
vt 0.671875 0.687500
vt 0.671875 0.250000
vt 0.671875 0.656250
vt 0.671875 0.218750
vt 0.671875 0.625000
vt 0.671875 0.187500
vt 0.671875 0.593750
vt 0.671875 0.156250
vt 0.671875 0.562500
vt 0.679688 1.000000
vt 0.671875 0.968750
vt 0.671875 0.125000
vt 0.671875 0.531250
vt 0.671875 0.937500
vt 0.671875 0.093750
vt 0.671875 0.500000
vt 0.671875 0.906250
vt 0.671875 0.062500
vt 0.671875 0.468750
vt 0.671875 0.875000
vt 0.671875 0.031250
vt 0.671875 0.437500
vt 0.671875 0.843750
vt 0.679687 0.000000
vt 0.656250 0.343750
vt 0.656250 0.312500
vt 0.656250 0.750000
vt 0.656250 0.718750
vt 0.656250 0.281250
vt 0.656250 0.687500
vt 0.656250 0.250000
vt 0.656250 0.656250
vt 0.656250 0.218750
vt 0.656250 0.625000
vt 0.656250 0.187500
vt 0.656250 0.593750
vt 0.656250 0.156250
vt 0.656250 0.562500
vt 0.664062 1.000000
vt 0.656250 0.968750
vt 0.656250 0.125000
vt 0.656250 0.531250
vt 0.656250 0.937500
vt 0.656250 0.093750
vt 0.656250 0.500000
vt 0.656250 0.906250
vt 0.656250 0.062500
vt 0.656250 0.468750
vt 0.656250 0.875000
vt 0.656250 0.031250
vt 0.656250 0.437500
vt 0.656250 0.843750
vt 0.664062 0.000000
vt 0.656250 0.406250
vt 0.656250 0.812500
vt 0.656250 0.375000
vt 0.656250 0.781250
vt 0.640625 0.281250
vt 0.640625 0.250000
vt 0.640625 0.687500
vt 0.640625 0.656250
vt 0.640625 0.218750
vt 0.640625 0.625000
vt 0.640625 0.187500
vt 0.640625 0.593750
vt 0.640625 0.156250
vt 0.640625 0.562500
vt 0.648437 1.000000
vt 0.640625 0.968750
vt 0.640625 0.125000
vt 0.640625 0.531250
vt 0.640625 0.937500
vt 0.640625 0.093750
vt 0.640625 0.500000
vt 0.640625 0.906250
vt 0.640625 0.062500
vt 0.640625 0.468750
vt 0.640625 0.875000
vt 0.640625 0.031250
vt 0.640625 0.437500
vt 0.640625 0.843750
vt 0.648437 0.000000
vt 0.640625 0.406250
vt 0.640625 0.812500
vt 0.640625 0.375000
vt 0.640625 0.781250
vt 0.640625 0.343750
vt 0.640625 0.750000
vt 0.640625 0.312500
vt 0.640625 0.718750
vt 0.625000 0.218750
vt 0.625000 0.187500
vt 0.625000 0.625000
vt 0.625000 0.593750
vt 0.625000 0.156250
vt 0.625000 0.562500
vt 0.632812 1.000000
vt 0.625000 0.968750
vt 0.625000 0.125000
vt 0.625000 0.531250
vt 0.625000 0.937500
vt 0.625000 0.093750
vt 0.625000 0.500000
vt 0.625000 0.906250
vt 0.625000 0.062500
vt 0.625000 0.468750
vt 0.625000 0.875000
vt 0.625000 0.031250
vt 0.625000 0.437500
vt 0.625000 0.843750
vt 0.632812 0.000000
vt 0.625000 0.406250
vt 0.625000 0.812500
vt 0.625000 0.375000
vt 0.625000 0.781250
vt 0.625000 0.343750
vt 0.625000 0.750000
vt 0.625000 0.312500
vt 0.625000 0.718750
vt 0.625000 0.281250
vt 0.625000 0.687500
vt 0.625000 0.250000
vt 0.625000 0.656250
vt 0.609375 0.156250
vt 0.609375 0.125000
vt 0.609375 0.562500
vt 0.609375 0.531250
vt 0.609375 0.968750
vt 0.609375 0.937500
vt 0.609375 0.093750
vt 0.609375 0.500000
vt 0.609375 0.906250
vt 0.609375 0.062500
vt 0.609375 0.468750
vt 0.609375 0.875000
vt 0.609375 0.031250
vt 0.609375 0.437500
vt 0.609375 0.843750
vt 0.617187 0.000000
vt 0.609375 0.406250
vt 0.609375 0.812500
vt 0.609375 0.375000
vt 0.609375 0.781250
vt 0.609375 0.343750
vt 0.609375 0.750000
vt 0.609375 0.312500
vt 0.609375 0.718750
vt 0.609375 0.281250
vt 0.609375 0.687500
vt 0.609375 0.250000
vt 0.609375 0.656250
vt 0.609375 0.218750
vt 0.609375 0.625000
vt 0.609375 0.187500
vt 0.609375 0.593750
vt 0.617187 1.000000
vt 0.593750 0.093750
vt 0.593750 0.062500
vt 0.593750 0.500000
vt 0.593750 0.468750
vt 0.593750 0.906250
vt 0.593750 0.875000
vt 0.593750 0.031250
vt 0.593750 0.437500
vt 0.593750 0.843750
vt 0.601562 0.000000
vt 0.593750 0.406250
vt 0.593750 0.812500
vt 0.593750 0.375000
vt 0.593750 0.781250
vt 0.593750 0.343750
vt 0.593750 0.750000
vt 0.593750 0.312500
vt 0.593750 0.718750
vt 0.593750 0.281250
vt 0.593750 0.687500
vt 0.593750 0.250000
vt 0.593750 0.656250
vt 0.593750 0.218750
vt 0.593750 0.625000
vt 0.593750 0.187500
vt 0.593750 0.593750
vt 0.593750 0.156250
vt 0.593750 0.562500
vt 0.601562 1.000000
vt 0.593750 0.968750
vt 0.593750 0.125000
vt 0.593750 0.531250
vt 0.593750 0.937500
vt 0.585937 0.000000
vt 0.578125 0.031250
vt 0.578125 0.437500
vt 0.578125 0.406250
vt 0.578125 0.843750
vt 0.578125 0.812500
vt 0.578125 0.375000
vt 0.578125 0.781250
vt 0.578125 0.343750
vt 0.578125 0.750000
vt 0.578125 0.312500
vt 0.578125 0.718750
vt 0.578125 0.281250
vt 0.578125 0.687500
vt 0.578125 0.250000
vt 0.578125 0.656250
vt 0.578125 0.218750
vt 0.578125 0.625000
vt 0.578125 0.187500
vt 0.578125 0.593750
vt 0.578125 0.156250
vt 0.578125 0.562500
vt 0.585937 1.000000
vt 0.578125 0.968750
vt 0.578125 0.125000
vt 0.578125 0.531250
vt 0.578125 0.937500
vt 0.578125 0.093750
vt 0.578125 0.500000
vt 0.578125 0.906250
vt 0.578125 0.062500
vt 0.578125 0.468750
vt 0.578125 0.875000
vt 0.562500 0.375000
vt 0.562500 0.343750
vt 0.562500 0.781250
vt 0.562500 0.750000
vt 0.562500 0.312500
vt 0.562500 0.718750
vt 0.562500 0.281250
vt 0.562500 0.687500
vt 0.562500 0.250000
vt 0.562500 0.656250
vt 0.562500 0.218750
vt 0.562500 0.625000
vt 0.562500 0.187500
vt 0.562500 0.593750
vt 0.562500 0.156250
vt 0.562500 0.562500
vt 0.570312 1.000000
vt 0.562500 0.968750
vt 0.562500 0.125000
vt 0.562500 0.531250
vt 0.562500 0.937500
vt 0.562500 0.093750
vt 0.562500 0.500000
vt 0.562500 0.906250
vt 0.562500 0.062500
vt 0.562500 0.468750
vt 0.562500 0.875000
vt 0.562500 0.031250
vt 0.562500 0.437500
vt 0.562500 0.843750
vt 0.570312 0.000000
vt 0.562500 0.406250
vt 0.562500 0.812500
vt 0.546875 0.312500
vt 0.546875 0.281250
vt 0.546875 0.718750
vt 0.546875 0.687500
vt 0.546875 0.250000
vt 0.546875 0.656250
vt 0.546875 0.218750
vt 0.546875 0.625000
vt 0.546875 0.187500
vt 0.546875 0.593750
vt 0.546875 0.156250
vt 0.546875 0.562500
vt 0.554687 1.000000
vt 0.546875 0.968750
vt 0.546875 0.125000
vt 0.546875 0.531250
vt 0.546875 0.937500
vt 0.546875 0.093750
vt 0.546875 0.500000
vt 0.546875 0.906250
vt 0.546875 0.062500
vt 0.546875 0.468750
vt 0.546875 0.875000
vt 0.546875 0.031250
vt 0.546875 0.437500
vt 0.546875 0.843750
vt 0.554687 0.000000
vt 0.546875 0.406250
vt 0.546875 0.812500
vt 0.546875 0.375000
vt 0.546875 0.781250
vt 0.546875 0.343750
vt 0.546875 0.750000
vt 0.531250 0.250000
vt 0.531250 0.218750
vt 0.531250 0.656250
vt 0.531250 0.625000
vt 0.531250 0.187500
vt 0.531250 0.593750
vt 0.531250 0.156250
vt 0.531250 0.562500
vt 0.539062 1.000000
vt 0.531250 0.968750
vt 0.531250 0.125000
vt 0.531250 0.531250
vt 0.531250 0.937500
vt 0.531250 0.093750
vt 0.531250 0.500000
vt 0.531250 0.906250
vt 0.531250 0.062500
vt 0.531250 0.468750
vt 0.531250 0.875000
vt 0.531250 0.031250
vt 0.531250 0.437500
vt 0.531250 0.843750
vt 0.539062 0.000000
vt 0.531250 0.406250
vt 0.531250 0.812500
vt 0.531250 0.375000
vt 0.531250 0.781250
vt 0.531250 0.343750
vt 0.531250 0.750000
vt 0.531250 0.312500
vt 0.531250 0.718750
vt 0.531250 0.281250
vt 0.531250 0.687500
vt 0.515625 0.187500
vt 0.515625 0.156250
vt 0.515625 0.593750
vt 0.515625 0.562500
vt 0.523437 1.000000
vt 0.515625 0.968750
vt 0.515625 0.125000
vt 0.515625 0.531250
vt 0.515625 0.937500
vt 0.515625 0.093750
vt 0.515625 0.500000
vt 0.515625 0.906250
vt 0.515625 0.062500
vt 0.515625 0.468750
vt 0.515625 0.875000
vt 0.515625 0.031250
vt 0.515625 0.437500
vt 0.515625 0.843750
vt 0.523437 0.000000
vt 0.515625 0.406250
vt 0.515625 0.812500
vt 0.515625 0.375000
vt 0.515625 0.781250
vt 0.515625 0.343750
vt 0.515625 0.750000
vt 0.515625 0.312500
vt 0.515625 0.718750
vt 0.515625 0.281250
vt 0.515625 0.687500
vt 0.515625 0.250000
vt 0.515625 0.656250
vt 0.515625 0.218750
vt 0.515625 0.625000
vt 0.500000 0.968750
vt 0.500000 0.937500
vt 0.500000 0.125000
vt 0.500000 0.093750
vt 0.500000 0.531250
vt 0.500000 0.500000
vt 0.500000 0.906250
vt 0.500000 0.062500
vt 0.500000 0.468750
vt 0.500000 0.875000
vt 0.500000 0.031250
vt 0.500000 0.437500
vt 0.500000 0.843750
vt 0.507812 0.000000
vt 0.500000 0.406250
vt 0.500000 0.812500
vt 0.500000 0.375000
vt 0.500000 0.781250
vt 0.500000 0.343750
vt 0.500000 0.750000
vt 0.500000 0.312500
vt 0.500000 0.718750
vt 0.500000 0.281250
vt 0.500000 0.687500
vt 0.500000 0.250000
vt 0.500000 0.656250
vt 0.500000 0.218750
vt 0.500000 0.625000
vt 0.500000 0.187500
vt 0.500000 0.593750
vt 0.500000 0.156250
vt 0.500000 0.562500
vt 0.507812 1.000000
vt 0.484375 0.906250
vt 0.484375 0.875000
vt 0.484375 0.062500
vt 0.484375 0.031250
vt 0.484375 0.468750
vt 0.484375 0.437500
vt 0.484375 0.843750
vt 0.492187 0.000000
vt 0.484375 0.406250
vt 0.484375 0.812500
vt 0.484375 0.375000
vt 0.484375 0.781250
vt 0.484375 0.343750
vt 0.484375 0.750000
vt 0.484375 0.312500
vt 0.484375 0.718750
vt 0.484375 0.281250
vt 0.484375 0.687500
vt 0.484375 0.250000
vt 0.484375 0.656250
vt 0.484375 0.218750
vt 0.484375 0.625000
vt 0.484375 0.187500
vt 0.484375 0.593750
vt 0.484375 0.156250
vt 0.484375 0.562500
vt 0.492187 1.000000
vt 0.484375 0.968750
vt 0.484375 0.125000
vt 0.484375 0.531250
vt 0.484375 0.937500
vt 0.484375 0.093750
vt 0.484375 0.500000
vt 0.468750 0.843750
vt 0.468750 0.812500
vt 0.468750 0.406250
vt 0.468750 0.375000
vt 0.468750 0.781250
vt 0.468750 0.343750
vt 0.468750 0.750000
vt 0.468750 0.312500
vt 0.468750 0.718750
vt 0.468750 0.281250
vt 0.468750 0.687500
vt 0.468750 0.250000
vt 0.468750 0.656250
vt 0.468750 0.218750
vt 0.468750 0.625000
vt 0.468750 0.187500
vt 0.468750 0.593750
vt 0.468750 0.156250
vt 0.468750 0.562500
vt 0.476562 1.000000
vt 0.468750 0.968750
vt 0.468750 0.125000
vt 0.468750 0.531250
vt 0.468750 0.937500
vt 0.468750 0.093750
vt 0.468750 0.500000
vt 0.468750 0.906250
vt 0.468750 0.062500
vt 0.468750 0.468750
vt 0.468750 0.875000
vt 0.468750 0.031250
vt 0.468750 0.437500
vt 0.476562 0.000000
vt 0.453125 0.781250
vt 0.453125 0.750000
vt 0.453125 0.343750
vt 0.453125 0.312500
vt 0.453125 0.718750
vt 0.453125 0.281250
vt 0.453125 0.687500
vt 0.453125 0.250000
vt 0.453125 0.656250
vt 0.453125 0.218750
vt 0.453125 0.625000
vt 0.453125 0.187500
vt 0.453125 0.593750
vt 0.453125 0.156250
vt 0.453125 0.562500
vt 0.460937 1.000000
vt 0.453125 0.968750
vt 0.453125 0.125000
vt 0.453125 0.531250
vt 0.453125 0.937500
vt 0.453125 0.093750
vt 0.453125 0.500000
vt 0.453125 0.906250
vt 0.453125 0.062500
vt 0.453125 0.468750
vt 0.453125 0.875000
vt 0.453125 0.031250
vt 0.453125 0.437500
vt 0.453125 0.843750
vt 0.460937 0.000000
vt 0.453125 0.406250
vt 0.453125 0.812500
vt 0.453125 0.375000
vt 0.437500 0.718750
vt 0.437500 0.687500
vt 0.437500 0.281250
vt 0.437500 0.250000
vt 0.437500 0.656250
vt 0.437500 0.218750
vt 0.437500 0.625000
vt 0.437500 0.187500
vt 0.437500 0.593750
vt 0.437500 0.156250
vt 0.437500 0.562500
vt 0.445312 1.000000
vt 0.437500 0.968750
vt 0.437500 0.125000
vt 0.437500 0.531250
vt 0.437500 0.937500
vt 0.437500 0.093750
vt 0.437500 0.500000
vt 0.437500 0.906250
vt 0.437500 0.062500
vt 0.437500 0.468750
vt 0.437500 0.875000
vt 0.437500 0.031250
vt 0.437500 0.437500
vt 0.437500 0.843750
vt 0.445312 0.000000
vt 0.437500 0.406250
vt 0.437500 0.812500
vt 0.437500 0.375000
vt 0.437500 0.781250
vt 0.437500 0.343750
vt 0.437500 0.750000
vt 0.437500 0.312500
vt 0.421875 0.656250
vt 0.421875 0.625000
vt 0.421875 0.218750
vt 0.421875 0.187500
vt 0.421875 0.593750
vt 0.421875 0.156250
vt 0.421875 0.562500
vt 0.429687 1.000000
vt 0.421875 0.968750
vt 0.421875 0.125000
vt 0.421875 0.531250
vt 0.421875 0.937500
vt 0.421875 0.093750
vt 0.421875 0.500000
vt 0.421875 0.906250
vt 0.421875 0.062500
vt 0.421875 0.468750
vt 0.421875 0.875000
vt 0.421875 0.031250
vt 0.421875 0.437500
vt 0.421875 0.843750
vt 0.429687 0.000000
vt 0.421875 0.406250
vt 0.421875 0.812500
vt 0.421875 0.375000
vt 0.421875 0.781250
vt 0.421875 0.343750
vt 0.421875 0.750000
vt 0.421875 0.312500
vt 0.421875 0.718750
vt 0.421875 0.281250
vt 0.421875 0.687500
vt 0.421875 0.250000
vt 0.406250 0.593750
vt 0.406250 0.562500
vt 0.414062 1.000000
vt 0.406250 0.968750
vt 0.406250 0.156250
vt 0.406250 0.125000
vt 0.406250 0.531250
vt 0.406250 0.937500
vt 0.406250 0.093750
vt 0.406250 0.500000
vt 0.406250 0.906250
vt 0.406250 0.062500
vt 0.406250 0.468750
vt 0.406250 0.875000
vt 0.406250 0.031250
vt 0.406250 0.437500
vt 0.406250 0.843750
vt 0.414062 0.000000
vt 0.406250 0.406250
vt 0.406250 0.812500
vt 0.406250 0.375000
vt 0.406250 0.781250
vt 0.406250 0.343750
vt 0.406250 0.750000
vt 0.406250 0.312500
vt 0.406250 0.718750
vt 0.406250 0.281250
vt 0.406250 0.687500
vt 0.406250 0.250000
vt 0.406250 0.656250
vt 0.406250 0.218750
vt 0.406250 0.625000
vt 0.406250 0.187500
vt 0.390625 0.531250
vt 0.390625 0.500000
vt 0.390625 0.937500
vt 0.390625 0.906250
vt 0.390625 0.093750
vt 0.390625 0.062500
vt 0.390625 0.468750
vt 0.390625 0.875000
vt 0.390625 0.031250
vt 0.390625 0.437500
vt 0.390625 0.843750
vt 0.398437 0.000000
vt 0.390625 0.406250
vt 0.390625 0.812500
vt 0.390625 0.375000
vt 0.390625 0.781250
vt 0.390625 0.343750
vt 0.390625 0.750000
vt 0.390625 0.312500
vt 0.390625 0.718750
vt 0.390625 0.281250
vt 0.390625 0.687500
vt 0.390625 0.250000
vt 0.390625 0.656250
vt 0.390625 0.218750
vt 0.390625 0.625000
vt 0.390625 0.187500
vt 0.390625 0.593750
vt 0.390625 0.156250
vt 0.390625 0.562500
vt 0.398437 1.000000
vt 0.390625 0.968750
vt 0.390625 0.125000
vt 0.375000 0.468750
vt 0.375000 0.437500
vt 0.375000 0.875000
vt 0.375000 0.843750
vt 0.382812 0.000000
vt 0.375000 0.031250
vt 0.375000 0.406250
vt 0.375000 0.812500
vt 0.375000 0.375000
vt 0.375000 0.781250
vt 0.375000 0.343750
vt 0.375000 0.750000
vt 0.375000 0.312500
vt 0.375000 0.718750
vt 0.375000 0.281250
vt 0.375000 0.687500
vt 0.375000 0.250000
vt 0.375000 0.656250
vt 0.375000 0.218750
vt 0.375000 0.625000
vt 0.375000 0.187500
vt 0.375000 0.593750
vt 0.375000 0.156250
vt 0.375000 0.562500
vt 0.382812 1.000000
vt 0.375000 0.968750
vt 0.375000 0.125000
vt 0.375000 0.531250
vt 0.375000 0.937500
vt 0.375000 0.093750
vt 0.375000 0.500000
vt 0.375000 0.906250
vt 0.375000 0.062500
vt 0.359375 0.406250
vt 0.359375 0.375000
vt 0.359375 0.812500
vt 0.359375 0.781250
vt 0.359375 0.343750
vt 0.359375 0.750000
vt 0.359375 0.312500
vt 0.359375 0.718750
vt 0.359375 0.281250
vt 0.359375 0.687500
vt 0.359375 0.250000
vt 0.359375 0.656250
vt 0.359375 0.218750
vt 0.359375 0.625000
vt 0.359375 0.187500
vt 0.359375 0.593750
vt 0.359375 0.156250
vt 0.359375 0.562500
vt 0.367187 1.000000
vt 0.359375 0.968750
vt 0.359375 0.125000
vt 0.359375 0.531250
vt 0.359375 0.937500
vt 0.359375 0.093750
vt 0.359375 0.500000
vt 0.359375 0.906250
vt 0.359375 0.062500
vt 0.359375 0.468750
vt 0.359375 0.875000
vt 0.359375 0.031250
vt 0.359375 0.437500
vt 0.359375 0.843750
vt 0.367187 0.000000
vt 0.343750 0.343750
vt 0.343750 0.312500
vt 0.343750 0.750000
vt 0.343750 0.718750
vt 0.343750 0.281250
vt 0.343750 0.687500
vt 0.343750 0.250000
vt 0.343750 0.656250
vt 0.343750 0.218750
vt 0.343750 0.625000
vt 0.343750 0.187500
vt 0.343750 0.593750
vt 0.343750 0.156250
vt 0.343750 0.562500
vt 0.351562 1.000000
vt 0.343750 0.968750
vt 0.343750 0.125000
vt 0.343750 0.531250
vt 0.343750 0.937500
vt 0.343750 0.093750
vt 0.343750 0.500000
vt 0.343750 0.906250
vt 0.343750 0.062500
vt 0.343750 0.468750
vt 0.343750 0.875000
vt 0.343750 0.031250
vt 0.343750 0.437500
vt 0.343750 0.843750
vt 0.351562 0.000000
vt 0.343750 0.406250
vt 0.343750 0.812500
vt 0.343750 0.375000
vt 0.343750 0.781250
vt 0.328125 0.312500
vt 0.328125 0.281250
vt 0.328125 0.718750
vt 0.328125 0.687500
vt 0.328125 0.250000
vt 0.328125 0.656250
vt 0.328125 0.218750
vt 0.328125 0.625000
vt 0.328125 0.187500
vt 0.328125 0.593750
vt 0.328125 0.156250
vt 0.328125 0.562500
vt 0.335937 1.000000
vt 0.328125 0.968750
vt 0.328125 0.125000
vt 0.328125 0.531250
vt 0.328125 0.937500
vt 0.328125 0.093750
vt 0.328125 0.500000
vt 0.328125 0.906250
vt 0.328125 0.062500
vt 0.328125 0.468750
vt 0.328125 0.875000
vt 0.328125 0.031250
vt 0.328125 0.437500
vt 0.328125 0.843750
vt 0.335937 0.000000
vt 0.328125 0.406250
vt 0.328125 0.812500
vt 0.328125 0.375000
vt 0.328125 0.781250
vt 0.328125 0.343750
vt 0.328125 0.750000
vt 0.312500 0.250000
vt 0.312500 0.218750
vt 0.312500 0.656250
vt 0.312500 0.625000
vt 0.312500 0.187500
vt 0.312500 0.593750
vt 0.312500 0.156250
vt 0.312500 0.562500
vt 0.320312 1.000000
vt 0.312500 0.968750
vt 0.312500 0.125000
vt 0.312500 0.531250
vt 0.312500 0.937500
vt 0.312500 0.093750
vt 0.312500 0.500000
vt 0.312500 0.906250
vt 0.312500 0.062500
vt 0.312500 0.468750
vt 0.312500 0.875000
vt 0.312500 0.031250
vt 0.312500 0.437500
vt 0.312500 0.843750
vt 0.320312 0.000000
vt 0.312500 0.406250
vt 0.312500 0.812500
vt 0.312500 0.375000
vt 0.312500 0.781250
vt 0.312500 0.343750
vt 0.312500 0.750000
vt 0.312500 0.312500
vt 0.312500 0.718750
vt 0.312500 0.281250
vt 0.312500 0.687500
vt 0.296875 0.187500
vt 0.296875 0.156250
vt 0.296875 0.593750
vt 0.296875 0.562500
vt 0.304687 1.000000
vt 0.296875 0.968750
vt 0.296875 0.125000
vt 0.296875 0.531250
vt 0.296875 0.937500
vt 0.296875 0.093750
vt 0.296875 0.500000
vt 0.296875 0.906250
vt 0.296875 0.062500
vt 0.296875 0.468750
vt 0.296875 0.875000
vt 0.296875 0.031250
vt 0.296875 0.437500
vt 0.296875 0.843750
vt 0.304687 0.000000
vt 0.296875 0.406250
vt 0.296875 0.812500
vt 0.296875 0.375000
vt 0.296875 0.781250
vt 0.296875 0.343750
vt 0.296875 0.750000
vt 0.296875 0.312500
vt 0.296875 0.718750
vt 0.296875 0.281250
vt 0.296875 0.687500
vt 0.296875 0.250000
vt 0.296875 0.656250
vt 0.296875 0.218750
vt 0.296875 0.625000
vt 0.281250 0.968750
vt 0.281250 0.937500
vt 0.281250 0.125000
vt 0.281250 0.093750
vt 0.281250 0.531250
vt 0.281250 0.500000
vt 0.281250 0.906250
vt 0.281250 0.062500
vt 0.281250 0.468750
vt 0.281250 0.875000
vt 0.281250 0.031250
vt 0.281250 0.437500
vt 0.281250 0.843750
vt 0.289062 0.000000
vt 0.281250 0.406250
vt 0.281250 0.812500
vt 0.281250 0.375000
vt 0.281250 0.781250
vt 0.281250 0.343750
vt 0.281250 0.750000
vt 0.281250 0.312500
vt 0.281250 0.718750
vt 0.281250 0.281250
vt 0.281250 0.687500
vt 0.281250 0.250000
vt 0.281250 0.656250
vt 0.281250 0.218750
vt 0.281250 0.625000
vt 0.281250 0.187500
vt 0.281250 0.593750
vt 0.281250 0.156250
vt 0.281250 0.562500
vt 0.289062 1.000000
vt 0.265625 0.906250
vt 0.265625 0.875000
vt 0.265625 0.062500
vt 0.265625 0.031250
vt 0.265625 0.468750
vt 0.265625 0.437500
vt 0.265625 0.843750
vt 0.273437 0.000000
vt 0.265625 0.406250
vt 0.265625 0.812500
vt 0.265625 0.375000
vt 0.265625 0.781250
vt 0.265625 0.343750
vt 0.265625 0.750000
vt 0.265625 0.312500
vt 0.265625 0.718750
vt 0.265625 0.281250
vt 0.265625 0.687500
vt 0.265625 0.250000
vt 0.265625 0.656250
vt 0.265625 0.218750
vt 0.265625 0.625000
vt 0.265625 0.187500
vt 0.265625 0.593750
vt 0.265625 0.156250
vt 0.265625 0.562500
vt 0.273437 1.000000
vt 0.265625 0.968750
vt 0.265625 0.125000
vt 0.265625 0.531250
vt 0.265625 0.937500
vt 0.265625 0.093750
vt 0.265625 0.500000
vt 0.250000 0.843750
vt 0.250000 0.812500
vt 0.250000 0.406250
vt 0.250000 0.375000
vt 0.250000 0.781250
vt 0.250000 0.343750
vt 0.250000 0.750000
vt 0.250000 0.312500
vt 0.250000 0.718750
vt 0.250000 0.281250
vt 0.250000 0.687500
vt 0.250000 0.250000
vt 0.250000 0.656250
vt 0.250000 0.218750
vt 0.250000 0.625000
vt 0.250000 0.187500
vt 0.250000 0.593750
vt 0.250000 0.156250
vt 0.250000 0.562500
vt 0.257812 1.000000
vt 0.250000 0.968750
vt 0.250000 0.125000
vt 0.250000 0.531250
vt 0.250000 0.937500
vt 0.250000 0.093750
vt 0.250000 0.500000
vt 0.250000 0.906250
vt 0.250000 0.062500
vt 0.250000 0.468750
vt 0.250000 0.875000
vt 0.250000 0.031250
vt 0.250000 0.437500
vt 0.257812 0.000000
vt 0.234375 0.781250
vt 0.234375 0.750000
vt 0.234375 0.343750
vt 0.234375 0.312500
vt 0.234375 0.718750
vt 0.234375 0.281250
vt 0.234375 0.687500
vt 0.234375 0.250000
vt 0.234375 0.656250
vt 0.234375 0.218750
vt 0.234375 0.625000
vt 0.234375 0.187500
vt 0.234375 0.593750
vt 0.234375 0.156250
vt 0.234375 0.562500
vt 0.242187 1.000000
vt 0.234375 0.968750
vt 0.234375 0.125000
vt 0.234375 0.531250
vt 0.234375 0.937500
vt 0.234375 0.093750
vt 0.234375 0.500000
vt 0.234375 0.906250
vt 0.234375 0.062500
vt 0.234375 0.468750
vt 0.234375 0.875000
vt 0.234375 0.031250
vt 0.234375 0.437500
vt 0.234375 0.843750
vt 0.242188 0.000000
vt 0.234375 0.406250
vt 0.234375 0.812500
vt 0.234375 0.375000
vt 0.218750 0.718750
vt 0.218750 0.687500
vt 0.218750 0.281250
vt 0.218750 0.250000
vt 0.218750 0.656250
vt 0.218750 0.218750
vt 0.218750 0.625000
vt 0.218750 0.187500
vt 0.218750 0.593750
vt 0.218750 0.156250
vt 0.218750 0.562500
vt 0.226562 1.000000
vt 0.218750 0.968750
vt 0.218750 0.125000
vt 0.218750 0.531250
vt 0.218750 0.937500
vt 0.218750 0.093750
vt 0.218750 0.500000
vt 0.218750 0.906250
vt 0.218750 0.062500
vt 0.218750 0.468750
vt 0.218750 0.875000
vt 0.218750 0.031250
vt 0.218750 0.437500
vt 0.218750 0.843750
vt 0.226563 0.000000
vt 0.218750 0.406250
vt 0.218750 0.812500
vt 0.218750 0.375000
vt 0.218750 0.781250
vt 0.218750 0.343750
vt 0.218750 0.750000
vt 0.218750 0.312500
vt 0.203125 0.656250
vt 0.203125 0.625000
vt 0.203125 0.218750
vt 0.203125 0.187500
vt 0.203125 0.593750
vt 0.203125 0.156250
vt 0.203125 0.562500
vt 0.210938 1.000000
vt 0.203125 0.968750
vt 0.203125 0.125000
vt 0.203125 0.531250
vt 0.203125 0.937500
vt 0.203125 0.093750
vt 0.203125 0.500000
vt 0.203125 0.906250
vt 0.203125 0.062500
vt 0.203125 0.468750
vt 0.203125 0.875000
vt 0.203125 0.031250
vt 0.203125 0.437500
vt 0.203125 0.843750
vt 0.210938 0.000000
vt 0.203125 0.406250
vt 0.203125 0.812500
vt 0.203125 0.375000
vt 0.203125 0.781250
vt 0.203125 0.343750
vt 0.203125 0.750000
vt 0.203125 0.312500
vt 0.203125 0.718750
vt 0.203125 0.281250
vt 0.203125 0.687500
vt 0.203125 0.250000
vt 0.187500 0.593750
vt 0.187500 0.562500
vt 0.195313 1.000000
vt 0.187500 0.968750
vt 0.187500 0.156250
vt 0.187500 0.125000
vt 0.187500 0.531250
vt 0.187500 0.937500
vt 0.187500 0.093750
vt 0.187500 0.500000
vt 0.187500 0.906250
vt 0.187500 0.062500
vt 0.187500 0.468750
vt 0.187500 0.875000
vt 0.187500 0.031250
vt 0.187500 0.437500
vt 0.187500 0.843750
vt 0.195313 0.000000
vt 0.187500 0.406250
vt 0.187500 0.812500
vt 0.187500 0.375000
vt 0.187500 0.781250
vt 0.187500 0.343750
vt 0.187500 0.750000
vt 0.187500 0.312500
vt 0.187500 0.718750
vt 0.187500 0.281250
vt 0.187500 0.687500
vt 0.187500 0.250000
vt 0.187500 0.656250
vt 0.187500 0.218750
vt 0.187500 0.625000
vt 0.187500 0.187500
vt 0.171875 0.531250
vt 0.171875 0.500000
vt 0.171875 0.937500
vt 0.171875 0.906250
vt 0.171875 0.093750
vt 0.171875 0.062500
vt 0.171875 0.468750
vt 0.171875 0.875000
vt 0.171875 0.031250
vt 0.171875 0.437500
vt 0.171875 0.843750
vt 0.179688 0.000000
vt 0.171875 0.406250
vt 0.171875 0.812500
vt 0.171875 0.375000
vt 0.171875 0.781250
vt 0.171875 0.343750
vt 0.171875 0.750000
vt 0.171875 0.312500
vt 0.171875 0.718750
vt 0.171875 0.281250
vt 0.171875 0.687500
vt 0.171875 0.250000
vt 0.171875 0.656250
vt 0.171875 0.218750
vt 0.171875 0.625000
vt 0.171875 0.187500
vt 0.171875 0.593750
vt 0.171875 0.156250
vt 0.171875 0.562500
vt 0.179688 1.000000
vt 0.171875 0.968750
vt 0.171875 0.125000
vt 0.156250 0.468750
vt 0.156250 0.437500
vt 0.156250 0.875000
vt 0.156250 0.843750
vt 0.164063 0.000000
vt 0.156250 0.031250
vt 0.156250 0.406250
vt 0.156250 0.812500
vt 0.156250 0.375000
vt 0.156250 0.781250
vt 0.156250 0.343750
vt 0.156250 0.750000
vt 0.156250 0.312500
vt 0.156250 0.718750
vt 0.156250 0.281250
vt 0.156250 0.687500
vt 0.156250 0.250000
vt 0.156250 0.656250
vt 0.156250 0.218750
vt 0.156250 0.625000
vt 0.156250 0.187500
vt 0.156250 0.593750
vt 0.156250 0.156250
vt 0.156250 0.562500
vt 0.164063 1.000000
vt 0.156250 0.968750
vt 0.156250 0.125000
vt 0.156250 0.531250
vt 0.156250 0.937500
vt 0.156250 0.093750
vt 0.156250 0.500000
vt 0.156250 0.906250
vt 0.156250 0.062500
vt 0.140625 0.406250
vt 0.140625 0.375000
vt 0.140625 0.812500
vt 0.140625 0.781250
vt 0.140625 0.343750
vt 0.140625 0.750000
vt 0.140625 0.312500
vt 0.140625 0.718750
vt 0.140625 0.281250
vt 0.140625 0.687500
vt 0.140625 0.250000
vt 0.140625 0.656250
vt 0.140625 0.218750
vt 0.140625 0.625000
vt 0.140625 0.187500
vt 0.140625 0.593750
vt 0.140625 0.156250
vt 0.140625 0.562500
vt 0.148438 1.000000
vt 0.140625 0.968750
vt 0.140625 0.125000
vt 0.140625 0.531250
vt 0.140625 0.937500
vt 0.140625 0.093750
vt 0.140625 0.500000
vt 0.140625 0.906250
vt 0.140625 0.062500
vt 0.140625 0.468750
vt 0.140625 0.875000
vt 0.140625 0.031250
vt 0.140625 0.437500
vt 0.140625 0.843750
vt 0.148438 0.000000
vt 0.125000 0.343750
vt 0.125000 0.312500
vt 0.125000 0.750000
vt 0.125000 0.718750
vt 0.125000 0.281250
vt 0.125000 0.687500
vt 0.125000 0.250000
vt 0.125000 0.656250
vt 0.125000 0.218750
vt 0.125000 0.625000
vt 0.125000 0.187500
vt 0.125000 0.593750
vt 0.125000 0.156250
vt 0.125000 0.562500
vt 0.132813 1.000000
vt 0.125000 0.968750
vt 0.125000 0.125000
vt 0.125000 0.531250
vt 0.125000 0.937500
vt 0.125000 0.093750
vt 0.125000 0.500000
vt 0.125000 0.906250
vt 0.125000 0.062500
vt 0.125000 0.468750
vt 0.125000 0.875000
vt 0.125000 0.031250
vt 0.125000 0.437500
vt 0.125000 0.843750
vt 0.132813 0.000000
vt 0.125000 0.406250
vt 0.125000 0.812500
vt 0.125000 0.375000
vt 0.125000 0.781250
vt 0.109375 0.281250
vt 0.109375 0.250000
vt 0.109375 0.687500
vt 0.109375 0.656250
vt 0.109375 0.218750
vt 0.109375 0.625000
vt 0.109375 0.187500
vt 0.109375 0.593750
vt 0.109375 0.156250
vt 0.109375 0.562500
vt 0.117188 1.000000
vt 0.109375 0.968750
vt 0.109375 0.125000
vt 0.109375 0.531250
vt 0.109375 0.937500
vt 0.109375 0.093750
vt 0.109375 0.500000
vt 0.109375 0.906250
vt 0.109375 0.062500
vt 0.109375 0.468750
vt 0.109375 0.875000
vt 0.109375 0.031250
vt 0.109375 0.437500
vt 0.109375 0.843750
vt 0.117188 0.000000
vt 0.109375 0.406250
vt 0.109375 0.812500
vt 0.109375 0.375000
vt 0.109375 0.781250
vt 0.109375 0.343750
vt 0.109375 0.750000
vt 0.109375 0.312500
vt 0.109375 0.718750
vt 0.093750 0.218750
vt 0.093750 0.187500
vt 0.093750 0.625000
vt 0.093750 0.593750
vt 0.093750 0.156250
vt 0.093750 0.562500
vt 0.101563 1.000000
vt 0.093750 0.968750
vt 0.093750 0.125000
vt 0.093750 0.531250
vt 0.093750 0.937500
vt 0.093750 0.093750
vt 0.093750 0.500000
vt 0.093750 0.906250
vt 0.093750 0.062500
vt 0.093750 0.468750
vt 0.093750 0.875000
vt 0.093750 0.031250
vt 0.093750 0.437500
vt 0.093750 0.843750
vt 0.101563 0.000000
vt 0.093750 0.406250
vt 0.093750 0.812500
vt 0.093750 0.375000
vt 0.093750 0.781250
vt 0.093750 0.343750
vt 0.093750 0.750000
vt 0.093750 0.312500
vt 0.093750 0.718750
vt 0.093750 0.281250
vt 0.093750 0.687500
vt 0.093750 0.250000
vt 0.093750 0.656250
vt 0.078125 0.156250
vt 0.078125 0.125000
vt 0.078125 0.562500
vt 0.078125 0.531250
vt 0.078125 0.968750
vt 0.078125 0.937500
vt 0.078125 0.093750
vt 0.078125 0.500000
vt 0.078125 0.906250
vt 0.078125 0.062500
vt 0.078125 0.468750
vt 0.078125 0.875000
vt 0.078125 0.031250
vt 0.078125 0.437500
vt 0.078125 0.843750
vt 0.085938 0.000000
vt 0.078125 0.406250
vt 0.078125 0.812500
vt 0.078125 0.375000
vt 0.078125 0.781250
vt 0.078125 0.343750
vt 0.078125 0.750000
vt 0.078125 0.312500
vt 0.078125 0.718750
vt 0.078125 0.281250
vt 0.078125 0.687500
vt 0.078125 0.250000
vt 0.078125 0.656250
vt 0.078125 0.218750
vt 0.078125 0.625000
vt 0.078125 0.187500
vt 0.078125 0.593750
vt 0.085938 1.000000
vt 0.062500 0.093750
vt 0.062500 0.062500
vt 0.062500 0.500000
vt 0.062500 0.468750
vt 0.062500 0.906250
vt 0.062500 0.875000
vt 0.062500 0.031250
vt 0.062500 0.437500
vt 0.062500 0.843750
vt 0.070313 0.000000
vt 0.062500 0.406250
vt 0.062500 0.812500
vt 0.062500 0.375000
vt 0.062500 0.781250
vt 0.062500 0.343750
vt 0.062500 0.750000
vt 0.062500 0.312500
vt 0.062500 0.718750
vt 0.062500 0.281250
vt 0.062500 0.687500
vt 0.062500 0.250000
vt 0.062500 0.656250
vt 0.062500 0.218750
vt 0.062500 0.625000
vt 0.062500 0.187500
vt 0.062500 0.593750
vt 0.062500 0.156250
vt 0.062500 0.562500
vt 0.070313 1.000000
vt 0.062500 0.968750
vt 0.062500 0.125000
vt 0.062500 0.531250
vt 0.062500 0.937500
vt 0.054688 0.000000
vt 0.046875 0.031250
vt 0.046875 0.437500
vt 0.046875 0.406250
vt 0.046875 0.843750
vt 0.046875 0.812500
vt 0.046875 0.375000
vt 0.046875 0.781250
vt 0.046875 0.343750
vt 0.046875 0.750000
vt 0.046875 0.312500
vt 0.046875 0.718750
vt 0.046875 0.281250
vt 0.046875 0.687500
vt 0.046875 0.250000
vt 0.046875 0.656250
vt 0.046875 0.218750
vt 0.046875 0.625000
vt 0.046875 0.187500
vt 0.046875 0.593750
vt 0.046875 0.156250
vt 0.046875 0.562500
vt 0.054688 1.000000
vt 0.046875 0.968750
vt 0.046875 0.125000
vt 0.046875 0.531250
vt 0.046875 0.937500
vt 0.046875 0.093750
vt 0.046875 0.500000
vt 0.046875 0.906250
vt 0.046875 0.062500
vt 0.046875 0.468750
vt 0.046875 0.875000
vt 0.031250 0.375000
vt 0.031250 0.343750
vt 0.031250 0.781250
vt 0.031250 0.750000
vt 0.031250 0.312500
vt 0.031250 0.718750
vt 0.031250 0.281250
vt 0.031250 0.687500
vt 0.031250 0.250000
vt 0.031250 0.656250
vt 0.031250 0.218750
vt 0.031250 0.625000
vt 0.031250 0.187500
vt 0.031250 0.593750
vt 0.031250 0.156250
vt 0.031250 0.562500
vt 0.039063 1.000000
vt 0.031250 0.968750
vt 0.031250 0.125000
vt 0.031250 0.531250
vt 0.031250 0.937500
vt 0.031250 0.093750
vt 0.031250 0.500000
vt 0.031250 0.906250
vt 0.031250 0.062500
vt 0.031250 0.468750
vt 0.031250 0.875000
vt 0.031250 0.031250
vt 0.031250 0.437500
vt 0.031250 0.843750
vt 0.039063 0.000000
vt 0.031250 0.406250
vt 0.031250 0.812500
vt 0.015625 0.312500
vt 0.015625 0.281250
vt 0.015625 0.718750
vt 0.015625 0.687500
vt 0.015625 0.250000
vt 0.015625 0.656250
vt 0.015625 0.218750
vt 0.015625 0.625000
vt 0.015625 0.187500
vt 0.015625 0.593750
vt 0.015625 0.156250
vt 0.015625 0.562500
vt 0.023438 1.000000
vt 0.015625 0.968750
vt 0.015625 0.125000
vt 0.015625 0.531250
vt 0.015625 0.937500
vt 0.015625 0.093750
vt 0.015625 0.500000
vt 0.015625 0.906250
vt 0.015625 0.062500
vt 0.015625 0.468750
vt 0.015625 0.875000
vt 0.015625 0.031250
vt 0.015625 0.437500
vt 0.015625 0.843750
vt 0.023438 0.000000
vt 0.015625 0.406250
vt 0.015625 0.812500
vt 0.015625 0.375000
vt 0.015625 0.781250
vt 0.015625 0.343750
vt 0.015625 0.750000
vt 0.000000 0.250000
vt 0.000000 0.218750
vt 0.000000 0.656250
vt 0.000000 0.625000
vt 0.000000 0.187500
vt 0.000000 0.593750
vt 0.000000 0.156250
vt 0.000000 0.562500
vt 0.007813 1.000000
vt 0.000000 0.968750
vt 0.000000 0.125000
vt 0.000000 0.531250
vt 0.000000 0.937500
vt 0.000000 0.093750
vt 0.000000 0.500000
vt 0.000000 0.906250
vt 0.000000 0.062500
vt 0.000000 0.468750
vt 0.000000 0.875000
vt 0.000000 0.031250
vt 0.000000 0.437500
vt 0.000000 0.843750
vt 0.007813 0.000000
vt 0.000000 0.406250
vt 0.000000 0.812500
vt 0.000000 0.375000
vt 0.000000 0.781250
vt 0.000000 0.343750
vt 0.000000 0.750000
vt 0.000000 0.312500
vt 0.000000 0.718750
vt 0.000000 0.281250
vt 0.000000 0.687500
vt 1.000000 0.156250
vt 1.000000 0.187500
vt 0.984375 0.187500
vt 0.984375 0.156250
vt 1.000000 0.562500
vt 1.000000 0.593750
vt 0.984375 0.593750
vt 0.984375 0.562500
vt 1.000000 0.968750
vt 0.992188 1.000000
vt 0.984375 0.968750
vt 1.000000 0.125000
vt 0.984375 0.125000
vt 1.000000 0.531250
vt 0.984375 0.531250
vt 1.000000 0.937500
vt 0.984375 0.937500
vt 1.000000 0.093750
vt 0.984375 0.093750
vt 1.000000 0.500000
vt 0.984375 0.500000
vt 1.000000 0.906250
vt 0.984375 0.906250
vt 1.000000 0.062500
vt 0.984375 0.062500
vt 1.000000 0.468750
vt 0.984375 0.468750
vt 1.000000 0.875000
vt 0.984375 0.875000
vt 1.000000 0.031250
vt 0.984375 0.031250
vt 1.000000 0.437500
vt 0.984375 0.437500
vt 1.000000 0.843750
vt 0.984375 0.843750
vt 0.992188 0.000000
vt 1.000000 0.406250
vt 0.984375 0.406250
vt 1.000000 0.812500
vt 0.984375 0.812500
vt 1.000000 0.375000
vt 0.984375 0.375000
vt 1.000000 0.781250
vt 0.984375 0.781250
vt 1.000000 0.343750
vt 0.984375 0.343750
vt 1.000000 0.750000
vt 0.984375 0.750000
vt 1.000000 0.312500
vt 0.984375 0.312500
vt 1.000000 0.718750
vt 0.984375 0.718750
vt 1.000000 0.281250
vt 0.984375 0.281250
vt 1.000000 0.687500
vt 0.984375 0.687500
vt 1.000000 0.250000
vt 0.984375 0.250000
vt 1.000000 0.656250
vt 0.984375 0.656250
vt 1.000000 0.218750
vt 0.984375 0.218750
vt 1.000000 0.625000
vt 0.984375 0.625000
vt 0.968750 0.968750
vt 0.968750 0.937500
vt 0.968750 0.125000
vt 0.968750 0.093750
vt 0.968750 0.531250
vt 0.968750 0.500000
vt 0.968750 0.906250
vt 0.968750 0.062500
vt 0.968750 0.468750
vt 0.968750 0.875000
vt 0.968750 0.031250
vt 0.968750 0.437500
vt 0.968750 0.843750
vt 0.976563 0.000000
vt 0.968750 0.406250
vt 0.968750 0.812500
vt 0.968750 0.375000
vt 0.968750 0.781250
vt 0.968750 0.343750
vt 0.968750 0.750000
vt 0.968750 0.312500
vt 0.968750 0.718750
vt 0.968750 0.281250
vt 0.968750 0.687500
vt 0.968750 0.250000
vt 0.968750 0.656250
vt 0.968750 0.218750
vt 0.968750 0.625000
vt 0.968750 0.187500
vt 0.968750 0.593750
vt 0.968750 0.156250
vt 0.968750 0.562500
vt 0.976563 1.000000
vt 0.953125 0.906250
vt 0.953125 0.875000
vt 0.953125 0.062500
vt 0.953125 0.031250
vt 0.953125 0.468750
vt 0.953125 0.437500
vt 0.953125 0.843750
vt 0.960938 0.000000
vt 0.953125 0.406250
vt 0.953125 0.812500
vt 0.953125 0.375000
vt 0.953125 0.781250
vt 0.953125 0.343750
vt 0.953125 0.750000
vt 0.953125 0.312500
vt 0.953125 0.718750
vt 0.953125 0.281250
vt 0.953125 0.687500
vt 0.953125 0.250000
vt 0.953125 0.656250
vt 0.953125 0.218750
vt 0.953125 0.625000
vt 0.953125 0.187500
vt 0.953125 0.593750
vt 0.953125 0.156250
vt 0.953125 0.562500
vt 0.960938 1.000000
vt 0.953125 0.968750
vt 0.953125 0.125000
vt 0.953125 0.531250
vt 0.953125 0.937500
vt 0.953125 0.093750
vt 0.953125 0.500000
vt 0.937500 0.250000
vt 0.937500 0.218750
vt 0.937500 0.656250
vt 0.937500 0.625000
vt 0.937500 0.187500
vt 0.937500 0.593750
vt 0.937500 0.156250
vt 0.937500 0.562500
vt 0.945313 1.000000
vt 0.937500 0.968750
vt 0.937500 0.125000
vt 0.937500 0.531250
vt 0.937500 0.937500
vt 0.937500 0.093750
vt 0.937500 0.500000
vt 0.937500 0.906250
vt 0.937500 0.062500
vt 0.937500 0.468750
vt 0.937500 0.875000
vt 0.937500 0.031250
vt 0.937500 0.437500
vt 0.937500 0.843750
vt 0.945313 0.000000
vt 0.937500 0.406250
vt 0.937500 0.812500
vt 0.937500 0.375000
vt 0.937500 0.781250
vt 0.937500 0.343750
vt 0.937500 0.750000
vt 0.937500 0.312500
vt 0.937500 0.718750
vt 0.937500 0.281250
vt 0.937500 0.687500
vt 0.921875 0.187500
vt 0.921875 0.156250
vt 0.921875 0.593750
vt 0.921875 0.562500
vt 0.929688 1.000000
vt 0.921875 0.968750
vt 0.921875 0.125000
vt 0.921875 0.531250
vt 0.921875 0.937500
vt 0.921875 0.093750
vt 0.921875 0.500000
vt 0.921875 0.906250
vt 0.921875 0.062500
vt 0.921875 0.468750
vt 0.921875 0.875000
vt 0.921875 0.031250
vt 0.921875 0.437500
vt 0.921875 0.843750
vt 0.929688 0.000000
vt 0.921875 0.406250
vt 0.921875 0.812500
vt 0.921875 0.375000
vt 0.921875 0.781250
vt 0.921875 0.343750
vt 0.921875 0.750000
vt 0.921875 0.312500
vt 0.921875 0.718750
vt 0.921875 0.281250
vt 0.921875 0.687500
vt 0.921875 0.250000
vt 0.921875 0.656250
vt 0.921875 0.218750
vt 0.921875 0.625000
vt 0.906250 0.968750
vt 0.906250 0.937500
vt 0.906250 0.125000
vt 0.906250 0.093750
vt 0.906250 0.531250
vt 0.906250 0.500000
vt 0.906250 0.906250
vt 0.906250 0.062500
vt 0.906250 0.468750
vt 0.906250 0.875000
vt 0.906250 0.031250
vt 0.906250 0.437500
vt 0.906250 0.843750
vt 0.914063 0.000000
vt 0.906250 0.406250
vt 0.906250 0.812500
vt 0.906250 0.375000
vt 0.906250 0.781250
vt 0.906250 0.343750
vt 0.906250 0.750000
vt 0.906250 0.312500
vt 0.906250 0.718750
vt 0.906250 0.281250
vt 0.906250 0.687500
vt 0.906250 0.250000
vt 0.906250 0.656250
vt 0.906250 0.218750
vt 0.906250 0.625000
vt 0.906250 0.187500
vt 0.906250 0.593750
vt 0.906250 0.156250
vt 0.906250 0.562500
vt 0.914063 1.000000
vt 0.890625 0.906250
vt 0.890625 0.875000
vt 0.890625 0.062500
vt 0.890625 0.031250
vt 0.890625 0.468750
vt 0.890625 0.437500
vt 0.890625 0.843750
vt 0.898438 0.000000
vt 0.890625 0.406250
vt 0.890625 0.812500
vt 0.890625 0.375000
vt 0.890625 0.781250
vt 0.890625 0.343750
vt 0.890625 0.750000
vt 0.890625 0.312500
vt 0.890625 0.718750
vt 0.890625 0.281250
vt 0.890625 0.687500
vt 0.890625 0.250000
vt 0.890625 0.656250
vt 0.890625 0.218750
vt 0.890625 0.625000
vt 0.890625 0.187500
vt 0.890625 0.593750
vt 0.890625 0.156250
vt 0.890625 0.562500
vt 0.898438 1.000000
vt 0.890625 0.968750
vt 0.890625 0.125000
vt 0.890625 0.531250
vt 0.890625 0.937500
vt 0.890625 0.093750
vt 0.890625 0.500000
vt 0.875000 0.843750
vt 0.875000 0.812500
vt 0.875000 0.406250
vt 0.875000 0.375000
vt 0.875000 0.781250
vt 0.875000 0.343750
vt 0.875000 0.750000
vt 0.875000 0.312500
vt 0.875000 0.718750
vt 0.875000 0.281250
vt 0.875000 0.687500
vt 0.875000 0.250000
vt 0.875000 0.656250
vt 0.875000 0.218750
vt 0.875000 0.625000
vt 0.875000 0.187500
vt 0.875000 0.593750
vt 0.875000 0.156250
vt 0.875000 0.562500
vt 0.882813 1.000000
vt 0.875000 0.968750
vt 0.875000 0.125000
vt 0.875000 0.531250
vt 0.875000 0.937500
vt 0.875000 0.093750
vt 0.875000 0.500000
vt 0.875000 0.906250
vt 0.875000 0.062500
vt 0.875000 0.468750
vt 0.875000 0.875000
vt 0.875000 0.031250
vt 0.875000 0.437500
vt 0.882813 0.000000
vt 0.859375 0.781250
vt 0.859375 0.750000
vt 0.859375 0.343750
vt 0.859375 0.312500
vt 0.859375 0.718750
vt 0.859375 0.281250
vt 0.859375 0.687500
vt 0.859375 0.250000
vt 0.859375 0.656250
vt 0.859375 0.218750
vt 0.859375 0.625000
vt 0.859375 0.187500
vt 0.859375 0.593750
vt 0.859375 0.156250
vt 0.859375 0.562500
vt 0.867188 1.000000
vt 0.859375 0.968750
vt 0.859375 0.125000
vt 0.859375 0.531250
vt 0.859375 0.937500
vt 0.859375 0.093750
vt 0.859375 0.500000
vt 0.859375 0.906250
vt 0.859375 0.062500
vt 0.859375 0.468750
vt 0.859375 0.875000
vt 0.859375 0.031250
vt 0.859375 0.437500
vt 0.859375 0.843750
vt 0.867188 0.000000
vt 0.859375 0.406250
vt 0.859375 0.812500
vt 0.859375 0.375000
vt 0.843750 0.718750
vt 0.843750 0.687500
vt 0.843750 0.281250
vt 0.843750 0.250000
vt 0.843750 0.656250
vt 0.843750 0.218750
vt 0.843750 0.625000
vt 0.843750 0.187500
vt 0.843750 0.593750
vt 0.843750 0.156250
vt 0.843750 0.562500
vt 0.851563 1.000000
vt 0.843750 0.968750
vt 0.843750 0.125000
vt 0.843750 0.531250
vt 0.843750 0.937500
vt 0.843750 0.093750
vt 0.843750 0.500000
vt 0.843750 0.906250
vt 0.843750 0.062500
vt 0.843750 0.468750
vt 0.843750 0.875000
vt 0.843750 0.031250
vt 0.843750 0.437500
vt 0.843750 0.843750
vt 0.851563 0.000000
vt 0.843750 0.406250
vt 0.843750 0.812500
vt 0.843750 0.375000
vt 0.843750 0.781250
vt 0.843750 0.343750
vt 0.843750 0.750000
vt 0.843750 0.312500
vt 0.828125 0.656250
vt 0.828125 0.625000
vt 0.828125 0.218750
vt 0.828125 0.187500
vt 0.828125 0.593750
vt 0.828125 0.156250
vt 0.828125 0.562500
vt 0.835938 1.000000
vt 0.828125 0.968750
vt 0.828125 0.125000
vt 0.828125 0.531250
vt 0.828125 0.937500
vt 0.828125 0.093750
vt 0.828125 0.500000
vt 0.828125 0.906250
vt 0.828125 0.062500
vt 0.828125 0.468750
vt 0.828125 0.875000
vt 0.828125 0.031250
vt 0.828125 0.437500
vt 0.828125 0.843750
vt 0.835938 0.000000
vt 0.828125 0.406250
vt 0.828125 0.812500
vt 0.828125 0.375000
vt 0.828125 0.781250
vt 0.828125 0.343750
vt 0.828125 0.750000
vt 0.828125 0.312500
vt 0.828125 0.718750
vt 0.828125 0.281250
vt 0.828125 0.687500
vt 0.828125 0.250000
vt 0.812500 0.593750
vt 0.812500 0.562500
vt 0.820313 1.000000
vt 0.812500 0.968750
vt 0.812500 0.156250
vt 0.812500 0.125000
vt 0.812500 0.531250
vt 0.812500 0.937500
vt 0.812500 0.093750
vt 0.812500 0.500000
vt 0.812500 0.906250
vt 0.812500 0.062500
vt 0.812500 0.468750
vt 0.812500 0.875000
vt 0.812500 0.031250
vt 0.812500 0.437500
vt 0.812500 0.843750
vt 0.820313 0.000000
vt 0.812500 0.406250
vt 0.812500 0.812500
vt 0.812500 0.375000
vt 0.812500 0.781250
vt 0.812500 0.343750
vt 0.812500 0.750000
vt 0.812500 0.312500
vt 0.812500 0.718750
vt 0.812500 0.281250
vt 0.812500 0.687500
vt 0.812500 0.250000
vt 0.812500 0.656250
vt 0.812500 0.218750
vt 0.812500 0.625000
vt 0.812500 0.187500
vt 0.796875 0.531250
vt 0.796875 0.500000
vt 0.796875 0.937500
vt 0.796875 0.906250
vt 0.796875 0.093750
vt 0.796875 0.062500
vt 0.796875 0.468750
vt 0.796875 0.875000
vt 0.796875 0.031250
vt 0.796875 0.437500
vt 0.796875 0.843750
vt 0.804688 0.000000
vt 0.796875 0.406250
vt 0.796875 0.812500
vt 0.796875 0.375000
vt 0.796875 0.781250
vt 0.796875 0.343750
vt 0.796875 0.750000
vt 0.796875 0.312500
vt 0.796875 0.718750
vt 0.796875 0.281250
vt 0.796875 0.687500
vt 0.796875 0.250000
vt 0.796875 0.656250
vt 0.796875 0.218750
vt 0.796875 0.625000
vt 0.796875 0.187500
vt 0.796875 0.593750
vt 0.796875 0.156250
vt 0.796875 0.562500
vt 0.804688 1.000000
vt 0.796875 0.968750
vt 0.796875 0.125000
vt 0.781250 0.468750
vt 0.781250 0.437500
vt 0.781250 0.875000
vt 0.781250 0.843750
vt 0.789062 0.000000
vt 0.781250 0.031250
vt 0.781250 0.406250
vt 0.781250 0.812500
vt 0.781250 0.375000
vt 0.781250 0.781250
vt 0.781250 0.343750
vt 0.781250 0.750000
vt 0.781250 0.312500
vt 0.781250 0.718750
vt 0.781250 0.281250
vt 0.781250 0.687500
vt 0.781250 0.250000
vt 0.781250 0.656250
vt 0.781250 0.218750
vt 0.781250 0.625000
vt 0.781250 0.187500
vt 0.781250 0.593750
vt 0.781250 0.156250
vt 0.781250 0.562500
vt 0.789063 1.000000
vt 0.781250 0.968750
vt 0.781250 0.125000
vt 0.781250 0.531250
vt 0.781250 0.937500
vt 0.781250 0.093750
vt 0.781250 0.500000
vt 0.781250 0.906250
vt 0.781250 0.062500
vt 0.765625 0.406250
vt 0.765625 0.375000
vt 0.765625 0.812500
vt 0.765625 0.781250
vt 0.765625 0.343750
vt 0.765625 0.750000
vt 0.765625 0.312500
vt 0.765625 0.718750
vt 0.765625 0.281250
vt 0.765625 0.687500
vt 0.765625 0.250000
vt 0.765625 0.656250
vt 0.765625 0.218750
vt 0.765625 0.625000
vt 0.765625 0.187500
vt 0.765625 0.593750
vt 0.765625 0.156250
vt 0.765625 0.562500
vt 0.773438 1.000000
vt 0.765625 0.968750
vt 0.765625 0.125000
vt 0.765625 0.531250
vt 0.765625 0.937500
vt 0.765625 0.093750
vt 0.765625 0.500000
vt 0.765625 0.906250
vt 0.765625 0.062500
vt 0.765625 0.468750
vt 0.765625 0.875000
vt 0.765625 0.031250
vt 0.765625 0.437500
vt 0.765625 0.843750
vt 0.773438 0.000000
vt 0.757813 1.000000
vt 0.757812 0.000000
s 1
usemtl Jupiter
f 1975/1/1975 1974/2/1974 22/3/22 23/4/23
f 13/5/13 1979/6/1979 36/7/36 37/8/37
f 4/9/4 1975/1/1975 23/4/23 24/10/24
f 1980/11/1980 13/5/13 37/8/37 38/12/38
f 5/13/5 4/9/4 24/10/24 25/14/25
f 1981/15/1981 1980/11/1980 38/12/38 39/16/39
f 6/17/6 5/13/5 25/14/25 26/18/26
f 1982/19/1982 1981/15/1981 39/16/39 40/20/40
f 1976/21/1976 6/17/6 26/18/26 27/22/27
f 1983/23/1983 1982/19/1982 40/20/40 41/24/41
f 7/25/7 1976/21/1976 27/22/27 28/26/28
f 14/27/14 1983/23/1983 41/24/41 42/28/42
f 1977/29/1977 7/25/7 28/26/28 29/30/29
f 1984/31/1984 14/27/14 42/28/42 43/32/43
f 8/33/8 1977/29/1977 29/30/29 30/34/30
f 1985/35/1985 1984/31/1984 43/32/43 44/36/44
f 9/37/9 8/33/8 30/34/30 31/38/31
f 1/39/1 1445/40/1445 18/41/18
f 15/42/15 1985/35/1985 44/36/44 45/43/45
f 10/44/10 9/37/9 31/38/31 32/45/32
f 1973/46/1973 1/39/1 18/41/18 19/47/19
f 16/48/16 15/42/15 45/43/45 46/49/46
f 11/50/11 10/44/10 32/45/32 33/51/33
f 2/52/2 1973/46/1973 19/47/19 20/53/20
f 1986/54/1986 16/48/16 46/49/46 47/55/47
f 12/56/12 11/50/11 33/51/33 34/57/34
f 3/58/3 2/52/2 20/53/20 21/59/21
f 17/60/17 1986/54/1986 47/55/47 48/61/48
f 1978/62/1978 12/56/12 34/57/34 35/63/35
f 1974/2/1974 3/58/3 21/59/21 22/3/22
f 979/64/979 17/60/17 48/61/48
f 1979/6/1979 1978/62/1978 35/63/35 36/7/36
f 31/38/31 30/34/30 61/65/61 62/66/62
f 18/41/18 1445/67/1445 49/68/49
f 45/43/45 44/36/44 75/69/75 76/70/76
f 32/45/32 31/38/31 62/66/62 63/71/63
f 19/47/19 18/41/18 49/68/49 50/72/50
f 46/49/46 45/43/45 76/70/76 77/73/77
f 33/51/33 32/45/32 63/71/63 64/74/64
f 20/53/20 19/47/19 50/72/50 51/75/51
f 47/55/47 46/49/46 77/73/77 78/76/78
f 34/57/34 33/51/33 64/74/64 65/77/65
f 21/59/21 20/53/20 51/75/51 52/78/52
f 48/61/48 47/55/47 78/76/78 79/79/79
f 35/63/35 34/57/34 65/77/65 66/80/66
f 22/3/22 21/59/21 52/78/52 53/81/53
f 979/82/979 48/61/48 79/79/79
f 36/7/36 35/63/35 66/80/66 67/83/67
f 23/4/23 22/3/22 53/81/53 54/84/54
f 37/8/37 36/7/36 67/83/67 68/85/68
f 24/10/24 23/4/23 54/84/54 55/86/55
f 38/12/38 37/8/37 68/85/68 69/87/69
f 25/14/25 24/10/24 55/86/55 56/88/56
f 39/16/39 38/12/38 69/87/69 70/89/70
f 26/18/26 25/14/25 56/88/56 57/90/57
f 40/20/40 39/16/39 70/89/70 71/91/71
f 27/22/27 26/18/26 57/90/57 58/92/58
f 41/24/41 40/20/40 71/91/71 72/93/72
f 28/26/28 27/22/27 58/92/58 59/94/59
f 42/28/42 41/24/41 72/93/72 73/95/73
f 29/30/29 28/26/28 59/94/59 60/96/60
f 43/32/43 42/28/42 73/95/73 74/97/74
f 30/34/30 29/30/29 60/96/60 61/65/61
f 44/36/44 43/32/43 74/97/74 75/69/75
f 64/74/64 63/71/63 94/98/94 95/99/95
f 51/75/51 50/72/50 81/100/81 82/101/82
f 78/76/78 77/73/77 108/102/108 109/103/109
f 65/77/65 64/74/64 95/99/95 96/104/96
f 52/78/52 51/75/51 82/101/82 83/105/83
f 79/79/79 78/76/78 109/103/109 110/106/110
f 66/80/66 65/77/65 96/104/96 97/107/97
f 53/81/53 52/78/52 83/105/83 84/108/84
f 979/109/979 79/79/79 110/106/110
f 67/83/67 66/80/66 97/107/97 98/110/98
f 54/84/54 53/81/53 84/108/84 85/111/85
f 68/85/68 67/83/67 98/110/98 99/112/99
f 55/86/55 54/84/54 85/111/85 86/113/86
f 69/87/69 68/85/68 99/112/99 100/114/100
f 56/88/56 55/86/55 86/113/86 87/115/87
f 70/89/70 69/87/69 100/114/100 101/116/101
f 57/90/57 56/88/56 87/115/87 88/117/88
f 71/91/71 70/89/70 101/116/101 102/118/102
f 58/92/58 57/90/57 88/117/88 89/119/89
f 72/93/72 71/91/71 102/118/102 103/120/103
f 59/94/59 58/92/58 89/119/89 90/121/90
f 73/95/73 72/93/72 103/120/103 104/122/104
f 60/96/60 59/94/59 90/121/90 91/123/91
f 74/97/74 73/95/73 104/122/104 105/124/105
f 61/65/61 60/96/60 91/123/91 92/125/92
f 75/69/75 74/97/74 105/124/105 106/126/106
f 62/66/62 61/65/61 92/125/92 93/127/93
f 49/68/49 1445/128/1445 80/129/80
f 76/70/76 75/69/75 106/126/106 107/130/107
f 63/71/63 62/66/62 93/127/93 94/98/94
f 50/72/50 49/68/49 80/129/80 81/100/81
f 77/73/77 76/70/76 107/130/107 108/102/108
f 97/107/97 96/104/96 127/131/127 128/132/128
f 84/108/84 83/105/83 114/133/114 115/134/115
f 979/135/979 110/106/110 141/136/141
f 98/110/98 97/107/97 128/132/128 129/137/129
f 85/111/85 84/108/84 115/134/115 116/138/116
f 99/112/99 98/110/98 129/137/129 130/139/130
f 86/113/86 85/111/85 116/138/116 117/140/117
f 100/114/100 99/112/99 130/139/130 131/141/131
f 87/115/87 86/113/86 117/140/117 118/142/118
f 101/116/101 100/114/100 131/141/131 132/143/132
f 88/117/88 87/115/87 118/142/118 119/144/119
f 102/118/102 101/116/101 132/143/132 133/145/133
f 89/119/89 88/117/88 119/144/119 120/146/120
f 103/120/103 102/118/102 133/145/133 134/147/134
f 90/121/90 89/119/89 120/146/120 121/148/121
f 104/122/104 103/120/103 134/147/134 135/149/135
f 91/123/91 90/121/90 121/148/121 122/150/122
f 105/124/105 104/122/104 135/149/135 136/151/136
f 92/125/92 91/123/91 122/150/122 123/152/123
f 106/126/106 105/124/105 136/151/136 137/153/137
f 93/127/93 92/125/92 123/152/123 124/154/124
f 80/129/80 1445/155/1445 111/156/111
f 107/130/107 106/126/106 137/153/137 138/157/138
f 94/98/94 93/127/93 124/154/124 125/158/125
f 81/100/81 80/129/80 111/156/111 112/159/112
f 108/102/108 107/130/107 138/157/138 139/160/139
f 95/99/95 94/98/94 125/158/125 126/161/126
f 82/101/82 81/100/81 112/159/112 113/162/113
f 109/103/109 108/102/108 139/160/139 140/163/140
f 96/104/96 95/99/95 126/161/126 127/131/127
f 83/105/83 82/101/82 113/162/113 114/133/114
f 110/106/110 109/103/109 140/163/140 141/136/141
f 130/139/130 129/137/129 160/164/160 161/165/161
f 117/140/117 116/138/116 147/166/147 148/167/148
f 131/141/131 130/139/130 161/165/161 162/168/162
f 118/142/118 117/140/117 148/167/148 149/169/149
f 132/143/132 131/141/131 162/168/162 163/170/163
f 119/144/119 118/142/118 149/169/149 150/171/150
f 133/145/133 132/143/132 163/170/163 164/172/164
f 120/146/120 119/144/119 150/171/150 151/173/151
f 134/147/134 133/145/133 164/172/164 165/174/165
f 121/148/121 120/146/120 151/173/151 152/175/152
f 135/149/135 134/147/134 165/174/165 166/176/166
f 122/150/122 121/148/121 152/175/152 153/177/153
f 136/151/136 135/149/135 166/176/166 167/178/167
f 123/152/123 122/150/122 153/177/153 154/179/154
f 137/153/137 136/151/136 167/178/167 168/180/168
f 124/154/124 123/152/123 154/179/154 155/181/155
f 111/156/111 1445/182/1445 142/183/142
f 138/157/138 137/153/137 168/180/168 169/184/169
f 125/158/125 124/154/124 155/181/155 156/185/156
f 112/159/112 111/156/111 142/183/142 143/186/143
f 139/160/139 138/157/138 169/184/169 170/187/170
f 126/161/126 125/158/125 156/185/156 157/188/157
f 113/162/113 112/159/112 143/186/143 144/189/144
f 140/163/140 139/160/139 170/187/170 171/190/171
f 127/131/127 126/161/126 157/188/157 158/191/158
f 114/133/114 113/162/113 144/189/144 145/192/145
f 141/136/141 140/163/140 171/190/171 172/193/172
f 128/132/128 127/131/127 158/191/158 159/194/159
f 115/134/115 114/133/114 145/192/145 146/195/146
f 979/196/979 141/136/141 172/193/172
f 129/137/129 128/132/128 159/194/159 160/164/160
f 116/138/116 115/134/115 146/195/146 147/166/147
f 163/170/163 162/168/162 193/197/193 194/198/194
f 150/171/150 149/169/149 180/199/180 181/200/181
f 164/172/164 163/170/163 194/198/194 195/201/195
f 151/173/151 150/171/150 181/200/181 182/202/182
f 165/174/165 164/172/164 195/201/195 196/203/196
f 152/175/152 151/173/151 182/202/182 183/204/183
f 166/176/166 165/174/165 196/203/196 197/205/197
f 153/177/153 152/175/152 183/204/183 184/206/184
f 167/178/167 166/176/166 197/205/197 198/207/198
f 154/179/154 153/177/153 184/206/184 185/208/185
f 168/180/168 167/178/167 198/207/198 199/209/199
f 155/181/155 154/179/154 185/208/185 186/210/186
f 142/183/142 1445/211/1445 173/212/173
f 169/184/169 168/180/168 199/209/199 200/213/200
f 156/185/156 155/181/155 186/210/186 187/214/187
f 143/186/143 142/183/142 173/212/173 174/215/174
f 170/187/170 169/184/169 200/213/200 201/216/201
f 157/188/157 156/185/156 187/214/187 188/217/188
f 144/189/144 143/186/143 174/215/174 175/218/175
f 171/190/171 170/187/170 201/216/201 202/219/202
f 158/191/158 157/188/157 188/217/188 189/220/189
f 145/192/145 144/189/144 175/218/175 176/221/176
f 172/193/172 171/190/171 202/219/202 203/222/203
f 159/194/159 158/191/158 189/220/189 190/223/190
f 146/195/146 145/192/145 176/221/176 177/224/177
f 979/225/979 172/193/172 203/222/203
f 160/164/160 159/194/159 190/223/190 191/226/191
f 147/166/147 146/195/146 177/224/177 178/227/178
f 161/165/161 160/164/160 191/226/191 192/228/192
f 148/167/148 147/166/147 178/227/178 179/229/179
f 162/168/162 161/165/161 192/228/192 193/197/193
f 149/169/149 148/167/148 179/229/179 180/199/180
f 196/203/196 195/201/195 226/230/226 227/231/227
f 183/204/183 182/202/182 213/232/213 214/233/214
f 197/205/197 196/203/196 227/231/227 228/234/228
f 184/206/184 183/204/183 214/233/214 215/235/215
f 198/207/198 197/205/197 228/234/228 229/236/229
f 185/208/185 184/206/184 215/235/215 216/237/216
f 199/209/199 198/207/198 229/236/229 230/238/230
f 186/210/186 185/208/185 216/237/216 217/239/217
f 173/212/173 1445/240/1445 204/241/204
f 200/213/200 199/209/199 230/238/230 231/242/231
f 187/214/187 186/210/186 217/239/217 218/243/218
f 174/215/174 173/212/173 204/241/204 205/244/205
f 201/216/201 200/213/200 231/242/231 232/245/232
f 188/217/188 187/214/187 218/243/218 219/246/219
f 175/218/175 174/215/174 205/244/205 206/247/206
f 202/219/202 201/216/201 232/245/232 233/248/233
f 189/220/189 188/217/188 219/246/219 220/249/220
f 176/221/176 175/218/175 206/247/206 207/250/207
f 203/222/203 202/219/202 233/248/233 234/251/234
f 190/223/190 189/220/189 220/249/220 221/252/221
f 177/224/177 176/221/176 207/250/207 208/253/208
f 979/254/979 203/222/203 234/251/234
f 191/226/191 190/223/190 221/252/221 222/255/222
f 178/227/178 177/224/177 208/253/208 209/256/209
f 192/228/192 191/226/191 222/255/222 223/257/223
f 179/229/179 178/227/178 209/256/209 210/258/210
f 193/197/193 192/228/192 223/257/223 224/259/224
f 180/199/180 179/229/179 210/258/210 211/260/211
f 194/198/194 193/197/193 224/259/224 225/261/225
f 181/200/181 180/199/180 211/260/211 212/262/212
f 195/201/195 194/198/194 225/261/225 226/230/226
f 182/202/182 181/200/181 212/262/212 213/232/213
f 229/236/229 228/234/228 259/263/259 260/264/260
f 216/237/216 215/235/215 246/265/246 247/266/247
f 230/238/230 229/236/229 260/264/260 261/267/261
f 217/239/217 216/237/216 247/266/247 248/268/248
f 204/241/204 1445/269/1445 235/270/235
f 231/242/231 230/238/230 261/267/261 262/271/262
f 218/243/218 217/239/217 248/268/248 249/272/249
f 205/244/205 204/241/204 235/270/235 236/273/236
f 232/245/232 231/242/231 262/271/262 263/274/263
f 219/246/219 218/243/218 249/272/249 250/275/250
f 206/247/206 205/244/205 236/273/236 237/276/237
f 233/248/233 232/245/232 263/274/263 264/277/264
f 220/249/220 219/246/219 250/275/250 251/278/251
f 207/250/207 206/247/206 237/276/237 238/279/238
f 234/251/234 233/248/233 264/277/264 265/280/265
f 221/252/221 220/249/220 251/278/251 252/281/252
f 208/253/208 207/250/207 238/279/238 239/282/239
f 979/283/979 234/251/234 265/280/265
f 222/255/222 221/252/221 252/281/252 253/284/253
f 209/256/209 208/253/208 239/282/239 240/285/240
f 223/257/223 222/255/222 253/284/253 254/286/254
f 210/258/210 209/256/209 240/285/240 241/287/241
f 224/259/224 223/257/223 254/286/254 255/288/255
f 211/260/211 210/258/210 241/287/241 242/289/242
f 225/261/225 224/259/224 255/288/255 256/290/256
f 212/262/212 211/260/211 242/289/242 243/291/243
f 226/230/226 225/261/225 256/290/256 257/292/257
f 213/232/213 212/262/212 243/291/243 244/293/244
f 227/231/227 226/230/226 257/292/257 258/294/258
f 214/233/214 213/232/213 244/293/244 245/295/245
f 228/234/228 227/231/227 258/294/258 259/263/259
f 215/235/215 214/233/214 245/295/245 246/265/246
f 262/271/262 261/267/261 292/296/292 293/297/293
f 249/272/249 248/268/248 279/298/279 280/299/280
f 236/273/236 235/270/235 266/300/266 267/301/267
f 263/274/263 262/271/262 293/297/293 294/302/294
f 250/275/250 249/272/249 280/299/280 281/303/281
f 237/276/237 236/273/236 267/301/267 268/304/268
f 264/277/264 263/274/263 294/302/294 295/305/295
f 251/278/251 250/275/250 281/303/281 282/306/282
f 238/279/238 237/276/237 268/304/268 269/307/269
f 265/280/265 264/277/264 295/305/295 296/308/296
f 252/281/252 251/278/251 282/306/282 283/309/283
f 239/282/239 238/279/238 269/307/269 270/310/270
f 979/311/979 265/280/265 296/308/296
f 253/284/253 252/281/252 283/309/283 284/312/284
f 240/285/240 239/282/239 270/310/270 271/313/271
f 254/286/254 253/284/253 284/312/284 285/314/285
f 241/287/241 240/285/240 271/313/271 272/315/272
f 255/288/255 254/286/254 285/314/285 286/316/286
f 242/289/242 241/287/241 272/315/272 273/317/273
f 256/290/256 255/288/255 286/316/286 287/318/287
f 243/291/243 242/289/242 273/317/273 274/319/274
f 257/292/257 256/290/256 287/318/287 288/320/288
f 244/293/244 243/291/243 274/319/274 275/321/275
f 258/294/258 257/292/257 288/320/288 289/322/289
f 245/295/245 244/293/244 275/321/275 276/323/276
f 259/263/259 258/294/258 289/322/289 290/324/290
f 246/265/246 245/295/245 276/323/276 277/325/277
f 260/264/260 259/263/259 290/324/290 291/326/291
f 247/266/247 246/265/246 277/325/277 278/327/278
f 261/267/261 260/264/260 291/326/291 292/296/292
f 248/268/248 247/266/247 278/327/278 279/298/279
f 235/270/235 1445/328/1445 266/300/266
f 295/305/295 294/302/294 325/329/325 326/330/326
f 282/306/282 281/303/281 312/331/312 313/332/313
f 269/307/269 268/304/268 299/333/299 300/334/300
f 296/308/296 295/305/295 326/330/326 327/335/327
f 283/309/283 282/306/282 313/332/313 314/336/314
f 270/310/270 269/307/269 300/334/300 301/337/301
f 979/338/979 296/308/296 327/335/327
f 284/312/284 283/309/283 314/336/314 315/339/315
f 271/313/271 270/310/270 301/337/301 302/340/302
f 285/314/285 284/312/284 315/339/315 316/341/316
f 272/315/272 271/313/271 302/340/302 303/342/303
f 286/316/286 285/314/285 316/341/316 317/343/317
f 273/317/273 272/315/272 303/342/303 304/344/304
f 287/318/287 286/316/286 317/343/317 318/345/318
f 274/319/274 273/317/273 304/344/304 305/346/305
f 288/320/288 287/318/287 318/345/318 319/347/319
f 275/321/275 274/319/274 305/346/305 306/348/306
f 289/322/289 288/320/288 319/347/319 320/349/320
f 276/323/276 275/321/275 306/348/306 307/350/307
f 290/324/290 289/322/289 320/349/320 321/351/321
f 277/325/277 276/323/276 307/350/307 308/352/308
f 291/326/291 290/324/290 321/351/321 322/353/322
f 278/327/278 277/325/277 308/352/308 309/354/309
f 292/296/292 291/326/291 322/353/322 323/355/323
f 279/298/279 278/327/278 309/354/309 310/356/310
f 266/300/266 1445/357/1445 297/358/297
f 293/297/293 292/296/292 323/355/323 324/359/324
f 280/299/280 279/298/279 310/356/310 311/360/311
f 267/301/267 266/300/266 297/358/297 298/361/298
f 294/302/294 293/297/293 324/359/324 325/329/325
f 281/303/281 280/299/280 311/360/311 312/331/312
f 268/304/268 267/301/267 298/361/298 299/333/299
f 979/362/979 327/335/327 358/363/358
f 315/339/315 314/336/314 345/364/345 346/365/346
f 302/340/302 301/337/301 332/366/332 333/367/333
f 316/341/316 315/339/315 346/365/346 347/368/347
f 303/342/303 302/340/302 333/367/333 334/369/334
f 317/343/317 316/341/316 347/368/347 348/370/348
f 304/344/304 303/342/303 334/369/334 335/371/335
f 318/345/318 317/343/317 348/370/348 349/372/349
f 305/346/305 304/344/304 335/371/335 336/373/336
f 319/347/319 318/345/318 349/372/349 350/374/350
f 306/348/306 305/346/305 336/373/336 337/375/337
f 320/349/320 319/347/319 350/374/350 351/376/351
f 307/350/307 306/348/306 337/375/337 338/377/338
f 321/351/321 320/349/320 351/376/351 352/378/352
f 308/352/308 307/350/307 338/377/338 339/379/339
f 322/353/322 321/351/321 352/378/352 353/380/353
f 309/354/309 308/352/308 339/379/339 340/381/340
f 323/355/323 322/353/322 353/380/353 354/382/354
f 310/356/310 309/354/309 340/381/340 341/383/341
f 297/358/297 1445/384/1445 328/385/328
f 324/359/324 323/355/323 354/382/354 355/386/355
f 311/360/311 310/356/310 341/383/341 342/387/342
f 298/361/298 297/358/297 328/385/328 329/388/329
f 325/329/325 324/359/324 355/386/355 356/389/356
f 312/331/312 311/360/311 342/387/342 343/390/343
f 299/333/299 298/361/298 329/388/329 330/391/330
f 326/330/326 325/329/325 356/389/356 357/392/357
f 313/332/313 312/331/312 343/390/343 344/393/344
f 300/334/300 299/333/299 330/391/330 331/394/331
f 327/335/327 326/330/326 357/392/357 358/363/358
f 314/336/314 313/332/313 344/393/344 345/364/345
f 301/337/301 300/334/300 331/394/331 332/366/332
f 348/370/348 347/368/347 378/395/378 379/396/379
f 335/371/335 334/369/334 365/397/365 366/398/366
f 349/372/349 348/370/348 379/396/379 380/399/380
f 336/373/336 335/371/335 366/398/366 367/400/367
f 350/374/350 349/372/349 380/399/380 381/401/381
f 337/375/337 336/373/336 367/400/367 368/402/368
f 351/376/351 350/374/350 381/401/381 382/403/382
f 338/377/338 337/375/337 368/402/368 369/404/369
f 352/378/352 351/376/351 382/403/382 383/405/383
f 339/379/339 338/377/338 369/404/369 370/406/370
f 353/380/353 352/378/352 383/405/383 384/407/384
f 340/381/340 339/379/339 370/406/370 371/408/371
f 354/382/354 353/380/353 384/407/384 385/409/385
f 341/383/341 340/381/340 371/408/371 372/410/372
f 328/385/328 1445/411/1445 359/412/359
f 355/386/355 354/382/354 385/409/385 386/413/386
f 342/387/342 341/383/341 372/410/372 373/414/373
f 329/388/329 328/385/328 359/412/359 360/415/360
f 356/389/356 355/386/355 386/413/386 387/416/387
f 343/390/343 342/387/342 373/414/373 374/417/374
f 330/391/330 329/388/329 360/415/360 361/418/361
f 357/392/357 356/389/356 387/416/387 388/419/388
f 344/393/344 343/390/343 374/417/374 375/420/375
f 331/394/331 330/391/330 361/418/361 362/421/362
f 358/363/358 357/392/357 388/419/388 389/422/389
f 345/364/345 344/393/344 375/420/375 376/423/376
f 332/366/332 331/394/331 362/421/362 363/424/363
f 979/425/979 358/363/358 389/422/389
f 346/365/346 345/364/345 376/423/376 377/426/377
f 333/367/333 332/366/332 363/424/363 364/427/364
f 347/368/347 346/365/346 377/426/377 378/395/378
f 334/369/334 333/367/333 364/427/364 365/397/365
f 381/401/381 380/399/380 411/428/411 412/429/412
f 368/402/368 367/400/367 398/430/398 399/431/399
f 382/403/382 381/401/381 412/429/412 413/432/413
f 369/404/369 368/402/368 399/431/399 400/433/400
f 383/405/383 382/403/382 413/432/413 414/434/414
f 370/406/370 369/404/369 400/433/400 401/435/401
f 384/407/384 383/405/383 414/434/414 415/436/415
f 371/408/371 370/406/370 401/435/401 402/437/402
f 385/409/385 384/407/384 415/436/415 416/438/416
f 372/410/372 371/408/371 402/437/402 403/439/403
f 359/412/359 1445/440/1445 390/441/390
f 386/413/386 385/409/385 416/438/416 417/442/417
f 373/414/373 372/410/372 403/439/403 404/443/404
f 360/415/360 359/412/359 390/441/390 391/444/391
f 387/416/387 386/413/386 417/442/417 418/445/418
f 374/417/374 373/414/373 404/443/404 405/446/405
f 361/418/361 360/415/360 391/444/391 392/447/392
f 388/419/388 387/416/387 418/445/418 419/448/419
f 375/420/375 374/417/374 405/446/405 406/449/406
f 362/421/362 361/418/361 392/447/392 393/450/393
f 389/422/389 388/419/388 419/448/419 420/451/420
f 376/423/376 375/420/375 406/449/406 407/452/407
f 363/424/363 362/421/362 393/450/393 394/453/394
f 979/454/979 389/422/389 420/451/420
f 377/426/377 376/423/376 407/452/407 408/455/408
f 364/427/364 363/424/363 394/453/394 395/456/395
f 378/395/378 377/426/377 408/455/408 409/457/409
f 365/397/365 364/427/364 395/456/395 396/458/396
f 379/396/379 378/395/378 409/457/409 410/459/410
f 366/398/366 365/397/365 396/458/396 397/460/397
f 380/399/380 379/396/379 410/459/410 411/428/411
f 367/400/367 366/398/366 397/460/397 398/430/398
f 414/434/414 413/432/413 444/461/444 445/462/445
f 401/435/401 400/433/400 431/463/431 432/464/432
f 415/436/415 414/434/414 445/462/445 446/465/446
f 402/437/402 401/435/401 432/464/432 433/466/433
f 416/438/416 415/436/415 446/465/446 447/467/447
f 403/439/403 402/437/402 433/466/433 434/468/434
f 390/441/390 1445/469/1445 421/470/421
f 417/442/417 416/438/416 447/467/447 448/471/448
f 404/443/404 403/439/403 434/468/434 435/472/435
f 391/444/391 390/441/390 421/470/421 422/473/422
f 418/445/418 417/442/417 448/471/448 449/474/449
f 405/446/405 404/443/404 435/472/435 436/475/436
f 392/447/392 391/444/391 422/473/422 423/476/423
f 419/448/419 418/445/418 449/474/449 450/477/450
f 406/449/406 405/446/405 436/475/436 437/478/437
f 393/450/393 392/447/392 423/476/423 424/479/424
f 420/451/420 419/448/419 450/477/450 451/480/451
f 407/452/407 406/449/406 437/478/437 438/481/438
f 394/453/394 393/450/393 424/479/424 425/482/425
f 979/483/979 420/451/420 451/480/451
f 408/455/408 407/452/407 438/481/438 439/484/439
f 395/456/395 394/453/394 425/482/425 426/485/426
f 409/457/409 408/455/408 439/484/439 440/486/440
f 396/458/396 395/456/395 426/485/426 427/487/427
f 410/459/410 409/457/409 440/486/440 441/488/441
f 397/460/397 396/458/396 427/487/427 428/489/428
f 411/428/411 410/459/410 441/488/441 442/490/442
f 398/430/398 397/460/397 428/489/428 429/491/429
f 412/429/412 411/428/411 442/490/442 443/492/443
f 399/431/399 398/430/398 429/491/429 430/493/430
f 413/432/413 412/429/412 443/492/443 444/461/444
f 400/433/400 399/431/399 430/493/430 431/463/431
f 447/467/447 446/465/446 477/494/477 478/495/478
f 434/468/434 433/466/433 464/496/464 465/497/465
f 421/470/421 1445/498/1445 452/499/452
f 448/471/448 447/467/447 478/495/478 479/500/479
f 435/472/435 434/468/434 465/497/465 466/501/466
f 422/473/422 421/470/421 452/499/452 453/502/453
f 449/474/449 448/471/448 479/500/479 480/503/480
f 436/475/436 435/472/435 466/501/466 467/504/467
f 423/476/423 422/473/422 453/502/453 454/505/454
f 450/477/450 449/474/449 480/503/480 481/506/481
f 437/478/437 436/475/436 467/504/467 468/507/468
f 424/479/424 423/476/423 454/505/454 455/508/455
f 451/480/451 450/477/450 481/506/481 482/509/482
f 438/481/438 437/478/437 468/507/468 469/510/469
f 425/482/425 424/479/424 455/508/455 456/511/456
f 979/512/979 451/480/451 482/509/482
f 439/484/439 438/481/438 469/510/469 470/513/470
f 426/485/426 425/482/425 456/511/456 457/514/457
f 440/486/440 439/484/439 470/513/470 471/515/471
f 427/487/427 426/485/426 457/514/457 458/516/458
f 441/488/441 440/486/440 471/515/471 472/517/472
f 428/489/428 427/487/427 458/516/458 459/518/459
f 442/490/442 441/488/441 472/517/472 473/519/473
f 429/491/429 428/489/428 459/518/459 460/520/460
f 443/492/443 442/490/442 473/519/473 474/521/474
f 430/493/430 429/491/429 460/520/460 461/522/461
f 444/461/444 443/492/443 474/521/474 475/523/475
f 431/463/431 430/493/430 461/522/461 462/524/462
f 445/462/445 444/461/444 475/523/475 476/525/476
f 432/464/432 431/463/431 462/524/462 463/526/463
f 446/465/446 445/462/445 476/525/476 477/494/477
f 433/466/433 432/464/432 463/526/463 464/496/464
f 453/502/453 452/499/452 483/527/483 484/528/484
f 480/503/480 479/500/479 510/529/510 511/530/511
f 467/504/467 466/501/466 497/531/497 498/532/498
f 454/505/454 453/502/453 484/528/484 485/533/485
f 481/506/481 480/503/480 511/530/511 512/534/512
f 468/507/468 467/504/467 498/532/498 499/535/499
f 455/508/455 454/505/454 485/533/485 486/536/486
f 482/509/482 481/506/481 512/534/512 513/537/513
f 469/510/469 468/507/468 499/535/499 500/538/500
f 456/511/456 455/508/455 486/536/486 487/539/487
f 979/540/979 482/509/482 513/537/513
f 470/513/470 469/510/469 500/538/500 501/541/501
f 457/514/457 456/511/456 487/539/487 488/542/488
f 471/515/471 470/513/470 501/541/501 502/543/502
f 458/516/458 457/514/457 488/542/488 489/544/489
f 472/517/472 471/515/471 502/543/502 503/545/503
f 459/518/459 458/516/458 489/544/489 490/546/490
f 473/519/473 472/517/472 503/545/503 504/547/504
f 460/520/460 459/518/459 490/546/490 491/548/491
f 474/521/474 473/519/473 504/547/504 505/549/505
f 461/522/461 460/520/460 491/548/491 492/550/492
f 475/523/475 474/521/474 505/549/505 506/551/506
f 462/524/462 461/522/461 492/550/492 493/552/493
f 476/525/476 475/523/475 506/551/506 507/553/507
f 463/526/463 462/524/462 493/552/493 494/554/494
f 477/494/477 476/525/476 507/553/507 508/555/508
f 464/496/464 463/526/463 494/554/494 495/556/495
f 478/495/478 477/494/477 508/555/508 509/557/509
f 465/497/465 464/496/464 495/556/495 496/558/496
f 452/499/452 1445/559/1445 483/527/483
f 479/500/479 478/495/478 509/557/509 510/529/510
f 466/501/466 465/497/465 496/558/496 497/531/497
f 486/536/486 485/533/485 516/560/516 517/561/517
f 513/537/513 512/534/512 543/562/543 544/563/544
f 500/538/500 499/535/499 530/564/530 531/565/531
f 487/539/487 486/536/486 517/561/517 518/566/518
f 979/567/979 513/537/513 544/563/544
f 501/541/501 500/538/500 531/565/531 532/568/532
f 488/542/488 487/539/487 518/566/518 519/569/519
f 502/543/502 501/541/501 532/568/532 533/570/533
f 489/544/489 488/542/488 519/569/519 520/571/520
f 503/545/503 502/543/502 533/570/533 534/572/534
f 490/546/490 489/544/489 520/571/520 521/573/521
f 504/547/504 503/545/503 534/572/534 535/574/535
f 491/548/491 490/546/490 521/573/521 522/575/522
f 505/549/505 504/547/504 535/574/535 536/576/536
f 492/550/492 491/548/491 522/575/522 523/577/523
f 506/551/506 505/549/505 536/576/536 537/578/537
f 493/552/493 492/550/492 523/577/523 524/579/524
f 507/553/507 506/551/506 537/578/537 538/580/538
f 494/554/494 493/552/493 524/579/524 525/581/525
f 508/555/508 507/553/507 538/580/538 539/582/539
f 495/556/495 494/554/494 525/581/525 526/583/526
f 509/557/509 508/555/508 539/582/539 540/584/540
f 496/558/496 495/556/495 526/583/526 527/585/527
f 483/527/483 1445/586/1445 514/587/514
f 510/529/510 509/557/509 540/584/540 541/588/541
f 497/531/497 496/558/496 527/585/527 528/589/528
f 484/528/484 483/527/483 514/587/514 515/590/515
f 511/530/511 510/529/510 541/588/541 542/591/542
f 498/532/498 497/531/497 528/589/528 529/592/529
f 485/533/485 484/528/484 515/590/515 516/560/516
f 512/534/512 511/530/511 542/591/542 543/562/543
f 499/535/499 498/532/498 529/592/529 530/564/530
f 519/569/519 518/566/518 549/593/549 550/594/550
f 533/570/533 532/568/532 563/595/563 564/596/564
f 520/571/520 519/569/519 550/594/550 551/597/551
f 534/572/534 533/570/533 564/596/564 565/598/565
f 521/573/521 520/571/520 551/597/551 552/599/552
f 535/574/535 534/572/534 565/598/565 566/600/566
f 522/575/522 521/573/521 552/599/552 553/601/553
f 536/576/536 535/574/535 566/600/566 567/602/567
f 523/577/523 522/575/522 553/601/553 554/603/554
f 537/578/537 536/576/536 567/602/567 568/604/568
f 524/579/524 523/577/523 554/603/554 555/605/555
f 538/580/538 537/578/537 568/604/568 569/606/569
f 525/581/525 524/579/524 555/605/555 556/607/556
f 539/582/539 538/580/538 569/606/569 570/608/570
f 526/583/526 525/581/525 556/607/556 557/609/557
f 540/584/540 539/582/539 570/608/570 571/610/571
f 527/585/527 526/583/526 557/609/557 558/611/558
f 514/587/514 1445/612/1445 545/613/545
f 541/588/541 540/584/540 571/610/571 572/614/572
f 528/589/528 527/585/527 558/611/558 559/615/559
f 515/590/515 514/587/514 545/613/545 546/616/546
f 542/591/542 541/588/541 572/614/572 573/617/573
f 529/592/529 528/589/528 559/615/559 560/618/560
f 516/560/516 515/590/515 546/616/546 547/619/547
f 543/562/543 542/591/542 573/617/573 574/620/574
f 530/564/530 529/592/529 560/618/560 561/621/561
f 517/561/517 516/560/516 547/619/547 548/622/548
f 544/563/544 543/562/543 574/620/574 575/623/575
f 531/565/531 530/564/530 561/621/561 562/624/562
f 518/566/518 517/561/517 548/622/548 549/593/549
f 979/625/979 544/563/544 575/623/575
f 532/568/532 531/565/531 562/624/562 563/595/563
f 552/599/552 551/597/551 582/626/582 583/627/583
f 566/600/566 565/598/565 596/628/596 597/629/597
f 553/601/553 552/599/552 583/627/583 584/630/584
f 567/602/567 566/600/566 597/629/597 598/631/598
f 554/603/554 553/601/553 584/630/584 585/632/585
f 568/604/568 567/602/567 598/631/598 599/633/599
f 555/605/555 554/603/554 585/632/585 586/634/586
f 569/606/569 568/604/568 599/633/599 600/635/600
f 556/607/556 555/605/555 586/634/586 587/636/587
f 570/608/570 569/606/569 600/635/600 601/637/601
f 557/609/557 556/607/556 587/636/587 588/638/588
f 571/610/571 570/608/570 601/637/601 602/639/602
f 558/611/558 557/609/557 588/638/588 589/640/589
f 545/613/545 1445/641/1445 576/642/576
f 572/614/572 571/610/571 602/639/602 603/643/603
f 559/615/559 558/611/558 589/640/589 590/644/590
f 546/616/546 545/613/545 576/642/576 577/645/577
f 573/617/573 572/614/572 603/643/603 604/646/604
f 560/618/560 559/615/559 590/644/590 591/647/591
f 547/619/547 546/616/546 577/645/577 578/648/578
f 574/620/574 573/617/573 604/646/604 605/649/605
f 561/621/561 560/618/560 591/647/591 592/650/592
f 548/622/548 547/619/547 578/648/578 579/651/579
f 575/623/575 574/620/574 605/649/605 606/652/606
f 562/624/562 561/621/561 592/650/592 593/653/593
f 549/593/549 548/622/548 579/651/579 580/654/580
f 979/655/979 575/623/575 606/652/606
f 563/595/563 562/624/562 593/653/593 594/656/594
f 550/594/550 549/593/549 580/654/580 581/657/581
f 564/596/564 563/595/563 594/656/594 595/658/595
f 551/597/551 550/594/550 581/657/581 582/626/582
f 565/598/565 564/596/564 595/658/595 596/628/596
f 585/632/585 584/630/584 615/659/615 616/660/616
f 599/633/599 598/631/598 629/661/629 630/662/630
f 586/634/586 585/632/585 616/660/616 617/663/617
f 600/635/600 599/633/599 630/662/630 631/664/631
f 587/636/587 586/634/586 617/663/617 618/665/618
f 601/637/601 600/635/600 631/664/631 632/666/632
f 588/638/588 587/636/587 618/665/618 619/667/619
f 602/639/602 601/637/601 632/666/632 633/668/633
f 589/640/589 588/638/588 619/667/619 620/669/620
f 576/642/576 1445/670/1445 607/671/607
f 603/643/603 602/639/602 633/668/633 634/672/634
f 590/644/590 589/640/589 620/669/620 621/673/621
f 577/645/577 576/642/576 607/671/607 608/674/608
f 604/646/604 603/643/603 634/672/634 635/675/635
f 591/647/591 590/644/590 621/673/621 622/676/622
f 578/648/578 577/645/577 608/674/608 609/677/609
f 605/649/605 604/646/604 635/675/635 636/678/636
f 592/650/592 591/647/591 622/676/622 623/679/623
f 579/651/579 578/648/578 609/677/609 610/680/610
f 606/652/606 605/649/605 636/678/636 637/681/637
f 593/653/593 592/650/592 623/679/623 624/682/624
f 580/654/580 579/651/579 610/680/610 611/683/611
f 979/684/979 606/652/606 637/681/637
f 594/656/594 593/653/593 624/682/624 625/685/625
f 581/657/581 580/654/580 611/683/611 612/686/612
f 595/658/595 594/656/594 625/685/625 626/687/626
f 582/626/582 581/657/581 612/686/612 613/688/613
f 596/628/596 595/658/595 626/687/626 627/689/627
f 583/627/583 582/626/582 613/688/613 614/690/614
f 597/629/597 596/628/596 627/689/627 628/691/628
f 584/630/584 583/627/583 614/690/614 615/659/615
f 598/631/598 597/629/597 628/691/628 629/661/629
f 618/665/618 617/663/617 648/692/648 649/693/649
f 632/666/632 631/664/631 662/694/662 663/695/663
f 619/667/619 618/665/618 649/693/649 650/696/650
f 633/668/633 632/666/632 663/695/663 664/697/664
f 620/669/620 619/667/619 650/696/650 651/698/651
f 607/671/607 1445/699/1445 638/700/638
f 634/672/634 633/668/633 664/697/664 665/701/665
f 621/673/621 620/669/620 651/698/651 652/702/652
f 608/674/608 607/671/607 638/700/638 639/703/639
f 635/675/635 634/672/634 665/701/665 666/704/666
f 622/676/622 621/673/621 652/702/652 653/705/653
f 609/677/609 608/674/608 639/703/639 640/706/640
f 636/678/636 635/675/635 666/704/666 667/707/667
f 623/679/623 622/676/622 653/705/653 654/708/654
f 610/680/610 609/677/609 640/706/640 641/709/641
f 637/681/637 636/678/636 667/707/667 668/710/668
f 624/682/624 623/679/623 654/708/654 655/711/655
f 611/683/611 610/680/610 641/709/641 642/712/642
f 979/713/979 637/681/637 668/710/668
f 625/685/625 624/682/624 655/711/655 656/714/656
f 612/686/612 611/683/611 642/712/642 643/715/643
f 626/687/626 625/685/625 656/714/656 657/716/657
f 613/688/613 612/686/612 643/715/643 644/717/644
f 627/689/627 626/687/626 657/716/657 658/718/658
f 614/690/614 613/688/613 644/717/644 645/719/645
f 628/691/628 627/689/627 658/718/658 659/720/659
f 615/659/615 614/690/614 645/719/645 646/721/646
f 629/661/629 628/691/628 659/720/659 660/722/660
f 616/660/616 615/659/615 646/721/646 647/723/647
f 630/662/630 629/661/629 660/722/660 661/724/661
f 617/663/617 616/660/616 647/723/647 648/692/648
f 631/664/631 630/662/630 661/724/661 662/694/662
f 651/698/651 650/696/650 681/725/681 682/726/682
f 638/700/638 1445/727/1445 669/728/669
f 665/701/665 664/697/664 695/729/695 696/730/696
f 652/702/652 651/698/651 682/726/682 683/731/683
f 639/703/639 638/700/638 669/728/669 670/732/670
f 666/704/666 665/701/665 696/730/696 697/733/697
f 653/705/653 652/702/652 683/731/683 684/734/684
f 640/706/640 639/703/639 670/732/670 671/735/671
f 667/707/667 666/704/666 697/733/697 698/736/698
f 654/708/654 653/705/653 684/734/684 685/737/685
f 641/709/641 640/706/640 671/735/671 672/738/672
f 668/710/668 667/707/667 698/736/698 699/739/699
f 655/711/655 654/708/654 685/737/685 686/740/686
f 642/712/642 641/709/641 672/738/672 673/741/673
f 979/742/979 668/710/668 699/739/699
f 656/714/656 655/711/655 686/740/686 687/743/687
f 643/715/643 642/712/642 673/741/673 674/744/674
f 657/716/657 656/714/656 687/743/687 688/745/688
f 644/717/644 643/715/643 674/744/674 675/746/675
f 658/718/658 657/716/657 688/745/688 689/747/689
f 645/719/645 644/717/644 675/746/675 676/748/676
f 659/720/659 658/718/658 689/747/689 690/749/690
f 646/721/646 645/719/645 676/748/676 677/750/677
f 660/722/660 659/720/659 690/749/690 691/751/691
f 647/723/647 646/721/646 677/750/677 678/752/678
f 661/724/661 660/722/660 691/751/691 692/753/692
f 648/692/648 647/723/647 678/752/678 679/754/679
f 662/694/662 661/724/661 692/753/692 693/755/693
f 649/693/649 648/692/648 679/754/679 680/756/680
f 663/695/663 662/694/662 693/755/693 694/757/694
f 650/696/650 649/693/649 680/756/680 681/725/681
f 664/697/664 663/695/663 694/757/694 695/729/695
f 684/734/684 683/731/683 714/758/714 715/759/715
f 671/735/671 670/732/670 701/760/701 702/761/702
f 698/736/698 697/733/697 728/762/728 729/763/729
f 685/737/685 684/734/684 715/759/715 716/764/716
f 672/738/672 671/735/671 702/761/702 703/765/703
f 699/739/699 698/736/698 729/763/729 730/766/730
f 686/740/686 685/737/685 716/764/716 717/767/717
f 673/741/673 672/738/672 703/765/703 704/768/704
f 979/769/979 699/739/699 730/766/730
f 687/743/687 686/740/686 717/767/717 718/770/718
f 674/744/674 673/741/673 704/768/704 705/771/705
f 688/745/688 687/743/687 718/770/718 719/772/719
f 675/746/675 674/744/674 705/771/705 706/773/706
f 689/747/689 688/745/688 719/772/719 720/774/720
f 676/748/676 675/746/675 706/773/706 707/775/707
f 690/749/690 689/747/689 720/774/720 721/776/721
f 677/750/677 676/748/676 707/775/707 708/777/708
f 691/751/691 690/749/690 721/776/721 722/778/722
f 678/752/678 677/750/677 708/777/708 709/779/709
f 692/753/692 691/751/691 722/778/722 723/780/723
f 679/754/679 678/752/678 709/779/709 710/781/710
f 693/755/693 692/753/692 723/780/723 724/782/724
f 680/756/680 679/754/679 710/781/710 711/783/711
f 694/757/694 693/755/693 724/782/724 725/784/725
f 681/725/681 680/756/680 711/783/711 712/785/712
f 695/729/695 694/757/694 725/784/725 726/786/726
f 682/726/682 681/725/681 712/785/712 713/787/713
f 669/728/669 1445/788/1445 700/789/700
f 696/730/696 695/729/695 726/786/726 727/790/727
f 683/731/683 682/726/682 713/787/713 714/758/714
f 670/732/670 669/728/669 700/789/700 701/760/701
f 697/733/697 696/730/696 727/790/727 728/762/728
f 717/767/717 716/764/716 747/791/747 748/792/748
f 704/768/704 703/765/703 734/793/734 735/794/735
f 979/795/979 730/766/730 761/796/761
f 718/770/718 717/767/717 748/792/748 749/797/749
f 705/771/705 704/768/704 735/794/735 736/798/736
f 719/772/719 718/770/718 749/797/749 750/799/750
f 706/773/706 705/771/705 736/798/736 737/800/737
f 720/774/720 719/772/719 750/799/750 751/801/751
f 707/775/707 706/773/706 737/800/737 738/802/738
f 721/776/721 720/774/720 751/801/751 752/803/752
f 708/777/708 707/775/707 738/802/738 739/804/739
f 722/778/722 721/776/721 752/803/752 753/805/753
f 709/779/709 708/777/708 739/804/739 740/806/740
f 723/780/723 722/778/722 753/805/753 754/807/754
f 710/781/710 709/779/709 740/806/740 741/808/741
f 724/782/724 723/780/723 754/807/754 755/809/755
f 711/783/711 710/781/710 741/808/741 742/810/742
f 725/784/725 724/782/724 755/809/755 756/811/756
f 712/785/712 711/783/711 742/810/742 743/812/743
f 726/786/726 725/784/725 756/811/756 757/813/757
f 713/787/713 712/785/712 743/812/743 744/814/744
f 700/789/700 1445/815/1445 731/816/731
f 727/790/727 726/786/726 757/813/757 758/817/758
f 714/758/714 713/787/713 744/814/744 745/818/745
f 701/760/701 700/789/700 731/816/731 732/819/732
f 728/762/728 727/790/727 758/817/758 759/820/759
f 715/759/715 714/758/714 745/818/745 746/821/746
f 702/761/702 701/760/701 732/819/732 733/822/733
f 729/763/729 728/762/728 759/820/759 760/823/760
f 716/764/716 715/759/715 746/821/746 747/791/747
f 703/765/703 702/761/702 733/822/733 734/793/734
f 730/766/730 729/763/729 760/823/760 761/796/761
f 750/799/750 749/797/749 780/824/780 781/825/781
f 737/800/737 736/798/736 767/826/767 768/827/768
f 751/801/751 750/799/750 781/825/781 782/828/782
f 738/802/738 737/800/737 768/827/768 769/829/769
f 752/803/752 751/801/751 782/828/782 783/830/783
f 739/804/739 738/802/738 769/829/769 770/831/770
f 753/805/753 752/803/752 783/830/783 784/832/784
f 740/806/740 739/804/739 770/831/770 771/833/771
f 754/807/754 753/805/753 784/832/784 785/834/785
f 741/808/741 740/806/740 771/833/771 772/835/772
f 755/809/755 754/807/754 785/834/785 786/836/786
f 742/810/742 741/808/741 772/835/772 773/837/773
f 756/811/756 755/809/755 786/836/786 787/838/787
f 743/812/743 742/810/742 773/837/773 774/839/774
f 757/813/757 756/811/756 787/838/787 788/840/788
f 744/814/744 743/812/743 774/839/774 775/841/775
f 731/816/731 1445/842/1445 762/843/762
f 758/817/758 757/813/757 788/840/788 789/844/789
f 745/818/745 744/814/744 775/841/775 776/845/776
f 732/819/732 731/816/731 762/843/762 763/846/763
f 759/820/759 758/817/758 789/844/789 790/847/790
f 746/821/746 745/818/745 776/845/776 777/848/777
f 733/822/733 732/819/732 763/846/763 764/849/764
f 760/823/760 759/820/759 790/847/790 791/850/791
f 747/791/747 746/821/746 777/848/777 778/851/778
f 734/793/734 733/822/733 764/849/764 765/852/765
f 761/796/761 760/823/760 791/850/791 792/853/792
f 748/792/748 747/791/747 778/851/778 779/854/779
f 735/794/735 734/793/734 765/852/765 766/855/766
f 979/856/979 761/796/761 792/853/792
f 749/797/749 748/792/748 779/854/779 780/824/780
f 736/798/736 735/794/735 766/855/766 767/826/767
f 783/830/783 782/828/782 813/857/813 814/858/814
f 770/831/770 769/829/769 800/859/800 801/860/801
f 784/832/784 783/830/783 814/858/814 815/861/815
f 771/833/771 770/831/770 801/860/801 802/862/802
f 785/834/785 784/832/784 815/861/815 816/863/816
f 772/835/772 771/833/771 802/862/802 803/864/803
f 786/836/786 785/834/785 816/863/816 817/865/817
f 773/837/773 772/835/772 803/864/803 804/866/804
f 787/838/787 786/836/786 817/865/817 818/867/818
f 774/839/774 773/837/773 804/866/804 805/868/805
f 788/840/788 787/838/787 818/867/818 819/869/819
f 775/841/775 774/839/774 805/868/805 806/870/806
f 762/843/762 1445/871/1445 793/872/793
f 789/844/789 788/840/788 819/869/819 820/873/820
f 776/845/776 775/841/775 806/870/806 807/874/807
f 763/846/763 762/843/762 793/872/793 794/875/794
f 790/847/790 789/844/789 820/873/820 821/876/821
f 777/848/777 776/845/776 807/874/807 808/877/808
f 764/849/764 763/846/763 794/875/794 795/878/795
f 791/850/791 790/847/790 821/876/821 822/879/822
f 778/851/778 777/848/777 808/877/808 809/880/809
f 765/852/765 764/849/764 795/878/795 796/881/796
f 792/853/792 791/850/791 822/879/822 823/882/823
f 779/854/779 778/851/778 809/880/809 810/883/810
f 766/855/766 765/852/765 796/881/796 797/884/797
f 979/885/979 792/853/792 823/882/823
f 780/824/780 779/854/779 810/883/810 811/886/811
f 767/826/767 766/855/766 797/884/797 798/887/798
f 781/825/781 780/824/780 811/886/811 812/888/812
f 768/827/768 767/826/767 798/887/798 799/889/799
f 782/828/782 781/825/781 812/888/812 813/857/813
f 769/829/769 768/827/768 799/889/799 800/859/800
f 815/861/815 814/858/814 845/890/845 846/891/846
f 802/862/802 801/860/801 832/892/832 833/893/833
f 816/863/816 815/861/815 846/891/846 847/894/847
f 803/864/803 802/862/802 833/893/833 834/895/834
f 817/865/817 816/863/816 847/894/847 848/896/848
f 804/866/804 803/864/803 834/895/834 835/897/835
f 818/867/818 817/865/817 848/896/848 849/898/849
f 805/868/805 804/866/804 835/897/835 836/899/836
f 819/869/819 818/867/818 849/898/849 850/900/850
f 806/870/806 805/868/805 836/899/836 837/901/837
f 793/872/793 1445/902/1445 824/903/824
f 820/873/820 819/869/819 850/900/850 851/904/851
f 807/874/807 806/870/806 837/901/837 838/905/838
f 794/875/794 793/872/793 824/903/824 825/906/825
f 821/876/821 820/873/820 851/904/851 852/907/852
f 808/877/808 807/874/807 838/905/838 839/908/839
f 795/878/795 794/875/794 825/906/825 826/909/826
f 822/879/822 821/876/821 852/907/852 853/910/853
f 809/880/809 808/877/808 839/908/839 840/911/840
f 796/881/796 795/878/795 826/909/826 827/912/827
f 823/882/823 822/879/822 853/910/853 854/913/854
f 810/883/810 809/880/809 840/911/840 841/914/841
f 797/884/797 796/881/796 827/912/827 828/915/828
f 979/916/979 823/882/823 854/913/854
f 811/886/811 810/883/810 841/914/841 842/917/842
f 798/887/798 797/884/797 828/915/828 829/918/829
f 812/888/812 811/886/811 842/917/842 843/919/843
f 799/889/799 798/887/798 829/918/829 830/920/830
f 813/857/813 812/888/812 843/919/843 844/921/844
f 800/859/800 799/889/799 830/920/830 831/922/831
f 814/858/814 813/857/813 844/921/844 845/890/845
f 801/860/801 800/859/800 831/922/831 832/892/832
f 848/896/848 847/894/847 878/923/878 879/924/879
f 835/897/835 834/895/834 865/925/865 866/926/866
f 849/898/849 848/896/848 879/924/879 880/927/880
f 836/899/836 835/897/835 866/926/866 867/928/867
f 850/900/850 849/898/849 880/927/880 881/929/881
f 837/901/837 836/899/836 867/928/867 868/930/868
f 824/903/824 1445/931/1445 855/932/855
f 851/904/851 850/900/850 881/929/881 882/933/882
f 838/905/838 837/901/837 868/930/868 869/934/869
f 825/906/825 824/903/824 855/932/855 856/935/856
f 852/907/852 851/904/851 882/933/882 883/936/883
f 839/908/839 838/905/838 869/934/869 870/937/870
f 826/909/826 825/906/825 856/935/856 857/938/857
f 853/910/853 852/907/852 883/936/883 884/939/884
f 840/911/840 839/908/839 870/937/870 871/940/871
f 827/912/827 826/909/826 857/938/857 858/941/858
f 854/913/854 853/910/853 884/939/884 885/942/885
f 841/914/841 840/911/840 871/940/871 872/943/872
f 828/915/828 827/912/827 858/941/858 859/944/859
f 979/945/979 854/913/854 885/942/885
f 842/917/842 841/914/841 872/943/872 873/946/873
f 829/918/829 828/915/828 859/944/859 860/947/860
f 843/919/843 842/917/842 873/946/873 874/948/874
f 830/920/830 829/918/829 860/947/860 861/949/861
f 844/921/844 843/919/843 874/948/874 875/950/875
f 831/922/831 830/920/830 861/949/861 862/951/862
f 845/890/845 844/921/844 875/950/875 876/952/876
f 832/892/832 831/922/831 862/951/862 863/953/863
f 846/891/846 845/890/845 876/952/876 877/954/877
f 833/893/833 832/892/832 863/953/863 864/955/864
f 847/894/847 846/891/846 877/954/877 878/923/878
f 834/895/834 833/893/833 864/955/864 865/925/865
f 881/929/881 880/927/880 911/956/911 912/957/912
f 868/930/868 867/928/867 898/958/898 899/959/899
f 855/932/855 1445/960/1445 886/961/886
f 882/933/882 881/929/881 912/957/912 913/962/913
f 869/934/869 868/930/868 899/959/899 900/963/900
f 856/935/856 855/932/855 886/961/886 887/964/887
f 883/936/883 882/933/882 913/962/913 914/965/914
f 870/937/870 869/934/869 900/963/900 901/966/901
f 857/938/857 856/935/856 887/964/887 888/967/888
f 884/939/884 883/936/883 914/965/914 915/968/915
f 871/940/871 870/937/870 901/966/901 902/969/902
f 858/941/858 857/938/857 888/967/888 889/970/889
f 885/942/885 884/939/884 915/968/915 916/971/916
f 872/943/872 871/940/871 902/969/902 903/972/903
f 859/944/859 858/941/858 889/970/889 890/973/890
f 979/974/979 885/942/885 916/971/916
f 873/946/873 872/943/872 903/972/903 904/975/904
f 860/947/860 859/944/859 890/973/890 891/976/891
f 874/948/874 873/946/873 904/975/904 905/977/905
f 861/949/861 860/947/860 891/976/891 892/978/892
f 875/950/875 874/948/874 905/977/905 906/979/906
f 862/951/862 861/949/861 892/978/892 893/980/893
f 876/952/876 875/950/875 906/979/906 907/981/907
f 863/953/863 862/951/862 893/980/893 894/982/894
f 877/954/877 876/952/876 907/981/907 908/983/908
f 864/955/864 863/953/863 894/982/894 895/984/895
f 878/923/878 877/954/877 908/983/908 909/985/909
f 865/925/865 864/955/864 895/984/895 896/986/896
f 879/924/879 878/923/878 909/985/909 910/987/910
f 866/926/866 865/925/865 896/986/896 897/988/897
f 880/927/880 879/924/879 910/987/910 911/956/911
f 867/928/867 866/926/866 897/988/897 898/958/898
f 887/964/887 886/961/886 917/989/917 918/990/918
f 914/965/914 913/962/913 944/991/944 945/992/945
f 901/966/901 900/963/900 931/993/931 932/994/932
f 888/967/888 887/964/887 918/990/918 919/995/919
f 915/968/915 914/965/914 945/992/945 946/996/946
f 902/969/902 901/966/901 932/994/932 933/997/933
f 889/970/889 888/967/888 919/995/919 920/998/920
f 916/971/916 915/968/915 946/996/946 947/999/947
f 903/972/903 902/969/902 933/997/933 934/1000/934
f 890/973/890 889/970/889 920/998/920 921/1001/921
f 979/1002/979 916/971/916 947/999/947
f 904/975/904 903/972/903 934/1000/934 935/1003/935
f 891/976/891 890/973/890 921/1001/921 922/1004/922
f 905/977/905 904/975/904 935/1003/935 936/1005/936
f 892/978/892 891/976/891 922/1004/922 923/1006/923
f 906/979/906 905/977/905 936/1005/936 937/1007/937
f 893/980/893 892/978/892 923/1006/923 924/1008/924
f 907/981/907 906/979/906 937/1007/937 938/1009/938
f 894/982/894 893/980/893 924/1008/924 925/1010/925
f 908/983/908 907/981/907 938/1009/938 939/1011/939
f 895/984/895 894/982/894 925/1010/925 926/1012/926
f 909/985/909 908/983/908 939/1011/939 940/1013/940
f 896/986/896 895/984/895 926/1012/926 927/1014/927
f 910/987/910 909/985/909 940/1013/940 941/1015/941
f 897/988/897 896/986/896 927/1014/927 928/1016/928
f 911/956/911 910/987/910 941/1015/941 942/1017/942
f 898/958/898 897/988/897 928/1016/928 929/1018/929
f 912/957/912 911/956/911 942/1017/942 943/1019/943
f 899/959/899 898/958/898 929/1018/929 930/1020/930
f 886/961/886 1445/1021/1445 917/989/917
f 913/962/913 912/957/912 943/1019/943 944/991/944
f 900/963/900 899/959/899 930/1020/930 931/993/931
f 920/998/920 919/995/919 950/1022/950 951/1023/951
f 947/999/947 946/996/946 977/1024/977 978/1025/978
f 934/1000/934 933/997/933 964/1026/964 965/1027/965
f 921/1001/921 920/998/920 951/1023/951 952/1028/952
f 979/1029/979 947/999/947 978/1025/978
f 935/1003/935 934/1000/934 965/1027/965 966/1030/966
f 922/1004/922 921/1001/921 952/1028/952 953/1031/953
f 936/1005/936 935/1003/935 966/1030/966 967/1032/967
f 923/1006/923 922/1004/922 953/1031/953 954/1033/954
f 937/1007/937 936/1005/936 967/1032/967 968/1034/968
f 924/1008/924 923/1006/923 954/1033/954 955/1035/955
f 938/1009/938 937/1007/937 968/1034/968 969/1036/969
f 925/1010/925 924/1008/924 955/1035/955 956/1037/956
f 939/1011/939 938/1009/938 969/1036/969 970/1038/970
f 926/1012/926 925/1010/925 956/1037/956 957/1039/957
f 940/1013/940 939/1011/939 970/1038/970 971/1040/971
f 927/1014/927 926/1012/926 957/1039/957 958/1041/958
f 941/1015/941 940/1013/940 971/1040/971 972/1042/972
f 928/1016/928 927/1014/927 958/1041/958 959/1043/959
f 942/1017/942 941/1015/941 972/1042/972 973/1044/973
f 929/1018/929 928/1016/928 959/1043/959 960/1045/960
f 943/1019/943 942/1017/942 973/1044/973 974/1046/974
f 930/1020/930 929/1018/929 960/1045/960 961/1047/961
f 917/989/917 1445/1048/1445 948/1049/948
f 944/991/944 943/1019/943 974/1046/974 975/1050/975
f 931/993/931 930/1020/930 961/1047/961 962/1051/962
f 918/990/918 917/989/917 948/1049/948 949/1052/949
f 945/992/945 944/991/944 975/1050/975 976/1053/976
f 932/994/932 931/993/931 962/1051/962 963/1054/963
f 919/995/919 918/990/918 949/1052/949 950/1022/950
f 946/996/946 945/992/945 976/1053/976 977/1024/977
f 933/997/933 932/994/932 963/1054/963 964/1026/964
f 953/1031/953 952/1028/952 984/1055/984 985/1056/985
f 967/1032/967 966/1030/966 998/1057/998 999/1058/999
f 954/1033/954 953/1031/953 985/1056/985 986/1059/986
f 968/1034/968 967/1032/967 999/1058/999 1000/1060/1000
f 955/1035/955 954/1033/954 986/1059/986 987/1061/987
f 969/1036/969 968/1034/968 1000/1060/1000 1001/1062/1001
f 956/1037/956 955/1035/955 987/1061/987 988/1063/988
f 970/1038/970 969/1036/969 1001/1062/1001 1002/1064/1002
f 957/1039/957 956/1037/956 988/1063/988 989/1065/989
f 971/1040/971 970/1038/970 1002/1064/1002 1003/1066/1003
f 958/1041/958 957/1039/957 989/1065/989 990/1067/990
f 972/1042/972 971/1040/971 1003/1066/1003 1004/1068/1004
f 959/1043/959 958/1041/958 990/1067/990 991/1069/991
f 973/1044/973 972/1042/972 1004/1068/1004 1005/1070/1005
f 960/1045/960 959/1043/959 991/1069/991 992/1071/992
f 974/1046/974 973/1044/973 1005/1070/1005 1006/1072/1006
f 961/1047/961 960/1045/960 992/1071/992 993/1073/993
f 948/1049/948 1445/1074/1445 980/1075/980
f 975/1050/975 974/1046/974 1006/1072/1006 1007/1076/1007
f 962/1051/962 961/1047/961 993/1073/993 994/1077/994
f 949/1052/949 948/1049/948 980/1075/980 981/1078/981
f 976/1053/976 975/1050/975 1007/1076/1007 1008/1079/1008
f 963/1054/963 962/1051/962 994/1077/994 995/1080/995
f 950/1022/950 949/1052/949 981/1078/981 982/1081/982
f 977/1024/977 976/1053/976 1008/1079/1008 1009/1082/1009
f 964/1026/964 963/1054/963 995/1080/995 996/1083/996
f 951/1023/951 950/1022/950 982/1081/982 983/1084/983
f 978/1025/978 977/1024/977 1009/1082/1009 1010/1085/1010
f 965/1027/965 964/1026/964 996/1083/996 997/1086/997
f 952/1028/952 951/1023/951 983/1084/983 984/1055/984
f 979/1087/979 978/1025/978 1010/1085/1010
f 966/1030/966 965/1027/965 997/1086/997 998/1057/998
f 987/1061/987 986/1059/986 1017/1088/1017 1018/1089/1018
f 1001/1062/1001 1000/1060/1000 1031/1090/1031 1032/1091/1032
f 988/1063/988 987/1061/987 1018/1089/1018 1019/1092/1019
f 1002/1064/1002 1001/1062/1001 1032/1091/1032 1033/1093/1033
f 989/1065/989 988/1063/988 1019/1092/1019 1020/1094/1020
f 1003/1066/1003 1002/1064/1002 1033/1093/1033 1034/1095/1034
f 990/1067/990 989/1065/989 1020/1094/1020 1021/1096/1021
f 1004/1068/1004 1003/1066/1003 1034/1095/1034 1035/1097/1035
f 991/1069/991 990/1067/990 1021/1096/1021 1022/1098/1022
f 1005/1070/1005 1004/1068/1004 1035/1097/1035 1036/1099/1036
f 992/1071/992 991/1069/991 1022/1098/1022 1023/1100/1023
f 1006/1072/1006 1005/1070/1005 1036/1099/1036 1037/1101/1037
f 993/1073/993 992/1071/992 1023/1100/1023 1024/1102/1024
f 980/1075/980 1445/1103/1445 1011/1104/1011
f 1007/1076/1007 1006/1072/1006 1037/1101/1037 1038/1105/1038
f 994/1077/994 993/1073/993 1024/1102/1024 1025/1106/1025
f 981/1078/981 980/1075/980 1011/1104/1011 1012/1107/1012
f 1008/1079/1008 1007/1076/1007 1038/1105/1038 1039/1108/1039
f 995/1080/995 994/1077/994 1025/1106/1025 1026/1109/1026
f 982/1081/982 981/1078/981 1012/1107/1012 1013/1110/1013
f 1009/1082/1009 1008/1079/1008 1039/1108/1039 1040/1111/1040
f 996/1083/996 995/1080/995 1026/1109/1026 1027/1112/1027
f 983/1084/983 982/1081/982 1013/1110/1013 1014/1113/1014
f 1010/1085/1010 1009/1082/1009 1040/1111/1040 1041/1114/1041
f 997/1086/997 996/1083/996 1027/1112/1027 1028/1115/1028
f 984/1055/984 983/1084/983 1014/1113/1014 1015/1116/1015
f 979/1117/979 1010/1085/1010 1041/1114/1041
f 998/1057/998 997/1086/997 1028/1115/1028 1029/1118/1029
f 985/1056/985 984/1055/984 1015/1116/1015 1016/1119/1016
f 999/1058/999 998/1057/998 1029/1118/1029 1030/1120/1030
f 986/1059/986 985/1056/985 1016/1119/1016 1017/1088/1017
f 1000/1060/1000 999/1058/999 1030/1120/1030 1031/1090/1031
f 1020/1094/1020 1019/1092/1019 1050/1121/1050 1051/1122/1051
f 1034/1095/1034 1033/1093/1033 1064/1123/1064 1065/1124/1065
f 1021/1096/1021 1020/1094/1020 1051/1122/1051 1052/1125/1052
f 1035/1097/1035 1034/1095/1034 1065/1124/1065 1066/1126/1066
f 1022/1098/1022 1021/1096/1021 1052/1125/1052 1053/1127/1053
f 1036/1099/1036 1035/1097/1035 1066/1126/1066 1067/1128/1067
f 1023/1100/1023 1022/1098/1022 1053/1127/1053 1054/1129/1054
f 1037/1101/1037 1036/1099/1036 1067/1128/1067 1068/1130/1068
f 1024/1102/1024 1023/1100/1023 1054/1129/1054 1055/1131/1055
f 1011/1104/1011 1445/1132/1445 1042/1133/1042
f 1038/1105/1038 1037/1101/1037 1068/1130/1068 1069/1134/1069
f 1025/1106/1025 1024/1102/1024 1055/1131/1055 1056/1135/1056
f 1012/1107/1012 1011/1104/1011 1042/1133/1042 1043/1136/1043
f 1039/1108/1039 1038/1105/1038 1069/1134/1069 1070/1137/1070
f 1026/1109/1026 1025/1106/1025 1056/1135/1056 1057/1138/1057
f 1013/1110/1013 1012/1107/1012 1043/1136/1043 1044/1139/1044
f 1040/1111/1040 1039/1108/1039 1070/1137/1070 1071/1140/1071
f 1027/1112/1027 1026/1109/1026 1057/1138/1057 1058/1141/1058
f 1014/1113/1014 1013/1110/1013 1044/1139/1044 1045/1142/1045
f 1041/1114/1041 1040/1111/1040 1071/1140/1071 1072/1143/1072
f 1028/1115/1028 1027/1112/1027 1058/1141/1058 1059/1144/1059
f 1015/1116/1015 1014/1113/1014 1045/1142/1045 1046/1145/1046
f 979/1146/979 1041/1114/1041 1072/1143/1072
f 1029/1118/1029 1028/1115/1028 1059/1144/1059 1060/1147/1060
f 1016/1119/1016 1015/1116/1015 1046/1145/1046 1047/1148/1047
f 1030/1120/1030 1029/1118/1029 1060/1147/1060 1061/1149/1061
f 1017/1088/1017 1016/1119/1016 1047/1148/1047 1048/1150/1048
f 1031/1090/1031 1030/1120/1030 1061/1149/1061 1062/1151/1062
f 1018/1089/1018 1017/1088/1017 1048/1150/1048 1049/1152/1049
f 1032/1091/1032 1031/1090/1031 1062/1151/1062 1063/1153/1063
f 1019/1092/1019 1018/1089/1018 1049/1152/1049 1050/1121/1050
f 1033/1093/1033 1032/1091/1032 1063/1153/1063 1064/1123/1064
f 1053/1127/1053 1052/1125/1052 1083/1154/1083 1084/1155/1084
f 1067/1128/1067 1066/1126/1066 1097/1156/1097 1098/1157/1098
f 1054/1129/1054 1053/1127/1053 1084/1155/1084 1085/1158/1085
f 1068/1130/1068 1067/1128/1067 1098/1157/1098 1099/1159/1099
f 1055/1131/1055 1054/1129/1054 1085/1158/1085 1086/1160/1086
f 1042/1133/1042 1445/1161/1445 1073/1162/1073
f 1069/1134/1069 1068/1130/1068 1099/1159/1099 1100/1163/1100
f 1056/1135/1056 1055/1131/1055 1086/1160/1086 1087/1164/1087
f 1043/1136/1043 1042/1133/1042 1073/1162/1073 1074/1165/1074
f 1070/1137/1070 1069/1134/1069 1100/1163/1100 1101/1166/1101
f 1057/1138/1057 1056/1135/1056 1087/1164/1087 1088/1167/1088
f 1044/1139/1044 1043/1136/1043 1074/1165/1074 1075/1168/1075
f 1071/1140/1071 1070/1137/1070 1101/1166/1101 1102/1169/1102
f 1058/1141/1058 1057/1138/1057 1088/1167/1088 1089/1170/1089
f 1045/1142/1045 1044/1139/1044 1075/1168/1075 1076/1171/1076
f 1072/1143/1072 1071/1140/1071 1102/1169/1102 1103/1172/1103
f 1059/1144/1059 1058/1141/1058 1089/1170/1089 1090/1173/1090
f 1046/1145/1046 1045/1142/1045 1076/1171/1076 1077/1174/1077
f 979/1175/979 1072/1143/1072 1103/1172/1103
f 1060/1147/1060 1059/1144/1059 1090/1173/1090 1091/1176/1091
f 1047/1148/1047 1046/1145/1046 1077/1174/1077 1078/1177/1078
f 1061/1149/1061 1060/1147/1060 1091/1176/1091 1092/1178/1092
f 1048/1150/1048 1047/1148/1047 1078/1177/1078 1079/1179/1079
f 1062/1151/1062 1061/1149/1061 1092/1178/1092 1093/1180/1093
f 1049/1152/1049 1048/1150/1048 1079/1179/1079 1080/1181/1080
f 1063/1153/1063 1062/1151/1062 1093/1180/1093 1094/1182/1094
f 1050/1121/1050 1049/1152/1049 1080/1181/1080 1081/1183/1081
f 1064/1123/1064 1063/1153/1063 1094/1182/1094 1095/1184/1095
f 1051/1122/1051 1050/1121/1050 1081/1183/1081 1082/1185/1082
f 1065/1124/1065 1064/1123/1064 1095/1184/1095 1096/1186/1096
f 1052/1125/1052 1051/1122/1051 1082/1185/1082 1083/1154/1083
f 1066/1126/1066 1065/1124/1065 1096/1186/1096 1097/1156/1097
f 1086/1160/1086 1085/1158/1085 1116/1187/1116 1117/1188/1117
f 1073/1162/1073 1445/1189/1445 1104/1190/1104
f 1100/1163/1100 1099/1159/1099 1130/1191/1130 1131/1192/1131
f 1087/1164/1087 1086/1160/1086 1117/1188/1117 1118/1193/1118
f 1074/1165/1074 1073/1162/1073 1104/1190/1104 1105/1194/1105
f 1101/1166/1101 1100/1163/1100 1131/1192/1131 1132/1195/1132
f 1088/1167/1088 1087/1164/1087 1118/1193/1118 1119/1196/1119
f 1075/1168/1075 1074/1165/1074 1105/1194/1105 1106/1197/1106
f 1102/1169/1102 1101/1166/1101 1132/1195/1132 1133/1198/1133
f 1089/1170/1089 1088/1167/1088 1119/1196/1119 1120/1199/1120
f 1076/1171/1076 1075/1168/1075 1106/1197/1106 1107/1200/1107
f 1103/1172/1103 1102/1169/1102 1133/1198/1133 1134/1201/1134
f 1090/1173/1090 1089/1170/1089 1120/1199/1120 1121/1202/1121
f 1077/1174/1077 1076/1171/1076 1107/1200/1107 1108/1203/1108
f 979/1204/979 1103/1172/1103 1134/1201/1134
f 1091/1176/1091 1090/1173/1090 1121/1202/1121 1122/1205/1122
f 1078/1177/1078 1077/1174/1077 1108/1203/1108 1109/1206/1109
f 1092/1178/1092 1091/1176/1091 1122/1205/1122 1123/1207/1123
f 1079/1179/1079 1078/1177/1078 1109/1206/1109 1110/1208/1110
f 1093/1180/1093 1092/1178/1092 1123/1207/1123 1124/1209/1124
f 1080/1181/1080 1079/1179/1079 1110/1208/1110 1111/1210/1111
f 1094/1182/1094 1093/1180/1093 1124/1209/1124 1125/1211/1125
f 1081/1183/1081 1080/1181/1080 1111/1210/1111 1112/1212/1112
f 1095/1184/1095 1094/1182/1094 1125/1211/1125 1126/1213/1126
f 1082/1185/1082 1081/1183/1081 1112/1212/1112 1113/1214/1113
f 1096/1186/1096 1095/1184/1095 1126/1213/1126 1127/1215/1127
f 1083/1154/1083 1082/1185/1082 1113/1214/1113 1114/1216/1114
f 1097/1156/1097 1096/1186/1096 1127/1215/1127 1128/1217/1128
f 1084/1155/1084 1083/1154/1083 1114/1216/1114 1115/1218/1115
f 1098/1157/1098 1097/1156/1097 1128/1217/1128 1129/1219/1129
f 1085/1158/1085 1084/1155/1084 1115/1218/1115 1116/1187/1116
f 1099/1159/1099 1098/1157/1098 1129/1219/1129 1130/1191/1130
f 1119/1196/1119 1118/1193/1118 1149/1220/1149 1150/1221/1150
f 1106/1197/1106 1105/1194/1105 1136/1222/1136 1137/1223/1137
f 1133/1198/1133 1132/1195/1132 1163/1224/1163 1164/1225/1164
f 1120/1199/1120 1119/1196/1119 1150/1221/1150 1151/1226/1151
f 1107/1200/1107 1106/1197/1106 1137/1223/1137 1138/1227/1138
f 1134/1201/1134 1133/1198/1133 1164/1225/1164 1165/1228/1165
f 1121/1202/1121 1120/1199/1120 1151/1226/1151 1152/1229/1152
f 1108/1203/1108 1107/1200/1107 1138/1227/1138 1139/1230/1139
f 979/1231/979 1134/1201/1134 1165/1228/1165
f 1122/1205/1122 1121/1202/1121 1152/1229/1152 1153/1232/1153
f 1109/1206/1109 1108/1203/1108 1139/1230/1139 1140/1233/1140
f 1123/1207/1123 1122/1205/1122 1153/1232/1153 1154/1234/1154
f 1110/1208/1110 1109/1206/1109 1140/1233/1140 1141/1235/1141
f 1124/1209/1124 1123/1207/1123 1154/1234/1154 1155/1236/1155
f 1111/1210/1111 1110/1208/1110 1141/1235/1141 1142/1237/1142
f 1125/1211/1125 1124/1209/1124 1155/1236/1155 1156/1238/1156
f 1112/1212/1112 1111/1210/1111 1142/1237/1142 1143/1239/1143
f 1126/1213/1126 1125/1211/1125 1156/1238/1156 1157/1240/1157
f 1113/1214/1113 1112/1212/1112 1143/1239/1143 1144/1241/1144
f 1127/1215/1127 1126/1213/1126 1157/1240/1157 1158/1242/1158
f 1114/1216/1114 1113/1214/1113 1144/1241/1144 1145/1243/1145
f 1128/1217/1128 1127/1215/1127 1158/1242/1158 1159/1244/1159
f 1115/1218/1115 1114/1216/1114 1145/1243/1145 1146/1245/1146
f 1129/1219/1129 1128/1217/1128 1159/1244/1159 1160/1246/1160
f 1116/1187/1116 1115/1218/1115 1146/1245/1146 1147/1247/1147
f 1130/1191/1130 1129/1219/1129 1160/1246/1160 1161/1248/1161
f 1117/1188/1117 1116/1187/1116 1147/1247/1147 1148/1249/1148
f 1104/1190/1104 1445/1250/1445 1135/1251/1135
f 1131/1192/1131 1130/1191/1130 1161/1248/1161 1162/1252/1162
f 1118/1193/1118 1117/1188/1117 1148/1249/1148 1149/1220/1149
f 1105/1194/1105 1104/1190/1104 1135/1251/1135 1136/1222/1136
f 1132/1195/1132 1131/1192/1131 1162/1252/1162 1163/1224/1163
f 1152/1229/1152 1151/1226/1151 1182/1253/1182 1183/1254/1183
f 1139/1230/1139 1138/1227/1138 1169/1255/1169 1170/1256/1170
f 979/1257/979 1165/1228/1165 1196/1258/1196
f 1153/1232/1153 1152/1229/1152 1183/1254/1183 1184/1259/1184
f 1140/1233/1140 1139/1230/1139 1170/1256/1170 1171/1260/1171
f 1154/1234/1154 1153/1232/1153 1184/1259/1184 1185/1261/1185
f 1141/1235/1141 1140/1233/1140 1171/1260/1171 1172/1262/1172
f 1155/1236/1155 1154/1234/1154 1185/1261/1185 1186/1263/1186
f 1142/1237/1142 1141/1235/1141 1172/1262/1172 1173/1264/1173
f 1156/1238/1156 1155/1236/1155 1186/1263/1186 1187/1265/1187
f 1143/1239/1143 1142/1237/1142 1173/1264/1173 1174/1266/1174
f 1157/1240/1157 1156/1238/1156 1187/1265/1187 1188/1267/1188
f 1144/1241/1144 1143/1239/1143 1174/1266/1174 1175/1268/1175
f 1158/1242/1158 1157/1240/1157 1188/1267/1188 1189/1269/1189
f 1145/1243/1145 1144/1241/1144 1175/1268/1175 1176/1270/1176
f 1159/1244/1159 1158/1242/1158 1189/1269/1189 1190/1271/1190
f 1146/1245/1146 1145/1243/1145 1176/1270/1176 1177/1272/1177
f 1160/1246/1160 1159/1244/1159 1190/1271/1190 1191/1273/1191
f 1147/1247/1147 1146/1245/1146 1177/1272/1177 1178/1274/1178
f 1161/1248/1161 1160/1246/1160 1191/1273/1191 1192/1275/1192
f 1148/1249/1148 1147/1247/1147 1178/1274/1178 1179/1276/1179
f 1135/1251/1135 1445/1277/1445 1166/1278/1166
f 1162/1252/1162 1161/1248/1161 1192/1275/1192 1193/1279/1193
f 1149/1220/1149 1148/1249/1148 1179/1276/1179 1180/1280/1180
f 1136/1222/1136 1135/1251/1135 1166/1278/1166 1167/1281/1167
f 1163/1224/1163 1162/1252/1162 1193/1279/1193 1194/1282/1194
f 1150/1221/1150 1149/1220/1149 1180/1280/1180 1181/1283/1181
f 1137/1223/1137 1136/1222/1136 1167/1281/1167 1168/1284/1168
f 1164/1225/1164 1163/1224/1163 1194/1282/1194 1195/1285/1195
f 1151/1226/1151 1150/1221/1150 1181/1283/1181 1182/1253/1182
f 1138/1227/1138 1137/1223/1137 1168/1284/1168 1169/1255/1169
f 1165/1228/1165 1164/1225/1164 1195/1285/1195 1196/1258/1196
f 1185/1261/1185 1184/1259/1184 1215/1286/1215 1216/1287/1216
f 1172/1262/1172 1171/1260/1171 1202/1288/1202 1203/1289/1203
f 1186/1263/1186 1185/1261/1185 1216/1287/1216 1217/1290/1217
f 1173/1264/1173 1172/1262/1172 1203/1289/1203 1204/1291/1204
f 1187/1265/1187 1186/1263/1186 1217/1290/1217 1218/1292/1218
f 1174/1266/1174 1173/1264/1173 1204/1291/1204 1205/1293/1205
f 1188/1267/1188 1187/1265/1187 1218/1292/1218 1219/1294/1219
f 1175/1268/1175 1174/1266/1174 1205/1293/1205 1206/1295/1206
f 1189/1269/1189 1188/1267/1188 1219/1294/1219 1220/1296/1220
f 1176/1270/1176 1175/1268/1175 1206/1295/1206 1207/1297/1207
f 1190/1271/1190 1189/1269/1189 1220/1296/1220 1221/1298/1221
f 1177/1272/1177 1176/1270/1176 1207/1297/1207 1208/1299/1208
f 1191/1273/1191 1190/1271/1190 1221/1298/1221 1222/1300/1222
f 1178/1274/1178 1177/1272/1177 1208/1299/1208 1209/1301/1209
f 1192/1275/1192 1191/1273/1191 1222/1300/1222 1223/1302/1223
f 1179/1276/1179 1178/1274/1178 1209/1301/1209 1210/1303/1210
f 1166/1278/1166 1445/1304/1445 1197/1305/1197
f 1193/1279/1193 1192/1275/1192 1223/1302/1223 1224/1306/1224
f 1180/1280/1180 1179/1276/1179 1210/1303/1210 1211/1307/1211
f 1167/1281/1167 1166/1278/1166 1197/1305/1197 1198/1308/1198
f 1194/1282/1194 1193/1279/1193 1224/1306/1224 1225/1309/1225
f 1181/1283/1181 1180/1280/1180 1211/1307/1211 1212/1310/1212
f 1168/1284/1168 1167/1281/1167 1198/1308/1198 1199/1311/1199
f 1195/1285/1195 1194/1282/1194 1225/1309/1225 1226/1312/1226
f 1182/1253/1182 1181/1283/1181 1212/1310/1212 1213/1313/1213
f 1169/1255/1169 1168/1284/1168 1199/1311/1199 1200/1314/1200
f 1196/1258/1196 1195/1285/1195 1226/1312/1226 1227/1315/1227
f 1183/1254/1183 1182/1253/1182 1213/1313/1213 1214/1316/1214
f 1170/1256/1170 1169/1255/1169 1200/1314/1200 1201/1317/1201
f 979/1318/979 1196/1258/1196 1227/1315/1227
f 1184/1259/1184 1183/1254/1183 1214/1316/1214 1215/1286/1215
f 1171/1260/1171 1170/1256/1170 1201/1317/1201 1202/1288/1202
f 1218/1292/1218 1217/1290/1217 1248/1319/1248 1249/1320/1249
f 1205/1293/1205 1204/1291/1204 1235/1321/1235 1236/1322/1236
f 1219/1294/1219 1218/1292/1218 1249/1320/1249 1250/1323/1250
f 1206/1295/1206 1205/1293/1205 1236/1322/1236 1237/1324/1237
f 1220/1296/1220 1219/1294/1219 1250/1323/1250 1251/1325/1251
f 1207/1297/1207 1206/1295/1206 1237/1324/1237 1238/1326/1238
f 1221/1298/1221 1220/1296/1220 1251/1325/1251 1252/1327/1252
f 1208/1299/1208 1207/1297/1207 1238/1326/1238 1239/1328/1239
f 1222/1300/1222 1221/1298/1221 1252/1327/1252 1253/1329/1253
f 1209/1301/1209 1208/1299/1208 1239/1328/1239 1240/1330/1240
f 1223/1302/1223 1222/1300/1222 1253/1329/1253 1254/1331/1254
f 1210/1303/1210 1209/1301/1209 1240/1330/1240 1241/1332/1241
f 1197/1305/1197 1445/1333/1445 1228/1334/1228
f 1224/1306/1224 1223/1302/1223 1254/1331/1254 1255/1335/1255
f 1211/1307/1211 1210/1303/1210 1241/1332/1241 1242/1336/1242
f 1198/1308/1198 1197/1305/1197 1228/1334/1228 1229/1337/1229
f 1225/1309/1225 1224/1306/1224 1255/1335/1255 1256/1338/1256
f 1212/1310/1212 1211/1307/1211 1242/1336/1242 1243/1339/1243
f 1199/1311/1199 1198/1308/1198 1229/1337/1229 1230/1340/1230
f 1226/1312/1226 1225/1309/1225 1256/1338/1256 1257/1341/1257
f 1213/1313/1213 1212/1310/1212 1243/1339/1243 1244/1342/1244
f 1200/1314/1200 1199/1311/1199 1230/1340/1230 1231/1343/1231
f 1227/1315/1227 1226/1312/1226 1257/1341/1257 1258/1344/1258
f 1214/1316/1214 1213/1313/1213 1244/1342/1244 1245/1345/1245
f 1201/1317/1201 1200/1314/1200 1231/1343/1231 1232/1346/1232
f 979/1347/979 1227/1315/1227 1258/1344/1258
f 1215/1286/1215 1214/1316/1214 1245/1345/1245 1246/1348/1246
f 1202/1288/1202 1201/1317/1201 1232/1346/1232 1233/1349/1233
f 1216/1287/1216 1215/1286/1215 1246/1348/1246 1247/1350/1247
f 1203/1289/1203 1202/1288/1202 1233/1349/1233 1234/1351/1234
f 1217/1290/1217 1216/1287/1216 1247/1350/1247 1248/1319/1248
f 1204/1291/1204 1203/1289/1203 1234/1351/1234 1235/1321/1235
f 1251/1325/1251 1250/1323/1250 1281/1352/1281 1282/1353/1282
f 1238/1326/1238 1237/1324/1237 1268/1354/1268 1269/1355/1269
f 1252/1327/1252 1251/1325/1251 1282/1353/1282 1283/1356/1283
f 1239/1328/1239 1238/1326/1238 1269/1355/1269 1270/1357/1270
f 1253/1329/1253 1252/1327/1252 1283/1356/1283 1284/1358/1284
f 1240/1330/1240 1239/1328/1239 1270/1357/1270 1271/1359/1271
f 1254/1331/1254 1253/1329/1253 1284/1358/1284 1285/1360/1285
f 1241/1332/1241 1240/1330/1240 1271/1359/1271 1272/1361/1272
f 1228/1334/1228 1445/1362/1445 1259/1363/1259
f 1255/1335/1255 1254/1331/1254 1285/1360/1285 1286/1364/1286
f 1242/1336/1242 1241/1332/1241 1272/1361/1272 1273/1365/1273
f 1229/1337/1229 1228/1334/1228 1259/1363/1259 1260/1366/1260
f 1256/1338/1256 1255/1335/1255 1286/1364/1286 1287/1367/1287
f 1243/1339/1243 1242/1336/1242 1273/1365/1273 1274/1368/1274
f 1230/1340/1230 1229/1337/1229 1260/1366/1260 1261/1369/1261
f 1257/1341/1257 1256/1338/1256 1287/1367/1287 1288/1370/1288
f 1244/1342/1244 1243/1339/1243 1274/1368/1274 1275/1371/1275
f 1231/1343/1231 1230/1340/1230 1261/1369/1261 1262/1372/1262
f 1258/1344/1258 1257/1341/1257 1288/1370/1288 1289/1373/1289
f 1245/1345/1245 1244/1342/1244 1275/1371/1275 1276/1374/1276
f 1232/1346/1232 1231/1343/1231 1262/1372/1262 1263/1375/1263
f 979/1376/979 1258/1344/1258 1289/1373/1289
f 1246/1348/1246 1245/1345/1245 1276/1374/1276 1277/1377/1277
f 1233/1349/1233 1232/1346/1232 1263/1375/1263 1264/1378/1264
f 1247/1350/1247 1246/1348/1246 1277/1377/1277 1278/1379/1278
f 1234/1351/1234 1233/1349/1233 1264/1378/1264 1265/1380/1265
f 1248/1319/1248 1247/1350/1247 1278/1379/1278 1279/1381/1279
f 1235/1321/1235 1234/1351/1234 1265/1380/1265 1266/1382/1266
f 1249/1320/1249 1248/1319/1248 1279/1381/1279 1280/1383/1280
f 1236/1322/1236 1235/1321/1235 1266/1382/1266 1267/1384/1267
f 1250/1323/1250 1249/1320/1249 1280/1383/1280 1281/1352/1281
f 1237/1324/1237 1236/1322/1236 1267/1384/1267 1268/1354/1268
f 1284/1358/1284 1283/1356/1283 1314/1385/1314 1315/1386/1315
f 1271/1359/1271 1270/1357/1270 1301/1387/1301 1302/1388/1302
f 1285/1360/1285 1284/1358/1284 1315/1386/1315 1316/1389/1316
f 1272/1361/1272 1271/1359/1271 1302/1388/1302 1303/1390/1303
f 1259/1363/1259 1445/1391/1445 1290/1392/1290
f 1286/1364/1286 1285/1360/1285 1316/1389/1316 1317/1393/1317
f 1273/1365/1273 1272/1361/1272 1303/1390/1303 1304/1394/1304
f 1260/1366/1260 1259/1363/1259 1290/1392/1290 1291/1395/1291
f 1287/1367/1287 1286/1364/1286 1317/1393/1317 1318/1396/1318
f 1274/1368/1274 1273/1365/1273 1304/1394/1304 1305/1397/1305
f 1261/1369/1261 1260/1366/1260 1291/1395/1291 1292/1398/1292
f 1288/1370/1288 1287/1367/1287 1318/1396/1318 1319/1399/1319
f 1275/1371/1275 1274/1368/1274 1305/1397/1305 1306/1400/1306
f 1262/1372/1262 1261/1369/1261 1292/1398/1292 1293/1401/1293
f 1289/1373/1289 1288/1370/1288 1319/1399/1319 1320/1402/1320
f 1276/1374/1276 1275/1371/1275 1306/1400/1306 1307/1403/1307
f 1263/1375/1263 1262/1372/1262 1293/1401/1293 1294/1404/1294
f 979/1405/979 1289/1373/1289 1320/1402/1320
f 1277/1377/1277 1276/1374/1276 1307/1403/1307 1308/1406/1308
f 1264/1378/1264 1263/1375/1263 1294/1404/1294 1295/1407/1295
f 1278/1379/1278 1277/1377/1277 1308/1406/1308 1309/1408/1309
f 1265/1380/1265 1264/1378/1264 1295/1407/1295 1296/1409/1296
f 1279/1381/1279 1278/1379/1278 1309/1408/1309 1310/1410/1310
f 1266/1382/1266 1265/1380/1265 1296/1409/1296 1297/1411/1297
f 1280/1383/1280 1279/1381/1279 1310/1410/1310 1311/1412/1311
f 1267/1384/1267 1266/1382/1266 1297/1411/1297 1298/1413/1298
f 1281/1352/1281 1280/1383/1280 1311/1412/1311 1312/1414/1312
f 1268/1354/1268 1267/1384/1267 1298/1413/1298 1299/1415/1299
f 1282/1353/1282 1281/1352/1281 1312/1414/1312 1313/1416/1313
f 1269/1355/1269 1268/1354/1268 1299/1415/1299 1300/1417/1300
f 1283/1356/1283 1282/1353/1282 1313/1416/1313 1314/1385/1314
f 1270/1357/1270 1269/1355/1269 1300/1417/1300 1301/1387/1301
f 1317/1393/1317 1316/1389/1316 1347/1418/1347 1348/1419/1348
f 1304/1394/1304 1303/1390/1303 1334/1420/1334 1335/1421/1335
f 1291/1395/1291 1290/1392/1290 1321/1422/1321 1322/1423/1322
f 1318/1396/1318 1317/1393/1317 1348/1419/1348 1349/1424/1349
f 1305/1397/1305 1304/1394/1304 1335/1421/1335 1336/1425/1336
f 1292/1398/1292 1291/1395/1291 1322/1423/1322 1323/1426/1323
f 1319/1399/1319 1318/1396/1318 1349/1424/1349 1350/1427/1350
f 1306/1400/1306 1305/1397/1305 1336/1425/1336 1337/1428/1337
f 1293/1401/1293 1292/1398/1292 1323/1426/1323 1324/1429/1324
f 1320/1402/1320 1319/1399/1319 1350/1427/1350 1351/1430/1351
f 1307/1403/1307 1306/1400/1306 1337/1428/1337 1338/1431/1338
f 1294/1404/1294 1293/1401/1293 1324/1429/1324 1325/1432/1325
f 979/1433/979 1320/1402/1320 1351/1430/1351
f 1308/1406/1308 1307/1403/1307 1338/1431/1338 1339/1434/1339
f 1295/1407/1295 1294/1404/1294 1325/1432/1325 1326/1435/1326
f 1309/1408/1309 1308/1406/1308 1339/1434/1339 1340/1436/1340
f 1296/1409/1296 1295/1407/1295 1326/1435/1326 1327/1437/1327
f 1310/1410/1310 1309/1408/1309 1340/1436/1340 1341/1438/1341
f 1297/1411/1297 1296/1409/1296 1327/1437/1327 1328/1439/1328
f 1311/1412/1311 1310/1410/1310 1341/1438/1341 1342/1440/1342
f 1298/1413/1298 1297/1411/1297 1328/1439/1328 1329/1441/1329
f 1312/1414/1312 1311/1412/1311 1342/1440/1342 1343/1442/1343
f 1299/1415/1299 1298/1413/1298 1329/1441/1329 1330/1443/1330
f 1313/1416/1313 1312/1414/1312 1343/1442/1343 1344/1444/1344
f 1300/1417/1300 1299/1415/1299 1330/1443/1330 1331/1445/1331
f 1314/1385/1314 1313/1416/1313 1344/1444/1344 1345/1446/1345
f 1301/1387/1301 1300/1417/1300 1331/1445/1331 1332/1447/1332
f 1315/1386/1315 1314/1385/1314 1345/1446/1345 1346/1448/1346
f 1302/1388/1302 1301/1387/1301 1332/1447/1332 1333/1449/1333
f 1316/1389/1316 1315/1386/1315 1346/1448/1346 1347/1418/1347
f 1303/1390/1303 1302/1388/1302 1333/1449/1333 1334/1420/1334
f 1290/1392/1290 1445/1450/1445 1321/1422/1321
f 1350/1427/1350 1349/1424/1349 1380/1451/1380 1381/1452/1381
f 1337/1428/1337 1336/1425/1336 1367/1453/1367 1368/1454/1368
f 1324/1429/1324 1323/1426/1323 1354/1455/1354 1355/1456/1355
f 1351/1430/1351 1350/1427/1350 1381/1452/1381 1382/1457/1382
f 1338/1431/1338 1337/1428/1337 1368/1454/1368 1369/1458/1369
f 1325/1432/1325 1324/1429/1324 1355/1456/1355 1356/1459/1356
f 979/1460/979 1351/1430/1351 1382/1457/1382
f 1339/1434/1339 1338/1431/1338 1369/1458/1369 1370/1461/1370
f 1326/1435/1326 1325/1432/1325 1356/1459/1356 1357/1462/1357
f 1340/1436/1340 1339/1434/1339 1370/1461/1370 1371/1463/1371
f 1327/1437/1327 1326/1435/1326 1357/1462/1357 1358/1464/1358
f 1341/1438/1341 1340/1436/1340 1371/1463/1371 1372/1465/1372
f 1328/1439/1328 1327/1437/1327 1358/1464/1358 1359/1466/1359
f 1342/1440/1342 1341/1438/1341 1372/1465/1372 1373/1467/1373
f 1329/1441/1329 1328/1439/1328 1359/1466/1359 1360/1468/1360
f 1343/1442/1343 1342/1440/1342 1373/1467/1373 1374/1469/1374
f 1330/1443/1330 1329/1441/1329 1360/1468/1360 1361/1470/1361
f 1344/1444/1344 1343/1442/1343 1374/1469/1374 1375/1471/1375
f 1331/1445/1331 1330/1443/1330 1361/1470/1361 1362/1472/1362
f 1345/1446/1345 1344/1444/1344 1375/1471/1375 1376/1473/1376
f 1332/1447/1332 1331/1445/1331 1362/1472/1362 1363/1474/1363
f 1346/1448/1346 1345/1446/1345 1376/1473/1376 1377/1475/1377
f 1333/1449/1333 1332/1447/1332 1363/1474/1363 1364/1476/1364
f 1347/1418/1347 1346/1448/1346 1377/1475/1377 1378/1477/1378
f 1334/1420/1334 1333/1449/1333 1364/1476/1364 1365/1478/1365
f 1321/1422/1321 1445/1479/1445 1352/1480/1352
f 1348/1419/1348 1347/1418/1347 1378/1477/1378 1379/1481/1379
f 1335/1421/1335 1334/1420/1334 1365/1478/1365 1366/1482/1366
f 1322/1423/1322 1321/1422/1321 1352/1480/1352 1353/1483/1353
f 1349/1424/1349 1348/1419/1348 1379/1481/1379 1380/1451/1380
f 1336/1425/1336 1335/1421/1335 1366/1482/1366 1367/1453/1367
f 1323/1426/1323 1322/1423/1322 1353/1483/1353 1354/1455/1354
f 979/1484/979 1382/1457/1382 1413/1485/1413
f 1370/1461/1370 1369/1458/1369 1400/1486/1400 1401/1487/1401
f 1357/1462/1357 1356/1459/1356 1387/1488/1387 1388/1489/1388
f 1371/1463/1371 1370/1461/1370 1401/1487/1401 1402/1490/1402
f 1358/1464/1358 1357/1462/1357 1388/1489/1388 1389/1491/1389
f 1372/1465/1372 1371/1463/1371 1402/1490/1402 1403/1492/1403
f 1359/1466/1359 1358/1464/1358 1389/1491/1389 1390/1493/1390
f 1373/1467/1373 1372/1465/1372 1403/1492/1403 1404/1494/1404
f 1360/1468/1360 1359/1466/1359 1390/1493/1390 1391/1495/1391
f 1374/1469/1374 1373/1467/1373 1404/1494/1404 1405/1496/1405
f 1361/1470/1361 1360/1468/1360 1391/1495/1391 1392/1497/1392
f 1375/1471/1375 1374/1469/1374 1405/1496/1405 1406/1498/1406
f 1362/1472/1362 1361/1470/1361 1392/1497/1392 1393/1499/1393
f 1376/1473/1376 1375/1471/1375 1406/1498/1406 1407/1500/1407
f 1363/1474/1363 1362/1472/1362 1393/1499/1393 1394/1501/1394
f 1377/1475/1377 1376/1473/1376 1407/1500/1407 1408/1502/1408
f 1364/1476/1364 1363/1474/1363 1394/1501/1394 1395/1503/1395
f 1378/1477/1378 1377/1475/1377 1408/1502/1408 1409/1504/1409
f 1365/1478/1365 1364/1476/1364 1395/1503/1395 1396/1505/1396
f 1352/1480/1352 1445/1506/1445 1383/1507/1383
f 1379/1481/1379 1378/1477/1378 1409/1504/1409 1410/1508/1410
f 1366/1482/1366 1365/1478/1365 1396/1505/1396 1397/1509/1397
f 1353/1483/1353 1352/1480/1352 1383/1507/1383 1384/1510/1384
f 1380/1451/1380 1379/1481/1379 1410/1508/1410 1411/1511/1411
f 1367/1453/1367 1366/1482/1366 1397/1509/1397 1398/1512/1398
f 1354/1455/1354 1353/1483/1353 1384/1510/1384 1385/1513/1385
f 1381/1452/1381 1380/1451/1380 1411/1511/1411 1412/1514/1412
f 1368/1454/1368 1367/1453/1367 1398/1512/1398 1399/1515/1399
f 1355/1456/1355 1354/1455/1354 1385/1513/1385 1386/1516/1386
f 1382/1457/1382 1381/1452/1381 1412/1514/1412 1413/1485/1413
f 1369/1458/1369 1368/1454/1368 1399/1515/1399 1400/1486/1400
f 1356/1459/1356 1355/1456/1355 1386/1516/1386 1387/1488/1387
f 1403/1492/1403 1402/1490/1402 1433/1517/1433 1434/1518/1434
f 1390/1493/1390 1389/1491/1389 1420/1519/1420 1421/1520/1421
f 1404/1494/1404 1403/1492/1403 1434/1518/1434 1435/1521/1435
f 1391/1495/1391 1390/1493/1390 1421/1520/1421 1422/1522/1422
f 1405/1496/1405 1404/1494/1404 1435/1521/1435 1436/1523/1436
f 1392/1497/1392 1391/1495/1391 1422/1522/1422 1423/1524/1423
f 1406/1498/1406 1405/1496/1405 1436/1523/1436 1437/1525/1437
f 1393/1499/1393 1392/1497/1392 1423/1524/1423 1424/1526/1424
f 1407/1500/1407 1406/1498/1406 1437/1525/1437 1438/1527/1438
f 1394/1501/1394 1393/1499/1393 1424/1526/1424 1425/1528/1425
f 1408/1502/1408 1407/1500/1407 1438/1527/1438 1439/1529/1439
f 1395/1503/1395 1394/1501/1394 1425/1528/1425 1426/1530/1426
f 1409/1504/1409 1408/1502/1408 1439/1529/1439 1440/1531/1440
f 1396/1505/1396 1395/1503/1395 1426/1530/1426 1427/1532/1427
f 1383/1507/1383 1445/1533/1445 1414/1534/1414
f 1410/1508/1410 1409/1504/1409 1440/1531/1440 1441/1535/1441
f 1397/1509/1397 1396/1505/1396 1427/1532/1427 1428/1536/1428
f 1384/1510/1384 1383/1507/1383 1414/1534/1414 1415/1537/1415
f 1411/1511/1411 1410/1508/1410 1441/1535/1441 1442/1538/1442
f 1398/1512/1398 1397/1509/1397 1428/1536/1428 1429/1539/1429
f 1385/1513/1385 1384/1510/1384 1415/1537/1415 1416/1540/1416
f 1412/1514/1412 1411/1511/1411 1442/1538/1442 1443/1541/1443
f 1399/1515/1399 1398/1512/1398 1429/1539/1429 1430/1542/1430
f 1386/1516/1386 1385/1513/1385 1416/1540/1416 1417/1543/1417
f 1413/1485/1413 1412/1514/1412 1443/1541/1443 1444/1544/1444
f 1400/1486/1400 1399/1515/1399 1430/1542/1430 1431/1545/1431
f 1387/1488/1387 1386/1516/1386 1417/1543/1417 1418/1546/1418
f 979/1547/979 1413/1485/1413 1444/1544/1444
f 1401/1487/1401 1400/1486/1400 1431/1545/1431 1432/1548/1432
f 1388/1489/1388 1387/1488/1387 1418/1546/1418 1419/1549/1419
f 1402/1490/1402 1401/1487/1401 1432/1548/1432 1433/1517/1433
f 1389/1491/1389 1388/1489/1388 1419/1549/1419 1420/1519/1420
f 1436/1523/1436 1435/1521/1435 1467/1550/1467 1468/1551/1468
f 1423/1524/1423 1422/1522/1422 1454/1552/1454 1455/1553/1455
f 1437/1525/1437 1436/1523/1436 1468/1551/1468 1469/1554/1469
f 1424/1526/1424 1423/1524/1423 1455/1553/1455 1456/1555/1456
f 1438/1527/1438 1437/1525/1437 1469/1554/1469 1470/1556/1470
f 1425/1528/1425 1424/1526/1424 1456/1555/1456 1457/1557/1457
f 1439/1529/1439 1438/1527/1438 1470/1556/1470 1471/1558/1471
f 1426/1530/1426 1425/1528/1425 1457/1557/1457 1458/1559/1458
f 1440/1531/1440 1439/1529/1439 1471/1558/1471 1472/1560/1472
f 1427/1532/1427 1426/1530/1426 1458/1559/1458 1459/1561/1459
f 1414/1534/1414 1445/1562/1445 1446/1563/1446
f 1441/1535/1441 1440/1531/1440 1472/1560/1472 1473/1564/1473
f 1428/1536/1428 1427/1532/1427 1459/1561/1459 1460/1565/1460
f 1415/1537/1415 1414/1534/1414 1446/1563/1446 1447/1566/1447
f 1442/1538/1442 1441/1535/1441 1473/1564/1473 1474/1567/1474
f 1429/1539/1429 1428/1536/1428 1460/1565/1460 1461/1568/1461
f 1416/1540/1416 1415/1537/1415 1447/1566/1447 1448/1569/1448
f 1443/1541/1443 1442/1538/1442 1474/1567/1474 1475/1570/1475
f 1430/1542/1430 1429/1539/1429 1461/1568/1461 1462/1571/1462
f 1417/1543/1417 1416/1540/1416 1448/1569/1448 1449/1572/1449
f 1444/1544/1444 1443/1541/1443 1475/1570/1475 1476/1573/1476
f 1431/1545/1431 1430/1542/1430 1462/1571/1462 1463/1574/1463
f 1418/1546/1418 1417/1543/1417 1449/1572/1449 1450/1575/1450
f 979/1576/979 1444/1544/1444 1476/1573/1476
f 1432/1548/1432 1431/1545/1431 1463/1574/1463 1464/1577/1464
f 1419/1549/1419 1418/1546/1418 1450/1575/1450 1451/1578/1451
f 1433/1517/1433 1432/1548/1432 1464/1577/1464 1465/1579/1465
f 1420/1519/1420 1419/1549/1419 1451/1578/1451 1452/1580/1452
f 1434/1518/1434 1433/1517/1433 1465/1579/1465 1466/1581/1466
f 1421/1520/1421 1420/1519/1420 1452/1580/1452 1453/1582/1453
f 1435/1521/1435 1434/1518/1434 1466/1581/1466 1467/1550/1467
f 1422/1522/1422 1421/1520/1421 1453/1582/1453 1454/1552/1454
f 1470/1556/1470 1469/1554/1469 1500/1583/1500 1501/1584/1501
f 1457/1557/1457 1456/1555/1456 1487/1585/1487 1488/1586/1488
f 1471/1558/1471 1470/1556/1470 1501/1584/1501 1502/1587/1502
f 1458/1559/1458 1457/1557/1457 1488/1586/1488 1489/1588/1489
f 1472/1560/1472 1471/1558/1471 1502/1587/1502 1503/1589/1503
f 1459/1561/1459 1458/1559/1458 1489/1588/1489 1490/1590/1490
f 1446/1563/1446 1445/1591/1445 1477/1592/1477
f 1473/1564/1473 1472/1560/1472 1503/1589/1503 1504/1593/1504
f 1460/1565/1460 1459/1561/1459 1490/1590/1490 1491/1594/1491
f 1447/1566/1447 1446/1563/1446 1477/1592/1477 1478/1595/1478
f 1474/1567/1474 1473/1564/1473 1504/1593/1504 1505/1596/1505
f 1461/1568/1461 1460/1565/1460 1491/1594/1491 1492/1597/1492
f 1448/1569/1448 1447/1566/1447 1478/1595/1478 1479/1598/1479
f 1475/1570/1475 1474/1567/1474 1505/1596/1505 1506/1599/1506
f 1462/1571/1462 1461/1568/1461 1492/1597/1492 1493/1600/1493
f 1449/1572/1449 1448/1569/1448 1479/1598/1479 1480/1601/1480
f 1476/1573/1476 1475/1570/1475 1506/1599/1506 1507/1602/1507
f 1463/1574/1463 1462/1571/1462 1493/1600/1493 1494/1603/1494
f 1450/1575/1450 1449/1572/1449 1480/1601/1480 1481/1604/1481
f 979/1605/979 1476/1573/1476 1507/1602/1507
f 1464/1577/1464 1463/1574/1463 1494/1603/1494 1495/1606/1495
f 1451/1578/1451 1450/1575/1450 1481/1604/1481 1482/1607/1482
f 1465/1579/1465 1464/1577/1464 1495/1606/1495 1496/1608/1496
f 1452/1580/1452 1451/1578/1451 1482/1607/1482 1483/1609/1483
f 1466/1581/1466 1465/1579/1465 1496/1608/1496 1497/1610/1497
f 1453/1582/1453 1452/1580/1452 1483/1609/1483 1484/1611/1484
f 1467/1550/1467 1466/1581/1466 1497/1610/1497 1498/1612/1498
f 1454/1552/1454 1453/1582/1453 1484/1611/1484 1485/1613/1485
f 1468/1551/1468 1467/1550/1467 1498/1612/1498 1499/1614/1499
f 1455/1553/1455 1454/1552/1454 1485/1613/1485 1486/1615/1486
f 1469/1554/1469 1468/1551/1468 1499/1614/1499 1500/1583/1500
f 1456/1555/1456 1455/1553/1455 1486/1615/1486 1487/1585/1487
f 1503/1616/1503 1502/1617/1502 1533/1618/1533 1534/1619/1534
f 1490/1620/1490 1489/1621/1489 1520/1622/1520 1521/1623/1521
f 1477/1624/1477 1445/1625/1445 1508/1626/1508
f 1504/1627/1504 1503/1616/1503 1534/1619/1534 1535/1628/1535
f 1491/1629/1491 1490/1620/1490 1521/1623/1521 1522/1630/1522
f 1478/1631/1478 1477/1624/1477 1508/1626/1508 1509/1632/1509
f 1505/1633/1505 1504/1627/1504 1535/1628/1535 1536/1634/1536
f 1492/1635/1492 1491/1629/1491 1522/1630/1522 1523/1636/1523
f 1479/1637/1479 1478/1631/1478 1509/1632/1509 1510/1638/1510
f 1506/1639/1506 1505/1633/1505 1536/1634/1536 1537/1640/1537
f 1493/1641/1493 1492/1635/1492 1523/1636/1523 1524/1642/1524
f 1480/1643/1480 1479/1637/1479 1510/1638/1510 1511/1644/1511
f 1507/1645/1507 1506/1639/1506 1537/1640/1537 1538/1646/1538
f 1494/1647/1494 1493/1641/1493 1524/1642/1524 1525/1648/1525
f 1481/1649/1481 1480/1643/1480 1511/1644/1511 1512/1650/1512
f 979/1651/979 1507/1645/1507 1538/1646/1538
f 1495/1652/1495 1494/1647/1494 1525/1648/1525 1526/1653/1526
f 1482/1654/1482 1481/1649/1481 1512/1650/1512 1513/1655/1513
f 1496/1656/1496 1495/1652/1495 1526/1653/1526 1527/1657/1527
f 1483/1658/1483 1482/1654/1482 1513/1655/1513 1514/1659/1514
f 1497/1660/1497 1496/1656/1496 1527/1657/1527 1528/1661/1528
f 1484/1662/1484 1483/1658/1483 1514/1659/1514 1515/1663/1515
f 1498/1664/1498 1497/1660/1497 1528/1661/1528 1529/1665/1529
f 1485/1666/1485 1484/1662/1484 1515/1663/1515 1516/1667/1516
f 1499/1668/1499 1498/1664/1498 1529/1665/1529 1530/1669/1530
f 1486/1670/1486 1485/1666/1485 1516/1667/1516 1517/1671/1517
f 1500/1672/1500 1499/1668/1499 1530/1669/1530 1531/1673/1531
f 1487/1674/1487 1486/1670/1486 1517/1671/1517 1518/1675/1518
f 1501/1676/1501 1500/1672/1500 1531/1673/1531 1532/1677/1532
f 1488/1678/1488 1487/1674/1487 1518/1675/1518 1519/1679/1519
f 1502/1617/1502 1501/1676/1501 1532/1677/1532 1533/1618/1533
f 1489/1621/1489 1488/1678/1488 1519/1679/1519 1520/1622/1520
f 1509/1632/1509 1508/1626/1508 1539/1680/1539 1540/1681/1540
f 1536/1634/1536 1535/1628/1535 1566/1682/1566 1567/1683/1567
f 1523/1636/1523 1522/1630/1522 1553/1684/1553 1554/1685/1554
f 1510/1638/1510 1509/1632/1509 1540/1681/1540 1541/1686/1541
f 1537/1640/1537 1536/1634/1536 1567/1683/1567 1568/1687/1568
f 1524/1642/1524 1523/1636/1523 1554/1685/1554 1555/1688/1555
f 1511/1644/1511 1510/1638/1510 1541/1686/1541 1542/1689/1542
f 1538/1646/1538 1537/1640/1537 1568/1687/1568 1569/1690/1569
f 1525/1648/1525 1524/1642/1524 1555/1688/1555 1556/1691/1556
f 1512/1650/1512 1511/1644/1511 1542/1689/1542 1543/1692/1543
f 979/1693/979 1538/1646/1538 1569/1690/1569
f 1526/1653/1526 1525/1648/1525 1556/1691/1556 1557/1694/1557
f 1513/1655/1513 1512/1650/1512 1543/1692/1543 1544/1695/1544
f 1527/1657/1527 1526/1653/1526 1557/1694/1557 1558/1696/1558
f 1514/1659/1514 1513/1655/1513 1544/1695/1544 1545/1697/1545
f 1528/1661/1528 1527/1657/1527 1558/1696/1558 1559/1698/1559
f 1515/1663/1515 1514/1659/1514 1545/1697/1545 1546/1699/1546
f 1529/1665/1529 1528/1661/1528 1559/1698/1559 1560/1700/1560
f 1516/1667/1516 1515/1663/1515 1546/1699/1546 1547/1701/1547
f 1530/1669/1530 1529/1665/1529 1560/1700/1560 1561/1702/1561
f 1517/1671/1517 1516/1667/1516 1547/1701/1547 1548/1703/1548
f 1531/1673/1531 1530/1669/1530 1561/1702/1561 1562/1704/1562
f 1518/1675/1518 1517/1671/1517 1548/1703/1548 1549/1705/1549
f 1532/1677/1532 1531/1673/1531 1562/1704/1562 1563/1706/1563
f 1519/1679/1519 1518/1675/1518 1549/1705/1549 1550/1707/1550
f 1533/1618/1533 1532/1677/1532 1563/1706/1563 1564/1708/1564
f 1520/1622/1520 1519/1679/1519 1550/1707/1550 1551/1709/1551
f 1534/1619/1534 1533/1618/1533 1564/1708/1564 1565/1710/1565
f 1521/1623/1521 1520/1622/1520 1551/1709/1551 1552/1711/1552
f 1508/1626/1508 1445/1712/1445 1539/1680/1539
f 1535/1628/1535 1534/1619/1534 1565/1710/1565 1566/1682/1566
f 1522/1630/1522 1521/1623/1521 1552/1711/1552 1553/1684/1553
f 1542/1689/1542 1541/1686/1541 1572/1713/1572 1573/1714/1573
f 1569/1690/1569 1568/1687/1568 1599/1715/1599 1600/1716/1600
f 1556/1691/1556 1555/1688/1555 1586/1717/1586 1587/1718/1587
f 1543/1692/1543 1542/1689/1542 1573/1714/1573 1574/1719/1574
f 979/1720/979 1569/1690/1569 1600/1716/1600
f 1557/1694/1557 1556/1691/1556 1587/1718/1587 1588/1721/1588
f 1544/1695/1544 1543/1692/1543 1574/1719/1574 1575/1722/1575
f 1558/1696/1558 1557/1694/1557 1588/1721/1588 1589/1723/1589
f 1545/1697/1545 1544/1695/1544 1575/1722/1575 1576/1724/1576
f 1559/1698/1559 1558/1696/1558 1589/1723/1589 1590/1725/1590
f 1546/1699/1546 1545/1697/1545 1576/1724/1576 1577/1726/1577
f 1560/1700/1560 1559/1698/1559 1590/1725/1590 1591/1727/1591
f 1547/1701/1547 1546/1699/1546 1577/1726/1577 1578/1728/1578
f 1561/1702/1561 1560/1700/1560 1591/1727/1591 1592/1729/1592
f 1548/1703/1548 1547/1701/1547 1578/1728/1578 1579/1730/1579
f 1562/1704/1562 1561/1702/1561 1592/1729/1592 1593/1731/1593
f 1549/1705/1549 1548/1703/1548 1579/1730/1579 1580/1732/1580
f 1563/1706/1563 1562/1704/1562 1593/1731/1593 1594/1733/1594
f 1550/1707/1550 1549/1705/1549 1580/1732/1580 1581/1734/1581
f 1564/1708/1564 1563/1706/1563 1594/1733/1594 1595/1735/1595
f 1551/1709/1551 1550/1707/1550 1581/1734/1581 1582/1736/1582
f 1565/1710/1565 1564/1708/1564 1595/1735/1595 1596/1737/1596
f 1552/1711/1552 1551/1709/1551 1582/1736/1582 1583/1738/1583
f 1539/1680/1539 1445/1739/1445 1570/1740/1570
f 1566/1682/1566 1565/1710/1565 1596/1737/1596 1597/1741/1597
f 1553/1684/1553 1552/1711/1552 1583/1738/1583 1584/1742/1584
f 1540/1681/1540 1539/1680/1539 1570/1740/1570 1571/1743/1571
f 1567/1683/1567 1566/1682/1566 1597/1741/1597 1598/1744/1598
f 1554/1685/1554 1553/1684/1553 1584/1742/1584 1585/1745/1585
f 1541/1686/1541 1540/1681/1540 1571/1743/1571 1572/1713/1572
f 1568/1687/1568 1567/1683/1567 1598/1744/1598 1599/1715/1599
f 1555/1688/1555 1554/1685/1554 1585/1745/1585 1586/1717/1586
f 1594/1733/1594 1593/1731/1593 1624/1746/1624 1625/1747/1625
f 1581/1734/1581 1580/1732/1580 1611/1748/1611 1612/1749/1612
f 1595/1735/1595 1594/1733/1594 1625/1747/1625 1626/1750/1626
f 1582/1736/1582 1581/1734/1581 1612/1749/1612 1613/1751/1613
f 1596/1737/1596 1595/1735/1595 1626/1750/1626 1627/1752/1627
f 1583/1738/1583 1582/1736/1582 1613/1751/1613 1614/1753/1614
f 1570/1740/1570 1445/1754/1445 1601/1755/1601
f 1597/1741/1597 1596/1737/1596 1627/1752/1627 1628/1756/1628
f 1584/1742/1584 1583/1738/1583 1614/1753/1614 1615/1757/1615
f 1571/1743/1571 1570/1740/1570 1601/1755/1601 1602/1758/1602
f 1598/1744/1598 1597/1741/1597 1628/1756/1628 1629/1759/1629
f 1585/1745/1585 1584/1742/1584 1615/1757/1615 1616/1760/1616
f 1572/1713/1572 1571/1743/1571 1602/1758/1602 1603/1761/1603
f 1599/1715/1599 1598/1744/1598 1629/1759/1629 1630/1762/1630
f 1586/1717/1586 1585/1745/1585 1616/1760/1616 1617/1763/1617
f 1573/1714/1573 1572/1713/1572 1603/1761/1603 1604/1764/1604
f 1600/1716/1600 1599/1715/1599 1630/1762/1630 1631/1765/1631
f 1587/1718/1587 1586/1717/1586 1617/1763/1617 1618/1766/1618
f 1574/1719/1574 1573/1714/1573 1604/1764/1604 1605/1767/1605
f 979/1768/979 1600/1716/1600 1631/1765/1631
f 1588/1721/1588 1587/1718/1587 1618/1766/1618 1619/1769/1619
f 1575/1722/1575 1574/1719/1574 1605/1767/1605 1606/1770/1606
f 1589/1723/1589 1588/1721/1588 1619/1769/1619 1620/1771/1620
f 1576/1724/1576 1575/1722/1575 1606/1770/1606 1607/1772/1607
f 1590/1725/1590 1589/1723/1589 1620/1771/1620 1621/1773/1621
f 1577/1726/1577 1576/1724/1576 1607/1772/1607 1608/1774/1608
f 1591/1727/1591 1590/1725/1590 1621/1773/1621 1622/1775/1622
f 1578/1728/1578 1577/1726/1577 1608/1774/1608 1609/1776/1609
f 1592/1729/1592 1591/1727/1591 1622/1775/1622 1623/1777/1623
f 1579/1730/1579 1578/1728/1578 1609/1776/1609 1610/1778/1610
f 1593/1731/1593 1592/1729/1592 1623/1777/1623 1624/1746/1624
f 1580/1732/1580 1579/1730/1579 1610/1778/1610 1611/1748/1611
f 1627/1752/1627 1626/1750/1626 1657/1779/1657 1658/1780/1658
f 1614/1753/1614 1613/1751/1613 1644/1781/1644 1645/1782/1645
f 1601/1755/1601 1445/1783/1445 1632/1784/1632
f 1628/1756/1628 1627/1752/1627 1658/1780/1658 1659/1785/1659
f 1615/1757/1615 1614/1753/1614 1645/1782/1645 1646/1786/1646
f 1602/1758/1602 1601/1755/1601 1632/1784/1632 1633/1787/1633
f 1629/1759/1629 1628/1756/1628 1659/1785/1659 1660/1788/1660
f 1616/1760/1616 1615/1757/1615 1646/1786/1646 1647/1789/1647
f 1603/1761/1603 1602/1758/1602 1633/1787/1633 1634/1790/1634
f 1630/1762/1630 1629/1759/1629 1660/1788/1660 1661/1791/1661
f 1617/1763/1617 1616/1760/1616 1647/1789/1647 1648/1792/1648
f 1604/1764/1604 1603/1761/1603 1634/1790/1634 1635/1793/1635
f 1631/1765/1631 1630/1762/1630 1661/1791/1661 1662/1794/1662
f 1618/1766/1618 1617/1763/1617 1648/1792/1648 1649/1795/1649
f 1605/1767/1605 1604/1764/1604 1635/1793/1635 1636/1796/1636
f 979/1797/979 1631/1765/1631 1662/1794/1662
f 1619/1769/1619 1618/1766/1618 1649/1795/1649 1650/1798/1650
f 1606/1770/1606 1605/1767/1605 1636/1796/1636 1637/1799/1637
f 1620/1771/1620 1619/1769/1619 1650/1798/1650 1651/1800/1651
f 1607/1772/1607 1606/1770/1606 1637/1799/1637 1638/1801/1638
f 1621/1773/1621 1620/1771/1620 1651/1800/1651 1652/1802/1652
f 1608/1774/1608 1607/1772/1607 1638/1801/1638 1639/1803/1639
f 1622/1775/1622 1621/1773/1621 1652/1802/1652 1653/1804/1653
f 1609/1776/1609 1608/1774/1608 1639/1803/1639 1640/1805/1640
f 1623/1777/1623 1622/1775/1622 1653/1804/1653 1654/1806/1654
f 1610/1778/1610 1609/1776/1609 1640/1805/1640 1641/1807/1641
f 1624/1746/1624 1623/1777/1623 1654/1806/1654 1655/1808/1655
f 1611/1748/1611 1610/1778/1610 1641/1807/1641 1642/1809/1642
f 1625/1747/1625 1624/1746/1624 1655/1808/1655 1656/1810/1656
f 1612/1749/1612 1611/1748/1611 1642/1809/1642 1643/1811/1643
f 1626/1750/1626 1625/1747/1625 1656/1810/1656 1657/1779/1657
f 1613/1751/1613 1612/1749/1612 1643/1811/1643 1644/1781/1644
f 1633/1787/1633 1632/1784/1632 1663/1812/1663 1664/1813/1664
f 1660/1788/1660 1659/1785/1659 1690/1814/1690 1691/1815/1691
f 1647/1789/1647 1646/1786/1646 1677/1816/1677 1678/1817/1678
f 1634/1790/1634 1633/1787/1633 1664/1813/1664 1665/1818/1665
f 1661/1791/1661 1660/1788/1660 1691/1815/1691 1692/1819/1692
f 1648/1792/1648 1647/1789/1647 1678/1817/1678 1679/1820/1679
f 1635/1793/1635 1634/1790/1634 1665/1818/1665 1666/1821/1666
f 1662/1794/1662 1661/1791/1661 1692/1819/1692 1693/1822/1693
f 1649/1795/1649 1648/1792/1648 1679/1820/1679 1680/1823/1680
f 1636/1796/1636 1635/1793/1635 1666/1821/1666 1667/1824/1667
f 979/1825/979 1662/1794/1662 1693/1822/1693
f 1650/1798/1650 1649/1795/1649 1680/1823/1680 1681/1826/1681
f 1637/1799/1637 1636/1796/1636 1667/1824/1667 1668/1827/1668
f 1651/1800/1651 1650/1798/1650 1681/1826/1681 1682/1828/1682
f 1638/1801/1638 1637/1799/1637 1668/1827/1668 1669/1829/1669
f 1652/1802/1652 1651/1800/1651 1682/1828/1682 1683/1830/1683
f 1639/1803/1639 1638/1801/1638 1669/1829/1669 1670/1831/1670
f 1653/1804/1653 1652/1802/1652 1683/1830/1683 1684/1832/1684
f 1640/1805/1640 1639/1803/1639 1670/1831/1670 1671/1833/1671
f 1654/1806/1654 1653/1804/1653 1684/1832/1684 1685/1834/1685
f 1641/1807/1641 1640/1805/1640 1671/1833/1671 1672/1835/1672
f 1655/1808/1655 1654/1806/1654 1685/1834/1685 1686/1836/1686
f 1642/1809/1642 1641/1807/1641 1672/1835/1672 1673/1837/1673
f 1656/1810/1656 1655/1808/1655 1686/1836/1686 1687/1838/1687
f 1643/1811/1643 1642/1809/1642 1673/1837/1673 1674/1839/1674
f 1657/1779/1657 1656/1810/1656 1687/1838/1687 1688/1840/1688
f 1644/1781/1644 1643/1811/1643 1674/1839/1674 1675/1841/1675
f 1658/1780/1658 1657/1779/1657 1688/1840/1688 1689/1842/1689
f 1645/1782/1645 1644/1781/1644 1675/1841/1675 1676/1843/1676
f 1632/1784/1632 1445/1844/1445 1663/1812/1663
f 1659/1785/1659 1658/1780/1658 1689/1842/1689 1690/1814/1690
f 1646/1786/1646 1645/1782/1645 1676/1843/1676 1677/1816/1677
f 1666/1821/1666 1665/1818/1665 1696/1845/1696 1697/1846/1697
f 1693/1822/1693 1692/1819/1692 1723/1847/1723 1724/1848/1724
f 1680/1823/1680 1679/1820/1679 1710/1849/1710 1711/1850/1711
f 1667/1824/1667 1666/1821/1666 1697/1846/1697 1698/1851/1698
f 979/1852/979 1693/1822/1693 1724/1848/1724
f 1681/1826/1681 1680/1823/1680 1711/1850/1711 1712/1853/1712
f 1668/1827/1668 1667/1824/1667 1698/1851/1698 1699/1854/1699
f 1682/1828/1682 1681/1826/1681 1712/1853/1712 1713/1855/1713
f 1669/1829/1669 1668/1827/1668 1699/1854/1699 1700/1856/1700
f 1683/1830/1683 1682/1828/1682 1713/1855/1713 1714/1857/1714
f 1670/1831/1670 1669/1829/1669 1700/1856/1700 1701/1858/1701
f 1684/1832/1684 1683/1830/1683 1714/1857/1714 1715/1859/1715
f 1671/1833/1671 1670/1831/1670 1701/1858/1701 1702/1860/1702
f 1685/1834/1685 1684/1832/1684 1715/1859/1715 1716/1861/1716
f 1672/1835/1672 1671/1833/1671 1702/1860/1702 1703/1862/1703
f 1686/1836/1686 1685/1834/1685 1716/1861/1716 1717/1863/1717
f 1673/1837/1673 1672/1835/1672 1703/1862/1703 1704/1864/1704
f 1687/1838/1687 1686/1836/1686 1717/1863/1717 1718/1865/1718
f 1674/1839/1674 1673/1837/1673 1704/1864/1704 1705/1866/1705
f 1688/1840/1688 1687/1838/1687 1718/1865/1718 1719/1867/1719
f 1675/1841/1675 1674/1839/1674 1705/1866/1705 1706/1868/1706
f 1689/1842/1689 1688/1840/1688 1719/1867/1719 1720/1869/1720
f 1676/1843/1676 1675/1841/1675 1706/1868/1706 1707/1870/1707
f 1663/1812/1663 1445/1871/1445 1694/1872/1694
f 1690/1814/1690 1689/1842/1689 1720/1869/1720 1721/1873/1721
f 1677/1816/1677 1676/1843/1676 1707/1870/1707 1708/1874/1708
f 1664/1813/1664 1663/1812/1663 1694/1872/1694 1695/1875/1695
f 1691/1815/1691 1690/1814/1690 1721/1873/1721 1722/1876/1722
f 1678/1817/1678 1677/1816/1677 1708/1874/1708 1709/1877/1709
f 1665/1818/1665 1664/1813/1664 1695/1875/1695 1696/1845/1696
f 1692/1819/1692 1691/1815/1691 1722/1876/1722 1723/1847/1723
f 1679/1820/1679 1678/1817/1678 1709/1877/1709 1710/1849/1710
f 1699/1854/1699 1698/1851/1698 1729/1878/1729 1730/1879/1730
f 1713/1855/1713 1712/1853/1712 1743/1880/1743 1744/1881/1744
f 1700/1856/1700 1699/1854/1699 1730/1879/1730 1731/1882/1731
f 1714/1857/1714 1713/1855/1713 1744/1881/1744 1745/1883/1745
f 1701/1858/1701 1700/1856/1700 1731/1882/1731 1732/1884/1732
f 1715/1859/1715 1714/1857/1714 1745/1883/1745 1746/1885/1746
f 1702/1860/1702 1701/1858/1701 1732/1884/1732 1733/1886/1733
f 1716/1861/1716 1715/1859/1715 1746/1885/1746 1747/1887/1747
f 1703/1862/1703 1702/1860/1702 1733/1886/1733 1734/1888/1734
f 1717/1863/1717 1716/1861/1716 1747/1887/1747 1748/1889/1748
f 1704/1864/1704 1703/1862/1703 1734/1888/1734 1735/1890/1735
f 1718/1865/1718 1717/1863/1717 1748/1889/1748 1749/1891/1749
f 1705/1866/1705 1704/1864/1704 1735/1890/1735 1736/1892/1736
f 1719/1867/1719 1718/1865/1718 1749/1891/1749 1750/1893/1750
f 1706/1868/1706 1705/1866/1705 1736/1892/1736 1737/1894/1737
f 1720/1869/1720 1719/1867/1719 1750/1893/1750 1751/1895/1751
f 1707/1870/1707 1706/1868/1706 1737/1894/1737 1738/1896/1738
f 1694/1872/1694 1445/1897/1445 1725/1898/1725
f 1721/1873/1721 1720/1869/1720 1751/1895/1751 1752/1899/1752
f 1708/1874/1708 1707/1870/1707 1738/1896/1738 1739/1900/1739
f 1695/1875/1695 1694/1872/1694 1725/1898/1725 1726/1901/1726
f 1722/1876/1722 1721/1873/1721 1752/1899/1752 1753/1902/1753
f 1709/1877/1709 1708/1874/1708 1739/1900/1739 1740/1903/1740
f 1696/1845/1696 1695/1875/1695 1726/1901/1726 1727/1904/1727
f 1723/1847/1723 1722/1876/1722 1753/1902/1753 1754/1905/1754
f 1710/1849/1710 1709/1877/1709 1740/1903/1740 1741/1906/1741
f 1697/1846/1697 1696/1845/1696 1727/1904/1727 1728/1907/1728
f 1724/1848/1724 1723/1847/1723 1754/1905/1754 1755/1908/1755
f 1711/1850/1711 1710/1849/1710 1741/1906/1741 1742/1909/1742
f 1698/1851/1698 1697/1846/1697 1728/1907/1728 1729/1878/1729
f 979/1910/979 1724/1848/1724 1755/1908/1755
f 1712/1853/1712 1711/1850/1711 1742/1909/1742 1743/1880/1743
f 1732/1884/1732 1731/1882/1731 1762/1911/1762 1763/1912/1763
f 1746/1885/1746 1745/1883/1745 1776/1913/1776 1777/1914/1777
f 1733/1886/1733 1732/1884/1732 1763/1912/1763 1764/1915/1764
f 1747/1887/1747 1746/1885/1746 1777/1914/1777 1778/1916/1778
f 1734/1888/1734 1733/1886/1733 1764/1915/1764 1765/1917/1765
f 1748/1889/1748 1747/1887/1747 1778/1916/1778 1779/1918/1779
f 1735/1890/1735 1734/1888/1734 1765/1917/1765 1766/1919/1766
f 1749/1891/1749 1748/1889/1748 1779/1918/1779 1780/1920/1780
f 1736/1892/1736 1735/1890/1735 1766/1919/1766 1767/1921/1767
f 1750/1893/1750 1749/1891/1749 1780/1920/1780 1781/1922/1781
f 1737/1894/1737 1736/1892/1736 1767/1921/1767 1768/1923/1768
f 1751/1895/1751 1750/1893/1750 1781/1922/1781 1782/1924/1782
f 1738/1896/1738 1737/1894/1737 1768/1923/1768 1769/1925/1769
f 1725/1898/1725 1445/1926/1445 1756/1927/1756
f 1752/1899/1752 1751/1895/1751 1782/1924/1782 1783/1928/1783
f 1739/1900/1739 1738/1896/1738 1769/1925/1769 1770/1929/1770
f 1726/1901/1726 1725/1898/1725 1756/1927/1756 1757/1930/1757
f 1753/1902/1753 1752/1899/1752 1783/1928/1783 1784/1931/1784
f 1740/1903/1740 1739/1900/1739 1770/1929/1770 1771/1932/1771
f 1727/1904/1727 1726/1901/1726 1757/1930/1757 1758/1933/1758
f 1754/1905/1754 1753/1902/1753 1784/1931/1784 1785/1934/1785
f 1741/1906/1741 1740/1903/1740 1771/1932/1771 1772/1935/1772
f 1728/1907/1728 1727/1904/1727 1758/1933/1758 1759/1936/1759
f 1755/1908/1755 1754/1905/1754 1785/1934/1785 1786/1937/1786
f 1742/1909/1742 1741/1906/1741 1772/1935/1772 1773/1938/1773
f 1729/1878/1729 1728/1907/1728 1759/1936/1759 1760/1939/1760
f 979/1940/979 1755/1908/1755 1786/1937/1786
f 1743/1880/1743 1742/1909/1742 1773/1938/1773 1774/1941/1774
f 1730/1879/1730 1729/1878/1729 1760/1939/1760 1761/1942/1761
f 1744/1881/1744 1743/1880/1743 1774/1941/1774 1775/1943/1775
f 1731/1882/1731 1730/1879/1730 1761/1942/1761 1762/1911/1762
f 1745/1883/1745 1744/1881/1744 1775/1943/1775 1776/1913/1776
f 1765/1917/1765 1764/1915/1764 1795/1944/1795 1796/1945/1796
f 1779/1918/1779 1778/1916/1778 1809/1946/1809 1810/1947/1810
f 1766/1919/1766 1765/1917/1765 1796/1945/1796 1797/1948/1797
f 1780/1920/1780 1779/1918/1779 1810/1947/1810 1811/1949/1811
f 1767/1921/1767 1766/1919/1766 1797/1948/1797 1798/1950/1798
f 1781/1922/1781 1780/1920/1780 1811/1949/1811 1812/1951/1812
f 1768/1923/1768 1767/1921/1767 1798/1950/1798 1799/1952/1799
f 1782/1924/1782 1781/1922/1781 1812/1951/1812 1813/1953/1813
f 1769/1925/1769 1768/1923/1768 1799/1952/1799 1800/1954/1800
f 1756/1927/1756 1445/1955/1445 1787/1956/1787
f 1783/1928/1783 1782/1924/1782 1813/1953/1813 1814/1957/1814
f 1770/1929/1770 1769/1925/1769 1800/1954/1800 1801/1958/1801
f 1757/1930/1757 1756/1927/1756 1787/1956/1787 1788/1959/1788
f 1784/1931/1784 1783/1928/1783 1814/1957/1814 1815/1960/1815
f 1771/1932/1771 1770/1929/1770 1801/1958/1801 1802/1961/1802
f 1758/1933/1758 1757/1930/1757 1788/1959/1788 1789/1962/1789
f 1785/1934/1785 1784/1931/1784 1815/1960/1815 1816/1963/1816
f 1772/1935/1772 1771/1932/1771 1802/1961/1802 1803/1964/1803
f 1759/1936/1759 1758/1933/1758 1789/1962/1789 1790/1965/1790
f 1786/1937/1786 1785/1934/1785 1816/1963/1816 1817/1966/1817
f 1773/1938/1773 1772/1935/1772 1803/1964/1803 1804/1967/1804
f 1760/1939/1760 1759/1936/1759 1790/1965/1790 1791/1968/1791
f 979/1969/979 1786/1937/1786 1817/1966/1817
f 1774/1941/1774 1773/1938/1773 1804/1967/1804 1805/1970/1805
f 1761/1942/1761 1760/1939/1760 1791/1968/1791 1792/1971/1792
f 1775/1943/1775 1774/1941/1774 1805/1970/1805 1806/1972/1806
f 1762/1911/1762 1761/1942/1761 1792/1971/1792 1793/1973/1793
f 1776/1913/1776 1775/1943/1775 1806/1972/1806 1807/1974/1807
f 1763/1912/1763 1762/1911/1762 1793/1973/1793 1794/1975/1794
f 1777/1914/1777 1776/1913/1776 1807/1974/1807 1808/1976/1808
f 1764/1915/1764 1763/1912/1763 1794/1975/1794 1795/1944/1795
f 1778/1916/1778 1777/1914/1777 1808/1976/1808 1809/1946/1809
f 1798/1950/1798 1797/1948/1797 1828/1977/1828 1829/1978/1829
f 1812/1951/1812 1811/1949/1811 1842/1979/1842 1843/1980/1843
f 1799/1952/1799 1798/1950/1798 1829/1978/1829 1830/1981/1830
f 1813/1953/1813 1812/1951/1812 1843/1980/1843 1844/1982/1844
f 1800/1954/1800 1799/1952/1799 1830/1981/1830 1831/1983/1831
f 1787/1956/1787 1445/1984/1445 1818/1985/1818
f 1814/1957/1814 1813/1953/1813 1844/1982/1844 1845/1986/1845
f 1801/1958/1801 1800/1954/1800 1831/1983/1831 1832/1987/1832
f 1788/1959/1788 1787/1956/1787 1818/1985/1818 1819/1988/1819
f 1815/1960/1815 1814/1957/1814 1845/1986/1845 1846/1989/1846
f 1802/1961/1802 1801/1958/1801 1832/1987/1832 1833/1990/1833
f 1789/1962/1789 1788/1959/1788 1819/1988/1819 1820/1991/1820
f 1816/1963/1816 1815/1960/1815 1846/1989/1846 1847/1992/1847
f 1803/1964/1803 1802/1961/1802 1833/1990/1833 1834/1993/1834
f 1790/1965/1790 1789/1962/1789 1820/1991/1820 1821/1994/1821
f 1817/1966/1817 1816/1963/1816 1847/1992/1847 1848/1995/1848
f 1804/1967/1804 1803/1964/1803 1834/1993/1834 1835/1996/1835
f 1791/1968/1791 1790/1965/1790 1821/1994/1821 1822/1997/1822
f 979/1998/979 1817/1966/1817 1848/1995/1848
f 1805/1970/1805 1804/1967/1804 1835/1996/1835 1836/1999/1836
f 1792/1971/1792 1791/1968/1791 1822/1997/1822 1823/2000/1823
f 1806/1972/1806 1805/1970/1805 1836/1999/1836 1837/2001/1837
f 1793/1973/1793 1792/1971/1792 1823/2000/1823 1824/2002/1824
f 1807/1974/1807 1806/1972/1806 1837/2001/1837 1838/2003/1838
f 1794/1975/1794 1793/1973/1793 1824/2002/1824 1825/2004/1825
f 1808/1976/1808 1807/1974/1807 1838/2003/1838 1839/2005/1839
f 1795/1944/1795 1794/1975/1794 1825/2004/1825 1826/2006/1826
f 1809/1946/1809 1808/1976/1808 1839/2005/1839 1840/2007/1840
f 1796/1945/1796 1795/1944/1795 1826/2006/1826 1827/2008/1827
f 1810/1947/1810 1809/1946/1809 1840/2007/1840 1841/2009/1841
f 1797/1948/1797 1796/1945/1796 1827/2008/1827 1828/1977/1828
f 1811/1949/1811 1810/1947/1810 1841/2009/1841 1842/1979/1842
f 1831/1983/1831 1830/1981/1830 1861/2010/1861 1862/2011/1862
f 1818/1985/1818 1445/2012/1445 1849/2013/1849
f 1845/1986/1845 1844/1982/1844 1875/2014/1875 1876/2015/1876
f 1832/1987/1832 1831/1983/1831 1862/2011/1862 1863/2016/1863
f 1819/1988/1819 1818/1985/1818 1849/2013/1849 1850/2017/1850
f 1846/1989/1846 1845/1986/1845 1876/2015/1876 1877/2018/1877
f 1833/1990/1833 1832/1987/1832 1863/2016/1863 1864/2019/1864
f 1820/1991/1820 1819/1988/1819 1850/2017/1850 1851/2020/1851
f 1847/1992/1847 1846/1989/1846 1877/2018/1877 1878/2021/1878
f 1834/1993/1834 1833/1990/1833 1864/2019/1864 1865/2022/1865
f 1821/1994/1821 1820/1991/1820 1851/2020/1851 1852/2023/1852
f 1848/1995/1848 1847/1992/1847 1878/2021/1878 1879/2024/1879
f 1835/1996/1835 1834/1993/1834 1865/2022/1865 1866/2025/1866
f 1822/1997/1822 1821/1994/1821 1852/2023/1852 1853/2026/1853
f 979/2027/979 1848/1995/1848 1879/2024/1879
f 1836/1999/1836 1835/1996/1835 1866/2025/1866 1867/2028/1867
f 1823/2000/1823 1822/1997/1822 1853/2026/1853 1854/2029/1854
f 1837/2001/1837 1836/1999/1836 1867/2028/1867 1868/2030/1868
f 1824/2002/1824 1823/2000/1823 1854/2029/1854 1855/2031/1855
f 1838/2003/1838 1837/2001/1837 1868/2030/1868 1869/2032/1869
f 1825/2004/1825 1824/2002/1824 1855/2031/1855 1856/2033/1856
f 1839/2005/1839 1838/2003/1838 1869/2032/1869 1870/2034/1870
f 1826/2006/1826 1825/2004/1825 1856/2033/1856 1857/2035/1857
f 1840/2007/1840 1839/2005/1839 1870/2034/1870 1871/2036/1871
f 1827/2008/1827 1826/2006/1826 1857/2035/1857 1858/2037/1858
f 1841/2009/1841 1840/2007/1840 1871/2036/1871 1872/2038/1872
f 1828/1977/1828 1827/2008/1827 1858/2037/1858 1859/2039/1859
f 1842/1979/1842 1841/2009/1841 1872/2038/1872 1873/2040/1873
f 1829/1978/1829 1828/1977/1828 1859/2039/1859 1860/2041/1860
f 1843/1980/1843 1842/1979/1842 1873/2040/1873 1874/2042/1874
f 1830/1981/1830 1829/1978/1829 1860/2041/1860 1861/2010/1861
f 1844/1982/1844 1843/1980/1843 1874/2042/1874 1875/2014/1875
f 1864/2019/1864 1863/2016/1863 1894/2043/1894 1895/2044/1895
f 1851/2020/1851 1850/2017/1850 1881/2045/1881 1882/2046/1882
f 1878/2021/1878 1877/2018/1877 1908/2047/1908 1909/2048/1909
f 1865/2022/1865 1864/2019/1864 1895/2044/1895 1896/2049/1896
f 1852/2023/1852 1851/2020/1851 1882/2046/1882 1883/2050/1883
f 1879/2024/1879 1878/2021/1878 1909/2048/1909 1910/2051/1910
f 1866/2025/1866 1865/2022/1865 1896/2049/1896 1897/2052/1897
f 1853/2026/1853 1852/2023/1852 1883/2050/1883 1884/2053/1884
f 979/2054/979 1879/2024/1879 1910/2051/1910
f 1867/2028/1867 1866/2025/1866 1897/2052/1897 1898/2055/1898
f 1854/2029/1854 1853/2026/1853 1884/2053/1884 1885/2056/1885
f 1868/2030/1868 1867/2028/1867 1898/2055/1898 1899/2057/1899
f 1855/2031/1855 1854/2029/1854 1885/2056/1885 1886/2058/1886
f 1869/2032/1869 1868/2030/1868 1899/2057/1899 1900/2059/1900
f 1856/2033/1856 1855/2031/1855 1886/2058/1886 1887/2060/1887
f 1870/2034/1870 1869/2032/1869 1900/2059/1900 1901/2061/1901
f 1857/2035/1857 1856/2033/1856 1887/2060/1887 1888/2062/1888
f 1871/2036/1871 1870/2034/1870 1901/2061/1901 1902/2063/1902
f 1858/2037/1858 1857/2035/1857 1888/2062/1888 1889/2064/1889
f 1872/2038/1872 1871/2036/1871 1902/2063/1902 1903/2065/1903
f 1859/2039/1859 1858/2037/1858 1889/2064/1889 1890/2066/1890
f 1873/2040/1873 1872/2038/1872 1903/2065/1903 1904/2067/1904
f 1860/2041/1860 1859/2039/1859 1890/2066/1890 1891/2068/1891
f 1874/2042/1874 1873/2040/1873 1904/2067/1904 1905/2069/1905
f 1861/2010/1861 1860/2041/1860 1891/2068/1891 1892/2070/1892
f 1875/2014/1875 1874/2042/1874 1905/2069/1905 1906/2071/1906
f 1862/2011/1862 1861/2010/1861 1892/2070/1892 1893/2072/1893
f 1849/2013/1849 1445/2073/1445 1880/2074/1880
f 1876/2015/1876 1875/2014/1875 1906/2071/1906 1907/2075/1907
f 1863/2016/1863 1862/2011/1862 1893/2072/1893 1894/2043/1894
f 1850/2017/1850 1849/2013/1849 1880/2074/1880 1881/2045/1881
f 1877/2018/1877 1876/2015/1876 1907/2075/1907 1908/2047/1908
f 1897/2052/1897 1896/2049/1896 1927/2076/1927 1928/2077/1928
f 1884/2053/1884 1883/2050/1883 1914/2078/1914 1915/2079/1915
f 979/2080/979 1910/2051/1910 1941/2081/1941
f 1898/2055/1898 1897/2052/1897 1928/2077/1928 1929/2082/1929
f 1885/2056/1885 1884/2053/1884 1915/2079/1915 1916/2083/1916
f 1899/2057/1899 1898/2055/1898 1929/2082/1929 1930/2084/1930
f 1886/2058/1886 1885/2056/1885 1916/2083/1916 1917/2085/1917
f 1900/2059/1900 1899/2057/1899 1930/2084/1930 1931/2086/1931
f 1887/2060/1887 1886/2058/1886 1917/2085/1917 1918/2087/1918
f 1901/2061/1901 1900/2059/1900 1931/2086/1931 1932/2088/1932
f 1888/2062/1888 1887/2060/1887 1918/2087/1918 1919/2089/1919
f 1902/2063/1902 1901/2061/1901 1932/2088/1932 1933/2090/1933
f 1889/2064/1889 1888/2062/1888 1919/2089/1919 1920/2091/1920
f 1903/2065/1903 1902/2063/1902 1933/2090/1933 1934/2092/1934
f 1890/2066/1890 1889/2064/1889 1920/2091/1920 1921/2093/1921
f 1904/2067/1904 1903/2065/1903 1934/2092/1934 1935/2094/1935
f 1891/2068/1891 1890/2066/1890 1921/2093/1921 1922/2095/1922
f 1905/2069/1905 1904/2067/1904 1935/2094/1935 1936/2096/1936
f 1892/2070/1892 1891/2068/1891 1922/2095/1922 1923/2097/1923
f 1906/2071/1906 1905/2069/1905 1936/2096/1936 1937/2098/1937
f 1893/2072/1893 1892/2070/1892 1923/2097/1923 1924/2099/1924
f 1880/2074/1880 1445/2100/1445 1911/2101/1911
f 1907/2075/1907 1906/2071/1906 1937/2098/1937 1938/2102/1938
f 1894/2043/1894 1893/2072/1893 1924/2099/1924 1925/2103/1925
f 1881/2045/1881 1880/2074/1880 1911/2101/1911 1912/2104/1912
f 1908/2047/1908 1907/2075/1907 1938/2102/1938 1939/2105/1939
f 1895/2044/1895 1894/2043/1894 1925/2103/1925 1926/2106/1926
f 1882/2046/1882 1881/2045/1881 1912/2104/1912 1913/2107/1913
f 1909/2048/1909 1908/2047/1908 1939/2105/1939 1940/2108/1940
f 1896/2049/1896 1895/2044/1895 1926/2106/1926 1927/2076/1927
f 1883/2050/1883 1882/2046/1882 1913/2107/1913 1914/2078/1914
f 1910/2051/1910 1909/2048/1909 1940/2108/1940 1941/2081/1941
f 1930/2084/1930 1929/2082/1929 1960/2109/1960 1961/2110/1961
f 1917/2085/1917 1916/2083/1916 1947/2111/1947 1948/2112/1948
f 1931/2086/1931 1930/2084/1930 1961/2110/1961 1962/2113/1962
f 1918/2087/1918 1917/2085/1917 1948/2112/1948 1949/2114/1949
f 1932/2088/1932 1931/2086/1931 1962/2113/1962 1963/2115/1963
f 1919/2089/1919 1918/2087/1918 1949/2114/1949 1950/2116/1950
f 1933/2090/1933 1932/2088/1932 1963/2115/1963 1964/2117/1964
f 1920/2091/1920 1919/2089/1919 1950/2116/1950 1951/2118/1951
f 1934/2092/1934 1933/2090/1933 1964/2117/1964 1965/2119/1965
f 1921/2093/1921 1920/2091/1920 1951/2118/1951 1952/2120/1952
f 1935/2094/1935 1934/2092/1934 1965/2119/1965 1966/2121/1966
f 1922/2095/1922 1921/2093/1921 1952/2120/1952 1953/2122/1953
f 1936/2096/1936 1935/2094/1935 1966/2121/1966 1967/2123/1967
f 1923/2097/1923 1922/2095/1922 1953/2122/1953 1954/2124/1954
f 1937/2098/1937 1936/2096/1936 1967/2123/1967 1968/2125/1968
f 1924/2099/1924 1923/2097/1923 1954/2124/1954 1955/2126/1955
f 1911/2101/1911 1445/2127/1445 1942/2128/1942
f 1938/2102/1938 1937/2098/1937 1968/2125/1968 1969/2129/1969
f 1925/2103/1925 1924/2099/1924 1955/2126/1955 1956/2130/1956
f 1912/2104/1912 1911/2101/1911 1942/2128/1942 1943/2131/1943
f 1939/2105/1939 1938/2102/1938 1969/2129/1969 1970/2132/1970
f 1926/2106/1926 1925/2103/1925 1956/2130/1956 1957/2133/1957
f 1913/2107/1913 1912/2104/1912 1943/2131/1943 1944/2134/1944
f 1940/2108/1940 1939/2105/1939 1970/2132/1970 1971/2135/1971
f 1927/2076/1927 1926/2106/1926 1957/2133/1957 1958/2136/1958
f 1914/2078/1914 1913/2107/1913 1944/2134/1944 1945/2137/1945
f 1941/2081/1941 1940/2108/1940 1971/2135/1971 1972/2138/1972
f 1928/2077/1928 1927/2076/1927 1958/2136/1958 1959/2139/1959
f 1915/2079/1915 1914/2078/1914 1945/2137/1945 1946/2140/1946
f 979/2141/979 1941/2081/1941 1972/2138/1972
f 1929/2082/1929 1928/2077/1928 1959/2139/1959 1960/2109/1960
f 1916/2083/1916 1915/2079/1915 1946/2140/1946 1947/2111/1947
f 1963/2115/1963 1962/2113/1962 1980/11/1980 1981/15/1981
f 1950/2116/1950 1949/2114/1949 5/13/5 6/17/6
f 1964/2117/1964 1963/2115/1963 1981/15/1981 1982/19/1982
f 1951/2118/1951 1950/2116/1950 6/17/6 1976/21/1976
f 1965/2119/1965 1964/2117/1964 1982/19/1982 1983/23/1983
f 1952/2120/1952 1951/2118/1951 1976/21/1976 7/25/7
f 1966/2121/1966 1965/2119/1965 1983/23/1983 14/27/14
f 1953/2122/1953 1952/2120/1952 7/25/7 1977/29/1977
f 1967/2123/1967 1966/2121/1966 14/27/14 1984/31/1984
f 1954/2124/1954 1953/2122/1953 1977/29/1977 8/33/8
f 1968/2125/1968 1967/2123/1967 1984/31/1984 1985/35/1985
f 1955/2126/1955 1954/2124/1954 8/33/8 9/37/9
f 1942/2128/1942 1445/2142/1445 1/39/1
f 1969/2129/1969 1968/2125/1968 1985/35/1985 15/42/15
f 1956/2130/1956 1955/2126/1955 9/37/9 10/44/10
f 1943/2131/1943 1942/2128/1942 1/39/1 1973/46/1973
f 1970/2132/1970 1969/2129/1969 15/42/15 16/48/16
f 1957/2133/1957 1956/2130/1956 10/44/10 11/50/11
f 1944/2134/1944 1943/2131/1943 1973/46/1973 2/52/2
f 1971/2135/1971 1970/2132/1970 16/48/16 1986/54/1986
f 1958/2136/1958 1957/2133/1957 11/50/11 12/56/12
f 1945/2137/1945 1944/2134/1944 2/52/2 3/58/3
f 1972/2138/1972 1971/2135/1971 1986/54/1986 17/60/17
f 1959/2139/1959 1958/2136/1958 12/56/12 1978/62/1978
f 1946/2140/1946 1945/2137/1945 3/58/3 1974/2/1974
f 979/2143/979 1972/2138/1972 17/60/17
f 1960/2109/1960 1959/2139/1959 1978/62/1978 1979/6/1979
f 1947/2111/1947 1946/2140/1946 1974/2/1974 1975/1/1975
f 1961/2110/1961 1960/2109/1960 1979/6/1979 13/5/13
f 1948/2112/1948 1947/2111/1947 1975/1/1975 4/9/4
f 1962/2113/1962 1961/2110/1961 13/5/13 1980/11/1980
f 1949/2114/1949 1948/2112/1948 4/9/4 5/13/5
