# Blender 4.4.3
# www.blender.org
mtllib earth.mtl
o Earth
v 0.000000 2.538955 -0.250065
v 0.000000 2.441385 -0.740586
v 0.000000 2.357038 -0.976317
v 0.000000 1.972135 -1.618490
v 0.000000 1.803999 -1.803999
v 0.000000 1.618490 -1.972135
v 0.000000 1.202646 -2.249993
v 0.000000 0.740586 -2.441385
v 0.000000 0.497722 -2.502219
v 0.000000 0.250065 -2.538955
v 0.000000 -0.000000 -2.551240
v 0.000000 -0.250065 -2.538955
v 0.000000 -0.976317 -2.357039
v 0.000000 -1.972135 -1.618490
v 0.000000 -2.357038 -0.976318
v 0.000000 -2.441385 -0.740586
v 0.000000 -2.538955 -0.250065
v 0.024511 2.538955 -0.248861
v 0.048785 2.502218 -0.495326
v 0.072590 2.441385 -0.737020
v 0.095696 2.357038 -0.971616
v 0.117880 2.249993 -1.196855
v 0.138929 2.121279 -1.410568
v 0.158640 1.972135 -1.610696
v 0.176823 1.803999 -1.795313
v 0.193303 1.618490 -1.962639
v 0.207922 1.417393 -2.111064
v 0.220538 1.202646 -2.239159
v 0.231030 0.976317 -2.345689
v 0.239298 0.740586 -2.429629
v 0.245260 0.497722 -2.490170
v 0.248861 0.250065 -2.526730
v 0.250065 -0.000000 -2.538955
v 0.248861 -0.250065 -2.526730
v 0.245260 -0.497722 -2.490170
v 0.239298 -0.740586 -2.429629
v 0.231030 -0.976317 -2.345689
v 0.220538 -1.202646 -2.239159
v 0.207922 -1.417393 -2.111064
v 0.193303 -1.618490 -1.962639
v 0.176823 -1.803999 -1.795313
v 0.158640 -1.972135 -1.610696
v 0.138929 -2.121279 -1.410568
v 0.117880 -2.249993 -1.196856
v 0.095696 -2.357038 -0.971616
v 0.072590 -2.441385 -0.737020
v 0.048785 -2.502219 -0.495326
v 0.024511 -2.538955 -0.248861
v 0.048785 2.538955 -0.245260
v 0.097101 2.502218 -0.488159
v 0.144481 2.441385 -0.726356
v 0.190470 2.357038 -0.957558
v 0.234625 2.249993 -1.179538
v 0.276520 2.121279 -1.390158
v 0.315752 1.972135 -1.587391
v 0.351943 1.803999 -1.769336
v 0.384745 1.618490 -1.934241
v 0.413841 1.417393 -2.080519
v 0.438952 1.202646 -2.206760
v 0.459836 0.976317 -2.311749
v 0.476291 0.740586 -2.394474
v 0.488159 0.497722 -2.454139
v 0.495326 0.250065 -2.490170
v 0.497722 -0.000000 -2.502219
v 0.495326 -0.250065 -2.490170
v 0.488159 -0.497722 -2.454139
v 0.476291 -0.740586 -2.394474
v 0.459836 -0.976317 -2.311749
v 0.438952 -1.202646 -2.206760
v 0.413841 -1.417393 -2.080519
v 0.384745 -1.618490 -1.934241
v 0.351943 -1.803999 -1.769336
v 0.315752 -1.972135 -1.587391
v 0.276520 -2.121279 -1.390158
v 0.234625 -2.249993 -1.179538
v 0.190470 -2.357038 -0.957558
v 0.144481 -2.441385 -0.726356
v 0.097101 -2.502219 -0.488159
v 0.048785 -2.538955 -0.245260
v 0.072590 2.538955 -0.239298
v 0.144481 2.502218 -0.476291
v 0.214981 2.441385 -0.708697
v 0.283410 2.357038 -0.934277
v 0.349110 2.249993 -1.150861
v 0.411448 2.121279 -1.356361
v 0.469823 1.972135 -1.548798
v 0.523674 1.803999 -1.726320
v 0.572481 1.618490 -1.887216
v 0.615775 1.417393 -2.029937
v 0.653139 1.202646 -2.153109
v 0.684212 0.976317 -2.255546
v 0.708697 0.740586 -2.336260
v 0.726356 0.497722 -2.394474
v 0.737020 0.250065 -2.429629
v 0.740586 -0.000000 -2.441385
v 0.737020 -0.250065 -2.429629
v 0.726356 -0.497722 -2.394474
v 0.708697 -0.740586 -2.336259
v 0.684213 -0.976317 -2.255546
v 0.653139 -1.202646 -2.153109
v 0.615775 -1.417393 -2.029938
v 0.572481 -1.618490 -1.887216
v 0.523674 -1.803999 -1.726320
v 0.469823 -1.972135 -1.548798
v 0.411448 -2.121279 -1.356361
v 0.349110 -2.249993 -1.150861
v 0.283410 -2.357038 -0.934277
v 0.214981 -2.441385 -0.708697
v 0.144481 -2.502219 -0.476290
v 0.072590 -2.538955 -0.239297
v 0.095696 2.538955 -0.231030
v 0.190470 2.502218 -0.459835
v 0.283410 2.441385 -0.684212
v 0.373621 2.357038 -0.902000
v 0.460233 2.249993 -1.111100
v 0.542413 2.121279 -1.309501
v 0.619369 1.972135 -1.495289
v 0.690361 1.803999 -1.666678
v 0.754704 1.618490 -1.822016
v 0.811779 1.417393 -1.959806
v 0.861035 1.202646 -2.078722
v 0.902000 0.976317 -2.177620
v 0.934278 0.740586 -2.255546
v 0.957558 0.497722 -2.311749
v 0.971616 0.250065 -2.345689
v 0.976318 -0.000000 -2.357039
v 0.971616 -0.250065 -2.345689
v 0.957558 -0.497722 -2.311749
v 0.934278 -0.740586 -2.255545
v 0.902000 -0.976317 -2.177620
v 0.861035 -1.202646 -2.078722
v 0.811779 -1.417393 -1.959806
v 0.754704 -1.618490 -1.822016
v 0.690361 -1.803999 -1.666678
v 0.619369 -1.972135 -1.495289
v 0.542413 -2.121279 -1.309501
v 0.460233 -2.249993 -1.111101
v 0.373621 -2.357038 -0.902000
v 0.283410 -2.441385 -0.684212
v 0.190470 -2.502219 -0.459835
v 0.095696 -2.538955 -0.231030
v 0.117880 2.538955 -0.220538
v 0.234625 2.502218 -0.438952
v 0.349110 2.441385 -0.653138
v 0.460233 2.357038 -0.861035
v 0.566924 2.249993 -1.060639
v 0.668155 2.121279 -1.250029
v 0.762951 1.972135 -1.427380
v 0.850400 1.803999 -1.590985
v 0.929658 1.618490 -1.739268
v 0.999964 1.417393 -1.870801
v 1.060639 1.202646 -1.984316
v 1.111101 0.976317 -2.078722
v 1.150861 0.740586 -2.153109
v 1.179538 0.497722 -2.206760
v 1.196856 0.250065 -2.239159
v 1.202647 -0.000000 -2.249993
v 1.196856 -0.250065 -2.239159
v 1.179538 -0.497722 -2.206760
v 1.150861 -0.740586 -2.153109
v 1.111101 -0.976317 -2.078722
v 1.060640 -1.202646 -1.984317
v 0.999964 -1.417393 -1.870801
v 0.929659 -1.618490 -1.739268
v 0.850400 -1.803999 -1.590985
v 0.762951 -1.972135 -1.427380
v 0.668155 -2.121279 -1.250029
v 0.566924 -2.249993 -1.060640
v 0.460233 -2.357038 -0.861035
v 0.349110 -2.441385 -0.653139
v 0.234625 -2.502219 -0.438952
v 0.117880 -2.538955 -0.220538
v 0.138929 2.538955 -0.207922
v 0.276520 2.502218 -0.413841
v 0.411448 2.441385 -0.615775
v 0.542413 2.357038 -0.811778
v 0.668155 2.249993 -0.999964
v 0.787462 2.121279 -1.178519
v 0.899185 1.972135 -1.345725
v 1.002249 1.803999 -1.499970
v 1.095660 1.618490 -1.639770
v 1.178520 1.417393 -1.763779
v 1.250029 1.202646 -1.870800
v 1.309501 0.976317 -1.959806
v 1.356361 0.740586 -2.029937
v 1.390158 0.497722 -2.080518
v 1.410568 0.250065 -2.111064
v 1.417393 -0.000000 -2.121279
v 1.410568 -0.250065 -2.111064
v 1.390158 -0.497722 -2.080518
v 1.356361 -0.740586 -2.029937
v 1.309501 -0.976317 -1.959806
v 1.250029 -1.202646 -1.870801
v 1.178520 -1.417393 -1.763779
v 1.095660 -1.618490 -1.639771
v 1.002249 -1.803999 -1.499970
v 0.899185 -1.972135 -1.345725
v 0.787462 -2.121279 -1.178519
v 0.668155 -2.249993 -0.999964
v 0.542413 -2.357038 -0.811778
v 0.411448 -2.441385 -0.615775
v 0.276520 -2.502219 -0.413841
v 0.138929 -2.538955 -0.207922
v 0.158640 2.538955 -0.193303
v 0.315752 2.502218 -0.384745
v 0.469823 2.441385 -0.572481
v 0.619369 2.357038 -0.754703
v 0.762951 2.249993 -0.929658
v 0.899185 2.121279 -1.095660
v 1.026759 1.972135 -1.251109
v 1.144445 1.803999 -1.394510
v 1.251110 1.618490 -1.524481
v 1.345725 1.417393 -1.639770
v 1.427381 1.202646 -1.739268
v 1.495290 0.976317 -1.822016
v 1.548798 0.740586 -1.887216
v 1.587391 0.497722 -1.934241
v 1.610696 0.250065 -1.962639
v 1.618490 -0.000000 -1.972135
v 1.610696 -0.250065 -1.962639
v 1.587391 -0.497722 -1.934241
v 1.548798 -0.740586 -1.887216
v 1.495290 -0.976317 -1.822016
v 1.427381 -1.202646 -1.739268
v 1.345725 -1.417393 -1.639771
v 1.251110 -1.618490 -1.524481
v 1.144445 -1.803999 -1.394510
v 1.026759 -1.972135 -1.251109
v 0.899185 -2.121279 -1.095660
v 0.762951 -2.249993 -0.929658
v 0.619370 -2.357038 -0.754703
v 0.469823 -2.441385 -0.572481
v 0.315752 -2.502219 -0.384745
v 0.158640 -2.538955 -0.193303
v 0.176823 2.538955 -0.176823
v 0.351943 2.502218 -0.351943
v 0.523674 2.441385 -0.523673
v 0.690361 2.357038 -0.690360
v 0.850400 2.249993 -0.850399
v 1.002249 2.121279 -1.002248
v 1.144445 1.972135 -1.144445
v 1.275620 1.803999 -1.275620
v 1.394510 1.618490 -1.394510
v 1.499971 1.417393 -1.499970
v 1.590985 1.202646 -1.590985
v 1.666678 0.976317 -1.666678
v 1.726320 0.740586 -1.726320
v 1.769336 0.497722 -1.769336
v 1.795313 0.250065 -1.795313
v 1.804000 -0.000000 -1.803999
v 1.795313 -0.250065 -1.795313
v 1.769336 -0.497722 -1.769336
v 1.726320 -0.740586 -1.726320
v 1.666679 -0.976317 -1.666678
v 1.590986 -1.202646 -1.590985
v 1.499971 -1.417393 -1.499970
v 1.394511 -1.618490 -1.394510
v 1.275620 -1.803999 -1.275620
v 1.144445 -1.972135 -1.144445
v 1.002249 -2.121279 -1.002248
v 0.850400 -2.249993 -0.850399
v 0.690361 -2.357038 -0.690360
v 0.523674 -2.441385 -0.523673
v 0.351943 -2.502219 -0.351943
v 0.176823 -2.538955 -0.176823
v 0.193303 2.538955 -0.158640
v 0.384745 2.502218 -0.315752
v 0.572481 2.441385 -0.469823
v 0.754704 2.357038 -0.619369
v 0.929659 2.249993 -0.762951
v 1.095660 2.121279 -0.899185
v 1.251110 1.972135 -1.026759
v 1.394511 1.803999 -1.144445
v 1.524481 1.618490 -1.251109
v 1.639771 1.417393 -1.345725
v 1.739268 1.202646 -1.427380
v 1.822016 0.976317 -1.495289
v 1.887216 0.740586 -1.548798
v 1.934242 0.497722 -1.587391
v 1.962639 0.250065 -1.610696
v 1.972136 -0.000000 -1.618490
v 1.962639 -0.250065 -1.610696
v 1.934242 -0.497722 -1.587391
v 1.887216 -0.740586 -1.548798
v 1.822016 -0.976317 -1.495289
v 1.739268 -1.202646 -1.427380
v 1.639771 -1.417393 -1.345725
v 1.524482 -1.618490 -1.251109
v 1.394511 -1.803999 -1.144445
v 1.251110 -1.972135 -1.026759
v 1.095660 -2.121279 -0.899185
v 0.929659 -2.249993 -0.762951
v 0.754704 -2.357038 -0.619369
v 0.572481 -2.441385 -0.469823
v 0.384745 -2.502219 -0.315752
v 0.193303 -2.538955 -0.158640
v 0.207922 2.538955 -0.138929
v 0.413841 2.502218 -0.276520
v 0.615775 2.441385 -0.411447
v 0.811778 2.357038 -0.542413
v 0.999964 2.249993 -0.668154
v 1.178520 2.121279 -0.787462
v 1.345725 1.972135 -0.899185
v 1.499971 1.803999 -1.002248
v 1.639771 1.618490 -1.095659
v 1.763779 1.417393 -1.178519
v 1.870801 1.202646 -1.250029
v 1.959806 0.976317 -1.309500
v 2.029938 0.740586 -1.356361
v 2.080519 0.497722 -1.390158
v 2.111065 0.250065 -1.410568
v 2.121279 -0.000000 -1.417393
v 2.111065 -0.250065 -1.410568
v 2.080519 -0.497722 -1.390158
v 2.029938 -0.740586 -1.356361
v 1.959807 -0.976317 -1.309500
v 1.870801 -1.202646 -1.250029
v 1.763779 -1.417393 -1.178519
v 1.639771 -1.618490 -1.095660
v 1.499971 -1.803999 -1.002248
v 1.345725 -1.972135 -0.899185
v 1.178520 -2.121279 -0.787462
v 0.999964 -2.249993 -0.668154
v 0.811778 -2.357038 -0.542413
v 0.615775 -2.441385 -0.411447
v 0.413841 -2.502219 -0.276520
v 0.207922 -2.538955 -0.138929
v 0.220538 2.538955 -0.117880
v 0.438952 2.502218 -0.234625
v 0.653139 2.441385 -0.349110
v 0.861035 2.357038 -0.460233
v 1.060640 2.249993 -0.566923
v 1.250029 2.121279 -0.668155
v 1.427381 1.972135 -0.762951
v 1.590986 1.803999 -0.850399
v 1.739268 1.618490 -0.929658
v 1.870801 1.417393 -0.999964
v 1.984317 1.202646 -1.060639
v 2.078723 0.976317 -1.111100
v 2.153110 0.740586 -1.150861
v 2.206760 0.497722 -1.179538
v 2.239159 0.250065 -1.196855
v 2.249993 -0.000000 -1.202646
v 2.239159 -0.250065 -1.196855
v 2.206760 -0.497722 -1.179538
v 2.153109 -0.740586 -1.150861
v 2.078723 -0.976317 -1.111100
v 1.984317 -1.202646 -1.060639
v 1.870801 -1.417393 -0.999964
v 1.739268 -1.618490 -0.929658
v 1.590986 -1.803999 -0.850399
v 1.427381 -1.972135 -0.762951
v 1.250029 -2.121279 -0.668155
v 1.060640 -2.249993 -0.566924
v 0.861035 -2.357038 -0.460233
v 0.653139 -2.441385 -0.349110
v 0.438952 -2.502219 -0.234625
v 0.220538 -2.538955 -0.117880
v 0.231030 2.538955 -0.095696
v 0.459836 2.502218 -0.190470
v 0.684213 2.441385 -0.283410
v 0.902000 2.357038 -0.373620
v 1.111101 2.249993 -0.460233
v 1.309501 2.121279 -0.542413
v 1.495290 1.972135 -0.619369
v 1.666678 1.803999 -0.690360
v 1.822016 1.618490 -0.754703
v 1.959807 1.417393 -0.811778
v 2.078722 1.202646 -0.861035
v 2.177620 0.976317 -0.901999
v 2.255546 0.740586 -0.934277
v 2.311749 0.497722 -0.957558
v 2.345690 0.250065 -0.971616
v 2.357039 -0.000000 -0.976317
v 2.345690 -0.250065 -0.971616
v 2.311749 -0.497722 -0.957558
v 2.255546 -0.740586 -0.934277
v 2.177620 -0.976317 -0.902000
v 2.078723 -1.202646 -0.861035
v 1.959807 -1.417393 -0.811778
v 1.822016 -1.618490 -0.754703
v 1.666678 -1.803999 -0.690360
v 1.495290 -1.972135 -0.619369
v 1.309501 -2.121279 -0.542413
v 1.111101 -2.249993 -0.460233
v 0.902000 -2.357038 -0.373620
v 0.684213 -2.441385 -0.283410
v 0.459836 -2.502219 -0.190470
v 0.231030 -2.538955 -0.095696
v 0.239298 2.538955 -0.072590
v 0.476291 2.502218 -0.144481
v 0.708697 2.441385 -0.214981
v 0.934278 2.357038 -0.283410
v 1.150861 2.249993 -0.349110
v 1.356361 2.121279 -0.411448
v 1.548798 1.972135 -0.469823
v 1.726320 1.803999 -0.523673
v 1.887216 1.618490 -0.572480
v 2.029938 1.417393 -0.615775
v 2.153109 1.202646 -0.653138
v 2.255546 0.976317 -0.684212
v 2.336260 0.740586 -0.708697
v 2.394474 0.497722 -0.726356
v 2.429629 0.250065 -0.737020
v 2.441385 -0.000000 -0.740586
v 2.429629 -0.250065 -0.737020
v 2.394474 -0.497722 -0.726356
v 2.336260 -0.740586 -0.708696
v 2.255546 -0.976317 -0.684212
v 2.153109 -1.202646 -0.653138
v 2.029938 -1.417393 -0.615775
v 1.887216 -1.618490 -0.572481
v 1.726320 -1.803999 -0.523673
v 1.548798 -1.972135 -0.469823
v 1.356361 -2.121279 -0.411448
v 1.150861 -2.249993 -0.349110
v 0.934278 -2.357038 -0.283410
v 0.708697 -2.441385 -0.214981
v 0.476291 -2.502219 -0.144481
v 0.239298 -2.538955 -0.072590
v 0.245261 2.538955 -0.048785
v 0.488159 2.502218 -0.097101
v 0.726356 2.441385 -0.144481
v 0.957558 2.357038 -0.190470
v 1.179538 2.249993 -0.234624
v 1.390159 2.121279 -0.276520
v 1.587391 1.972135 -0.315751
v 1.769336 1.803999 -0.351942
v 1.934241 1.618490 -0.384744
v 2.080519 1.417393 -0.413841
v 2.206760 1.202646 -0.438952
v 2.311749 0.976317 -0.459835
v 2.394475 0.740586 -0.476290
v 2.454140 0.497722 -0.488159
v 2.490170 0.250065 -0.495325
v 2.502219 -0.000000 -0.497722
v 2.490170 -0.250065 -0.495325
v 2.454140 -0.497722 -0.488159
v 2.394475 -0.740586 -0.476290
v 2.311750 -0.976317 -0.459835
v 2.206760 -1.202646 -0.438952
v 2.080519 -1.417393 -0.413841
v 1.934241 -1.618490 -0.384744
v 1.769336 -1.803999 -0.351942
v 1.587391 -1.972135 -0.315751
v 1.390159 -2.121279 -0.276520
v 1.179538 -2.249993 -0.234625
v 0.957558 -2.357038 -0.190470
v 0.726356 -2.441385 -0.144481
v 0.488159 -2.502219 -0.097101
v 0.245260 -2.538955 -0.048785
v 0.248861 2.538955 -0.024511
v 0.495326 2.502218 -0.048785
v 0.737020 2.441385 -0.072590
v 0.971616 2.357038 -0.095696
v 1.196855 2.249993 -0.117880
v 1.410568 2.121279 -0.138929
v 1.610696 1.972135 -0.158640
v 1.795313 1.803999 -0.176823
v 1.962639 1.618490 -0.193303
v 2.111064 1.417393 -0.207922
v 2.239159 1.202646 -0.220538
v 2.345689 0.976317 -0.231030
v 2.429629 0.740586 -0.239298
v 2.490170 0.497722 -0.245260
v 2.526730 0.250065 -0.248861
v 2.538956 -0.000000 -0.250065
v 2.526730 -0.250065 -0.248861
v 2.490170 -0.497722 -0.245260
v 2.429629 -0.740586 -0.239297
v 2.345690 -0.976317 -0.231030
v 2.239159 -1.202646 -0.220538
v 2.111064 -1.417393 -0.207922
v 1.962639 -1.618490 -0.193303
v 1.795313 -1.803999 -0.176823
v 1.610696 -1.972135 -0.158640
v 1.410568 -2.121279 -0.138929
v 1.196856 -2.249993 -0.117880
v 0.971616 -2.357038 -0.095696
v 0.737020 -2.441385 -0.072590
v 0.495326 -2.502219 -0.048785
v 0.248861 -2.538955 -0.024510
v 0.250065 2.538955 0.000000
v 0.497723 2.502218 0.000000
v 0.740586 2.441385 0.000000
v 0.976317 2.357038 0.000000
v 1.202646 2.249993 0.000000
v 1.417393 2.121279 0.000000
v 1.618490 1.972135 0.000000
v 1.804000 1.803999 0.000000
v 1.972135 1.618490 0.000000
v 2.121279 1.417393 0.000000
v 2.249993 1.202646 -0.000000
v 2.357039 0.976317 0.000000
v 2.441385 0.740586 -0.000000
v 2.502219 0.497722 0.000000
v 2.538956 0.250065 0.000000
v 2.551240 -0.000000 0.000000
v 2.538956 -0.250065 0.000000
v 2.502219 -0.497722 0.000000
v 2.441385 -0.740586 0.000000
v 2.357039 -0.976317 0.000000
v 2.249993 -1.202646 0.000000
v 2.121279 -1.417393 0.000000
v 1.972135 -1.618490 0.000000
v 1.804000 -1.803999 0.000000
v 1.618490 -1.972135 0.000000
v 1.417393 -2.121279 0.000000
v 1.202647 -2.249993 0.000000
v 0.976317 -2.357038 0.000000
v 0.740586 -2.441385 0.000000
v 0.497723 -2.502219 0.000000
v 0.250065 -2.538955 0.000000
v 0.248861 2.538955 0.024511
v 0.495326 2.502218 0.048786
v 0.737020 2.441385 0.072590
v 0.971616 2.357038 0.095696
v 1.196855 2.249993 0.117880
v 1.410568 2.121279 0.138929
v 1.610696 1.972135 0.158640
v 1.795313 1.803999 0.176823
v 1.962639 1.618490 0.193303
v 2.111064 1.417393 0.207922
v 2.239159 1.202646 0.220538
v 2.345689 0.976317 0.231030
v 2.429629 0.740586 0.239298
v 2.490170 0.497722 0.245260
v 2.526730 0.250065 0.248861
v 2.538956 -0.000000 0.250065
v 2.526730 -0.250065 0.248861
v 2.490170 -0.497722 0.245260
v 2.429629 -0.740586 0.239298
v 2.345690 -0.976317 0.231030
v 2.239159 -1.202646 0.220538
v 2.111064 -1.417393 0.207922
v 1.962639 -1.618490 0.193303
v 1.795313 -1.803999 0.176823
v 1.610696 -1.972135 0.158640
v 1.410568 -2.121279 0.138929
v 1.196856 -2.249993 0.117880
v 0.971616 -2.357038 0.095696
v 0.737020 -2.441385 0.072590
v 0.495326 -2.502219 0.048786
v 0.248861 -2.538955 0.024511
v 0.245261 2.538955 0.048786
v 0.488159 2.502218 0.097101
v 0.726356 2.441385 0.144481
v 0.957558 2.357038 0.190470
v 1.179538 2.249993 0.234625
v 1.390159 2.121279 0.276520
v 1.587391 1.972135 0.315752
v 1.769336 1.803999 0.351943
v 1.934241 1.618490 0.384745
v 2.080519 1.417393 0.413841
v 2.206760 1.202646 0.438952
v 2.311749 0.976317 0.459836
v 2.394475 0.740586 0.476290
v 2.454140 0.497722 0.488159
v 2.490170 0.250065 0.495326
v 2.502219 -0.000000 0.497722
v 2.490170 -0.250065 0.495326
v 2.454140 -0.497722 0.488159
v 2.394475 -0.740586 0.476290
v 2.311750 -0.976317 0.459836
v 2.206760 -1.202646 0.438952
v 2.080519 -1.417393 0.413841
v 1.934241 -1.618490 0.384744
v 1.769336 -1.803999 0.351943
v 1.587391 -1.972135 0.315752
v 1.390159 -2.121279 0.276520
v 1.179538 -2.249993 0.234625
v 0.957558 -2.357038 0.190470
v 0.726356 -2.441385 0.144482
v 0.488159 -2.502219 0.097101
v 0.245260 -2.538955 0.048786
v 0.239298 2.538955 0.072590
v 0.476291 2.502218 0.144481
v 0.708697 2.441385 0.214981
v 0.934277 2.357038 0.283410
v 1.150861 2.249993 0.349110
v 1.356361 2.121279 0.411447
v 1.548798 1.972135 0.469823
v 1.726320 1.803999 0.523674
v 1.887216 1.618490 0.572481
v 2.029938 1.417393 0.615775
v 2.153109 1.202646 0.653138
v 2.255546 0.976317 0.684212
v 2.336260 0.740586 0.708697
v 2.394474 0.497722 0.726356
v 2.429629 0.250065 0.737020
v 2.441385 -0.000000 0.740586
v 2.429629 -0.250065 0.737020
v 2.394474 -0.497722 0.726356
v 2.336260 -0.740586 0.708697
v 2.255546 -0.976317 0.684212
v 2.153109 -1.202646 0.653139
v 2.029938 -1.417393 0.615775
v 1.887216 -1.618490 0.572481
v 1.726320 -1.803999 0.523674
v 1.548798 -1.972135 0.469823
v 1.356361 -2.121279 0.411447
v 1.150861 -2.249993 0.349110
v 0.934277 -2.357038 0.283410
v 0.708697 -2.441385 0.214981
v 0.476291 -2.502219 0.144481
v 0.239298 -2.538955 0.072590
v 0.231030 2.538955 0.095696
v 0.459836 2.502218 0.190470
v 0.684212 2.441385 0.283410
v 0.901999 2.357038 0.373621
v 1.111100 2.249993 0.460233
v 1.309501 2.121279 0.542413
v 1.495289 1.972135 0.619369
v 1.666678 1.803999 0.690361
v 1.822016 1.618490 0.754703
v 1.959806 1.417393 0.811778
v 2.078722 1.202646 0.861035
v 2.177620 0.976317 0.902000
v 2.255546 0.740586 0.934277
v 2.311749 0.497722 0.957558
v 2.345689 0.250065 0.971616
v 2.357039 -0.000000 0.976317
v 2.345689 -0.250065 0.971616
v 2.311749 -0.497722 0.957558
v 2.255546 -0.740586 0.934277
v 2.177620 -0.976317 0.902000
v 2.078722 -1.202646 0.861035
v 1.959806 -1.417393 0.811778
v 1.822016 -1.618490 0.754703
v 1.666678 -1.803999 0.690361
v 1.495289 -1.972135 0.619369
v 1.309501 -2.121279 0.542413
v 1.111101 -2.249993 0.460233
v 0.901999 -2.357038 0.373621
v 0.684213 -2.441385 0.283410
v 0.459836 -2.502219 0.190470
v 0.231030 -2.538955 0.095696
v 0.220538 2.538955 0.117880
v 0.438952 2.502218 0.234625
v 0.653139 2.441385 0.349110
v 0.861035 2.357038 0.460233
v 1.060639 2.249993 0.566924
v 1.250030 2.121279 0.668155
v 1.427381 1.972135 0.762951
v 1.590986 1.803999 0.850400
v 1.739268 1.618490 0.929658
v 1.870801 1.417393 0.999964
v 1.984316 1.202646 1.060639
v 2.078722 0.976317 1.111100
v 2.153109 0.740586 1.150861
v 2.206760 0.497722 1.179538
v 2.239159 0.250065 1.196855
v 2.249993 -0.000000 1.202646
v 2.239159 -0.250065 1.196855
v 2.206760 -0.497722 1.179538
v 2.153109 -0.740586 1.150861
v 2.078723 -0.976317 1.111100
v 1.984316 -1.202646 1.060639
v 1.870801 -1.417393 0.999964
v 1.739268 -1.618490 0.929658
v 1.590986 -1.803999 0.850400
v 1.427381 -1.972135 0.762951
v 1.250030 -2.121279 0.668155
v 1.060640 -2.249993 0.566924
v 0.861035 -2.357038 0.460233
v 0.653139 -2.441385 0.349110
v 0.438952 -2.502219 0.234625
v 0.220538 -2.538955 0.117880
v 0.207922 2.538955 0.138929
v 0.413841 2.502218 0.276520
v 0.615775 2.441385 0.411448
v 0.811778 2.357038 0.542413
v 0.999964 2.249993 0.668155
v 1.178520 2.121279 0.787462
v 1.345725 1.972135 0.899185
v 1.499971 1.803999 1.002249
v 1.639770 1.618490 1.095659
v 1.763779 1.417393 1.178520
v 1.870800 1.202646 1.250029
v 1.959806 0.976317 1.309500
v 2.029938 0.740586 1.356361
v 2.080519 0.497722 1.390158
v 2.111064 0.250065 1.410568
v 2.121279 -0.000000 1.417393
v 2.111064 -0.250065 1.410568
v 2.080519 -0.497722 1.390158
v 2.029937 -0.740586 1.356361
v 1.959806 -0.976317 1.309501
v 1.870800 -1.202646 1.250029
v 1.763779 -1.417393 1.178519
v 1.639771 -1.618490 1.095659
v 1.499971 -1.803999 1.002249
v 1.345725 -1.972135 0.899185
v 1.178520 -2.121279 0.787462
v 0.999964 -2.249993 0.668155
v 0.811778 -2.357038 0.542413
v 0.615775 -2.441385 0.411448
v 0.413841 -2.502219 0.276520
v 0.207922 -2.538955 0.138929
v 0.193303 2.538955 0.158640
v 0.384745 2.502218 0.315752
v 0.572481 2.441385 0.469823
v 0.754703 2.357038 0.619369
v 0.929658 2.249993 0.762951
v 1.095660 2.121279 0.899185
v 1.251109 1.972135 1.026759
v 1.394510 1.803999 1.144445
v 1.524481 1.618490 1.251109
v 1.639771 1.417393 1.345725
v 1.739268 1.202646 1.427380
v 1.822015 0.976317 1.495289
v 1.887216 0.740586 1.548798
v 1.934241 0.497722 1.587391
v 1.962639 0.250065 1.610696
v 1.972135 -0.000000 1.618490
v 1.962639 -0.250065 1.610696
v 1.934241 -0.497722 1.587391
v 1.887216 -0.740586 1.548798
v 1.822016 -0.976317 1.495290
v 1.739268 -1.202646 1.427380
v 1.639771 -1.417393 1.345725
v 1.524481 -1.618490 1.251109
v 1.394510 -1.803999 1.144445
v 1.251109 -1.972135 1.026759
v 1.095660 -2.121279 0.899185
v 0.929658 -2.249993 0.762951
v 0.754703 -2.357038 0.619369
v 0.572481 -2.441385 0.469823
v 0.384745 -2.502219 0.315752
v 0.193303 -2.538955 0.158640
v 0.176823 2.538955 0.176823
v 0.351943 2.502218 0.351943
v 0.523673 2.441385 0.523674
v 0.690360 2.357038 0.690360
v 0.850399 2.249993 0.850399
v 1.002249 2.121279 1.002248
v 1.144445 1.972135 1.144445
v 1.275620 1.803999 1.275620
v 1.394510 1.618490 1.394510
v 1.499971 1.417393 1.499971
v 1.590985 1.202646 1.590985
v 1.666678 0.976317 1.666678
v 1.726320 0.740586 1.726320
v 1.769336 0.497722 1.769336
v 1.795312 0.250065 1.795312
v 1.803999 -0.000000 1.803999
v 1.795312 -0.250065 1.795312
v 1.769336 -0.497722 1.769336
v 1.726320 -0.740586 1.726320
v 1.666678 -0.976317 1.666678
v 1.590985 -1.202646 1.590985
v 1.499971 -1.417393 1.499971
v 1.394510 -1.618490 1.394510
v 1.275620 -1.803999 1.275620
v 1.144445 -1.972135 1.144445
v 1.002249 -2.121279 1.002248
v 0.850399 -2.249993 0.850400
v 0.690360 -2.357038 0.690360
v 0.523674 -2.441385 0.523674
v 0.351943 -2.502219 0.351943
v 0.176823 -2.538955 0.176823
v 0.158640 2.538955 0.193303
v 0.315752 2.502218 0.384745
v 0.469823 2.441385 0.572481
v 0.619369 2.357038 0.754703
v 0.762951 2.249993 0.929658
v 0.899185 2.121279 1.095660
v 1.026759 1.972135 1.251109
v 1.144445 1.803999 1.394511
v 1.251109 1.618490 1.524481
v 1.345725 1.417393 1.639771
v 1.427380 1.202646 1.739267
v 1.495289 0.976317 1.822015
v 1.548798 0.740586 1.887216
v 1.587391 0.497722 1.934241
v 1.610696 0.250065 1.962639
v 1.618490 -0.000000 1.972135
v 1.610696 -0.250065 1.962639
v 1.587391 -0.497722 1.934241
v 1.548798 -0.740586 1.887216
v 1.495289 -0.976317 1.822016
v 1.427380 -1.202646 1.739268
v 1.345725 -1.417393 1.639771
v 1.251109 -1.618490 1.524481
v 1.144445 -1.803999 1.394511
v 1.026759 -1.972135 1.251109
v 0.899185 -2.121279 1.095660
v 0.762951 -2.249993 0.929658
v 0.619369 -2.357038 0.754703
v 0.469823 -2.441385 0.572481
v 0.315752 -2.502219 0.384745
v 0.158640 -2.538955 0.193303
v 0.138929 2.538955 0.207922
v 0.276520 2.502218 0.413842
v 0.411448 2.441385 0.615775
v 0.542413 2.357038 0.811778
v 0.668154 2.249993 0.999964
v 0.787462 2.121279 1.178520
v 0.899185 1.972135 1.345725
v 1.002248 1.803999 1.499971
v 1.095659 1.618490 1.639770
v 1.178519 1.417393 1.763779
v 1.250029 1.202646 1.870800
v 1.309500 0.976317 1.959806
v 1.356361 0.740586 2.029937
v 1.390158 0.497722 2.080519
v 1.410568 0.250065 2.111064
v 1.417393 -0.000000 2.121279
v 1.410568 -0.250065 2.111064
v 1.390158 -0.497722 2.080519
v 1.356361 -0.740586 2.029937
v 1.309501 -0.976317 1.959806
v 1.250029 -1.202646 1.870800
v 1.178520 -1.417393 1.763779
v 1.095660 -1.618490 1.639770
v 1.002248 -1.803999 1.499971
v 0.899185 -1.972135 1.345725
v 0.787462 -2.121279 1.178520
v 0.668155 -2.249993 0.999964
v 0.542413 -2.357038 0.811778
v 0.411448 -2.441385 0.615775
v 0.276520 -2.502219 0.413842
v 0.138929 -2.538955 0.207922
v 0.117880 2.538955 0.220538
v 0.234625 2.502218 0.438953
v 0.349110 2.441385 0.653139
v 0.460233 2.357038 0.861035
v 0.566923 2.249993 1.060639
v 0.668155 2.121279 1.250029
v 0.762951 1.972135 1.427381
v 0.850399 1.803999 1.590986
v 0.929658 1.618490 1.739268
v 0.999964 1.417393 1.870801
v 1.060639 1.202646 1.984316
v 1.111100 0.976317 2.078722
v 1.150861 0.740586 2.153109
v 1.179538 0.497722 2.206760
v 1.196855 0.250065 2.239158
v 1.202646 -0.000000 2.249993
v 1.196855 -0.250065 2.239158
v 1.179538 -0.497722 2.206760
v 1.150861 -0.740586 2.153109
v 1.111100 -0.976317 2.078722
v 1.060639 -1.202646 1.984316
v 0.999964 -1.417393 1.870801
v 0.929658 -1.618490 1.739268
v 0.850399 -1.803999 1.590986
v 0.762951 -1.972135 1.427381
v 0.668155 -2.121279 1.250029
v 0.566924 -2.249993 1.060640
v 0.460233 -2.357038 0.861035
v 0.349110 -2.441385 0.653139
v 0.234625 -2.502219 0.438953
v 0.117880 -2.538955 0.220538
v 0.095696 2.538955 0.231031
v 0.190470 2.502218 0.459836
v 0.283410 2.441385 0.684213
v 0.373620 2.357038 0.901999
v 0.460233 2.249993 1.111100
v 0.542413 2.121279 1.309501
v 0.619369 1.972135 1.495290
v 0.690360 1.803999 1.666678
v 0.754703 1.618490 1.822015
v 0.811778 1.417393 1.959806
v 0.861035 1.202646 2.078722
v 0.901999 0.976317 2.177619
v 0.934278 0.740586 2.255545
v 0.957558 0.497722 2.311749
v 0.971616 0.250065 2.345689
v 0.976317 -0.000000 2.357038
v 0.971616 -0.250065 2.345689
v 0.957558 -0.497722 2.311749
v 0.934277 -0.740586 2.255545
v 0.902000 -0.976317 2.177620
v 0.861035 -1.202646 2.078722
v 0.811779 -1.417393 1.959806
v 0.754703 -1.618490 1.822015
v 0.690360 -1.803999 1.666678
v 0.619369 -1.972135 1.495290
v 0.542413 -2.121279 1.309501
v 0.460233 -2.249993 1.111101
v 0.373620 -2.357038 0.901999
v 0.283410 -2.441385 0.684213
v 0.190470 -2.502219 0.459836
v 0.095696 -2.538955 0.231030
v 0.072590 2.538955 0.239298
v 0.144481 2.502218 0.476291
v 0.214981 2.441385 0.708697
v 0.283410 2.357038 0.934277
v 0.349110 2.249993 1.150861
v 0.411448 2.121279 1.356361
v 0.469823 1.972135 1.548798
v 0.523673 1.803999 1.726320
v 0.572480 1.618490 1.887215
v 0.615775 1.417393 2.029937
v 0.653138 1.202646 2.153108
v 0.684212 0.976317 2.255545
v 0.708697 0.740586 2.336259
v 0.726356 0.497722 2.394474
v 0.737020 0.250065 2.429628
v 0.740586 -0.000000 2.441384
v 0.737020 -0.250065 2.429628
v 0.726356 -0.497722 2.394474
v 0.708696 -0.740586 2.336259
v 0.684212 -0.976317 2.255546
v 0.653138 -1.202646 2.153109
v 0.615775 -1.417393 2.029938
v 0.572481 -1.618490 1.887215
v 0.523673 -1.803999 1.726320
v 0.469823 -1.972135 1.548798
v 0.411448 -2.121279 1.356361
v 0.349110 -2.249993 1.150861
v 0.283410 -2.357038 0.934277
v 0.214981 -2.441385 0.708697
v 0.144481 -2.502219 0.476291
v 0.072590 -2.538955 0.239298
v 0.048785 2.538955 0.245261
v 0.097101 2.502218 0.488159
v 0.144481 2.441385 0.726356
v 0.190470 2.357038 0.957557
v 0.234625 2.249993 1.179538
v 0.276520 2.121279 1.390159
v 0.315752 1.972135 1.587391
v 0.351942 1.803999 1.769336
v 0.384744 1.618490 1.934241
v 0.413841 1.417393 2.080519
v 0.438952 1.202646 2.206759
v 0.459835 0.976317 2.311748
v 0.476291 0.740586 2.394474
v 0.488159 0.497722 2.454139
v 0.495325 0.250065 2.490170
v 0.497722 -0.000000 2.502218
v 0.495325 -0.250065 2.490170
v 0.488159 -0.497722 2.454139
v 0.476290 -0.740586 2.394474
v 0.459835 -0.976317 2.311749
v 0.438952 -1.202646 2.206760
v 0.413841 -1.417393 2.080519
v 0.384744 -1.618490 1.934241
v 0.351942 -1.803999 1.769336
v 0.315752 -1.972135 1.587391
v 0.276520 -2.121279 1.390159
v 0.234625 -2.249993 1.179538
v 0.190470 -2.357038 0.957557
v 0.144481 -2.441385 0.726357
v 0.097101 -2.502219 0.488159
v 0.048785 -2.538955 0.245261
v 0.024511 2.538955 0.248861
v 0.048785 2.502218 0.495326
v 0.072590 2.441385 0.737020
v 0.095696 2.357038 0.971616
v 0.117880 2.249993 1.196855
v 0.138929 2.121279 1.410568
v 0.158640 1.972135 1.610696
v 0.176822 1.803999 1.795313
v 0.193303 1.618490 1.962638
v 0.207922 1.417393 2.111064
v 0.220538 1.202646 2.239158
v 0.231030 0.976317 2.345688
v 0.239298 0.740586 2.429628
v 0.245260 0.497722 2.490170
v 0.248861 0.250065 2.526729
v 0.250065 -0.000000 2.538955
v 0.248861 -0.250065 2.526729
v 0.245260 -0.497722 2.490170
v 0.239297 -0.740586 2.429628
v 0.231030 -0.976317 2.345689
v 0.220538 -1.202646 2.239158
v 0.207922 -1.417393 2.111064
v 0.193303 -1.618490 1.962638
v 0.176822 -1.803999 1.795313
v 0.158640 -1.972135 1.610696
v 0.138929 -2.121279 1.410568
v 0.117880 -2.249993 1.196855
v 0.095696 -2.357038 0.971616
v 0.072590 -2.441385 0.737021
v 0.048785 -2.502219 0.495326
v 0.024511 -2.538955 0.248861
v 0.000000 -2.551240 0.000000
v 0.000000 2.538955 0.250066
v 0.000000 2.502218 0.497723
v -0.000000 2.441385 0.740586
v 0.000000 2.357038 0.976317
v -0.000000 2.249993 1.202646
v 0.000000 2.121279 1.417394
v -0.000000 1.972135 1.618490
v -0.000000 1.803999 1.803999
v -0.000000 1.618490 1.972135
v -0.000000 1.417393 2.121279
v 0.000000 1.202646 2.249992
v -0.000000 0.976317 2.357038
v 0.000000 0.740586 2.441384
v 0.000000 0.497722 2.502219
v -0.000000 0.250065 2.538955
v -0.000000 -0.000000 2.551239
v -0.000000 -0.250065 2.538955
v 0.000000 -0.497722 2.502219
v -0.000000 -0.740586 2.441384
v -0.000000 -0.976317 2.357039
v -0.000000 -1.202646 2.249992
v 0.000000 -1.417393 2.121279
v 0.000000 -1.618490 1.972135
v -0.000000 -1.803999 1.803999
v -0.000000 -1.972135 1.618490
v 0.000000 -2.121279 1.417394
v -0.000000 -2.249993 1.202646
v 0.000000 -2.357038 0.976317
v -0.000000 -2.441385 0.740587
v 0.000000 -2.502219 0.497723
v -0.000000 -2.538955 0.250066
v -0.024511 2.538955 0.248861
v -0.048785 2.502218 0.495326
v -0.072590 2.441385 0.737020
v -0.095696 2.357038 0.971616
v -0.117880 2.249993 1.196855
v -0.138929 2.121279 1.410568
v -0.158640 1.972135 1.610696
v -0.176823 1.803999 1.795313
v -0.193303 1.618490 1.962638
v -0.207922 1.417393 2.111064
v -0.220538 1.202646 2.239158
v -0.231030 0.976317 2.345688
v -0.239298 0.740586 2.429628
v -0.245260 0.497722 2.490170
v -0.248861 0.250065 2.526729
v -0.250066 -0.000000 2.538955
v -0.248861 -0.250065 2.526729
v -0.245260 -0.497722 2.490170
v -0.239298 -0.740586 2.429628
v -0.231030 -0.976317 2.345689
v -0.220538 -1.202646 2.239158
v -0.207922 -1.417393 2.111064
v -0.193303 -1.618490 1.962638
v -0.176823 -1.803999 1.795313
v -0.158640 -1.972135 1.610696
v -0.138929 -2.121279 1.410568
v -0.117880 -2.249993 1.196855
v -0.095696 -2.357038 0.971616
v -0.072590 -2.441385 0.737021
v -0.048785 -2.502219 0.495326
v -0.024511 -2.538955 0.248861
v -0.048785 2.538955 0.245261
v -0.097101 2.502218 0.488159
v -0.144481 2.441385 0.726356
v -0.190470 2.357038 0.957557
v -0.234625 2.249993 1.179538
v -0.276520 2.121279 1.390159
v -0.315752 1.972135 1.587391
v -0.351943 1.803999 1.769336
v -0.384745 1.618490 1.934241
v -0.413841 1.417393 2.080519
v -0.438952 1.202646 2.206759
v -0.459835 0.976317 2.311748
v -0.476290 0.740586 2.394474
v -0.488159 0.497722 2.454139
v -0.495326 0.250065 2.490169
v -0.497723 -0.000000 2.502218
v -0.495326 -0.250065 2.490169
v -0.488159 -0.497722 2.454139
v -0.476291 -0.740586 2.394474
v -0.459836 -0.976317 2.311749
v -0.438952 -1.202646 2.206759
v -0.413841 -1.417393 2.080519
v -0.384744 -1.618490 1.934241
v -0.351943 -1.803999 1.769336
v -0.315752 -1.972135 1.587391
v -0.276520 -2.121279 1.390159
v -0.234625 -2.249993 1.179538
v -0.190470 -2.357038 0.957557
v -0.144481 -2.441385 0.726357
v -0.097101 -2.502219 0.488159
v -0.048785 -2.538955 0.245261
v -0.072590 2.538955 0.239298
v -0.144481 2.502218 0.476291
v -0.214981 2.441385 0.708697
v -0.283410 2.357038 0.934277
v -0.349110 2.249993 1.150861
v -0.411447 2.121279 1.356361
v -0.469823 1.972135 1.548798
v -0.523674 1.803999 1.726320
v -0.572481 1.618490 1.887215
v -0.615775 1.417393 2.029937
v -0.653138 1.202646 2.153108
v -0.684212 0.976317 2.255545
v -0.708697 0.740586 2.336259
v -0.726356 0.497722 2.394474
v -0.737020 0.250065 2.429628
v -0.740586 -0.000000 2.441384
v -0.737020 -0.250065 2.429628
v -0.726356 -0.497722 2.394474
v -0.708697 -0.740586 2.336259
v -0.684213 -0.976317 2.255545
v -0.653138 -1.202646 2.153108
v -0.615775 -1.417393 2.029938
v -0.572481 -1.618490 1.887215
v -0.523674 -1.803999 1.726320
v -0.469823 -1.972135 1.548798
v -0.411447 -2.121279 1.356361
v -0.349110 -2.249993 1.150861
v -0.283410 -2.357038 0.934277
v -0.214981 -2.441385 0.708697
v -0.144481 -2.502219 0.476291
v -0.072590 -2.538955 0.239298
v -0.095696 2.538955 0.231031
v -0.190470 2.502218 0.459836
v -0.283410 2.441385 0.684213
v -0.373620 2.357038 0.901999
v -0.460233 2.249993 1.111100
v -0.542413 2.121279 1.309501
v -0.619369 1.972135 1.495289
v -0.690361 1.803999 1.666678
v -0.754703 1.618490 1.822015
v -0.811778 1.417393 1.959806
v -0.861035 1.202646 2.078722
v -0.902000 0.976317 2.177619
v -0.934278 0.740586 2.255545
v -0.957558 0.497722 2.311749
v -0.971616 0.250065 2.345688
v -0.976318 -0.000000 2.357038
v -0.971616 -0.250065 2.345688
v -0.957558 -0.497722 2.311749
v -0.934278 -0.740586 2.255545
v -0.902000 -0.976317 2.177620
v -0.861035 -1.202646 2.078722
v -0.811778 -1.417393 1.959806
v -0.754703 -1.618490 1.822015
v -0.690361 -1.803999 1.666678
v -0.619369 -1.972135 1.495289
v -0.542413 -2.121279 1.309501
v -0.460233 -2.249993 1.111100
v -0.373620 -2.357038 0.901999
v -0.283410 -2.441385 0.684213
v -0.190470 -2.502219 0.459836
v -0.095696 -2.538955 0.231030
v -0.117880 2.538955 0.220538
v -0.234625 2.502218 0.438953
v -0.349110 2.441385 0.653139
v -0.460232 2.357038 0.861035
v -0.566923 2.249993 1.060639
v -0.668155 2.121279 1.250030
v -0.762951 1.972135 1.427380
v -0.850400 1.803999 1.590985
v -0.929658 1.618490 1.739267
v -0.999964 1.417393 1.870801
v -1.060639 1.202646 1.984316
v -1.111100 0.976317 2.078722
v -1.150861 0.740586 2.153109
v -1.179538 0.497722 2.206760
v -1.196855 0.250065 2.239158
v -1.202646 -0.000000 2.249992
v -1.196855 -0.250065 2.239158
v -1.179538 -0.497722 2.206760
v -1.150861 -0.740586 2.153109
v -1.111101 -0.976317 2.078722
v -1.060639 -1.202646 1.984316
v -0.999964 -1.417393 1.870801
v -0.929658 -1.618490 1.739268
v -0.850400 -1.803999 1.590985
v -0.762951 -1.972135 1.427380
v -0.668155 -2.121279 1.250030
v -0.566924 -2.249993 1.060639
v -0.460232 -2.357038 0.861035
v -0.349110 -2.441385 0.653139
v -0.234625 -2.502219 0.438952
v -0.117880 -2.538955 0.220538
v -0.138929 2.538955 0.207922
v -0.276520 2.502218 0.413842
v -0.411448 2.441385 0.615775
v -0.542413 2.357038 0.811778
v -0.668154 2.249993 0.999964
v -0.787462 2.121279 1.178520
v -0.899185 1.972135 1.345725
v -1.002249 1.803999 1.499970
v -1.095660 1.618490 1.639770
v -1.178520 1.417393 1.763779
v -1.250029 1.202646 1.870800
v -1.309500 0.976317 1.959805
v -1.356361 0.740586 2.029937
v -1.390158 0.497722 2.080518
v -1.410568 0.250065 2.111063
v -1.417393 -0.000000 2.121278
v -1.410568 -0.250065 2.111063
v -1.390158 -0.497722 2.080518
v -1.356361 -0.740586 2.029937
v -1.309501 -0.976317 1.959806
v -1.250029 -1.202646 1.870800
v -1.178519 -1.417393 1.763779
v -1.095659 -1.618490 1.639770
v -1.002249 -1.803999 1.499970
v -0.899185 -1.972135 1.345725
v -0.787462 -2.121279 1.178520
v -0.668155 -2.249993 0.999964
v -0.542412 -2.357038 0.811778
v -0.411448 -2.441385 0.615775
v -0.276520 -2.502219 0.413842
v -0.138929 -2.538955 0.207922
v -0.158640 2.538955 0.193303
v -0.315752 2.502218 0.384745
v -0.469823 2.441385 0.572481
v -0.619369 2.357038 0.754703
v -0.762951 2.249993 0.929658
v -0.899185 2.121279 1.095660
v -1.026759 1.972135 1.251109
v -1.144446 1.803999 1.394510
v -1.251109 1.618490 1.524481
v -1.345725 1.417393 1.639771
v -1.427380 1.202646 1.739267
v -1.495289 0.976317 1.822015
v -1.548798 0.740586 1.887215
v -1.587391 0.497722 1.934241
v -1.610696 0.250065 1.962638
v -1.618490 -0.000000 1.972134
v -1.610696 -0.250065 1.962638
v -1.587391 -0.497722 1.934241
v -1.548798 -0.740586 1.887215
v -1.495290 -0.976317 1.822015
v -1.427380 -1.202646 1.739267
v -1.345725 -1.417393 1.639771
v -1.251109 -1.618490 1.524481
v -1.144446 -1.803999 1.394510
v -1.026759 -1.972135 1.251109
v -0.899185 -2.121279 1.095660
v -0.762951 -2.249993 0.929658
v -0.619369 -2.357038 0.754703
v -0.469823 -2.441385 0.572481
v -0.315752 -2.502219 0.384745
v -0.158640 -2.538955 0.193303
v -0.176823 2.538955 0.176823
v -0.351943 2.502218 0.351943
v -0.523674 2.441385 0.523674
v -0.690360 2.357038 0.690360
v -0.850399 2.249993 0.850399
v -1.002249 2.121279 1.002249
v -1.144445 1.972135 1.144445
v -1.275621 1.803999 1.275620
v -1.394510 1.618490 1.394510
v -1.499971 1.417393 1.499971
v -1.590985 1.202646 1.590985
v -1.666678 0.976317 1.666677
v -1.726320 0.740586 1.726319
v -1.769336 0.497722 1.769336
v -1.795313 0.250065 1.795312
v -1.803999 -0.000000 1.803998
v -1.795313 -0.250065 1.795312
v -1.769336 -0.497722 1.769336
v -1.726320 -0.740586 1.726319
v -1.666679 -0.976317 1.666678
v -1.590985 -1.202646 1.590985
v -1.499971 -1.417393 1.499971
v -1.394510 -1.618490 1.394510
v -1.275621 -1.803999 1.275620
v -1.144445 -1.972135 1.144445
v -1.002249 -2.121279 1.002249
v -0.850399 -2.249993 0.850400
v -0.690360 -2.357038 0.690360
v -0.523674 -2.441385 0.523674
v -0.351943 -2.502219 0.351943
v -0.176823 -2.538955 0.176823
v -0.193303 2.538955 0.158640
v -0.384745 2.502218 0.315752
v -0.572481 2.441385 0.469823
v -0.754703 2.357038 0.619369
v -0.929658 2.249993 0.762951
v -1.095660 2.121279 0.899185
v -1.251110 1.972135 1.026759
v -1.394511 1.803999 1.144445
v -1.524481 1.618490 1.251109
v -1.639771 1.417393 1.345725
v -1.739267 1.202646 1.427380
v -1.822015 0.976317 1.495289
v -1.887216 0.740586 1.548798
v -1.934241 0.497722 1.587391
v -1.962639 0.250065 1.610696
v -1.972135 -0.000000 1.618489
v -1.962639 -0.250065 1.610696
v -1.934241 -0.497722 1.587391
v -1.887216 -0.740586 1.548798
v -1.822016 -0.976317 1.495289
v -1.739268 -1.202646 1.427380
v -1.639771 -1.417393 1.345725
v -1.524481 -1.618490 1.251109
v -1.394511 -1.803999 1.144445
v -1.251110 -1.972135 1.026759
v -1.095660 -2.121279 0.899185
v -0.929658 -2.249993 0.762951
v -0.754703 -2.357038 0.619369
v -0.572481 -2.441385 0.469823
v -0.384745 -2.502219 0.315752
v -0.193303 -2.538955 0.158640
v -0.207922 2.538955 0.138929
v -0.413841 2.502218 0.276520
v -0.615775 2.441385 0.411448
v -0.811778 2.357038 0.542413
v -0.999964 2.249993 0.668154
v -1.178520 2.121279 0.787462
v -1.345725 1.972135 0.899185
v -1.499971 1.803999 1.002248
v -1.639770 1.618490 1.095659
v -1.763779 1.417393 1.178520
v -1.870800 1.202646 1.250029
v -1.959805 0.976317 1.309500
v -2.029938 0.740586 1.356360
v -2.080519 0.497722 1.390158
v -2.111064 0.250065 1.410568
v -2.121279 -0.000000 1.417392
v -2.111064 -0.250065 1.410568
v -2.080519 -0.497722 1.390158
v -2.029938 -0.740586 1.356360
v -1.959806 -0.976317 1.309500
v -1.870800 -1.202646 1.250029
v -1.763779 -1.417393 1.178520
v -1.639770 -1.618490 1.095659
v -1.499971 -1.803999 1.002248
v -1.345725 -1.972135 0.899185
v -1.178520 -2.121279 0.787462
v -0.999964 -2.249993 0.668155
v -0.811778 -2.357038 0.542413
v -0.615775 -2.441385 0.411448
v -0.413841 -2.502219 0.276520
v -0.207922 -2.538955 0.138929
v -0.220538 2.538955 0.117880
v -0.438952 2.502218 0.234625
v -0.653139 2.441385 0.349110
v -0.861034 2.357038 0.460233
v -1.060639 2.249993 0.566923
v -1.250030 2.121279 0.668155
v -1.427381 1.972135 0.762951
v -1.590986 1.803999 0.850399
v -1.739268 1.618490 0.929658
v -1.870801 1.417393 0.999964
v -1.984316 1.202646 1.060639
v -2.078722 0.976317 1.111100
v -2.153109 0.740586 1.150861
v -2.206760 0.497722 1.179538
v -2.239159 0.250065 1.196855
v -2.249993 -0.000000 1.202645
v -2.239159 -0.250065 1.196855
v -2.206760 -0.497722 1.179538
v -2.153109 -0.740586 1.150861
v -2.078723 -0.976317 1.111100
v -1.984316 -1.202646 1.060639
v -1.870801 -1.417393 0.999964
v -1.739268 -1.618490 0.929658
v -1.590986 -1.803999 0.850399
v -1.427381 -1.972135 0.762951
v -1.250030 -2.121279 0.668155
v -1.060640 -2.249993 0.566924
v -0.861034 -2.357038 0.460233
v -0.653139 -2.441385 0.349110
v -0.438952 -2.502219 0.234625
v -0.220538 -2.538955 0.117880
v -0.231030 2.538955 0.095696
v -0.459836 2.502218 0.190471
v -0.684213 2.441385 0.283410
v -0.901999 2.357038 0.373620
v -1.111100 2.249993 0.460233
v -1.309501 2.121279 0.542414
v -1.495290 1.972135 0.619369
v -1.666679 1.803999 0.690360
v -1.822015 1.618490 0.754703
v -1.959807 1.417393 0.811778
v -2.078722 1.202646 0.861035
v -2.177619 0.976317 0.901999
v -2.255546 0.740586 0.934277
v -2.311749 0.497722 0.957558
v -2.345689 0.250065 0.971616
v -2.357039 -0.000000 0.976317
v -2.345689 -0.250065 0.971616
v -2.311749 -0.497722 0.957558
v -2.255546 -0.740586 0.934277
v -2.177620 -0.976317 0.901999
v -2.078722 -1.202646 0.861035
v -1.959806 -1.417393 0.811779
v -1.822015 -1.618490 0.754703
v -1.666679 -1.803999 0.690360
v -1.495290 -1.972135 0.619369
v -1.309501 -2.121279 0.542414
v -1.111101 -2.249993 0.460233
v -0.901999 -2.357038 0.373620
v -0.684213 -2.441385 0.283410
v -0.459836 -2.502219 0.190470
v -0.231030 -2.538955 0.095696
v -0.239298 2.538955 0.072590
v -0.476291 2.502218 0.144482
v -0.708697 2.441385 0.214981
v -0.934277 2.357038 0.283410
v -1.150861 2.249993 0.349110
v -1.356361 2.121279 0.411448
v -1.548798 1.972135 0.469823
v -1.726320 1.803999 0.523673
v -1.887215 1.618490 0.572480
v -2.029938 1.417393 0.615775
v -2.153108 1.202646 0.653138
v -2.255545 0.976317 0.684212
v -2.336259 0.740586 0.708696
v -2.394475 0.497722 0.726356
v -2.429629 0.250065 0.737019
v -2.441385 -0.000000 0.740585
v -2.429629 -0.250065 0.737019
v -2.394475 -0.497722 0.726356
v -2.336260 -0.740586 0.708696
v -2.255546 -0.976317 0.684212
v -2.153109 -1.202646 0.653138
v -2.029938 -1.417393 0.615775
v -1.887215 -1.618490 0.572481
v -1.726320 -1.803999 0.523673
v -1.548798 -1.972135 0.469823
v -1.356361 -2.121279 0.411448
v -1.150861 -2.249993 0.349110
v -0.934277 -2.357038 0.283410
v -0.708697 -2.441385 0.214981
v -0.476291 -2.502219 0.144482
v -0.239298 -2.538955 0.072590
v -0.245260 2.538955 0.048786
v -0.488159 2.502218 0.097101
v -0.726356 2.441385 0.144481
v -0.957557 2.357038 0.190470
v -1.179538 2.249993 0.234625
v -1.390159 2.121279 0.276520
v -1.587391 1.972135 0.315752
v -1.769336 1.803999 0.351942
v -1.934241 1.618490 0.384744
v -2.080519 1.417393 0.413841
v -2.206759 1.202646 0.438952
v -2.311748 0.976317 0.459835
v -2.394474 0.740586 0.476290
v -2.454140 0.497722 0.488159
v -2.490170 0.250065 0.495325
v -2.502219 -0.000000 0.497722
v -2.490170 -0.250065 0.495325
v -2.454140 -0.497722 0.488159
v -2.394475 -0.740586 0.476290
v -2.311749 -0.976317 0.459835
v -2.206760 -1.202646 0.438952
v -2.080519 -1.417393 0.413841
v -1.934241 -1.618490 0.384744
v -1.769336 -1.803999 0.351942
v -1.587391 -1.972135 0.315752
v -1.390159 -2.121279 0.276520
v -1.179538 -2.249993 0.234625
v -0.957557 -2.357038 0.190470
v -0.726356 -2.441385 0.144481
v -0.488159 -2.502219 0.097101
v -0.245260 -2.538955 0.048786
v -0.000000 2.551240 0.000000
v -0.248861 2.538955 0.024511
v -0.495326 2.502218 0.048786
v -0.737020 2.441385 0.072590
v -0.971615 2.357038 0.095696
v -1.196855 2.249993 0.117880
v -1.410569 2.121279 0.138929
v -1.610696 1.972135 0.158640
v -1.795313 1.803999 0.176823
v -1.962638 1.618490 0.193303
v -2.111065 1.417393 0.207922
v -2.239158 1.202646 0.220538
v -2.345688 0.976317 0.231030
v -2.429629 0.740586 0.239297
v -2.490170 0.497722 0.245260
v -2.526730 0.250065 0.248861
v -2.538955 -0.000000 0.250065
v -2.526730 -0.250065 0.248861
v -2.490170 -0.497722 0.245260
v -2.429629 -0.740586 0.239297
v -2.345689 -0.976317 0.231030
v -2.239158 -1.202646 0.220538
v -2.111065 -1.417393 0.207922
v -1.962638 -1.618490 0.193303
v -1.795313 -1.803999 0.176823
v -1.610696 -1.972135 0.158640
v -1.410569 -2.121279 0.138929
v -1.196855 -2.249993 0.117880
v -0.971615 -2.357038 0.095696
v -0.737021 -2.441385 0.072590
v -0.495326 -2.502219 0.048786
v -0.248861 -2.538955 0.024511
v -0.250065 2.538955 0.000000
v -0.497723 2.502218 0.000000
v -0.740587 2.441385 0.000000
v -0.976317 2.357038 0.000000
v -1.202646 2.249993 0.000000
v -1.417394 2.121279 0.000000
v -1.618490 1.972135 -0.000000
v -1.804000 1.803999 -0.000000
v -1.972135 1.618490 -0.000000
v -2.121279 1.417393 0.000000
v -2.249992 1.202646 0.000000
v -2.357038 0.976317 0.000000
v -2.441385 0.740586 -0.000000
v -2.502219 0.497722 0.000000
v -2.538955 0.250065 -0.000000
v -2.551240 -0.000000 -0.000001
v -2.538955 -0.250065 -0.000000
v -2.502219 -0.497722 0.000000
v -2.441385 -0.740586 -0.000000
v -2.357039 -0.976317 -0.000000
v -2.249992 -1.202646 -0.000000
v -2.121279 -1.417393 0.000000
v -1.972135 -1.618490 0.000000
v -1.804000 -1.803999 -0.000000
v -1.618490 -1.972135 -0.000000
v -1.417394 -2.121279 0.000000
v -1.202646 -2.249993 0.000000
v -0.976317 -2.357038 0.000000
v -0.740587 -2.441385 0.000000
v -0.497723 -2.502219 0.000000
v -0.250065 -2.538955 0.000000
v -0.248861 2.538955 -0.024510
v -0.495326 2.502218 -0.048785
v -0.737020 2.441385 -0.072590
v -0.971615 2.357038 -0.095696
v -1.196855 2.249993 -0.117880
v -1.410569 2.121279 -0.138928
v -1.610696 1.972135 -0.158640
v -1.795313 1.803999 -0.176823
v -1.962638 1.618490 -0.193303
v -2.111065 1.417393 -0.207922
v -2.239158 1.202646 -0.220538
v -2.345688 0.976317 -0.231030
v -2.429629 0.740586 -0.239298
v -2.490170 0.497722 -0.245260
v -2.526730 0.250065 -0.248861
v -2.538955 -0.000000 -0.250066
v -2.526730 -0.250065 -0.248861
v -2.490170 -0.497722 -0.245260
v -2.429629 -0.740586 -0.239298
v -2.345689 -0.976317 -0.231030
v -2.239158 -1.202646 -0.220538
v -2.111065 -1.417393 -0.207921
v -1.962639 -1.618490 -0.193303
v -1.795313 -1.803999 -0.176823
v -1.610696 -1.972135 -0.158640
v -1.410569 -2.121279 -0.138928
v -1.196855 -2.249993 -0.117880
v -0.971615 -2.357038 -0.095696
v -0.737021 -2.441385 -0.072590
v -0.495326 -2.502219 -0.048785
v -0.248861 -2.538955 -0.024510
v -0.245260 2.538955 -0.048785
v -0.488159 2.502218 -0.097101
v -0.726356 2.441385 -0.144481
v -0.957557 2.357038 -0.190470
v -1.179538 2.249993 -0.234624
v -1.390159 2.121279 -0.276519
v -1.587391 1.972135 -0.315752
v -1.769336 1.803999 -0.351943
v -1.934241 1.618490 -0.384744
v -2.080519 1.417393 -0.413841
v -2.206759 1.202646 -0.438952
v -2.311748 0.976317 -0.459835
v -2.394474 0.740586 -0.476291
v -2.454140 0.497722 -0.488159
v -2.490170 0.250065 -0.495326
v -2.502218 -0.000000 -0.497723
v -2.490170 -0.250065 -0.495326
v -2.454140 -0.497722 -0.488159
v -2.394475 -0.740586 -0.476291
v -2.311749 -0.976317 -0.459836
v -2.206759 -1.202646 -0.438952
v -2.080520 -1.417393 -0.413841
v -1.934241 -1.618490 -0.384744
v -1.769336 -1.803999 -0.351943
v -1.587391 -1.972135 -0.315752
v -1.390159 -2.121279 -0.276519
v -1.179538 -2.249993 -0.234625
v -0.957557 -2.357038 -0.190470
v -0.726356 -2.441385 -0.144481
v -0.488159 -2.502219 -0.097101
v -0.245260 -2.538955 -0.048785
v -0.239298 2.538955 -0.072590
v -0.476291 2.502218 -0.144481
v -0.708697 2.441385 -0.214981
v -0.934277 2.357038 -0.283410
v -1.150860 2.249993 -0.349110
v -1.356362 2.121279 -0.411447
v -1.548798 1.972135 -0.469823
v -1.726320 1.803999 -0.523674
v -1.887215 1.618490 -0.572480
v -2.029938 1.417393 -0.615775
v -2.153108 1.202646 -0.653138
v -2.255545 0.976317 -0.684212
v -2.336259 0.740586 -0.708697
v -2.394475 0.497722 -0.726356
v -2.429628 0.250065 -0.737020
v -2.441384 -0.000000 -0.740586
v -2.429628 -0.250065 -0.737020
v -2.394475 -0.497722 -0.726356
v -2.336260 -0.740586 -0.708697
v -2.255546 -0.976317 -0.684212
v -2.153108 -1.202646 -0.653138
v -2.029938 -1.417393 -0.615774
v -1.887216 -1.618490 -0.572480
v -1.726320 -1.803999 -0.523674
v -1.548798 -1.972135 -0.469823
v -1.356362 -2.121279 -0.411447
v -1.150861 -2.249993 -0.349110
v -0.934277 -2.357038 -0.283410
v -0.708697 -2.441385 -0.214981
v -0.476291 -2.502219 -0.144481
v -0.239298 -2.538955 -0.072590
v -0.231030 2.538955 -0.095696
v -0.459836 2.502218 -0.190470
v -0.684213 2.441385 -0.283410
v -0.901999 2.357038 -0.373620
v -1.111100 2.249993 -0.460232
v -1.309502 2.121279 -0.542413
v -1.495289 1.972135 -0.619369
v -1.666678 1.803999 -0.690361
v -1.822015 1.618490 -0.754703
v -1.959807 1.417393 -0.811778
v -2.078722 1.202646 -0.861035
v -2.177619 0.976317 -0.901999
v -2.255546 0.740586 -0.934278
v -2.311749 0.497722 -0.957558
v -2.345689 0.250065 -0.971616
v -2.357038 -0.000000 -0.976318
v -2.345689 -0.250065 -0.971616
v -2.311749 -0.497722 -0.957558
v -2.255546 -0.740586 -0.934278
v -2.177620 -0.976317 -0.902000
v -2.078722 -1.202646 -0.861035
v -1.959807 -1.417393 -0.811778
v -1.822015 -1.618490 -0.754703
v -1.666678 -1.803999 -0.690361
v -1.495289 -1.972135 -0.619369
v -1.309502 -2.121279 -0.542413
v -1.111100 -2.249993 -0.460233
v -0.901999 -2.357038 -0.373620
v -0.684213 -2.441385 -0.283410
v -0.459836 -2.502219 -0.190470
v -0.231030 -2.538955 -0.095696
v -0.220538 2.538955 -0.117880
v -0.438952 2.502218 -0.234624
v -0.653139 2.441385 -0.349110
v -0.861034 2.357038 -0.460232
v -1.060639 2.249993 -0.566923
v -1.250030 2.121279 -0.668154
v -1.427380 1.972135 -0.762951
v -1.590986 1.803999 -0.850400
v -1.739268 1.618490 -0.929658
v -1.870801 1.417393 -0.999964
v -1.984316 1.202646 -1.060639
v -2.078722 0.976317 -1.111099
v -2.153109 0.740586 -1.150861
v -2.206760 0.497722 -1.179538
v -2.239158 0.250065 -1.196855
v -2.249992 -0.000000 -1.202646
v -2.239158 -0.250065 -1.196855
v -2.206760 -0.497722 -1.179538
v -2.153109 -0.740586 -1.150861
v -2.078722 -0.976317 -1.111100
v -1.984316 -1.202646 -1.060639
v -1.870802 -1.417393 -0.999964
v -1.739268 -1.618490 -0.929658
v -1.590986 -1.803999 -0.850400
v -1.427380 -1.972135 -0.762951
v -1.250030 -2.121279 -0.668154
v -1.060639 -2.249993 -0.566923
v -0.861034 -2.357038 -0.460232
v -0.653139 -2.441385 -0.349110
v -0.438952 -2.502219 -0.234624
v -0.220538 -2.538955 -0.117880
v -0.207922 2.538955 -0.138929
v -0.413841 2.502218 -0.276520
v -0.615775 2.441385 -0.411448
v -0.811778 2.357038 -0.542412
v -0.999964 2.249993 -0.668154
v -1.178520 2.121279 -0.787461
v -1.345725 1.972135 -0.899184
v -1.499971 1.803999 -1.002249
v -1.639770 1.618490 -1.095659
v -1.763779 1.417393 -1.178519
v -1.870800 1.202646 -1.250028
v -1.959805 0.976317 -1.309500
v -2.029937 0.740586 -1.356361
v -2.080519 0.497722 -1.390158
v -2.111064 0.250065 -1.410568
v -2.121278 -0.000000 -1.417393
v -2.111064 -0.250065 -1.410568
v -2.080519 -0.497722 -1.390158
v -2.029937 -0.740586 -1.356361
v -1.959806 -0.976317 -1.309500
v -1.870800 -1.202646 -1.250028
v -1.763780 -1.417393 -1.178519
v -1.639770 -1.618490 -1.095659
v -1.499971 -1.803999 -1.002249
v -1.345725 -1.972135 -0.899184
v -1.178520 -2.121279 -0.787461
v -0.999964 -2.249993 -0.668154
v -0.811778 -2.357038 -0.542412
v -0.615775 -2.441385 -0.411448
v -0.413841 -2.502219 -0.276520
v -0.207922 -2.538955 -0.138929
v -0.193303 2.538955 -0.158640
v -0.384745 2.502218 -0.315751
v -0.572481 2.441385 -0.469823
v -0.754703 2.357038 -0.619368
v -0.929658 2.249993 -0.762950
v -1.095661 2.121279 -0.899185
v -1.251109 1.972135 -1.026759
v -1.394510 1.803999 -1.144445
v -1.524481 1.618490 -1.251109
v -1.639771 1.417393 -1.345725
v -1.739267 1.202646 -1.427379
v -1.822015 0.976317 -1.495288
v -1.887216 0.740586 -1.548798
v -1.934241 0.497722 -1.587391
v -1.962639 0.250065 -1.610696
v -1.972135 -0.000000 -1.618490
v -1.962639 -0.250065 -1.610696
v -1.934241 -0.497722 -1.587391
v -1.887216 -0.740586 -1.548798
v -1.822015 -0.976317 -1.495289
v -1.739267 -1.202646 -1.427380
v -1.639771 -1.417393 -1.345725
v -1.524481 -1.618490 -1.251109
v -1.394510 -1.803999 -1.144445
v -1.251109 -1.972135 -1.026759
v -1.095661 -2.121279 -0.899185
v -0.929658 -2.249993 -0.762951
v -0.754703 -2.357038 -0.619368
v -0.572481 -2.441385 -0.469823
v -0.384745 -2.502219 -0.315751
v -0.193303 -2.538955 -0.158640
v -0.176823 2.538955 -0.176823
v -0.351943 2.502218 -0.351943
v -0.523674 2.441385 -0.523674
v -0.690360 2.357038 -0.690360
v -0.850399 2.249993 -0.850399
v -1.002249 2.121279 -1.002248
v -1.144445 1.972135 -1.144445
v -1.275620 1.803999 -1.275620
v -1.394510 1.618490 -1.394510
v -1.499971 1.417393 -1.499971
v -1.590984 1.202646 -1.590984
v -1.666678 0.976317 -1.666677
v -1.726320 0.740586 -1.726320
v -1.769336 0.497722 -1.769336
v -1.795312 0.250065 -1.795312
v -1.803998 -0.000000 -1.803999
v -1.795312 -0.250065 -1.795312
v -1.769336 -0.497722 -1.769336
v -1.726320 -0.740586 -1.726320
v -1.666678 -0.976317 -1.666678
v -1.590985 -1.202646 -1.590985
v -1.499971 -1.417393 -1.499971
v -1.394510 -1.618490 -1.394510
v -1.275620 -1.803999 -1.275620
v -1.144445 -1.972135 -1.144445
v -1.002249 -2.121279 -1.002248
v -0.850400 -2.249993 -0.850399
v -0.690360 -2.357038 -0.690360
v -0.523674 -2.441385 -0.523674
v -0.351943 -2.502219 -0.351943
v -0.176823 -2.538955 -0.176823
v -0.158640 2.538955 -0.193303
v -0.315752 2.502218 -0.384744
v -0.469823 2.441385 -0.572481
v -0.619369 2.357038 -0.754703
v -0.762950 2.249993 -0.929658
v -0.899186 2.121279 -1.095660
v -1.026759 1.972135 -1.251109
v -1.144445 1.803999 -1.394511
v -1.251109 1.618490 -1.524480
v -1.345725 1.417393 -1.639771
v -1.427380 1.202646 -1.739267
v -1.495289 0.976317 -1.822014
v -1.548798 0.740586 -1.887216
v -1.587391 0.497722 -1.934241
v -1.610696 0.250065 -1.962639
v -1.618489 -0.000000 -1.972135
v -1.610696 -0.250065 -1.962639
v -1.587391 -0.497722 -1.934241
v -1.548798 -0.740586 -1.887216
v -1.495289 -0.976317 -1.822015
v -1.427380 -1.202646 -1.739267
v -1.345726 -1.417393 -1.639771
v -1.251109 -1.618490 -1.524480
v -1.144445 -1.803999 -1.394511
v -1.026759 -1.972135 -1.251109
v -0.899186 -2.121279 -1.095660
v -0.762951 -2.249993 -0.929658
v -0.619369 -2.357038 -0.754703
v -0.469823 -2.441385 -0.572481
v -0.315752 -2.502219 -0.384744
v -0.158640 -2.538955 -0.193303
v -0.138929 2.538955 -0.207922
v -0.276520 2.502218 -0.413841
v -0.411448 2.441385 -0.615775
v -0.542412 2.357038 -0.811777
v -0.668154 2.249993 -0.999963
v -0.787462 2.121279 -1.178520
v -0.899185 1.972135 -1.345725
v -1.002248 1.803999 -1.499971
v -1.095659 1.618490 -1.639770
v -1.178520 1.417393 -1.763779
v -1.250028 1.202646 -1.870799
v -1.309500 0.976317 -1.959805
v -1.356361 0.740586 -2.029938
v -1.390158 0.497722 -2.080519
v -1.410568 0.250065 -2.111064
v -1.417392 -0.000000 -2.121278
v -1.410568 -0.250065 -2.111064
v -1.390158 -0.497722 -2.080519
v -1.356361 -0.740586 -2.029938
v -1.309500 -0.976317 -1.959806
v -1.250029 -1.202646 -1.870800
v -1.178520 -1.417393 -1.763779
v -1.095659 -1.618490 -1.639770
v -1.002248 -1.803999 -1.499971
v -0.899185 -1.972135 -1.345725
v -0.787462 -2.121279 -1.178520
v -0.668155 -2.249993 -0.999964
v -0.542412 -2.357038 -0.811777
v -0.411448 -2.441385 -0.615775
v -0.276520 -2.502219 -0.413841
v -0.138929 -2.538955 -0.207922
v -0.117880 2.538955 -0.220538
v -0.234625 2.502218 -0.438952
v -0.349110 2.441385 -0.653139
v -0.460232 2.357038 -0.861034
v -0.566923 2.249993 -1.060639
v -0.668155 2.121279 -1.250029
v -0.762951 1.972135 -1.427380
v -0.850399 1.803999 -1.590986
v -0.929658 1.618490 -1.739267
v -0.999964 1.417393 -1.870801
v -1.060639 1.202646 -1.984315
v -1.111100 0.976317 -2.078721
v -1.150861 0.740586 -2.153109
v -1.179538 0.497722 -2.206760
v -1.196855 0.250065 -2.239158
v -1.202646 -0.000000 -2.249992
v -1.196855 -0.250065 -2.239158
v -1.179538 -0.497722 -2.206760
v -1.150861 -0.740586 -2.153109
v -1.111100 -0.976317 -2.078722
v -1.060639 -1.202646 -1.984316
v -0.999965 -1.417393 -1.870801
v -0.929658 -1.618490 -1.739267
v -0.850399 -1.803999 -1.590986
v -0.762951 -1.972135 -1.427380
v -0.668155 -2.121279 -1.250029
v -0.566924 -2.249993 -1.060639
v -0.460232 -2.357038 -0.861034
v -0.349110 -2.441385 -0.653139
v -0.234625 -2.502219 -0.438952
v -0.117880 -2.538955 -0.220538
v -0.095696 2.538955 -0.231030
v -0.190470 2.502218 -0.459835
v -0.283410 2.441385 -0.684213
v -0.373620 2.357038 -0.901999
v -0.460233 2.249993 -1.111099
v -0.542414 2.121279 -1.309501
v -0.619369 1.972135 -1.495289
v -0.690360 1.803999 -1.666678
v -0.754703 1.618490 -1.822015
v -0.811779 1.417393 -1.959806
v -0.861034 1.202646 -2.078721
v -0.902000 0.976317 -2.177618
v -0.934277 0.740586 -2.255545
v -0.957558 0.497722 -2.311749
v -0.971616 0.250065 -2.345688
v -0.976317 -0.000000 -2.357038
v -0.971616 -0.250065 -2.345688
v -0.957558 -0.497722 -2.311749
v -0.934277 -0.740586 -2.255545
v -0.901999 -0.976317 -2.177619
v -0.861035 -1.202646 -2.078722
v -0.811779 -1.417393 -1.959806
v -0.754703 -1.618490 -1.822015
v -0.690360 -1.803999 -1.666678
v -0.619369 -1.972135 -1.495289
v -0.542414 -2.121279 -1.309501
v -0.460233 -2.249993 -1.111100
v -0.373620 -2.357038 -0.901999
v -0.283410 -2.441385 -0.684213
v -0.190470 -2.502219 -0.459835
v -0.095696 -2.538955 -0.231030
v -0.072590 2.538955 -0.239297
v -0.144481 2.502218 -0.476290
v -0.214981 2.441385 -0.708697
v -0.283410 2.357038 -0.934276
v -0.349110 2.249993 -1.150860
v -0.411448 2.121279 -1.356361
v -0.469822 1.972135 -1.548798
v -0.523673 1.803999 -1.726320
v -0.572480 1.618490 -1.887215
v -0.615775 1.417393 -2.029938
v -0.653138 1.202646 -2.153108
v -0.684212 0.976317 -2.255544
v -0.708696 0.740586 -2.336259
v -0.726356 0.497722 -2.394474
v -0.737019 0.250065 -2.429628
v -0.740585 -0.000000 -2.441384
v -0.737019 -0.250065 -2.429628
v -0.726356 -0.497722 -2.394474
v -0.708696 -0.740586 -2.336259
v -0.684212 -0.976317 -2.255545
v -0.653138 -1.202646 -2.153108
v -0.615775 -1.417393 -2.029938
v -0.572481 -1.618490 -1.887215
v -0.523673 -1.803999 -1.726320
v -0.469822 -1.972135 -1.548798
v -0.411448 -2.121279 -1.356361
v -0.349110 -2.249993 -1.150861
v -0.283410 -2.357038 -0.934276
v -0.214981 -2.441385 -0.708697
v -0.144481 -2.502219 -0.476290
v -0.072590 -2.538955 -0.239297
v -0.048785 2.538955 -0.245260
v -0.097101 2.502218 -0.488159
v -0.144481 2.441385 -0.726356
v -0.190470 2.357038 -0.957557
v -0.234625 2.249993 -1.179537
v -0.276520 2.121279 -1.390159
v -0.315751 1.972135 -1.587391
v -0.351942 1.803999 -1.769336
v -0.384744 1.618490 -1.934240
v -0.413841 1.417393 -2.080519
v -0.438951 1.202646 -2.206759
v -0.459836 0.976317 -2.311747
v -0.476290 0.740586 -2.394474
v -0.488159 0.497722 -2.454139
v -0.495325 0.250065 -2.490169
v -0.497722 -0.000000 -2.502218
v -0.495325 -0.250065 -2.490169
v -0.488159 -0.497722 -2.454139
v -0.476290 -0.740586 -2.394474
v -0.459835 -0.976317 -2.311748
v -0.438951 -1.202646 -2.206759
v -0.413842 -1.417393 -2.080519
v -0.384744 -1.618490 -1.934240
v -0.351942 -1.803999 -1.769336
v -0.315751 -1.972135 -1.587391
v -0.276520 -2.121279 -1.390159
v -0.234625 -2.249993 -1.179538
v -0.190470 -2.357038 -0.957557
v -0.144481 -2.441385 -0.726356
v -0.097101 -2.502219 -0.488159
v -0.048785 -2.538955 -0.245260
v -0.024511 2.538955 -0.248861
v -0.048785 2.502218 -0.495326
v -0.072590 2.441385 -0.737020
v -0.095696 2.357038 -0.971615
v -0.117880 2.249993 -1.196854
v -0.138929 2.121279 -1.410569
v -0.158639 1.972135 -1.610696
v -0.176822 1.803999 -1.795313
v -0.193303 1.618490 -1.962638
v -0.207922 1.417393 -2.111064
v -0.220537 1.202646 -2.239157
v -0.231030 0.976317 -2.345687
v -0.239297 0.740586 -2.429629
v -0.245260 0.497722 -2.490170
v -0.248861 0.250065 -2.526729
v -0.250065 -0.000000 -2.538954
v -0.248861 -0.250065 -2.526729
v -0.245260 -0.497722 -2.490170
v -0.239297 -0.740586 -2.429629
v -0.231030 -0.976317 -2.345688
v -0.220537 -1.202646 -2.239158
v -0.207922 -1.417393 -2.111064
v -0.193303 -1.618490 -1.962638
v -0.176822 -1.803999 -1.795313
v -0.158639 -1.972135 -1.610696
v -0.138929 -2.121279 -1.410569
v -0.117880 -2.249993 -1.196855
v -0.095696 -2.357038 -0.971615
v -0.072590 -2.441385 -0.737020
v -0.048785 -2.502219 -0.495325
v -0.024511 -2.538955 -0.248861
v -0.000000 2.502218 -0.497722
v 0.000000 2.249993 -1.202645
v -0.000000 2.121279 -1.417394
v -0.000000 1.417393 -2.121279
v -0.000000 0.976317 -2.357037
v 0.000000 -0.497722 -2.502219
v 0.000000 -0.740586 -2.441385
v 0.000000 -1.202646 -2.249992
v -0.000000 -1.417393 -2.121279
v -0.000000 -1.618490 -1.972134
v 0.000001 -1.803999 -1.803999
v -0.000000 -2.121279 -1.417394
v 0.000000 -2.249993 -1.202646
v -0.000000 -2.502219 -0.497722
v 0.000000 2.545732 -0.250733
v 0.000000 2.447901 -0.742563
v 0.000000 2.363329 -0.978923
v 0.000000 1.977399 -1.622809
v 0.000000 1.808814 -1.808814
v 0.000000 1.622809 -1.977399
v 0.000000 1.205856 -2.255998
v 0.000000 0.742562 -2.447901
v 0.000000 0.499051 -2.508897
v 0.000000 0.250733 -2.545732
v 0.000000 -0.000000 -2.558049
v 0.000000 -0.250733 -2.545732
v 0.000000 -0.978923 -2.363330
v 0.000000 -1.977399 -1.622809
v 0.000000 -2.363329 -0.978923
v 0.000000 -2.447901 -0.742563
v 0.000000 -2.545732 -0.250733
v 0.024576 2.545732 -0.249525
v 0.048916 2.508897 -0.496648
v 0.072784 2.447901 -0.738987
v 0.095951 2.363329 -0.974209
v 0.118195 2.255998 -1.200050
v 0.139300 2.126940 -1.414333
v 0.159063 1.977399 -1.614995
v 0.177295 1.808814 -1.800104
v 0.193819 1.622809 -1.967877
v 0.208477 1.421176 -2.116698
v 0.221127 1.205856 -2.245135
v 0.231647 0.978923 -2.351950
v 0.239936 0.742562 -2.436113
v 0.245915 0.499051 -2.496816
v 0.249525 0.250733 -2.533473
v 0.250733 -0.000000 -2.545732
v 0.249525 -0.250733 -2.533473
v 0.245915 -0.499051 -2.496816
v 0.239936 -0.742563 -2.436113
v 0.231647 -0.978923 -2.351950
v 0.221127 -1.205856 -2.245135
v 0.208477 -1.421176 -2.116699
v 0.193819 -1.622809 -1.967877
v 0.177295 -1.808814 -1.800104
v 0.159063 -1.977399 -1.614995
v 0.139300 -2.126940 -1.414333
v 0.118195 -2.255998 -1.200050
v 0.095951 -2.363329 -0.974210
v 0.072784 -2.447901 -0.738987
v 0.048916 -2.508897 -0.496648
v 0.024576 -2.545732 -0.249525
v 0.048916 2.545732 -0.245915
v 0.097360 2.508897 -0.489462
v 0.144867 2.447901 -0.728294
v 0.190979 2.363329 -0.960113
v 0.235251 2.255998 -1.182686
v 0.277258 2.126940 -1.393869
v 0.316595 1.977399 -1.591627
v 0.352882 1.808814 -1.774058
v 0.385772 1.622809 -1.939404
v 0.414946 1.421176 -2.086072
v 0.440124 1.205856 -2.212650
v 0.461063 0.978923 -2.317919
v 0.477562 0.742562 -2.400865
v 0.489462 0.499051 -2.460690
v 0.496648 0.250733 -2.496816
v 0.499051 -0.000000 -2.508897
v 0.496648 -0.250733 -2.496816
v 0.489462 -0.499051 -2.460690
v 0.477562 -0.742563 -2.400865
v 0.461063 -0.978923 -2.317919
v 0.440124 -1.205856 -2.212650
v 0.414946 -1.421176 -2.086072
v 0.385772 -1.622809 -1.939404
v 0.352882 -1.808814 -1.774058
v 0.316595 -1.977399 -1.591627
v 0.277258 -2.126940 -1.393868
v 0.235251 -2.255998 -1.182686
v 0.190979 -2.363329 -0.960113
v 0.144867 -2.447901 -0.728295
v 0.097360 -2.508897 -0.489462
v 0.048916 -2.545732 -0.245915
v 0.072784 2.545732 -0.239936
v 0.144867 2.508897 -0.477562
v 0.215555 2.447901 -0.710588
v 0.284167 2.363329 -0.936771
v 0.350042 2.255998 -1.153932
v 0.412546 2.126940 -1.359981
v 0.471077 1.977399 -1.552932
v 0.525071 1.808814 -1.730927
v 0.574009 1.622809 -1.892253
v 0.617418 1.421176 -2.035355
v 0.654882 1.205856 -2.158855
v 0.686039 0.978923 -2.261566
v 0.710588 0.742562 -2.342495
v 0.728295 0.499051 -2.400865
v 0.738987 0.250733 -2.436113
v 0.742563 -0.000000 -2.447901
v 0.738987 -0.250733 -2.436113
v 0.728295 -0.499051 -2.400865
v 0.710588 -0.742563 -2.342495
v 0.686039 -0.978923 -2.261566
v 0.654882 -1.205856 -2.158856
v 0.617418 -1.421176 -2.035356
v 0.574009 -1.622809 -1.892253
v 0.525071 -1.808814 -1.730927
v 0.471077 -1.977399 -1.552932
v 0.412546 -2.126940 -1.359981
v 0.350042 -2.255998 -1.153933
v 0.284167 -2.363329 -0.936771
v 0.215555 -2.447901 -0.710588
v 0.144867 -2.508897 -0.477562
v 0.072784 -2.545732 -0.239936
v 0.095951 2.545732 -0.231647
v 0.190979 2.508897 -0.461063
v 0.284167 2.447901 -0.686038
v 0.374618 2.363329 -0.904407
v 0.461461 2.255998 -1.114066
v 0.543861 2.126940 -1.312996
v 0.621023 1.977399 -1.499280
v 0.692203 1.808814 -1.671126
v 0.756718 1.622809 -1.826879
v 0.813945 1.421176 -1.965037
v 0.863333 1.205856 -2.084270
v 0.904407 0.978923 -2.183432
v 0.936771 0.742562 -2.261566
v 0.960114 0.499051 -2.317919
v 0.974210 0.250733 -2.351950
v 0.978923 -0.000000 -2.363329
v 0.974210 -0.250733 -2.351950
v 0.960114 -0.499051 -2.317919
v 0.936771 -0.742563 -2.261565
v 0.904407 -0.978923 -2.183432
v 0.863333 -1.205856 -2.084270
v 0.813945 -1.421176 -1.965037
v 0.756718 -1.622809 -1.826879
v 0.692203 -1.808814 -1.671126
v 0.621023 -1.977399 -1.499280
v 0.543861 -2.126940 -1.312996
v 0.461461 -2.255998 -1.114066
v 0.374618 -2.363329 -0.904407
v 0.284167 -2.447901 -0.686038
v 0.190979 -2.508897 -0.461063
v 0.095951 -2.545732 -0.231647
v 0.118195 2.545732 -0.221126
v 0.235251 2.508897 -0.440123
v 0.350042 2.447901 -0.654882
v 0.461461 2.363329 -0.863333
v 0.568437 2.255998 -1.063470
v 0.669938 2.126940 -1.253366
v 0.764987 1.977399 -1.431190
v 0.852669 1.808814 -1.595232
v 0.932140 1.622809 -1.743910
v 1.002633 1.421176 -1.875794
v 1.063470 1.205856 -1.989613
v 1.114066 0.978923 -2.084270
v 1.153933 0.742562 -2.158856
v 1.182686 0.499051 -2.212650
v 1.200050 0.250733 -2.245135
v 1.205856 -0.000000 -2.255998
v 1.200050 -0.250733 -2.245135
v 1.182686 -0.499051 -2.212650
v 1.153933 -0.742563 -2.158856
v 1.114066 -0.978923 -2.084270
v 1.063470 -1.205856 -1.989613
v 1.002633 -1.421176 -1.875794
v 0.932140 -1.622809 -1.743910
v 0.852669 -1.808814 -1.595232
v 0.764987 -1.977399 -1.431190
v 0.669938 -2.126940 -1.253366
v 0.568437 -2.255998 -1.063470
v 0.461461 -2.363329 -0.863333
v 0.350042 -2.447901 -0.654882
v 0.235251 -2.508897 -0.440123
v 0.118195 -2.545732 -0.221126
v 0.139300 2.545732 -0.208477
v 0.277258 2.508897 -0.414946
v 0.412546 2.447901 -0.617418
v 0.543861 2.363329 -0.813945
v 0.669938 2.255998 -1.002633
v 0.789563 2.126940 -1.181665
v 0.901585 1.977399 -1.349317
v 1.004924 1.808814 -1.503974
v 1.098584 1.622809 -1.644147
v 1.181665 1.421176 -1.768486
v 1.253366 1.205856 -1.875794
v 1.312996 0.978923 -1.965037
v 1.359981 0.742562 -2.035355
v 1.393869 0.499051 -2.086071
v 1.414333 0.250733 -2.116698
v 1.421176 -0.000000 -2.126940
v 1.414333 -0.250733 -2.116698
v 1.393869 -0.499051 -2.086071
v 1.359981 -0.742563 -2.035355
v 1.312996 -0.978923 -1.965037
v 1.253366 -1.205856 -1.875794
v 1.181665 -1.421176 -1.768486
v 1.098584 -1.622809 -1.644147
v 1.004924 -1.808814 -1.503974
v 0.901585 -1.977399 -1.349317
v 0.789563 -2.126940 -1.181665
v 0.669938 -2.255998 -1.002633
v 0.543861 -2.363329 -0.813945
v 0.412546 -2.447901 -0.617418
v 0.277258 -2.508897 -0.414945
v 0.139300 -2.545732 -0.208476
v 0.159063 2.545732 -0.193819
v 0.316595 2.508897 -0.385771
v 0.471077 2.447901 -0.574008
v 0.621023 2.363329 -0.756718
v 0.764987 2.255998 -0.932139
v 0.901585 2.126940 -1.098584
v 1.029500 1.977399 -1.254449
v 1.147500 1.808814 -1.398232
v 1.254449 1.622809 -1.528550
v 1.349317 1.421176 -1.644147
v 1.431190 1.205856 -1.743910
v 1.499281 0.978923 -1.826878
v 1.552932 0.742562 -1.892253
v 1.591628 0.499051 -1.939404
v 1.614995 0.250733 -1.967877
v 1.622810 -0.000000 -1.977399
v 1.614995 -0.250733 -1.967877
v 1.591628 -0.499051 -1.939404
v 1.552932 -0.742563 -1.892253
v 1.499281 -0.978923 -1.826879
v 1.431190 -1.205856 -1.743910
v 1.349317 -1.421176 -1.644147
v 1.254449 -1.622809 -1.528550
v 1.147500 -1.808814 -1.398232
v 1.029500 -1.977399 -1.254449
v 0.901585 -2.126940 -1.098584
v 0.764987 -2.255998 -0.932140
v 0.621023 -2.363329 -0.756718
v 0.471077 -2.447901 -0.574009
v 0.316595 -2.508897 -0.385771
v 0.159063 -2.545732 -0.193819
v 0.177295 2.545732 -0.177295
v 0.352882 2.508897 -0.352882
v 0.525071 2.447901 -0.525071
v 0.692203 2.363329 -0.692203
v 0.852669 2.255998 -0.852669
v 1.004923 2.126940 -1.004923
v 1.147500 1.977399 -1.147499
v 1.279025 1.808814 -1.279024
v 1.398232 1.622809 -1.398232
v 1.503974 1.421176 -1.503974
v 1.595232 1.205856 -1.595231
v 1.671127 0.978923 -1.671126
v 1.730928 0.742562 -1.730927
v 1.774058 0.499051 -1.774058
v 1.800104 0.250733 -1.800104
v 1.808814 -0.000000 -1.808814
v 1.800104 -0.250733 -1.800104
v 1.774058 -0.499051 -1.774058
v 1.730928 -0.742563 -1.730927
v 1.671127 -0.978923 -1.671126
v 1.595232 -1.205856 -1.595232
v 1.503974 -1.421176 -1.503974
v 1.398232 -1.622809 -1.398232
v 1.279025 -1.808814 -1.279024
v 1.147500 -1.977399 -1.147499
v 1.004923 -2.126940 -1.004923
v 0.852670 -2.255998 -0.852669
v 0.692203 -2.363329 -0.692203
v 0.525071 -2.447901 -0.525071
v 0.352882 -2.508897 -0.352882
v 0.177295 -2.545732 -0.177295
v 0.193819 2.545732 -0.159063
v 0.385772 2.508897 -0.316594
v 0.574009 2.447901 -0.471077
v 0.756718 2.363329 -0.621022
v 0.932140 2.255998 -0.764987
v 1.098584 2.126940 -0.901585
v 1.254449 1.977399 -1.029499
v 1.398233 1.808814 -1.147499
v 1.528550 1.622809 -1.254448
v 1.644148 1.421176 -1.349316
v 1.743910 1.205856 -1.431190
v 1.826879 0.978923 -1.499280
v 1.892253 0.742562 -1.552932
v 1.939404 0.499051 -1.591627
v 1.967878 0.250733 -1.614995
v 1.977399 -0.000000 -1.622809
v 1.967878 -0.250733 -1.614995
v 1.939404 -0.499051 -1.591627
v 1.892253 -0.742563 -1.552932
v 1.826879 -0.978923 -1.499280
v 1.743910 -1.205856 -1.431190
v 1.644148 -1.421176 -1.349317
v 1.528550 -1.622809 -1.254449
v 1.398233 -1.808814 -1.147499
v 1.254449 -1.977399 -1.029499
v 1.098584 -2.126940 -0.901585
v 0.932140 -2.255998 -0.764987
v 0.756718 -2.363329 -0.621022
v 0.574009 -2.447901 -0.471077
v 0.385772 -2.508897 -0.316594
v 0.193819 -2.545732 -0.159063
v 0.208477 2.545732 -0.139300
v 0.414946 2.508897 -0.277258
v 0.617419 2.447901 -0.412545
v 0.813945 2.363329 -0.543860
v 1.002633 2.255998 -0.669938
v 1.181665 2.126940 -0.789563
v 1.349317 1.977399 -0.901585
v 1.503974 1.808814 -1.004923
v 1.644147 1.622809 -1.098584
v 1.768487 1.421176 -1.181665
v 1.875794 1.205856 -1.253365
v 1.965037 0.978923 -1.312995
v 2.035356 0.742562 -1.359981
v 2.086072 0.499051 -1.393868
v 2.116699 0.250733 -1.414333
v 2.126941 -0.000000 -1.421176
v 2.116699 -0.250733 -1.414333
v 2.086072 -0.499051 -1.393868
v 2.035356 -0.742563 -1.359981
v 1.965037 -0.978923 -1.312995
v 1.875794 -1.205856 -1.253365
v 1.768487 -1.421176 -1.181665
v 1.644147 -1.622809 -1.098584
v 1.503974 -1.808814 -1.004923
v 1.349317 -1.977399 -0.901585
v 1.181665 -2.126940 -0.789563
v 1.002633 -2.255998 -0.669938
v 0.813945 -2.363329 -0.543860
v 0.617419 -2.447901 -0.412546
v 0.414946 -2.508897 -0.277258
v 0.208477 -2.545732 -0.139299
v 0.221127 2.545732 -0.118194
v 0.440124 2.508897 -0.235251
v 0.654882 2.447901 -0.350041
v 0.863333 2.363329 -0.461461
v 1.063470 2.255998 -0.568436
v 1.253366 2.126940 -0.669938
v 1.431190 1.977399 -0.764987
v 1.595232 1.808814 -0.852669
v 1.743910 1.622809 -0.932139
v 1.875795 1.421176 -1.002632
v 1.989613 1.205856 -1.063470
v 2.084271 0.978923 -1.114066
v 2.158856 0.742562 -1.153932
v 2.212650 0.499051 -1.182686
v 2.245136 0.250733 -1.200050
v 2.255999 -0.000000 -1.205856
v 2.245136 -0.250733 -1.200050
v 2.212650 -0.499051 -1.182686
v 2.158856 -0.742563 -1.153932
v 2.084271 -0.978923 -1.114066
v 1.989613 -1.205856 -1.063470
v 1.875795 -1.421176 -1.002633
v 1.743910 -1.622809 -0.932139
v 1.595232 -1.808814 -0.852669
v 1.431190 -1.977399 -0.764987
v 1.253366 -2.126940 -0.669938
v 1.063471 -2.255998 -0.568437
v 0.863333 -2.363329 -0.461461
v 0.654882 -2.447901 -0.350041
v 0.440124 -2.508897 -0.235251
v 0.221127 -2.545732 -0.118194
v 0.231647 2.545732 -0.095951
v 0.461063 2.508897 -0.190978
v 0.686039 2.447901 -0.284166
v 0.904407 2.363329 -0.374617
v 1.114066 2.255998 -0.461461
v 1.312996 2.126940 -0.543861
v 1.499281 1.977399 -0.621022
v 1.671127 1.808814 -0.692203
v 1.826878 1.622809 -0.756718
v 1.965037 1.421176 -0.813945
v 2.084270 1.205856 -0.863333
v 2.183432 0.978923 -0.904407
v 2.261566 0.742562 -0.936771
v 2.317919 0.499051 -0.960113
v 2.351950 0.250733 -0.974209
v 2.363330 -0.000000 -0.978923
v 2.351950 -0.250733 -0.974209
v 2.317919 -0.499051 -0.960113
v 2.261566 -0.742563 -0.936771
v 2.183433 -0.978923 -0.904407
v 2.084271 -1.205856 -0.863333
v 1.965037 -1.421176 -0.813945
v 1.826879 -1.622809 -0.756718
v 1.671127 -1.808814 -0.692203
v 1.499281 -1.977399 -0.621022
v 1.312996 -2.126940 -0.543861
v 1.114066 -2.255998 -0.461461
v 0.904407 -2.363329 -0.374617
v 0.686039 -2.447901 -0.284166
v 0.461063 -2.508897 -0.190978
v 0.231647 -2.545732 -0.095951
v 0.239936 2.545732 -0.072784
v 0.477562 2.508897 -0.144867
v 0.710588 2.447901 -0.215554
v 0.936771 2.363329 -0.284166
v 1.153933 2.255998 -0.350041
v 1.359981 2.126940 -0.412546
v 1.552932 1.977399 -0.471077
v 1.730928 1.808814 -0.525071
v 1.892253 1.622809 -0.574008
v 2.035356 1.421176 -0.617418
v 2.158856 1.205856 -0.654882
v 2.261566 0.978923 -0.686038
v 2.342495 0.742562 -0.710588
v 2.400865 0.499051 -0.728294
v 2.436114 0.250733 -0.738987
v 2.447901 -0.000000 -0.742562
v 2.436114 -0.250733 -0.738987
v 2.400865 -0.499051 -0.728294
v 2.342495 -0.742563 -0.710588
v 2.261566 -0.978923 -0.686038
v 2.158856 -1.205856 -0.654882
v 2.035356 -1.421176 -0.617418
v 1.892253 -1.622809 -0.574008
v 1.730928 -1.808814 -0.525071
v 1.552932 -1.977399 -0.471077
v 1.359981 -2.126940 -0.412546
v 1.153933 -2.255998 -0.350041
v 0.936771 -2.363329 -0.284166
v 0.710589 -2.447901 -0.215554
v 0.477562 -2.508897 -0.144867
v 0.239936 -2.545732 -0.072784
v 0.245915 2.545732 -0.048915
v 0.489462 2.508897 -0.097360
v 0.728295 2.447901 -0.144867
v 0.960113 2.363329 -0.190978
v 1.182686 2.255998 -0.235251
v 1.393869 2.126940 -0.277258
v 1.591628 1.977399 -0.316594
v 1.774059 1.808814 -0.352882
v 1.939404 1.622809 -0.385771
v 2.086072 1.421176 -0.414945
v 2.212650 1.205856 -0.440123
v 2.317919 0.978923 -0.461062
v 2.400865 0.742562 -0.477562
v 2.460690 0.499051 -0.489462
v 2.496816 0.250733 -0.496647
v 2.508898 -0.000000 -0.499051
v 2.496816 -0.250733 -0.496647
v 2.460690 -0.499051 -0.489462
v 2.400865 -0.742563 -0.477562
v 2.317920 -0.978923 -0.461063
v 2.212650 -1.205856 -0.440123
v 2.086072 -1.421176 -0.414945
v 1.939404 -1.622809 -0.385771
v 1.774059 -1.808814 -0.352882
v 1.591628 -1.977399 -0.316594
v 1.393869 -2.126940 -0.277258
v 1.182687 -2.255998 -0.235251
v 0.960114 -2.363329 -0.190978
v 0.728295 -2.447901 -0.144867
v 0.489462 -2.508897 -0.097360
v 0.245915 -2.545732 -0.048915
v 0.249526 2.545732 -0.024576
v 0.496648 2.508897 -0.048915
v 0.738987 2.447901 -0.072784
v 0.974209 2.363329 -0.095951
v 1.200050 2.255998 -0.118194
v 1.414333 2.126940 -0.139300
v 1.614995 1.977399 -0.159063
v 1.800104 1.808814 -0.177294
v 1.967877 1.622809 -0.193819
v 2.116699 1.421176 -0.208476
v 2.245135 1.205856 -0.221127
v 2.351950 0.978923 -0.231647
v 2.436114 0.742562 -0.239936
v 2.496816 0.499051 -0.245915
v 2.533474 0.250733 -0.249525
v 2.545732 -0.000000 -0.250732
v 2.533474 -0.250733 -0.249525
v 2.496816 -0.499051 -0.245915
v 2.436113 -0.742563 -0.239936
v 2.351950 -0.978923 -0.231647
v 2.245135 -1.205856 -0.221126
v 2.116699 -1.421176 -0.208477
v 1.967877 -1.622809 -0.193819
v 1.800104 -1.808814 -0.177294
v 1.614995 -1.977399 -0.159063
v 1.414333 -2.126940 -0.139300
v 1.200050 -2.255998 -0.118194
v 0.974209 -2.363329 -0.095951
v 0.738987 -2.447901 -0.072784
v 0.496648 -2.508897 -0.048915
v 0.249525 -2.545732 -0.024576
v 0.250733 2.545732 0.000000
v 0.499051 2.508897 0.000000
v 0.742563 2.447901 0.000000
v 0.978923 2.363329 0.000000
v 1.205856 2.255998 0.000000
v 1.421176 2.126940 0.000000
v 1.622810 1.977399 0.000000
v 1.808814 1.808814 0.000000
v 1.977399 1.622809 0.000000
v 2.126941 1.421176 0.000000
v 2.255998 1.205856 -0.000000
v 2.363330 0.978923 0.000000
v 2.447901 0.742562 -0.000000
v 2.508898 0.499051 0.000000
v 2.545732 0.250733 0.000000
v 2.558050 -0.000000 0.000000
v 2.545732 -0.250733 0.000000
v 2.508898 -0.499051 0.000000
v 2.447901 -0.742563 0.000000
v 2.363330 -0.978923 0.000000
v 2.255998 -1.205856 0.000000
v 2.126941 -1.421176 0.000000
v 1.977399 -1.622809 0.000000
v 1.808814 -1.808814 0.000000
v 1.622810 -1.977399 0.000000
v 1.421176 -2.126940 0.000000
v 1.205857 -2.255998 0.000000
v 0.978923 -2.363329 0.000000
v 0.742563 -2.447901 0.000000
v 0.499051 -2.508897 0.000000
v 0.250733 -2.545732 0.000000
v 0.249526 2.545732 0.024576
v 0.496648 2.508897 0.048916
v 0.738987 2.447901 0.072784
v 0.974209 2.363329 0.095951
v 1.200050 2.255998 0.118195
v 1.414333 2.126940 0.139300
v 1.614995 1.977399 0.159063
v 1.800104 1.808814 0.177295
v 1.967877 1.622809 0.193819
v 2.116699 1.421176 0.208477
v 2.245135 1.205856 0.221126
v 2.351950 0.978923 0.231647
v 2.436114 0.742562 0.239936
v 2.496816 0.499051 0.245915
v 2.533474 0.250733 0.249526
v 2.545732 -0.000000 0.250733
v 2.533474 -0.250733 0.249526
v 2.496816 -0.499051 0.245915
v 2.436113 -0.742563 0.239936
v 2.351950 -0.978923 0.231647
v 2.245135 -1.205856 0.221127
v 2.116699 -1.421176 0.208477
v 1.967877 -1.622809 0.193819
v 1.800104 -1.808814 0.177295
v 1.614995 -1.977399 0.159063
v 1.414333 -2.126940 0.139300
v 1.200050 -2.255998 0.118195
v 0.974209 -2.363329 0.095951
v 0.738987 -2.447901 0.072784
v 0.496648 -2.508897 0.048916
v 0.249525 -2.545732 0.024576
v 0.245915 2.545732 0.048916
v 0.489462 2.508897 0.097360
v 0.728295 2.447901 0.144867
v 0.960113 2.363329 0.190979
v 1.182686 2.255998 0.235251
v 1.393869 2.126940 0.277258
v 1.591628 1.977399 0.316595
v 1.774059 1.808814 0.352883
v 1.939404 1.622809 0.385771
v 2.086072 1.421176 0.414946
v 2.212650 1.205856 0.440123
v 2.317919 0.978923 0.461063
v 2.400865 0.742562 0.477562
v 2.460690 0.499051 0.489462
v 2.496816 0.250733 0.496648
v 2.508897 -0.000000 0.499051
v 2.496816 -0.250733 0.496648
v 2.460690 -0.499051 0.489462
v 2.400865 -0.742563 0.477562
v 2.317920 -0.978923 0.461063
v 2.212650 -1.205856 0.440123
v 2.086072 -1.421176 0.414946
v 1.939404 -1.622809 0.385771
v 1.774059 -1.808814 0.352883
v 1.591628 -1.977399 0.316595
v 1.393869 -2.126940 0.277258
v 1.182686 -2.255998 0.235251
v 0.960113 -2.363329 0.190979
v 0.728295 -2.447901 0.144867
v 0.489462 -2.508897 0.097360
v 0.245915 -2.545732 0.048916
v 0.239936 2.545732 0.072784
v 0.477562 2.508897 0.144867
v 0.710588 2.447901 0.215555
v 0.936771 2.363329 0.284167
v 1.153932 2.255998 0.350042
v 1.359981 2.126940 0.412546
v 1.552932 1.977399 0.471077
v 1.730928 1.808814 0.525071
v 1.892253 1.622809 0.574009
v 2.035356 1.421176 0.617418
v 2.158855 1.205856 0.654882
v 2.261566 0.978923 0.686038
v 2.342495 0.742562 0.710588
v 2.400865 0.499051 0.728294
v 2.436113 0.250733 0.738987
v 2.447901 -0.000000 0.742563
v 2.436113 -0.250733 0.738987
v 2.400865 -0.499051 0.728294
v 2.342495 -0.742563 0.710588
v 2.261566 -0.978923 0.686038
v 2.158855 -1.205856 0.654882
v 2.035356 -1.421176 0.617418
v 1.892253 -1.622809 0.574009
v 1.730928 -1.808814 0.525071
v 1.552932 -1.977399 0.471077
v 1.359981 -2.126940 0.412546
v 1.153933 -2.255998 0.350042
v 0.936771 -2.363329 0.284166
v 0.710588 -2.447901 0.215555
v 0.477562 -2.508897 0.144867
v 0.239936 -2.545732 0.072784
v 0.231647 2.545732 0.095951
v 0.461063 2.508897 0.190979
v 0.686039 2.447901 0.284167
v 0.904407 2.363329 0.374618
v 1.114066 2.255998 0.461461
v 1.312996 2.126940 0.543861
v 1.499280 1.977399 0.621022
v 1.671127 1.808814 0.692204
v 1.826878 1.622809 0.756718
v 1.965037 1.421176 0.813945
v 2.084270 1.205856 0.863333
v 2.183432 0.978923 0.904407
v 2.261566 0.742562 0.936771
v 2.317919 0.499051 0.960113
v 2.351950 0.250733 0.974210
v 2.363330 -0.000000 0.978923
v 2.351950 -0.250733 0.974210
v 2.317919 -0.499051 0.960113
v 2.261566 -0.742563 0.936771
v 2.183432 -0.978923 0.904407
v 2.084270 -1.205856 0.863333
v 1.965037 -1.421176 0.813945
v 1.826879 -1.622809 0.756718
v 1.671127 -1.808814 0.692204
v 1.499280 -1.977399 0.621022
v 1.312996 -2.126940 0.543861
v 1.114066 -2.255998 0.461461
v 0.904407 -2.363329 0.374618
v 0.686039 -2.447901 0.284167
v 0.461063 -2.508897 0.190979
v 0.231647 -2.545732 0.095951
v 0.221127 2.545732 0.118195
v 0.440124 2.508897 0.235251
v 0.654882 2.447901 0.350042
v 0.863333 2.363329 0.461461
v 1.063470 2.255998 0.568437
v 1.253366 2.126940 0.669938
v 1.431190 1.977399 0.764987
v 1.595232 1.808814 0.852669
v 1.743910 1.622809 0.932139
v 1.875794 1.421176 1.002633
v 1.989613 1.205856 1.063470
v 2.084270 0.978923 1.114066
v 2.158856 0.742562 1.153932
v 2.212650 0.499051 1.182686
v 2.245135 0.250733 1.200050
v 2.255998 -0.000000 1.205856
v 2.245135 -0.250733 1.200050
v 2.212650 -0.499051 1.182686
v 2.158856 -0.742563 1.153932
v 2.084271 -0.978923 1.114066
v 1.989613 -1.205856 1.063470
v 1.875794 -1.421176 1.002633
v 1.743910 -1.622809 0.932139
v 1.595232 -1.808814 0.852669
v 1.431190 -1.977399 0.764987
v 1.253366 -2.126940 0.669938
v 1.063470 -2.255998 0.568437
v 0.863333 -2.363329 0.461461
v 0.654882 -2.447901 0.350042
v 0.440124 -2.508897 0.235251
v 0.221127 -2.545732 0.118195
v 0.208477 2.545732 0.139300
v 0.414946 2.508897 0.277258
v 0.617418 2.447901 0.412546
v 0.813945 2.363329 0.543861
v 1.002633 2.255998 0.669938
v 1.181665 2.126940 0.789563
v 1.349317 1.977399 0.901585
v 1.503974 1.808814 1.004924
v 1.644147 1.622809 1.098584
v 1.768486 1.421176 1.181665
v 1.875794 1.205856 1.253365
v 1.965037 0.978923 1.312995
v 2.035356 0.742562 1.359981
v 2.086072 0.499051 1.393868
v 2.116698 0.250733 1.414333
v 2.126940 -0.000000 1.421176
v 2.116698 -0.250733 1.414333
v 2.086072 -0.499051 1.393868
v 2.035355 -0.742563 1.359981
v 1.965037 -0.978923 1.312996
v 1.875794 -1.205856 1.253365
v 1.768487 -1.421176 1.181665
v 1.644147 -1.622809 1.098584
v 1.503974 -1.808814 1.004924
v 1.349317 -1.977399 0.901585
v 1.181665 -2.126940 0.789563
v 1.002633 -2.255998 0.669938
v 0.813945 -2.363329 0.543860
v 0.617419 -2.447901 0.412546
v 0.414946 -2.508897 0.277258
v 0.208477 -2.545732 0.139300
v 0.193819 2.545732 0.159063
v 0.385772 2.508897 0.316595
v 0.574009 2.447901 0.471077
v 0.756718 2.363329 0.621022
v 0.932139 2.255998 0.764987
v 1.098584 2.126940 0.901585
v 1.254449 1.977399 1.029500
v 1.398232 1.808814 1.147500
v 1.528550 1.622809 1.254448
v 1.644147 1.421176 1.349317
v 1.743910 1.205856 1.431190
v 1.826878 0.978923 1.499280
v 1.892253 0.742562 1.552932
v 1.939404 0.499051 1.591627
v 1.967877 0.250733 1.614995
v 1.977399 -0.000000 1.622809
v 1.967877 -0.250733 1.614995
v 1.939404 -0.499051 1.591627
v 1.892253 -0.742563 1.552932
v 1.826879 -0.978923 1.499281
v 1.743910 -1.205856 1.431190
v 1.644148 -1.421176 1.349317
v 1.528550 -1.622809 1.254448
v 1.398232 -1.808814 1.147500
v 1.254449 -1.977399 1.029500
v 1.098584 -2.126940 0.901585
v 0.932140 -2.255998 0.764987
v 0.756718 -2.363329 0.621022
v 0.574009 -2.447901 0.471077
v 0.385772 -2.508897 0.316595
v 0.193819 -2.545732 0.159063
v 0.177295 2.545732 0.177295
v 0.352883 2.508897 0.352883
v 0.525071 2.447901 0.525071
v 0.692203 2.363329 0.692203
v 0.852669 2.255998 0.852669
v 1.004924 2.126940 1.004923
v 1.147499 1.977399 1.147500
v 1.279025 1.808814 1.279025
v 1.398232 1.622809 1.398232
v 1.503974 1.421176 1.503974
v 1.595232 1.205856 1.595231
v 1.671126 0.978923 1.671126
v 1.730927 0.742562 1.730927
v 1.774058 0.499051 1.774058
v 1.800104 0.250733 1.800104
v 1.808814 -0.000000 1.808814
v 1.800104 -0.250733 1.800104
v 1.774058 -0.499051 1.774058
v 1.730927 -0.742563 1.730927
v 1.671126 -0.978923 1.671127
v 1.595231 -1.205856 1.595231
v 1.503974 -1.421176 1.503974
v 1.398232 -1.622809 1.398232
v 1.279025 -1.808814 1.279025
v 1.147499 -1.977399 1.147500
v 1.004924 -2.126940 1.004923
v 0.852669 -2.255998 0.852669
v 0.692203 -2.363329 0.692203
v 0.525071 -2.447901 0.525072
v 0.352883 -2.508897 0.352883
v 0.177295 -2.545732 0.177295
v 0.159063 2.545732 0.193819
v 0.316595 2.508897 0.385772
v 0.471077 2.447901 0.574009
v 0.621022 2.363329 0.756718
v 0.764987 2.255998 0.932139
v 0.901585 2.126940 1.098584
v 1.029499 1.977399 1.254449
v 1.147499 1.808814 1.398232
v 1.254448 1.622809 1.528550
v 1.349317 1.421176 1.644147
v 1.431190 1.205856 1.743909
v 1.499280 0.978923 1.826878
v 1.552932 0.742562 1.892253
v 1.591628 0.499051 1.939404
v 1.614995 0.250733 1.967877
v 1.622809 -0.000000 1.977399
v 1.614995 -0.250733 1.967877
v 1.591628 -0.499051 1.939404
v 1.552932 -0.742563 1.892253
v 1.499280 -0.978923 1.826879
v 1.431190 -1.205856 1.743910
v 1.349317 -1.421176 1.644147
v 1.254449 -1.622809 1.528550
v 1.147499 -1.808814 1.398232
v 1.029499 -1.977399 1.254449
v 0.901585 -2.126940 1.098584
v 0.764987 -2.255998 0.932140
v 0.621022 -2.363329 0.756718
v 0.471077 -2.447901 0.574009
v 0.316595 -2.508897 0.385772
v 0.159063 -2.545732 0.193819
v 0.139300 2.545732 0.208477
v 0.277258 2.508897 0.414946
v 0.412546 2.447901 0.617419
v 0.543860 2.363329 0.813945
v 0.669938 2.255998 1.002633
v 0.789564 2.126940 1.181665
v 0.901585 1.977399 1.349317
v 1.004923 1.808814 1.503974
v 1.098584 1.622809 1.644147
v 1.181665 1.421176 1.768486
v 1.253365 1.205856 1.875793
v 1.312995 0.978923 1.965036
v 1.359981 0.742562 2.035355
v 1.393869 0.499051 2.086071
v 1.414333 0.250733 2.116698
v 1.421176 -0.000000 2.126940
v 1.414333 -0.250733 2.116698
v 1.393869 -0.499051 2.086071
v 1.359981 -0.742563 2.035355
v 1.312996 -0.978923 1.965037
v 1.253365 -1.205856 1.875793
v 1.181665 -1.421176 1.768486
v 1.098584 -1.622809 1.644147
v 1.004923 -1.808814 1.503974
v 0.901585 -1.977399 1.349317
v 0.789564 -2.126940 1.181665
v 0.669938 -2.255998 1.002633
v 0.543860 -2.363329 0.813945
v 0.412546 -2.447901 0.617419
v 0.277258 -2.508897 0.414946
v 0.139300 -2.545732 0.208477
v 0.118195 2.545732 0.221127
v 0.235251 2.508897 0.440124
v 0.350042 2.447901 0.654882
v 0.461461 2.363329 0.863333
v 0.568437 2.255998 1.063470
v 0.669938 2.126940 1.253366
v 0.764987 1.977399 1.431190
v 0.852669 1.808814 1.595232
v 0.932139 1.622809 1.743910
v 1.002633 1.421176 1.875794
v 1.063470 1.205856 1.989612
v 1.114066 0.978923 2.084270
v 1.153932 0.742562 2.158856
v 1.182686 0.499051 2.212650
v 1.200050 0.250733 2.245135
v 1.205856 -0.000000 2.255998
v 1.200050 -0.250733 2.245135
v 1.182686 -0.499051 2.212650
v 1.153932 -0.742563 2.158856
v 1.114066 -0.978923 2.084270
v 1.063470 -1.205856 1.989612
v 1.002633 -1.421176 1.875794
v 0.932139 -1.622809 1.743910
v 0.852669 -1.808814 1.595232
v 0.764987 -1.977399 1.431190
v 0.669938 -2.126940 1.253366
v 0.568437 -2.255998 1.063470
v 0.461461 -2.363329 0.863333
v 0.350042 -2.447901 0.654882
v 0.235251 -2.508897 0.440124
v 0.118195 -2.545732 0.221127
v 0.095951 2.545732 0.231647
v 0.190979 2.508897 0.461063
v 0.284166 2.447901 0.686039
v 0.374617 2.363329 0.904407
v 0.461461 2.255998 1.114066
v 0.543861 2.126940 1.312996
v 0.621022 1.977399 1.499280
v 0.692203 1.808814 1.671127
v 0.756718 1.622809 1.826878
v 0.813945 1.421176 1.965037
v 0.863333 1.205856 2.084270
v 0.904407 0.978923 2.183431
v 0.936771 0.742562 2.261565
v 0.960113 0.499051 2.317919
v 0.974209 0.250733 2.351949
v 0.978923 -0.000000 2.363329
v 0.974209 -0.250733 2.351949
v 0.960113 -0.499051 2.317919
v 0.936771 -0.742563 2.261565
v 0.904407 -0.978923 2.183432
v 0.863333 -1.205856 2.084270
v 0.813945 -1.421176 1.965037
v 0.756718 -1.622809 1.826878
v 0.692203 -1.808814 1.671127
v 0.621022 -1.977399 1.499280
v 0.543861 -2.126940 1.312996
v 0.461461 -2.255998 1.114066
v 0.374618 -2.363329 0.904407
v 0.284167 -2.447901 0.686039
v 0.190979 -2.508897 0.461063
v 0.095951 -2.545732 0.231647
v 0.072784 2.545732 0.239937
v 0.144867 2.508897 0.477562
v 0.215555 2.447901 0.710589
v 0.284166 2.363329 0.936771
v 0.350041 2.255998 1.153932
v 0.412546 2.126940 1.359981
v 0.471077 1.977399 1.552932
v 0.525071 1.808814 1.730927
v 0.574008 1.622809 1.892252
v 0.617418 1.421176 2.035355
v 0.654882 1.205856 2.158855
v 0.686038 0.978923 2.261565
v 0.710588 0.742562 2.342494
v 0.728294 0.499051 2.400865
v 0.738987 0.250733 2.436113
v 0.742562 -0.000000 2.447900
v 0.738987 -0.250733 2.436113
v 0.728294 -0.499051 2.400865
v 0.710588 -0.742563 2.342494
v 0.686038 -0.978923 2.261566
v 0.654882 -1.205856 2.158855
v 0.617419 -1.421176 2.035356
v 0.574008 -1.622809 1.892252
v 0.525071 -1.808814 1.730927
v 0.471077 -1.977399 1.552932
v 0.412546 -2.126940 1.359981
v 0.350042 -2.255998 1.153933
v 0.284166 -2.363329 0.936771
v 0.215555 -2.447901 0.710589
v 0.144867 -2.508897 0.477562
v 0.072784 -2.545732 0.239936
v 0.048916 2.545732 0.245915
v 0.097360 2.508897 0.489462
v 0.144867 2.447901 0.728295
v 0.190978 2.363329 0.960113
v 0.235251 2.255998 1.182686
v 0.277258 2.126940 1.393869
v 0.316594 1.977399 1.591628
v 0.352882 1.808814 1.774058
v 0.385771 1.622809 1.939403
v 0.414945 1.421176 2.086071
v 0.440124 1.205856 2.212649
v 0.461062 0.978923 2.317918
v 0.477562 0.742562 2.400865
v 0.489462 0.499051 2.460689
v 0.496647 0.250733 2.496816
v 0.499050 -0.000000 2.508897
v 0.496647 -0.250733 2.496816
v 0.489462 -0.499051 2.460689
v 0.477562 -0.742563 2.400865
v 0.461063 -0.978923 2.317919
v 0.440123 -1.205856 2.212649
v 0.414946 -1.421176 2.086072
v 0.385771 -1.622809 1.939403
v 0.352882 -1.808814 1.774058
v 0.316594 -1.977399 1.591628
v 0.277258 -2.126940 1.393869
v 0.235251 -2.255998 1.182686
v 0.190978 -2.363329 0.960113
v 0.144867 -2.447901 0.728295
v 0.097360 -2.508897 0.489462
v 0.048916 -2.545732 0.245915
v 0.024576 2.545732 0.249526
v 0.048916 2.508897 0.496648
v 0.072784 2.447901 0.738988
v 0.095951 2.363329 0.974209
v 0.118195 2.255998 1.200050
v 0.139300 2.126940 1.414333
v 0.159063 1.977399 1.614995
v 0.177294 1.808814 1.800104
v 0.193819 1.622809 1.967877
v 0.208477 1.421176 2.116698
v 0.221127 1.205856 2.245134
v 0.231647 0.978923 2.351949
v 0.239936 0.742562 2.436113
v 0.245915 0.499051 2.496816
v 0.249525 0.250733 2.533473
v 0.250732 -0.000000 2.545731
v 0.249525 -0.250733 2.533473
v 0.245915 -0.499051 2.496816
v 0.239936 -0.742563 2.436113
v 0.231647 -0.978923 2.351950
v 0.221126 -1.205856 2.245134
v 0.208477 -1.421176 2.116699
v 0.193819 -1.622809 1.967877
v 0.177294 -1.808814 1.800104
v 0.159063 -1.977399 1.614995
v 0.139300 -2.126940 1.414333
v 0.118195 -2.255998 1.200050
v 0.095951 -2.363329 0.974209
v 0.072784 -2.447901 0.738988
v 0.048916 -2.508897 0.496648
v 0.024576 -2.545732 0.249526
v 0.000000 -2.558049 0.000000
v 0.000000 2.545732 0.250733
v 0.000000 2.508897 0.499051
v -0.000000 2.447901 0.742563
v 0.000000 2.363329 0.978923
v 0.000000 2.255998 1.205856
v 0.000000 2.126940 1.421177
v -0.000000 1.977399 1.622809
v -0.000000 1.808814 1.808814
v -0.000000 1.622809 1.977398
v -0.000000 1.421176 2.126940
v 0.000000 1.205856 2.255997
v -0.000000 0.978923 2.363329
v 0.000000 0.742562 2.447900
v 0.000000 0.499051 2.508897
v -0.000000 0.250733 2.545731
v -0.000000 -0.000000 2.558049
v -0.000000 -0.250733 2.545731
v 0.000000 -0.499051 2.508897
v -0.000000 -0.742563 2.447900
v -0.000000 -0.978923 2.363329
v -0.000000 -1.205856 2.255997
v 0.000000 -1.421176 2.126941
v 0.000000 -1.622809 1.977398
v -0.000000 -1.808814 1.808814
v -0.000000 -1.977399 1.622809
v 0.000000 -2.126940 1.421177
v -0.000000 -2.255998 1.205856
v 0.000000 -2.363329 0.978923
v -0.000000 -2.447901 0.742563
v 0.000000 -2.508897 0.499051
v 0.000000 -2.545732 0.250733
v -0.024576 2.545732 0.249526
v -0.048915 2.508897 0.496648
v -0.072784 2.447901 0.738988
v -0.095951 2.363329 0.974209
v -0.118195 2.255998 1.200050
v -0.139299 2.126940 1.414333
v -0.159063 1.977399 1.614995
v -0.177295 1.808814 1.800104
v -0.193819 1.622809 1.967877
v -0.208477 1.421176 2.116698
v -0.221126 1.205856 2.245134
v -0.231647 0.978923 2.351949
v -0.239936 0.742562 2.436113
v -0.245915 0.499051 2.496816
v -0.249526 0.250733 2.533473
v -0.250733 -0.000000 2.545731
v -0.249526 -0.250733 2.533473
v -0.245915 -0.499051 2.496816
v -0.239936 -0.742563 2.436113
v -0.231647 -0.978923 2.351950
v -0.221127 -1.205856 2.245134
v -0.208476 -1.421176 2.116699
v -0.193819 -1.622809 1.967877
v -0.177295 -1.808814 1.800104
v -0.159063 -1.977399 1.614995
v -0.139299 -2.126940 1.414333
v -0.118195 -2.255998 1.200050
v -0.095951 -2.363329 0.974209
v -0.072784 -2.447901 0.738988
v -0.048916 -2.508897 0.496648
v -0.024576 -2.545732 0.249526
v -0.048916 2.545732 0.245915
v -0.097360 2.508897 0.489462
v -0.144867 2.447901 0.728295
v -0.190978 2.363329 0.960113
v -0.235251 2.255998 1.182686
v -0.277258 2.126940 1.393869
v -0.316595 1.977399 1.591627
v -0.352883 1.808814 1.774058
v -0.385771 1.622809 1.939403
v -0.414946 1.421176 2.086072
v -0.440123 1.205856 2.212649
v -0.461063 0.978923 2.317918
v -0.477562 0.742562 2.400865
v -0.489462 0.499051 2.460689
v -0.496648 0.250733 2.496815
v -0.499051 -0.000000 2.508897
v -0.496648 -0.250733 2.496815
v -0.489462 -0.499051 2.460689
v -0.477562 -0.742563 2.400865
v -0.461063 -0.978923 2.317919
v -0.440123 -1.205856 2.212649
v -0.414945 -1.421176 2.086072
v -0.385771 -1.622809 1.939403
v -0.352883 -1.808814 1.774058
v -0.316595 -1.977399 1.591627
v -0.277258 -2.126940 1.393869
v -0.235251 -2.255998 1.182686
v -0.190978 -2.363329 0.960113
v -0.144867 -2.447901 0.728295
v -0.097360 -2.508897 0.489462
v -0.048916 -2.545732 0.245915
v -0.072784 2.545732 0.239937
v -0.144867 2.508897 0.477562
v -0.215555 2.447901 0.710589
v -0.284166 2.363329 0.936770
v -0.350041 2.255998 1.153932
v -0.412546 2.126940 1.359981
v -0.471077 1.977399 1.552931
v -0.525072 1.808814 1.730927
v -0.574009 1.622809 1.892252
v -0.617418 1.421176 2.035355
v -0.654881 1.205856 2.158855
v -0.686038 0.978923 2.261565
v -0.710588 0.742562 2.342494
v -0.728294 0.499051 2.400865
v -0.738987 0.250733 2.436112
v -0.742563 -0.000000 2.447900
v -0.738987 -0.250733 2.436112
v -0.728294 -0.499051 2.400865
v -0.710588 -0.742563 2.342494
v -0.686039 -0.978923 2.261565
v -0.654882 -1.205856 2.158855
v -0.617418 -1.421176 2.035356
v -0.574008 -1.622809 1.892252
v -0.525072 -1.808814 1.730927
v -0.471077 -1.977399 1.552931
v -0.412546 -2.126940 1.359981
v -0.350042 -2.255998 1.153932
v -0.284166 -2.363329 0.936770
v -0.215555 -2.447901 0.710589
v -0.144867 -2.508897 0.477562
v -0.072784 -2.545732 0.239936
v -0.095951 2.545732 0.231647
v -0.190979 2.508897 0.461063
v -0.284167 2.447901 0.686039
v -0.374617 2.363329 0.904406
v -0.461461 2.255998 1.114066
v -0.543861 2.126940 1.312996
v -0.621022 1.977399 1.499280
v -0.692204 1.808814 1.671126
v -0.756718 1.622809 1.826878
v -0.813945 1.421176 1.965037
v -0.863333 1.205856 2.084270
v -0.904407 0.978923 2.183431
v -0.936771 0.742562 2.261565
v -0.960113 0.499051 2.317919
v -0.974210 0.250733 2.351949
v -0.978923 -0.000000 2.363329
v -0.974210 -0.250733 2.351949
v -0.960113 -0.499051 2.317919
v -0.936771 -0.742563 2.261565
v -0.904407 -0.978923 2.183432
v -0.863333 -1.205856 2.084270
v -0.813945 -1.421176 1.965037
v -0.756718 -1.622809 1.826878
v -0.692204 -1.808814 1.671126
v -0.621022 -1.977399 1.499280
v -0.543861 -2.126940 1.312996
v -0.461461 -2.255998 1.114066
v -0.374617 -2.363329 0.904406
v -0.284167 -2.447901 0.686039
v -0.190979 -2.508897 0.461063
v -0.095951 -2.545732 0.231647
v -0.118195 2.545732 0.221127
v -0.235251 2.508897 0.440124
v -0.350042 2.447901 0.654882
v -0.461461 2.363329 0.863333
v -0.568436 2.255998 1.063470
v -0.669938 2.126940 1.253366
v -0.764987 1.977399 1.431190
v -0.852670 1.808814 1.595232
v -0.932139 1.622809 1.743909
v -1.002633 1.421176 1.875794
v -1.063470 1.205856 1.989612
v -1.114066 0.978923 2.084270
v -1.153932 0.742562 2.158855
v -1.182686 0.499051 2.212649
v -1.200050 0.250733 2.245134
v -1.205856 -0.000000 2.255997
v -1.200050 -0.250733 2.245134
v -1.182686 -0.499051 2.212649
v -1.153933 -0.742563 2.158855
v -1.114066 -0.978923 2.084270
v -1.063470 -1.205856 1.989612
v -1.002633 -1.421176 1.875794
v -0.932139 -1.622809 1.743910
v -0.852670 -1.808814 1.595232
v -0.764987 -1.977399 1.431190
v -0.669938 -2.126940 1.253366
v -0.568437 -2.255998 1.063470
v -0.461461 -2.363329 0.863333
v -0.350042 -2.447901 0.654882
v -0.235251 -2.508897 0.440124
v -0.118195 -2.545732 0.221127
v -0.139300 2.545732 0.208477
v -0.277258 2.508897 0.414946
v -0.412546 2.447901 0.617419
v -0.543860 2.363329 0.813944
v -0.669938 2.255998 1.002633
v -0.789563 2.126940 1.181666
v -0.901585 1.977399 1.349316
v -1.004924 1.808814 1.503974
v -1.098584 1.622809 1.644146
v -1.181665 1.421176 1.768486
v -1.253365 1.205856 1.875793
v -1.312995 0.978923 1.965036
v -1.359981 0.742562 2.035355
v -1.393869 0.499051 2.086071
v -1.414333 0.250733 2.116698
v -1.421176 -0.000000 2.126940
v -1.414333 -0.250733 2.116698
v -1.393869 -0.499051 2.086071
v -1.359981 -0.742563 2.035355
v -1.312996 -0.978923 1.965037
v -1.253365 -1.205856 1.875793
v -1.181665 -1.421176 1.768487
v -1.098584 -1.622809 1.644147
v -1.004924 -1.808814 1.503974
v -0.901585 -1.977399 1.349316
v -0.789563 -2.126940 1.181666
v -0.669938 -2.255998 1.002633
v -0.543860 -2.363329 0.813944
v -0.412546 -2.447901 0.617419
v -0.277258 -2.508897 0.414946
v -0.139300 -2.545732 0.208477
v -0.159063 2.545732 0.193819
v -0.316595 2.508897 0.385772
v -0.471077 2.447901 0.574009
v -0.621022 2.363329 0.756717
v -0.764987 2.255998 0.932139
v -0.901585 2.126940 1.098585
v -1.029500 1.977399 1.254448
v -1.147500 1.808814 1.398232
v -1.254448 1.622809 1.528549
v -1.349317 1.421176 1.644147
v -1.431190 1.205856 1.743909
v -1.499280 0.978923 1.826878
v -1.552932 0.742562 1.892252
v -1.591628 0.499051 1.939404
v -1.614995 0.250733 1.967877
v -1.622810 -0.000000 1.977398
v -1.614995 -0.250733 1.967877
v -1.591628 -0.499051 1.939404
v -1.552932 -0.742563 1.892252
v -1.499281 -0.978923 1.826878
v -1.431190 -1.205856 1.743909
v -1.349317 -1.421176 1.644148
v -1.254448 -1.622809 1.528550
v -1.147500 -1.808814 1.398232
v -1.029500 -1.977399 1.254448
v -0.901585 -2.126940 1.098585
v -0.764987 -2.255998 0.932140
v -0.621022 -2.363329 0.756717
v -0.471077 -2.447901 0.574009
v -0.316595 -2.508897 0.385772
v -0.159063 -2.545732 0.193819
v -0.177295 2.545732 0.177295
v -0.352882 2.508897 0.352883
v -0.525071 2.447901 0.525071
v -0.692203 2.363329 0.692203
v -0.852669 2.255998 0.852669
v -1.004923 2.126940 1.004924
v -1.147499 1.977399 1.147499
v -1.279025 1.808814 1.279025
v -1.398232 1.622809 1.398232
v -1.503974 1.421176 1.503974
v -1.595231 1.205856 1.595231
v -1.671126 0.978923 1.671126
v -1.730927 0.742562 1.730927
v -1.774058 0.499051 1.774058
v -1.800104 0.250733 1.800104
v -1.808814 -0.000000 1.808813
v -1.800104 -0.250733 1.800104
v -1.774058 -0.499051 1.774058
v -1.730927 -0.742563 1.730927
v -1.671127 -0.978923 1.671126
v -1.595231 -1.205856 1.595231
v -1.503974 -1.421176 1.503974
v -1.398232 -1.622809 1.398232
v -1.279025 -1.808814 1.279025
v -1.147499 -1.977399 1.147499
v -1.004923 -2.126940 1.004924
v -0.852669 -2.255998 0.852669
v -0.692203 -2.363329 0.692203
v -0.525072 -2.447901 0.525071
v -0.352882 -2.508897 0.352883
v -0.177295 -2.545732 0.177295
v -0.193819 2.545732 0.159063
v -0.385772 2.508897 0.316595
v -0.574009 2.447901 0.471077
v -0.756717 2.363329 0.621022
v -0.932139 2.255998 0.764987
v -1.098584 2.126940 0.901585
v -1.254449 1.977399 1.029499
v -1.398233 1.808814 1.147499
v -1.528550 1.622809 1.254448
v -1.644147 1.421176 1.349317
v -1.743909 1.205856 1.431189
v -1.826878 0.978923 1.499280
v -1.892253 0.742562 1.552931
v -1.939404 0.499051 1.591627
v -1.967877 0.250733 1.614995
v -1.977399 -0.000000 1.622809
v -1.967877 -0.250733 1.614995
v -1.939404 -0.499051 1.591627
v -1.892253 -0.742563 1.552931
v -1.826879 -0.978923 1.499280
v -1.743910 -1.205856 1.431190
v -1.644147 -1.421176 1.349317
v -1.528550 -1.622809 1.254448
v -1.398233 -1.808814 1.147499
v -1.254449 -1.977399 1.029499
v -1.098584 -2.126940 0.901585
v -0.932140 -2.255998 0.764987
v -0.756717 -2.363329 0.621022
v -0.574009 -2.447901 0.471077
v -0.385772 -2.508897 0.316595
v -0.193819 -2.545732 0.159063
v -0.208477 2.545732 0.139300
v -0.414946 2.508897 0.277258
v -0.617419 2.447901 0.412546
v -0.813944 2.363329 0.543860
v -1.002633 2.255998 0.669938
v -1.181665 2.126940 0.789564
v -1.349317 1.977399 0.901585
v -1.503975 1.808814 1.004923
v -1.644147 1.622809 1.098583
v -1.768487 1.421176 1.181665
v -1.875793 1.205856 1.253365
v -1.965036 0.978923 1.312995
v -2.035356 0.742562 1.359981
v -2.086072 0.499051 1.393868
v -2.116699 0.250733 1.414332
v -2.126940 -0.000000 1.421175
v -2.116699 -0.250733 1.414332
v -2.086072 -0.499051 1.393868
v -2.035356 -0.742563 1.359981
v -1.965037 -0.978923 1.312995
v -1.875793 -1.205856 1.253365
v -1.768486 -1.421176 1.181665
v -1.644147 -1.622809 1.098584
v -1.503975 -1.808814 1.004923
v -1.349317 -1.977399 0.901585
v -1.181665 -2.126940 0.789564
v -1.002633 -2.255998 0.669938
v -0.813944 -2.363329 0.543860
v -0.617419 -2.447901 0.412546
v -0.414946 -2.508897 0.277258
v -0.208477 -2.545732 0.139300
v -0.221127 2.545732 0.118195
v -0.440124 2.508897 0.235251
v -0.654882 2.447901 0.350042
v -0.863332 2.363329 0.461461
v -1.063470 2.255998 0.568437
v -1.253366 2.126940 0.669938
v -1.431190 1.977399 0.764987
v -1.595232 1.808814 0.852669
v -1.743910 1.622809 0.932139
v -1.875794 1.421176 1.002633
v -1.989612 1.205856 1.063470
v -2.084270 0.978923 1.114066
v -2.158856 0.742562 1.153932
v -2.212650 0.499051 1.182686
v -2.245135 0.250733 1.200049
v -2.255998 -0.000000 1.205855
v -2.245135 -0.250733 1.200049
v -2.212650 -0.499051 1.182686
v -2.158856 -0.742563 1.153932
v -2.084271 -0.978923 1.114066
v -1.989612 -1.205856 1.063470
v -1.875794 -1.421176 1.002633
v -1.743910 -1.622809 0.932139
v -1.595232 -1.808814 0.852669
v -1.431190 -1.977399 0.764987
v -1.253366 -2.126940 0.669938
v -1.063470 -2.255998 0.568437
v -0.863332 -2.363329 0.461461
v -0.654882 -2.447901 0.350042
v -0.440124 -2.508897 0.235251
v -0.221127 -2.545732 0.118195
v -0.231647 2.545732 0.095952
v -0.461063 2.508897 0.190979
v -0.686039 2.447901 0.284167
v -0.904406 2.363329 0.374617
v -1.114066 2.255998 0.461461
v -1.312996 2.126940 0.543861
v -1.499281 1.977399 0.621022
v -1.671127 1.808814 0.692203
v -1.826878 1.622809 0.756717
v -1.965037 1.421176 0.813945
v -2.084270 1.205856 0.863333
v -2.183431 0.978923 0.904407
v -2.261566 0.742562 0.936771
v -2.317919 0.499051 0.960113
v -2.351950 0.250733 0.974209
v -2.363329 -0.000000 0.978922
v -2.351950 -0.250733 0.974209
v -2.317919 -0.499051 0.960113
v -2.261566 -0.742563 0.936771
v -2.183432 -0.978923 0.904407
v -2.084270 -1.205856 0.863333
v -1.965037 -1.421176 0.813945
v -1.826878 -1.622809 0.756718
v -1.671127 -1.808814 0.692203
v -1.499281 -1.977399 0.621022
v -1.312996 -2.126940 0.543861
v -1.114066 -2.255998 0.461461
v -0.904406 -2.363329 0.374617
v -0.686039 -2.447901 0.284167
v -0.461063 -2.508897 0.190979
v -0.231647 -2.545732 0.095951
v -0.239936 2.545732 0.072784
v -0.477562 2.508897 0.144867
v -0.710589 2.447901 0.215555
v -0.936770 2.363329 0.284166
v -1.153932 2.255998 0.350042
v -1.359982 2.126940 0.412546
v -1.552932 1.977399 0.471077
v -1.730928 1.808814 0.525071
v -1.892252 1.622809 0.574008
v -2.035356 1.421176 0.617418
v -2.158855 1.205856 0.654881
v -2.261565 0.978923 0.686038
v -2.342495 0.742562 0.710588
v -2.400865 0.499051 0.728294
v -2.436113 0.250733 0.738987
v -2.447901 -0.000000 0.742562
v -2.436113 -0.250733 0.738987
v -2.400865 -0.499051 0.728294
v -2.342495 -0.742563 0.710588
v -2.261566 -0.978923 0.686038
v -2.158855 -1.205856 0.654881
v -2.035356 -1.421176 0.617419
v -1.892252 -1.622809 0.574008
v -1.730928 -1.808814 0.525071
v -1.552932 -1.977399 0.471077
v -1.359982 -2.126940 0.412546
v -1.153933 -2.255998 0.350042
v -0.936770 -2.363329 0.284166
v -0.710589 -2.447901 0.215555
v -0.477562 -2.508897 0.144867
v -0.239936 -2.545732 0.072784
v -0.245915 2.545732 0.048916
v -0.489462 2.508897 0.097360
v -0.728295 2.447901 0.144867
v -0.960113 2.363329 0.190978
v -1.182686 2.255998 0.235251
v -1.393869 2.126940 0.277258
v -1.591628 1.977399 0.316594
v -1.774059 1.808814 0.352882
v -1.939403 1.622809 0.385771
v -2.086072 1.421176 0.414946
v -2.212649 1.205856 0.440123
v -2.317918 0.978923 0.461063
v -2.400865 0.742562 0.477561
v -2.460690 0.499051 0.489462
v -2.496816 0.250733 0.496647
v -2.508897 -0.000000 0.499050
v -2.496816 -0.250733 0.496647
v -2.460690 -0.499051 0.489462
v -2.400865 -0.742563 0.477561
v -2.317919 -0.978923 0.461062
v -2.212650 -1.205856 0.440123
v -2.086072 -1.421176 0.414946
v -1.939403 -1.622809 0.385771
v -1.774059 -1.808814 0.352882
v -1.591628 -1.977399 0.316594
v -1.393869 -2.126940 0.277258
v -1.182686 -2.255998 0.235251
v -0.960113 -2.363329 0.190978
v -0.728295 -2.447901 0.144867
v -0.489462 -2.508897 0.097360
v -0.245915 -2.545732 0.048916
v -0.000000 2.558049 0.000000
v -0.249525 2.545732 0.024576
v -0.496648 2.508897 0.048916
v -0.738988 2.447901 0.072784
v -0.974209 2.363329 0.095951
v -1.200049 2.255998 0.118195
v -1.414334 2.126940 0.139300
v -1.614995 1.977399 0.159063
v -1.800105 1.808814 0.177294
v -1.967877 1.622809 0.193819
v -2.116699 1.421176 0.208477
v -2.245134 1.205856 0.221126
v -2.351949 0.978923 0.231647
v -2.436113 0.742562 0.239936
v -2.496816 0.499051 0.245915
v -2.533473 0.250733 0.249525
v -2.545732 -0.000000 0.250732
v -2.533473 -0.250733 0.249525
v -2.496816 -0.499051 0.245915
v -2.436113 -0.742563 0.239936
v -2.351950 -0.978923 0.231647
v -2.245135 -1.205856 0.221126
v -2.116699 -1.421176 0.208477
v -1.967877 -1.622809 0.193819
v -1.800105 -1.808814 0.177294
v -1.614995 -1.977399 0.159063
v -1.414334 -2.126940 0.139300
v -1.200050 -2.255998 0.118195
v -0.974209 -2.363329 0.095951
v -0.738988 -2.447901 0.072784
v -0.496648 -2.508897 0.048916
v -0.249525 -2.545732 0.024576
v -0.250733 2.545732 0.000000
v -0.499051 2.508897 0.000000
v -0.742563 2.447901 0.000000
v -0.978922 2.363329 0.000000
v -1.205856 2.255998 0.000000
v -1.421177 2.126940 0.000000
v -1.622809 1.977399 -0.000000
v -1.808815 1.808814 -0.000000
v -1.977398 1.622809 -0.000000
v -2.126941 1.421176 0.000000
v -2.255997 1.205856 0.000000
v -2.363329 0.978923 0.000000
v -2.447901 0.742562 -0.000000
v -2.508898 0.499051 0.000000
v -2.545732 0.250733 -0.000000
v -2.558049 -0.000000 -0.000001
v -2.545732 -0.250733 -0.000000
v -2.508898 -0.499051 0.000000
v -2.447901 -0.742563 -0.000000
v -2.363329 -0.978923 -0.000000
v -2.255997 -1.205856 -0.000000
v -2.126941 -1.421176 0.000000
v -1.977399 -1.622809 0.000000
v -1.808815 -1.808814 -0.000000
v -1.622809 -1.977399 -0.000000
v -1.421177 -2.126940 0.000000
v -1.205856 -2.255998 0.000000
v -0.978922 -2.363329 0.000000
v -0.742563 -2.447901 0.000000
v -0.499051 -2.508897 0.000000
v -0.250733 -2.545732 0.000000
v -0.249525 2.545732 -0.024576
v -0.496648 2.508897 -0.048915
v -0.738988 2.447901 -0.072784
v -0.974209 2.363329 -0.095951
v -1.200049 2.255998 -0.118194
v -1.414334 2.126940 -0.139299
v -1.614995 1.977399 -0.159063
v -1.800105 1.808814 -0.177295
v -1.967877 1.622809 -0.193819
v -2.116699 1.421176 -0.208476
v -2.245134 1.205856 -0.221126
v -2.351949 0.978923 -0.231646
v -2.436113 0.742562 -0.239936
v -2.496816 0.499051 -0.245915
v -2.533473 0.250733 -0.249526
v -2.545731 -0.000000 -0.250733
v -2.533473 -0.250733 -0.249526
v -2.496816 -0.499051 -0.245915
v -2.436113 -0.742563 -0.239936
v -2.351950 -0.978923 -0.231647
v -2.245134 -1.205856 -0.221126
v -2.116699 -1.421176 -0.208476
v -1.967877 -1.622809 -0.193819
v -1.800105 -1.808814 -0.177295
v -1.614995 -1.977399 -0.159063
v -1.414334 -2.126940 -0.139299
v -1.200050 -2.255998 -0.118194
v -0.974209 -2.363329 -0.095951
v -0.738988 -2.447901 -0.072784
v -0.496648 -2.508897 -0.048915
v -0.249525 -2.545732 -0.024576
v -0.245915 2.545732 -0.048915
v -0.489462 2.508897 -0.097360
v -0.728295 2.447901 -0.144867
v -0.960113 2.363329 -0.190978
v -1.182686 2.255998 -0.235251
v -1.393870 2.126940 -0.277257
v -1.591627 1.977399 -0.316594
v -1.774059 1.808814 -0.352883
v -1.939403 1.622809 -0.385771
v -2.086072 1.421176 -0.414945
v -2.212649 1.205856 -0.440123
v -2.317918 0.978923 -0.461062
v -2.400865 0.742562 -0.477562
v -2.460690 0.499051 -0.489462
v -2.496816 0.250733 -0.496648
v -2.508897 -0.000000 -0.499051
v -2.496816 -0.250733 -0.496648
v -2.460690 -0.499051 -0.489462
v -2.400865 -0.742563 -0.477562
v -2.317919 -0.978923 -0.461063
v -2.212649 -1.205856 -0.440123
v -2.086072 -1.421176 -0.414945
v -1.939404 -1.622809 -0.385771
v -1.774059 -1.808814 -0.352883
v -1.591627 -1.977399 -0.316594
v -1.393870 -2.126940 -0.277257
v -1.182686 -2.255998 -0.235251
v -0.960113 -2.363329 -0.190978
v -0.728295 -2.447901 -0.144867
v -0.489462 -2.508897 -0.097360
v -0.245915 -2.545732 -0.048915
v -0.239936 2.545732 -0.072784
v -0.477562 2.508897 -0.144867
v -0.710589 2.447901 -0.215555
v -0.936770 2.363329 -0.284166
v -1.153932 2.255998 -0.350041
v -1.359982 2.126940 -0.412545
v -1.552932 1.977399 -0.471077
v -1.730928 1.808814 -0.525071
v -1.892252 1.622809 -0.574008
v -2.035356 1.421176 -0.617418
v -2.158855 1.205856 -0.654881
v -2.261565 0.978923 -0.686038
v -2.342495 0.742562 -0.710588
v -2.400865 0.499051 -0.728294
v -2.436113 0.250733 -0.738987
v -2.447900 -0.000000 -0.742563
v -2.436113 -0.250733 -0.738987
v -2.400865 -0.499051 -0.728294
v -2.342495 -0.742563 -0.710588
v -2.261566 -0.978923 -0.686038
v -2.158855 -1.205856 -0.654881
v -2.035356 -1.421176 -0.617418
v -1.892253 -1.622809 -0.574008
v -1.730928 -1.808814 -0.525071
v -1.552932 -1.977399 -0.471077
v -1.359982 -2.126940 -0.412545
v -1.153933 -2.255998 -0.350041
v -0.936770 -2.363329 -0.284166
v -0.710589 -2.447901 -0.215555
v -0.477562 -2.508897 -0.144867
v -0.239936 -2.545732 -0.072784
v -0.231647 2.545732 -0.095951
v -0.461063 2.508897 -0.190978
v -0.686039 2.447901 -0.284166
v -0.904406 2.363329 -0.374617
v -1.114066 2.255998 -0.461461
v -1.312997 2.126940 -0.543860
v -1.499280 1.977399 -0.621022
v -1.671127 1.808814 -0.692204
v -1.826878 1.622809 -0.756718
v -1.965037 1.421176 -0.813945
v -2.084270 1.205856 -0.863333
v -2.183431 0.978923 -0.904406
v -2.261566 0.742562 -0.936771
v -2.317919 0.499051 -0.960113
v -2.351949 0.250733 -0.974209
v -2.363329 -0.000000 -0.978923
v -2.351949 -0.250733 -0.974209
v -2.317919 -0.499051 -0.960113
v -2.261566 -0.742563 -0.936771
v -2.183432 -0.978923 -0.904407
v -2.084270 -1.205856 -0.863333
v -1.965038 -1.421176 -0.813944
v -1.826878 -1.622809 -0.756717
v -1.671127 -1.808814 -0.692204
v -1.499280 -1.977399 -0.621022
v -1.312997 -2.126940 -0.543860
v -1.114066 -2.255998 -0.461461
v -0.904406 -2.363329 -0.374617
v -0.686039 -2.447901 -0.284166
v -0.461063 -2.508897 -0.190978
v -0.231647 -2.545732 -0.095951
v -0.221127 2.545732 -0.118194
v -0.440124 2.508897 -0.235251
v -0.654882 2.447901 -0.350042
v -0.863332 2.363329 -0.461461
v -1.063470 2.255998 -0.568436
v -1.253366 2.126940 -0.669938
v -1.431190 1.977399 -0.764987
v -1.595232 1.808814 -0.852670
v -1.743910 1.622809 -0.932139
v -1.875795 1.421176 -1.002633
v -1.989612 1.205856 -1.063470
v -2.084270 0.978923 -1.114065
v -2.158856 0.742562 -1.153933
v -2.212650 0.499051 -1.182686
v -2.245135 0.250733 -1.200050
v -2.255997 -0.000000 -1.205856
v -2.245135 -0.250733 -1.200050
v -2.212650 -0.499051 -1.182686
v -2.158856 -0.742563 -1.153933
v -2.084270 -0.978923 -1.114066
v -1.989612 -1.205856 -1.063470
v -1.875795 -1.421176 -1.002632
v -1.743910 -1.622809 -0.932139
v -1.595232 -1.808814 -0.852670
v -1.431190 -1.977399 -0.764987
v -1.253366 -2.126940 -0.669938
v -1.063470 -2.255998 -0.568437
v -0.863332 -2.363329 -0.461461
v -0.654882 -2.447901 -0.350042
v -0.440124 -2.508897 -0.235251
v -0.221127 -2.545732 -0.118194
v -0.208477 2.545732 -0.139299
v -0.414946 2.508897 -0.277258
v -0.617419 2.447901 -0.412546
v -0.813944 2.363329 -0.543860
v -1.002632 2.255998 -0.669937
v -1.181666 2.126940 -0.789563
v -1.349316 1.977399 -0.901584
v -1.503974 1.808814 -1.004924
v -1.644147 1.622809 -1.098583
v -1.768487 1.421176 -1.181665
v -1.875793 1.205856 -1.253365
v -1.965036 0.978923 -1.312994
v -2.035355 0.742562 -1.359981
v -2.086072 0.499051 -1.393868
v -2.116698 0.250733 -1.414333
v -2.126940 -0.000000 -1.421176
v -2.116698 -0.250733 -1.414333
v -2.086072 -0.499051 -1.393868
v -2.035355 -0.742563 -1.359981
v -1.965037 -0.978923 -1.312995
v -1.875793 -1.205856 -1.253365
v -1.768487 -1.421176 -1.181665
v -1.644147 -1.622809 -1.098583
v -1.503974 -1.808814 -1.004924
v -1.349316 -1.977399 -0.901584
v -1.181666 -2.126940 -0.789563
v -1.002633 -2.255998 -0.669938
v -0.813944 -2.363329 -0.543860
v -0.617419 -2.447901 -0.412546
v -0.414946 -2.508897 -0.277258
v -0.208477 -2.545732 -0.139299
v -0.193819 2.545732 -0.159063
v -0.385772 2.508897 -0.316594
v -0.574009 2.447901 -0.471077
v -0.756717 2.363329 -0.621022
v -0.932139 2.255998 -0.764986
v -1.098585 2.126940 -0.901585
v -1.254449 1.977399 -1.029499
v -1.398232 1.808814 -1.147500
v -1.528549 1.622809 -1.254448
v -1.644148 1.421176 -1.349317
v -1.743909 1.205856 -1.431189
v -1.826878 0.978923 -1.499279
v -1.892253 0.742562 -1.552932
v -1.939404 0.499051 -1.591627
v -1.967877 0.250733 -1.614995
v -1.977398 -0.000000 -1.622809
v -1.967877 -0.250733 -1.614995
v -1.939404 -0.499051 -1.591627
v -1.892253 -0.742563 -1.552932
v -1.826878 -0.978923 -1.499280
v -1.743909 -1.205856 -1.431189
v -1.644148 -1.421176 -1.349317
v -1.528550 -1.622809 -1.254448
v -1.398232 -1.808814 -1.147500
v -1.254449 -1.977399 -1.029499
v -1.098585 -2.126940 -0.901585
v -0.932140 -2.255998 -0.764987
v -0.756717 -2.363329 -0.621022
v -0.574009 -2.447901 -0.471077
v -0.385772 -2.508897 -0.316594
v -0.193819 -2.545732 -0.159063
v -0.177295 2.545732 -0.177295
v -0.352882 2.508897 -0.352882
v -0.525071 2.447901 -0.525071
v -0.692203 2.363329 -0.692202
v -0.852669 2.255998 -0.852669
v -1.004924 2.126940 -1.004923
v -1.147499 1.977399 -1.147499
v -1.279025 1.808814 -1.279025
v -1.398232 1.622809 -1.398231
v -1.503974 1.421176 -1.503974
v -1.595231 1.205856 -1.595230
v -1.671126 0.978923 -1.671125
v -1.730927 0.742562 -1.730927
v -1.774058 0.499051 -1.774058
v -1.800104 0.250733 -1.800104
v -1.808813 -0.000000 -1.808814
v -1.800104 -0.250733 -1.800104
v -1.774058 -0.499051 -1.774058
v -1.730927 -0.742563 -1.730927
v -1.671126 -0.978923 -1.671126
v -1.595231 -1.205856 -1.595231
v -1.503975 -1.421176 -1.503974
v -1.398232 -1.622809 -1.398231
v -1.279025 -1.808814 -1.279025
v -1.147499 -1.977399 -1.147499
v -1.004924 -2.126940 -1.004923
v -0.852669 -2.255998 -0.852669
v -0.692203 -2.363329 -0.692202
v -0.525071 -2.447901 -0.525071
v -0.352882 -2.508897 -0.352882
v -0.177295 -2.545732 -0.177295
v -0.159063 2.545732 -0.193819
v -0.316595 2.508897 -0.385771
v -0.471077 2.447901 -0.574009
v -0.621022 2.363329 -0.756717
v -0.764987 2.255998 -0.932139
v -0.901586 2.126940 -1.098584
v -1.029499 1.977399 -1.254448
v -1.147499 1.808814 -1.398232
v -1.254448 1.622809 -1.528549
v -1.349317 1.421176 -1.644147
v -1.431189 1.205856 -1.743909
v -1.499280 0.978923 -1.826877
v -1.552932 0.742562 -1.892253
v -1.591628 0.499051 -1.939404
v -1.614995 0.250733 -1.967877
v -1.622809 -0.000000 -1.977398
v -1.614995 -0.250733 -1.967877
v -1.591628 -0.499051 -1.939404
v -1.552932 -0.742563 -1.892253
v -1.499280 -0.978923 -1.826878
v -1.431190 -1.205856 -1.743909
v -1.349317 -1.421176 -1.644147
v -1.254448 -1.622809 -1.528549
v -1.147499 -1.808814 -1.398232
v -1.029499 -1.977399 -1.254448
v -0.901586 -2.126940 -1.098584
v -0.764987 -2.255998 -0.932139
v -0.621022 -2.363329 -0.756717
v -0.471077 -2.447901 -0.574009
v -0.316595 -2.508897 -0.385771
v -0.159063 -2.545732 -0.193819
v -0.139300 2.545732 -0.208476
v -0.277258 2.508897 -0.414945
v -0.412546 2.447901 -0.617418
v -0.543860 2.363329 -0.813944
v -0.669938 2.255998 -1.002632
v -0.789564 2.126940 -1.181665
v -0.901585 1.977399 -1.349316
v -1.004923 1.808814 -1.503974
v -1.098584 1.622809 -1.644146
v -1.181665 1.421176 -1.768486
v -1.253365 1.205856 -1.875793
v -1.312995 0.978923 -1.965035
v -1.359981 0.742562 -2.035356
v -1.393869 0.499051 -2.086071
v -1.414332 0.250733 -2.116698
v -1.421175 -0.000000 -2.126940
v -1.414332 -0.250733 -2.116698
v -1.393869 -0.499051 -2.086071
v -1.359981 -0.742563 -2.035356
v -1.312995 -0.978923 -1.965036
v -1.253365 -1.205856 -1.875793
v -1.181666 -1.421176 -1.768486
v -1.098584 -1.622809 -1.644146
v -1.004923 -1.808814 -1.503974
v -0.901585 -1.977399 -1.349316
v -0.789564 -2.126940 -1.181665
v -0.669938 -2.255998 -1.002632
v -0.543860 -2.363329 -0.813944
v -0.412546 -2.447901 -0.617419
v -0.277258 -2.508897 -0.414945
v -0.139300 -2.545732 -0.208476
v -0.118195 2.545732 -0.221126
v -0.235251 2.508897 -0.440123
v -0.350042 2.447901 -0.654882
v -0.461461 2.363329 -0.863332
v -0.568436 2.255998 -1.063469
v -0.669939 2.126940 -1.253366
v -0.764987 1.977399 -1.431190
v -0.852669 1.808814 -1.595232
v -0.932139 1.622809 -1.743909
v -1.002633 1.421176 -1.875794
v -1.063470 1.205856 -1.989612
v -1.114066 0.978923 -2.084269
v -1.153932 0.742562 -2.158856
v -1.182686 0.499051 -2.212650
v -1.200049 0.250733 -2.245135
v -1.205855 -0.000000 -2.255997
v -1.200049 -0.250733 -2.245135
v -1.182686 -0.499051 -2.212650
v -1.153932 -0.742563 -2.158856
v -1.114066 -0.978923 -2.084270
v -1.063470 -1.205856 -1.989612
v -1.002634 -1.421176 -1.875794
v -0.932139 -1.622809 -1.743909
v -0.852669 -1.808814 -1.595232
v -0.764987 -1.977399 -1.431190
v -0.669939 -2.126940 -1.253366
v -0.568437 -2.255998 -1.063470
v -0.461461 -2.363329 -0.863332
v -0.350042 -2.447901 -0.654882
v -0.235251 -2.508897 -0.440123
v -0.118195 -2.545732 -0.221126
v -0.095951 2.545732 -0.231647
v -0.190979 2.508897 -0.461063
v -0.284166 2.447901 -0.686039
v -0.374617 2.363329 -0.904406
v -0.461461 2.255998 -1.114065
v -0.543861 2.126940 -1.312996
v -0.621022 1.977399 -1.499280
v -0.692203 1.808814 -1.671127
v -0.756718 1.622809 -1.826877
v -0.813945 1.421176 -1.965037
v -0.863333 1.205856 -2.084269
v -0.904407 0.978923 -2.183430
v -0.936771 0.742562 -2.261565
v -0.960113 0.499051 -2.317919
v -0.974209 0.250733 -2.351949
v -0.978922 -0.000000 -2.363329
v -0.974209 -0.250733 -2.351949
v -0.960113 -0.499051 -2.317919
v -0.936771 -0.742563 -2.261565
v -0.904407 -0.978923 -2.183431
v -0.863333 -1.205856 -2.084270
v -0.813946 -1.421176 -1.965037
v -0.756718 -1.622809 -1.826877
v -0.692203 -1.808814 -1.671127
v -0.621022 -1.977399 -1.499280
v -0.543861 -2.126940 -1.312996
v -0.461461 -2.255998 -1.114066
v -0.374617 -2.363329 -0.904406
v -0.284166 -2.447901 -0.686039
v -0.190979 -2.508897 -0.461063
v -0.095951 -2.545732 -0.231647
v -0.072784 2.545732 -0.239936
v -0.144867 2.508897 -0.477562
v -0.215554 2.447901 -0.710588
v -0.284166 2.363329 -0.936770
v -0.350041 2.255998 -1.153931
v -0.412546 2.126940 -1.359981
v -0.471076 1.977399 -1.552932
v -0.525071 1.808814 -1.730927
v -0.574008 1.622809 -1.892251
v -0.617419 1.421176 -2.035356
v -0.654881 1.205856 -2.158854
v -0.686038 0.978923 -2.261564
v -0.710588 0.742562 -2.342495
v -0.728294 0.499051 -2.400865
v -0.738987 0.250733 -2.436112
v -0.742562 -0.000000 -2.447900
v -0.738987 -0.250733 -2.436112
v -0.728294 -0.499051 -2.400865
v -0.710588 -0.742563 -2.342495
v -0.686038 -0.978923 -2.261565
v -0.654881 -1.205856 -2.158855
v -0.617419 -1.421176 -2.035356
v -0.574008 -1.622809 -1.892252
v -0.525071 -1.808814 -1.730927
v -0.471076 -1.977399 -1.552932
v -0.412546 -2.126940 -1.359981
v -0.350042 -2.255998 -1.153932
v -0.284166 -2.363329 -0.936770
v -0.215554 -2.447901 -0.710588
v -0.144867 -2.508897 -0.477562
v -0.072784 -2.545732 -0.239936
v -0.048916 2.545732 -0.245915
v -0.097360 2.508897 -0.489462
v -0.144867 2.447901 -0.728295
v -0.190978 2.363329 -0.960112
v -0.235251 2.255998 -1.182685
v -0.277258 2.126940 -1.393869
v -0.316594 1.977399 -1.591627
v -0.352882 1.808814 -1.774058
v -0.385771 1.622809 -1.939403
v -0.414946 1.421176 -2.086072
v -0.440123 1.205856 -2.212648
v -0.461063 0.978923 -2.317917
v -0.477561 0.742562 -2.400865
v -0.489462 0.499051 -2.460689
v -0.496647 0.250733 -2.496815
v -0.499050 -0.000000 -2.508896
v -0.496647 -0.250733 -2.496815
v -0.489462 -0.499051 -2.460689
v -0.477561 -0.742563 -2.400865
v -0.461062 -0.978923 -2.317918
v -0.440123 -1.205856 -2.212649
v -0.414946 -1.421176 -2.086072
v -0.385771 -1.622809 -1.939403
v -0.352882 -1.808814 -1.774058
v -0.316594 -1.977399 -1.591627
v -0.277258 -2.126940 -1.393869
v -0.235251 -2.255998 -1.182686
v -0.190978 -2.363329 -0.960112
v -0.144867 -2.447901 -0.728295
v -0.097360 -2.508897 -0.489461
v -0.048915 -2.545732 -0.245915
v -0.024576 2.545732 -0.249525
v -0.048916 2.508897 -0.496648
v -0.072784 2.447901 -0.738987
v -0.095951 2.363329 -0.974208
v -0.118194 2.255998 -1.200049
v -0.139300 2.126940 -1.414333
v -0.159063 1.977399 -1.614995
v -0.177294 1.808814 -1.800104
v -0.193819 1.622809 -1.967876
v -0.208477 1.421176 -2.116699
v -0.221126 1.205856 -2.245133
v -0.231647 0.978923 -2.351948
v -0.239936 0.742562 -2.436113
v -0.245915 0.499051 -2.496816
v -0.249525 0.250733 -2.533473
v -0.250732 -0.000000 -2.545731
v -0.249525 -0.250733 -2.533473
v -0.245915 -0.499051 -2.496816
v -0.239936 -0.742563 -2.436113
v -0.231646 -0.978923 -2.351949
v -0.221126 -1.205856 -2.245134
v -0.208477 -1.421176 -2.116699
v -0.193819 -1.622809 -1.967876
v -0.177294 -1.808814 -1.800104
v -0.159063 -1.977399 -1.614995
v -0.139300 -2.126940 -1.414333
v -0.118195 -2.255998 -1.200050
v -0.095951 -2.363329 -0.974208
v -0.072784 -2.447901 -0.738987
v -0.048916 -2.508897 -0.496647
v -0.024576 -2.545732 -0.249525
v -0.000000 2.508897 -0.499051
v 0.000000 2.255998 -1.205855
v -0.000000 2.126940 -1.421177
v -0.000000 1.421176 -2.126941
v -0.000000 0.978923 -2.363328
v 0.000000 -0.499051 -2.508897
v 0.000000 -0.742563 -2.447901
v 0.000000 -1.205856 -2.255997
v -0.000000 -1.421176 -2.126941
v -0.000000 -1.622809 -1.977398
v 0.000001 -1.808814 -1.808814
v -0.000000 -2.126940 -1.421177
v 0.000000 -2.255998 -1.205856
v -0.000000 -2.508897 -0.499051
v -0.000000 2.552881 -0.251437
v -0.000000 2.454775 -0.744648
v -0.000000 2.369966 -0.981672
v -0.000000 1.982952 -1.627367
v -0.000000 1.813893 -1.813894
v -0.000000 1.627367 -1.982952
v -0.000000 1.209242 -2.262334
v -0.000000 0.744648 -2.454775
v -0.000000 0.500452 -2.515943
v -0.000000 0.251437 -2.552881
v -0.000000 -0.000000 -2.565233
v -0.000000 -0.251437 -2.552881
v -0.000000 -0.981672 -2.369967
v -0.000000 -1.982952 -1.627367
v -0.000000 -2.369966 -0.981672
v -0.000000 -2.454775 -0.744648
v -0.000000 -2.552881 -0.251437
v 0.024645 2.552881 -0.250226
v 0.049053 2.515942 -0.498042
v 0.072988 2.454775 -0.741062
v 0.096221 2.369966 -0.976945
v 0.118526 2.262334 -1.203420
v 0.139691 2.132913 -1.418305
v 0.159510 1.982952 -1.619530
v 0.177793 1.813893 -1.805159
v 0.194363 1.627367 -1.973403
v 0.209062 1.425167 -2.122642
v 0.221747 1.209242 -2.251440
v 0.232297 0.981672 -2.358554
v 0.240610 0.744648 -2.442954
v 0.246605 0.500452 -2.503828
v 0.250226 0.251437 -2.540588
v 0.251437 -0.000000 -2.552881
v 0.250226 -0.251437 -2.540588
v 0.246605 -0.500452 -2.503828
v 0.240610 -0.744648 -2.442954
v 0.232297 -0.981672 -2.358554
v 0.221747 -1.209242 -2.251440
v 0.209062 -1.425167 -2.122643
v 0.194363 -1.627367 -1.973403
v 0.177793 -1.813893 -1.805159
v 0.159510 -1.982952 -1.619530
v 0.139691 -2.132913 -1.418304
v 0.118526 -2.262333 -1.203420
v 0.096221 -2.369966 -0.976945
v 0.072988 -2.454775 -0.741062
v 0.049053 -2.515943 -0.498042
v 0.024645 -2.552881 -0.250226
v 0.049053 2.552881 -0.246606
v 0.097633 2.515942 -0.490836
v 0.145274 2.454775 -0.730340
v 0.191515 2.369966 -0.962810
v 0.235911 2.262334 -1.186007
v 0.278036 2.132913 -1.397783
v 0.317483 1.982952 -1.596097
v 0.353873 1.813893 -1.779040
v 0.386855 1.627367 -1.944850
v 0.416111 1.425167 -2.091930
v 0.441359 1.209242 -2.218863
v 0.462357 0.981672 -2.324428
v 0.478903 0.744648 -2.407607
v 0.490836 0.500452 -2.467600
v 0.498042 0.251437 -2.503828
v 0.500452 -0.000000 -2.515943
v 0.498042 -0.251437 -2.503828
v 0.490836 -0.500452 -2.467600
v 0.478903 -0.744648 -2.407607
v 0.462358 -0.981672 -2.324429
v 0.441359 -1.209242 -2.218863
v 0.416111 -1.425167 -2.091930
v 0.386855 -1.627367 -1.944850
v 0.353873 -1.813893 -1.779040
v 0.317483 -1.982952 -1.596097
v 0.278036 -2.132913 -1.397783
v 0.235912 -2.262333 -1.186007
v 0.191515 -2.369966 -0.962810
v 0.145274 -2.454775 -0.730340
v 0.097633 -2.515943 -0.490836
v 0.049053 -2.552881 -0.246605
v 0.072988 2.552881 -0.240610
v 0.145274 2.515942 -0.478903
v 0.216160 2.454775 -0.712584
v 0.284964 2.369966 -0.939402
v 0.351025 2.262334 -1.157173
v 0.413704 2.132913 -1.363800
v 0.472400 1.982952 -1.557293
v 0.526546 1.813893 -1.735788
v 0.575621 1.627367 -1.897567
v 0.619152 1.425167 -2.041071
v 0.656721 1.209242 -2.164918
v 0.687965 0.981672 -2.267917
v 0.712584 0.744648 -2.349073
v 0.730340 0.500452 -2.407607
v 0.741062 0.251437 -2.442954
v 0.744648 -0.000000 -2.454775
v 0.741062 -0.251437 -2.442954
v 0.730340 -0.500452 -2.407607
v 0.712584 -0.744648 -2.349073
v 0.687965 -0.981672 -2.267917
v 0.656721 -1.209242 -2.164918
v 0.619152 -1.425167 -2.041071
v 0.575621 -1.627367 -1.897567
v 0.526546 -1.813893 -1.735788
v 0.472400 -1.982952 -1.557293
v 0.413704 -2.132913 -1.363800
v 0.351025 -2.262333 -1.157173
v 0.284964 -2.369966 -0.939402
v 0.216160 -2.454775 -0.712584
v 0.145274 -2.515943 -0.478903
v 0.072988 -2.552881 -0.240610
v 0.096221 2.552881 -0.232297
v 0.191515 2.515942 -0.462358
v 0.284964 2.454775 -0.687965
v 0.375670 2.369966 -0.906947
v 0.462757 2.262334 -1.117194
v 0.545388 2.132913 -1.316683
v 0.622766 1.982952 -1.503490
v 0.694147 1.813893 -1.675819
v 0.758843 1.627367 -1.832009
v 0.816231 1.425167 -1.970555
v 0.865757 1.209242 -2.090123
v 0.906947 0.981672 -2.189564
v 0.939402 0.744648 -2.267917
v 0.962810 0.500452 -2.324428
v 0.976945 0.251437 -2.358554
v 0.981672 -0.000000 -2.369966
v 0.976945 -0.251437 -2.358554
v 0.962810 -0.500452 -2.324428
v 0.939402 -0.744648 -2.267916
v 0.906947 -0.981672 -2.189564
v 0.865758 -1.209242 -2.090123
v 0.816231 -1.425167 -1.970555
v 0.758843 -1.627367 -1.832009
v 0.694147 -1.813893 -1.675819
v 0.622766 -1.982952 -1.503490
v 0.545388 -2.132913 -1.316683
v 0.462757 -2.262333 -1.117195
v 0.375670 -2.369966 -0.906947
v 0.284964 -2.454775 -0.687965
v 0.191515 -2.515943 -0.462358
v 0.096221 -2.552881 -0.232297
v 0.118526 2.552881 -0.221747
v 0.235912 2.515942 -0.441359
v 0.351025 2.454775 -0.656721
v 0.462757 2.369966 -0.865757
v 0.570033 2.262334 -1.066457
v 0.671819 2.132913 -1.256885
v 0.767135 1.982952 -1.435209
v 0.855064 1.813893 -1.599711
v 0.934757 1.627367 -1.748807
v 1.005449 1.425167 -1.881061
v 1.066457 1.209242 -1.995200
v 1.117195 0.981672 -2.090124
v 1.157173 0.744648 -2.164918
v 1.186007 0.500452 -2.218863
v 1.203420 0.251437 -2.251440
v 1.209243 -0.000000 -2.262334
v 1.203420 -0.251437 -2.251440
v 1.186007 -0.500452 -2.218863
v 1.157173 -0.744648 -2.164918
v 1.117195 -0.981672 -2.090124
v 1.066457 -1.209242 -1.995200
v 1.005449 -1.425167 -1.881062
v 0.934757 -1.627367 -1.748807
v 0.855064 -1.813893 -1.599711
v 0.767135 -1.982952 -1.435209
v 0.671819 -2.132913 -1.256885
v 0.570033 -2.262333 -1.066457
v 0.462757 -2.369966 -0.865758
v 0.351025 -2.454775 -0.656721
v 0.235912 -2.515943 -0.441359
v 0.118526 -2.552881 -0.221747
v 0.139691 2.552881 -0.209062
v 0.278036 2.515942 -0.416111
v 0.413704 2.454775 -0.619152
v 0.545388 2.369966 -0.816230
v 0.671819 2.262334 -1.005448
v 0.791781 2.132913 -1.184983
v 0.904117 1.982952 -1.353106
v 1.007746 1.813893 -1.508197
v 1.101669 1.627367 -1.648764
v 1.184983 1.425167 -1.773452
v 1.256885 1.209242 -1.881061
v 1.316683 0.981672 -1.970555
v 1.363800 0.744648 -2.041071
v 1.397783 0.500452 -2.091929
v 1.418305 0.251437 -2.122642
v 1.425167 -0.000000 -2.132913
v 1.418305 -0.251437 -2.122642
v 1.397783 -0.500452 -2.091929
v 1.363800 -0.744648 -2.041071
v 1.316683 -0.981672 -1.970555
v 1.256885 -1.209242 -1.881061
v 1.184983 -1.425167 -1.773453
v 1.101669 -1.627367 -1.648764
v 1.007746 -1.813893 -1.508197
v 0.904117 -1.982952 -1.353106
v 0.791781 -2.132913 -1.184983
v 0.671819 -2.262333 -1.005448
v 0.545388 -2.369966 -0.816230
v 0.413704 -2.454775 -0.619152
v 0.278036 -2.515943 -0.416111
v 0.139691 -2.552881 -0.209062
v 0.159510 2.552881 -0.194363
v 0.317484 2.515942 -0.386855
v 0.472400 2.454775 -0.575620
v 0.622766 2.369966 -0.758843
v 0.767135 2.262334 -0.934757
v 0.904117 2.132913 -1.101669
v 1.032391 1.982952 -1.257971
v 1.150722 1.813893 -1.402158
v 1.257971 1.627367 -1.532842
v 1.353106 1.425167 -1.648764
v 1.435209 1.209242 -1.748807
v 1.503491 0.981672 -1.832009
v 1.557293 0.744648 -1.897567
v 1.596097 0.500452 -1.944850
v 1.619530 0.251437 -1.973403
v 1.627367 -0.000000 -1.982952
v 1.619530 -0.251437 -1.973403
v 1.596097 -0.500452 -1.944850
v 1.557293 -0.744648 -1.897567
v 1.503491 -0.981672 -1.832009
v 1.435210 -1.209242 -1.748807
v 1.353106 -1.425167 -1.648764
v 1.257972 -1.627367 -1.532843
v 1.150722 -1.813893 -1.402158
v 1.032391 -1.982952 -1.257971
v 0.904117 -2.132913 -1.101669
v 0.767136 -2.262333 -0.934757
v 0.622766 -2.369966 -0.758843
v 0.472400 -2.454775 -0.575621
v 0.317484 -2.515943 -0.386855
v 0.159510 -2.552881 -0.194363
v 0.177793 2.552881 -0.177793
v 0.353873 2.515942 -0.353873
v 0.526546 2.454775 -0.526545
v 0.694147 2.369966 -0.694147
v 0.855064 2.262334 -0.855063
v 1.007745 2.132913 -1.007745
v 1.150722 1.982952 -1.150722
v 1.282617 1.813893 -1.282616
v 1.402158 1.627367 -1.402158
v 1.508198 1.425167 -1.508197
v 1.599711 1.209242 -1.599711
v 1.675819 0.981672 -1.675819
v 1.735788 0.744648 -1.735788
v 1.779040 0.500452 -1.779040
v 1.805159 0.251437 -1.805159
v 1.813894 -0.000000 -1.813893
v 1.805159 -0.251437 -1.805159
v 1.779040 -0.500452 -1.779040
v 1.735788 -0.744648 -1.735788
v 1.675820 -0.981672 -1.675819
v 1.599711 -1.209242 -1.599711
v 1.508198 -1.425167 -1.508197
v 1.402159 -1.627367 -1.402159
v 1.282617 -1.813893 -1.282616
v 1.150722 -1.982952 -1.150722
v 1.007745 -2.132913 -1.007745
v 0.855064 -2.262333 -0.855064
v 0.694147 -2.369966 -0.694147
v 0.526546 -2.454775 -0.526545
v 0.353873 -2.515943 -0.353873
v 0.177793 -2.552881 -0.177793
v 0.194363 2.552881 -0.159510
v 0.386855 2.515942 -0.317484
v 0.575621 2.454775 -0.472399
v 0.758843 2.369966 -0.622766
v 0.934757 2.262334 -0.767135
v 1.101669 2.132913 -0.904116
v 1.257972 1.982952 -1.032390
v 1.402159 1.813893 -1.150722
v 1.532843 1.627367 -1.257971
v 1.648765 1.425167 -1.353106
v 1.748807 1.209242 -1.435209
v 1.832009 0.981672 -1.503490
v 1.897567 0.744648 -1.557293
v 1.944850 0.500452 -1.596097
v 1.973404 0.251437 -1.619530
v 1.982952 -0.000000 -1.627367
v 1.973404 -0.251437 -1.619530
v 1.944850 -0.500452 -1.596097
v 1.897567 -0.744648 -1.557293
v 1.832009 -0.981672 -1.503490
v 1.748808 -1.209242 -1.435209
v 1.648765 -1.425167 -1.353106
v 1.532843 -1.627367 -1.257971
v 1.402159 -1.813893 -1.150722
v 1.257972 -1.982952 -1.032390
v 1.101669 -2.132913 -0.904116
v 0.934757 -2.262333 -0.767135
v 0.758843 -2.369966 -0.622766
v 0.575621 -2.454775 -0.472400
v 0.386855 -2.515943 -0.317484
v 0.194363 -2.552881 -0.159510
v 0.209062 2.552881 -0.139691
v 0.416111 2.515942 -0.278036
v 0.619152 2.454775 -0.413704
v 0.816230 2.369966 -0.545388
v 1.005448 2.262334 -0.671819
v 1.184983 2.132913 -0.791781
v 1.353106 1.982952 -0.904116
v 1.508198 1.813893 -1.007745
v 1.648764 1.627367 -1.101669
v 1.773453 1.425167 -1.184983
v 1.881061 1.209242 -1.256885
v 1.970555 0.981672 -1.316682
v 2.041071 0.744648 -1.363800
v 2.091930 0.500452 -1.397783
v 2.122643 0.251437 -1.418304
v 2.132914 -0.000000 -1.425167
v 2.122643 -0.251437 -1.418304
v 2.091930 -0.500452 -1.397783
v 2.041071 -0.744648 -1.363800
v 1.970555 -0.981672 -1.316683
v 1.881062 -1.209242 -1.256885
v 1.773453 -1.425167 -1.184983
v 1.648764 -1.627367 -1.101669
v 1.508198 -1.813893 -1.007745
v 1.353106 -1.982952 -0.904116
v 1.184983 -2.132913 -0.791781
v 1.005449 -2.262333 -0.671819
v 0.816231 -2.369966 -0.545388
v 0.619152 -2.454775 -0.413704
v 0.416111 -2.515943 -0.278036
v 0.209062 -2.552881 -0.139691
v 0.221748 2.552881 -0.118526
v 0.441360 2.515942 -0.235911
v 0.656721 2.454775 -0.351024
v 0.865757 2.369966 -0.462757
v 1.066457 2.262334 -0.570033
v 1.256885 2.132913 -0.671819
v 1.435210 1.982952 -0.767135
v 1.599712 1.813893 -0.855063
v 1.748807 1.627367 -0.934757
v 1.881062 1.425167 -1.005448
v 1.995200 1.209242 -1.066457
v 2.090124 0.981672 -1.117194
v 2.164919 0.744648 -1.157173
v 2.218863 0.500452 -1.186007
v 2.251440 0.251437 -1.203419
v 2.262334 -0.000000 -1.209242
v 2.251440 -0.251437 -1.203419
v 2.218863 -0.500452 -1.186007
v 2.164918 -0.744648 -1.157173
v 2.090124 -0.981672 -1.117194
v 1.995200 -1.209242 -1.066456
v 1.881062 -1.425167 -1.005448
v 1.748807 -1.627367 -0.934757
v 1.599712 -1.813893 -0.855063
v 1.435210 -1.982952 -0.767135
v 1.256885 -2.132913 -0.671819
v 1.066457 -2.262333 -0.570033
v 0.865758 -2.369966 -0.462757
v 0.656721 -2.454775 -0.351024
v 0.441360 -2.515943 -0.235911
v 0.221747 -2.552881 -0.118526
v 0.232297 2.552881 -0.096221
v 0.462358 2.515942 -0.191515
v 0.687965 2.454775 -0.284964
v 0.906947 2.369966 -0.375669
v 1.117195 2.262334 -0.462757
v 1.316683 2.132913 -0.545388
v 1.503491 1.982952 -0.622766
v 1.675819 1.813893 -0.694147
v 1.832008 1.627367 -0.758843
v 1.970555 1.425167 -0.816230
v 2.090123 1.209242 -0.865758
v 2.189564 0.981672 -0.906947
v 2.267917 0.744648 -0.939402
v 2.324428 0.500452 -0.962809
v 2.358555 0.251437 -0.976945
v 2.369967 -0.000000 -0.981672
v 2.358555 -0.251437 -0.976945
v 2.324428 -0.500452 -0.962809
v 2.267916 -0.744648 -0.939402
v 2.189564 -0.981672 -0.906947
v 2.090124 -1.209242 -0.865757
v 1.970555 -1.425167 -0.816230
v 1.832009 -1.627367 -0.758843
v 1.675819 -1.813893 -0.694147
v 1.503491 -1.982952 -0.622766
v 1.316683 -2.132913 -0.545388
v 1.117195 -2.262333 -0.462757
v 0.906947 -2.369966 -0.375669
v 0.687965 -2.454775 -0.284964
v 0.462358 -2.515943 -0.191515
v 0.232297 -2.552881 -0.096221
v 0.240610 2.552881 -0.072988
v 0.478903 2.515942 -0.145274
v 0.712584 2.454775 -0.216160
v 0.939402 2.369966 -0.284964
v 1.157173 2.262334 -0.351024
v 1.363800 2.132913 -0.413704
v 1.557293 1.982952 -0.472399
v 1.735788 1.813893 -0.526545
v 1.897567 1.627367 -0.575620
v 2.041071 1.425167 -0.619152
v 2.164918 1.209242 -0.656721
v 2.267916 0.981672 -0.687965
v 2.349073 0.744648 -0.712584
v 2.407607 0.500452 -0.730340
v 2.442955 0.251437 -0.741062
v 2.454775 -0.000000 -0.744648
v 2.442955 -0.251437 -0.741062
v 2.407607 -0.500452 -0.730340
v 2.349073 -0.744648 -0.712583
v 2.267917 -0.981672 -0.687965
v 2.164918 -1.209242 -0.656721
v 2.041071 -1.425167 -0.619152
v 1.897567 -1.627367 -0.575620
v 1.735788 -1.813893 -0.526545
v 1.557293 -1.982952 -0.472399
v 1.363800 -2.132913 -0.413704
v 1.157173 -2.262333 -0.351024
v 0.939402 -2.369966 -0.284964
v 0.712584 -2.454775 -0.216160
v 0.478903 -2.515943 -0.145273
v 0.240610 -2.552881 -0.072988
v 0.246606 2.552881 -0.049053
v 0.490836 2.515942 -0.097633
v 0.730340 2.454775 -0.145273
v 0.962810 2.369966 -0.191515
v 1.186007 2.262334 -0.235911
v 1.397783 2.132913 -0.278036
v 1.596098 1.982952 -0.317483
v 1.779040 1.813893 -0.353873
v 1.944850 1.627367 -0.386854
v 2.091930 1.425167 -0.416111
v 2.218863 1.209242 -0.441359
v 2.324428 0.981672 -0.462357
v 2.407607 0.744648 -0.478903
v 2.467600 0.500452 -0.490836
v 2.503828 0.251437 -0.498042
v 2.515943 -0.000000 -0.500452
v 2.503828 -0.251437 -0.498042
v 2.467600 -0.500452 -0.490836
v 2.407607 -0.744648 -0.478903
v 2.324429 -0.981672 -0.462357
v 2.218863 -1.209242 -0.441359
v 2.091930 -1.425167 -0.416111
v 1.944850 -1.627367 -0.386855
v 1.779040 -1.813893 -0.353873
v 1.596098 -1.982952 -0.317483
v 1.397783 -2.132913 -0.278036
v 1.186008 -2.262333 -0.235911
v 0.962810 -2.369966 -0.191515
v 0.730340 -2.454775 -0.145273
v 0.490836 -2.515943 -0.097633
v 0.246606 -2.552881 -0.049053
v 0.250226 2.552881 -0.024645
v 0.498043 2.515942 -0.049053
v 0.741062 2.454775 -0.072988
v 0.976945 2.369966 -0.096220
v 1.203420 2.262334 -0.118526
v 1.418305 2.132913 -0.139691
v 1.619530 1.982952 -0.159510
v 1.805159 1.813893 -0.177792
v 1.973403 1.627367 -0.194363
v 2.122643 1.425167 -0.209062
v 2.251440 1.209242 -0.221748
v 2.358554 0.981672 -0.232297
v 2.442955 0.744648 -0.240610
v 2.503828 0.500452 -0.246605
v 2.540588 0.251437 -0.250226
v 2.552881 -0.000000 -0.251437
v 2.540588 -0.251437 -0.250226
v 2.503828 -0.500452 -0.246605
v 2.442954 -0.744648 -0.240610
v 2.358555 -0.981672 -0.232297
v 2.251440 -1.209242 -0.221747
v 2.122643 -1.425167 -0.209062
v 1.973403 -1.627367 -0.194363
v 1.805159 -1.813893 -0.177792
v 1.619530 -1.982952 -0.159510
v 1.418305 -2.132913 -0.139691
v 1.203420 -2.262333 -0.118526
v 0.976945 -2.369966 -0.096221
v 0.741063 -2.454775 -0.072988
v 0.498043 -2.515943 -0.049053
v 0.250226 -2.552881 -0.024645
v 0.251437 2.552881 0.000000
v 0.500453 2.515942 0.000000
v 0.744648 2.454775 0.000000
v 0.981672 2.369966 0.000000
v 1.209242 2.262334 0.000000
v 1.425167 2.132913 -0.000000
v 1.627367 1.982952 0.000000
v 1.813894 1.813893 0.000000
v 1.982952 1.627367 0.000000
v 2.132914 1.425167 0.000000
v 2.262333 1.209242 -0.000000
v 2.369966 0.981672 0.000000
v 2.454775 0.744648 -0.000000
v 2.515943 0.500452 0.000000
v 2.552881 0.251437 0.000000
v 2.565233 -0.000000 0.000000
v 2.552881 -0.251437 0.000000
v 2.515943 -0.500452 0.000000
v 2.454775 -0.744648 0.000000
v 2.369967 -0.981672 0.000000
v 2.262333 -1.209242 0.000000
v 2.132914 -1.425167 0.000000
v 1.982952 -1.627367 0.000000
v 1.813894 -1.813893 0.000000
v 1.627367 -1.982952 0.000000
v 1.425167 -2.132913 -0.000000
v 1.209243 -2.262333 0.000000
v 0.981672 -2.369966 0.000000
v 0.744648 -2.454775 0.000000
v 0.500453 -2.515943 0.000000
v 0.251437 -2.552881 0.000000
v 0.250226 2.552881 0.024645
v 0.498043 2.515942 0.049053
v 0.741062 2.454775 0.072989
v 0.976945 2.369966 0.096221
v 1.203420 2.262334 0.118527
v 1.418305 2.132913 0.139691
v 1.619530 1.982952 0.159510
v 1.805159 1.813893 0.177793
v 1.973403 1.627367 0.194363
v 2.122643 1.425167 0.209062
v 2.251440 1.209242 0.221747
v 2.358554 0.981672 0.232297
v 2.442955 0.744648 0.240610
v 2.503828 0.500452 0.246606
v 2.540588 0.251437 0.250226
v 2.552881 -0.000000 0.251437
v 2.540588 -0.251437 0.250226
v 2.503828 -0.500452 0.246606
v 2.442954 -0.744648 0.240610
v 2.358555 -0.981672 0.232297
v 2.251440 -1.209242 0.221748
v 2.122643 -1.425167 0.209062
v 1.973403 -1.627367 0.194363
v 1.805159 -1.813893 0.177793
v 1.619530 -1.982952 0.159510
v 1.418305 -2.132913 0.139691
v 1.203420 -2.262333 0.118527
v 0.976945 -2.369966 0.096221
v 0.741063 -2.454775 0.072989
v 0.498043 -2.515943 0.049053
v 0.250226 -2.552881 0.024645
v 0.246606 2.552881 0.049053
v 0.490836 2.515942 0.097634
v 0.730340 2.454775 0.145274
v 0.962809 2.369966 0.191515
v 1.186007 2.262334 0.235912
v 1.397783 2.132913 0.278036
v 1.596097 1.982952 0.317484
v 1.779040 1.813893 0.353873
v 1.944850 1.627367 0.386855
v 2.091930 1.425167 0.416111
v 2.218863 1.209242 0.441359
v 2.324428 0.981672 0.462358
v 2.407607 0.744648 0.478903
v 2.467600 0.500452 0.490836
v 2.503828 0.251437 0.498043
v 2.515943 -0.000000 0.500452
v 2.503828 -0.251437 0.498043
v 2.467600 -0.500452 0.490836
v 2.407607 -0.744648 0.478903
v 2.324429 -0.981672 0.462358
v 2.218863 -1.209242 0.441359
v 2.091930 -1.425167 0.416111
v 1.944850 -1.627367 0.386855
v 1.779040 -1.813893 0.353873
v 1.596097 -1.982952 0.317484
v 1.397783 -2.132913 0.278036
v 1.186007 -2.262333 0.235912
v 0.962810 -2.369966 0.191515
v 0.730340 -2.454775 0.145274
v 0.490836 -2.515943 0.097634
v 0.246606 -2.552881 0.049053
v 0.240610 2.552881 0.072988
v 0.478903 2.515942 0.145274
v 0.712584 2.454775 0.216160
v 0.939401 2.369966 0.284965
v 1.157173 2.262334 0.351025
v 1.363800 2.132913 0.413704
v 1.557293 1.982952 0.472400
v 1.735788 1.813893 0.526546
v 1.897567 1.627367 0.575621
v 2.041071 1.425167 0.619152
v 2.164918 1.209242 0.656721
v 2.267916 0.981672 0.687965
v 2.349073 0.744648 0.712584
v 2.407607 0.500452 0.730340
v 2.442954 0.251437 0.741063
v 2.454775 -0.000000 0.744648
v 2.442954 -0.251437 0.741063
v 2.407607 -0.500452 0.730340
v 2.349073 -0.744648 0.712584
v 2.267917 -0.981672 0.687965
v 2.164918 -1.209242 0.656721
v 2.041071 -1.425167 0.619152
v 1.897567 -1.627367 0.575621
v 1.735788 -1.813893 0.526546
v 1.557293 -1.982952 0.472400
v 1.363800 -2.132913 0.413704
v 1.157173 -2.262333 0.351025
v 0.939401 -2.369966 0.284964
v 0.712584 -2.454775 0.216160
v 0.478903 -2.515943 0.145274
v 0.240610 -2.552881 0.072988
v 0.232297 2.552881 0.096221
v 0.462358 2.515942 0.191515
v 0.687965 2.454775 0.284965
v 0.906946 2.369966 0.375670
v 1.117194 2.262334 0.462757
v 1.316683 2.132913 0.545388
v 1.503490 1.982952 0.622766
v 1.675819 1.813893 0.694147
v 1.832008 1.627367 0.758843
v 1.970555 1.425167 0.816231
v 2.090123 1.209242 0.865757
v 2.189563 0.981672 0.906947
v 2.267917 0.744648 0.939402
v 2.324428 0.500452 0.962810
v 2.358554 0.251437 0.976945
v 2.369966 -0.000000 0.981672
v 2.358554 -0.251437 0.976945
v 2.324428 -0.500452 0.962810
v 2.267916 -0.744648 0.939402
v 2.189564 -0.981672 0.906947
v 2.090123 -1.209242 0.865757
v 1.970555 -1.425167 0.816231
v 1.832009 -1.627367 0.758843
v 1.675819 -1.813893 0.694147
v 1.503490 -1.982952 0.622766
v 1.316683 -2.132913 0.545388
v 1.117195 -2.262333 0.462757
v 0.906947 -2.369966 0.375670
v 0.687965 -2.454775 0.284965
v 0.462358 -2.515943 0.191515
v 0.232297 -2.552881 0.096221
v 0.221748 2.552881 0.118527
v 0.441360 2.515942 0.235912
v 0.656721 2.454775 0.351025
v 0.865757 2.369966 0.462757
v 1.066456 2.262334 0.570033
v 1.256885 2.132913 0.671819
v 1.435209 1.982952 0.767135
v 1.599711 1.813893 0.855064
v 1.748807 1.627367 0.934757
v 1.881062 1.425167 1.005449
v 1.995200 1.209242 1.066456
v 2.090123 0.981672 1.117194
v 2.164918 0.744648 1.157173
v 2.218863 0.500452 1.186007
v 2.251440 0.251437 1.203420
v 2.262333 -0.000000 1.209242
v 2.251440 -0.251437 1.203420
v 2.218863 -0.500452 1.186007
v 2.164918 -0.744648 1.157173
v 2.090124 -0.981672 1.117195
v 1.995200 -1.209242 1.066457
v 1.881062 -1.425167 1.005448
v 1.748807 -1.627367 0.934757
v 1.599711 -1.813893 0.855064
v 1.435209 -1.982952 0.767135
v 1.256885 -2.132913 0.671819
v 1.066457 -2.262333 0.570033
v 0.865757 -2.369966 0.462757
v 0.656721 -2.454775 0.351025
v 0.441360 -2.515943 0.235912
v 0.221747 -2.552881 0.118527
v 0.209062 2.552881 0.139691
v 0.416111 2.515942 0.278037
v 0.619152 2.454775 0.413705
v 0.816230 2.369966 0.545388
v 1.005448 2.262334 0.671819
v 1.184983 2.132913 0.791781
v 1.353106 1.982952 0.904116
v 1.508197 1.813893 1.007746
v 1.648764 1.627367 1.101669
v 1.773453 1.425167 1.184983
v 1.881061 1.209242 1.256885
v 1.970555 0.981672 1.316683
v 2.041071 0.744648 1.363800
v 2.091930 0.500452 1.397783
v 2.122642 0.251437 1.418305
v 2.132913 -0.000000 1.425167
v 2.122642 -0.251437 1.418305
v 2.091930 -0.500452 1.397783
v 2.041071 -0.744648 1.363800
v 1.970555 -0.981672 1.316683
v 1.881061 -1.209242 1.256885
v 1.773453 -1.425167 1.184983
v 1.648764 -1.627367 1.101669
v 1.508197 -1.813893 1.007746
v 1.353106 -1.982952 0.904116
v 1.184983 -2.132913 0.791781
v 1.005448 -2.262333 0.671819
v 0.816230 -2.369966 0.545388
v 0.619152 -2.454775 0.413705
v 0.416111 -2.515943 0.278037
v 0.209062 -2.552881 0.139691
v 0.194363 2.552881 0.159510
v 0.386855 2.515942 0.317484
v 0.575621 2.454775 0.472400
v 0.758842 2.369966 0.622766
v 0.934757 2.262334 0.767135
v 1.101669 2.132913 0.904117
v 1.257971 1.982952 1.032391
v 1.402158 1.813893 1.150722
v 1.532842 1.627367 1.257971
v 1.648764 1.425167 1.353106
v 1.748807 1.209242 1.435209
v 1.832008 0.981672 1.503490
v 1.897567 0.744648 1.557293
v 1.944850 0.500452 1.596097
v 1.973403 0.251437 1.619530
v 1.982952 -0.000000 1.627367
v 1.973403 -0.251437 1.619530
v 1.944850 -0.500452 1.596097
v 1.897567 -0.744648 1.557293
v 1.832009 -0.981672 1.503491
v 1.748807 -1.209242 1.435209
v 1.648765 -1.425167 1.353106
v 1.532842 -1.627367 1.257971
v 1.402158 -1.813893 1.150722
v 1.257971 -1.982952 1.032391
v 1.101669 -2.132913 0.904117
v 0.934757 -2.262333 0.767135
v 0.758842 -2.369966 0.622766
v 0.575621 -2.454775 0.472400
v 0.386855 -2.515943 0.317484
v 0.194363 -2.552881 0.159510
v 0.177793 2.552881 0.177793
v 0.353873 2.515942 0.353874
v 0.526546 2.454775 0.526546
v 0.694147 2.369966 0.694147
v 0.855063 2.262334 0.855064
v 1.007746 2.132913 1.007745
v 1.150722 1.982952 1.150722
v 1.282616 1.813893 1.282617
v 1.402158 1.627367 1.402158
v 1.508197 1.425167 1.508198
v 1.599711 1.209242 1.599711
v 1.675819 0.981672 1.675819
v 1.735788 0.744648 1.735788
v 1.779040 0.500452 1.779040
v 1.805159 0.251437 1.805159
v 1.813893 -0.000000 1.813893
v 1.805159 -0.251437 1.805159
v 1.779040 -0.500452 1.779040
v 1.735788 -0.744648 1.735788
v 1.675819 -0.981672 1.675820
v 1.599711 -1.209242 1.599711
v 1.508198 -1.425167 1.508197
v 1.402158 -1.627367 1.402158
v 1.282616 -1.813893 1.282617
v 1.150722 -1.982952 1.150722
v 1.007746 -2.132913 1.007745
v 0.855064 -2.262333 0.855064
v 0.694147 -2.369966 0.694147
v 0.526546 -2.454775 0.526546
v 0.353873 -2.515943 0.353874
v 0.177793 -2.552881 0.177793
v 0.159510 2.552881 0.194364
v 0.317484 2.515942 0.386855
v 0.472400 2.454775 0.575621
v 0.622766 2.369966 0.758843
v 0.767135 2.262334 0.934757
v 0.904117 2.132913 1.101669
v 1.032390 1.982952 1.257971
v 1.150722 1.813893 1.402159
v 1.257971 1.627367 1.532842
v 1.353106 1.425167 1.648764
v 1.435209 1.209242 1.748807
v 1.503490 0.981672 1.832008
v 1.557293 0.744648 1.897567
v 1.596097 0.500452 1.944850
v 1.619530 0.251437 1.973403
v 1.627366 -0.000000 1.982952
v 1.619530 -0.251437 1.973403
v 1.596097 -0.500452 1.944850
v 1.557293 -0.744648 1.897567
v 1.503490 -0.981672 1.832009
v 1.435209 -1.209242 1.748807
v 1.353106 -1.425167 1.648764
v 1.257971 -1.627367 1.532842
v 1.150722 -1.813893 1.402159
v 1.032390 -1.982952 1.257971
v 0.904117 -2.132913 1.101669
v 0.767135 -2.262333 0.934757
v 0.622766 -2.369966 0.758843
v 0.472400 -2.454775 0.575621
v 0.317484 -2.515943 0.386855
v 0.159510 -2.552881 0.194364
v 0.139691 2.552881 0.209062
v 0.278037 2.515942 0.416111
v 0.413704 2.454775 0.619152
v 0.545387 2.369966 0.816230
v 0.671819 2.262334 1.005448
v 0.791781 2.132913 1.184983
v 0.904116 1.982952 1.353106
v 1.007745 1.813893 1.508198
v 1.101669 1.627367 1.648764
v 1.184983 1.425167 1.773453
v 1.256885 1.209242 1.881061
v 1.316682 0.981672 1.970554
v 1.363800 0.744648 2.041071
v 1.397783 0.500452 2.091930
v 1.418304 0.251437 2.122642
v 1.425167 -0.000000 2.132913
v 1.418304 -0.251437 2.122642
v 1.397783 -0.500452 2.091930
v 1.363800 -0.744648 2.041071
v 1.316683 -0.981672 1.970555
v 1.256885 -1.209242 1.881061
v 1.184983 -1.425167 1.773453
v 1.101669 -1.627367 1.648764
v 1.007745 -1.813893 1.508198
v 0.904116 -1.982952 1.353106
v 0.791781 -2.132913 1.184983
v 0.671819 -2.262333 1.005449
v 0.545388 -2.369966 0.816230
v 0.413704 -2.454775 0.619153
v 0.278037 -2.515943 0.416111
v 0.139691 -2.552881 0.209062
v 0.118526 2.552881 0.221748
v 0.235912 2.515942 0.441360
v 0.351025 2.454775 0.656721
v 0.462757 2.369966 0.865757
v 0.570033 2.262334 1.066457
v 0.671819 2.132913 1.256885
v 0.767135 1.982952 1.435209
v 0.855063 1.813893 1.599712
v 0.934757 1.627367 1.748807
v 1.005448 1.425167 1.881062
v 1.066456 1.209242 1.995199
v 1.117194 0.981672 2.090123
v 1.157173 0.744648 2.164918
v 1.186007 0.500452 2.218863
v 1.203419 0.251437 2.251440
v 1.209242 -0.000000 2.262333
v 1.203419 -0.251437 2.251440
v 1.186007 -0.500452 2.218863
v 1.157173 -0.744648 2.164918
v 1.117194 -0.981672 2.090124
v 1.066456 -1.209242 1.995200
v 1.005449 -1.425167 1.881062
v 0.934757 -1.627367 1.748807
v 0.855063 -1.813893 1.599712
v 0.767135 -1.982952 1.435209
v 0.671819 -2.132913 1.256885
v 0.570033 -2.262333 1.066457
v 0.462757 -2.369966 0.865757
v 0.351025 -2.454775 0.656721
v 0.235912 -2.515943 0.441360
v 0.118526 -2.552881 0.221748
v 0.096221 2.552881 0.232298
v 0.191515 2.515942 0.462358
v 0.284964 2.454775 0.687965
v 0.375669 2.369966 0.906946
v 0.462757 2.262334 1.117194
v 0.545388 2.132913 1.316683
v 0.622766 1.982952 1.503491
v 0.694147 1.813893 1.675820
v 0.758842 1.627367 1.832008
v 0.816230 1.425167 1.970555
v 0.865757 1.209242 2.090123
v 0.906946 0.981672 2.189563
v 0.939402 0.744648 2.267916
v 0.962810 0.500452 2.324428
v 0.976945 0.251437 2.358554
v 0.981672 -0.000000 2.369966
v 0.976945 -0.251437 2.358554
v 0.962810 -0.500452 2.324428
v 0.939401 -0.744648 2.267916
v 0.906947 -0.981672 2.189564
v 0.865757 -1.209242 2.090123
v 0.816231 -1.425167 1.970555
v 0.758843 -1.627367 1.832008
v 0.694147 -1.813893 1.675820
v 0.622766 -1.982952 1.503491
v 0.545388 -2.132913 1.316683
v 0.462757 -2.262333 1.117195
v 0.375669 -2.369966 0.906946
v 0.284964 -2.454775 0.687966
v 0.191515 -2.515943 0.462358
v 0.096221 -2.552881 0.232298
v 0.072988 2.552881 0.240610
v 0.145274 2.515942 0.478903
v 0.216160 2.454775 0.712584
v 0.284964 2.369966 0.939401
v 0.351024 2.262334 1.157173
v 0.413704 2.132913 1.363800
v 0.472399 1.982952 1.557293
v 0.526545 1.813893 1.735788
v 0.575620 1.627367 1.897566
v 0.619152 1.425167 2.041071
v 0.656721 1.209242 2.164917
v 0.687964 0.981672 2.267915
v 0.712583 0.744648 2.349073
v 0.730340 0.500452 2.407607
v 0.741062 0.251437 2.442954
v 0.744647 -0.000000 2.454775
v 0.741062 -0.251437 2.442954
v 0.730340 -0.500452 2.407607
v 0.712583 -0.744648 2.349073
v 0.687965 -0.981672 2.267917
v 0.656720 -1.209242 2.164918
v 0.619152 -1.425167 2.041071
v 0.575620 -1.627367 1.897566
v 0.526545 -1.813893 1.735788
v 0.472399 -1.982952 1.557293
v 0.413704 -2.132913 1.363800
v 0.351024 -2.262333 1.157173
v 0.284964 -2.369966 0.939401
v 0.216160 -2.454775 0.712584
v 0.145274 -2.515943 0.478903
v 0.072988 -2.552881 0.240610
v 0.049053 2.552881 0.246606
v 0.097633 2.515942 0.490837
v 0.145273 2.454775 0.730340
v 0.191515 2.369966 0.962809
v 0.235911 2.262334 1.186007
v 0.278037 2.132913 1.397783
v 0.317483 1.982952 1.596097
v 0.353873 1.813893 1.779040
v 0.386854 1.627367 1.944849
v 0.416111 1.425167 2.091930
v 0.441359 1.209242 2.218863
v 0.462357 0.981672 2.324427
v 0.478903 0.744648 2.407607
v 0.490836 0.500452 2.467599
v 0.498042 0.251437 2.503827
v 0.500452 -0.000000 2.515942
v 0.498042 -0.251437 2.503827
v 0.490836 -0.500452 2.467599
v 0.478903 -0.744648 2.407607
v 0.462357 -0.981672 2.324428
v 0.441359 -1.209242 2.218863
v 0.416111 -1.425167 2.091930
v 0.386855 -1.627367 1.944849
v 0.353873 -1.813893 1.779040
v 0.317483 -1.982952 1.596097
v 0.278037 -2.132913 1.397783
v 0.235911 -2.262333 1.186007
v 0.191515 -2.369966 0.962809
v 0.145273 -2.454775 0.730340
v 0.097633 -2.515943 0.490837
v 0.049053 -2.552881 0.246606
v 0.024645 2.552881 0.250226
v 0.049053 2.515942 0.498043
v 0.072988 2.454775 0.741063
v 0.096221 2.369966 0.976945
v 0.118526 2.262334 1.203419
v 0.139691 2.132913 1.418305
v 0.159510 1.982952 1.619530
v 0.177792 1.813893 1.805159
v 0.194363 1.627367 1.973403
v 0.209062 1.425167 2.122642
v 0.221747 1.209242 2.251439
v 0.232297 0.981672 2.358553
v 0.240610 0.744648 2.442954
v 0.246605 0.500452 2.503827
v 0.250226 0.251437 2.540588
v 0.251436 -0.000000 2.552880
v 0.250226 -0.251437 2.540588
v 0.246605 -0.500452 2.503827
v 0.240610 -0.744648 2.442954
v 0.232297 -0.981672 2.358554
v 0.221747 -1.209242 2.251439
v 0.209062 -1.425167 2.122643
v 0.194363 -1.627367 1.973403
v 0.177792 -1.813893 1.805159
v 0.159510 -1.982952 1.619530
v 0.139691 -2.132913 1.418305
v 0.118526 -2.262333 1.203420
v 0.096221 -2.369966 0.976945
v 0.072988 -2.454775 0.741063
v 0.049053 -2.515943 0.498043
v 0.024645 -2.552881 0.250226
v -0.000000 -2.565233 0.000000
v -0.000000 2.552881 0.251437
v -0.000000 2.515942 0.500453
v -0.000000 2.454775 0.744648
v -0.000000 2.369966 0.981672
v -0.000000 2.262334 1.209242
v 0.000000 2.132913 1.425168
v -0.000000 1.982952 1.627366
v -0.000001 1.813893 1.813894
v -0.000000 1.627367 1.982951
v -0.000000 1.425167 2.132913
v 0.000000 1.209242 2.262333
v -0.000000 0.981672 2.369966
v -0.000000 0.744648 2.454775
v -0.000000 0.500452 2.515943
v -0.000000 0.251437 2.552880
v -0.000001 -0.000000 2.565232
v -0.000000 -0.251437 2.552880
v -0.000000 -0.500452 2.515943
v -0.000000 -0.744648 2.454775
v -0.000000 -0.981672 2.369966
v -0.000000 -1.209242 2.262333
v 0.000000 -1.425167 2.132914
v -0.000000 -1.627367 1.982951
v -0.000001 -1.813893 1.813894
v -0.000000 -1.982952 1.627366
v 0.000000 -2.132913 1.425168
v -0.000000 -2.262333 1.209242
v -0.000000 -2.369966 0.981672
v -0.000000 -2.454775 0.744649
v -0.000000 -2.515943 0.500453
v -0.000000 -2.552881 0.251437
v -0.024645 2.552881 0.250226
v -0.049053 2.515942 0.498043
v -0.072989 2.454775 0.741063
v -0.096221 2.369966 0.976945
v -0.118527 2.262334 1.203419
v -0.139691 2.132913 1.418305
v -0.159510 1.982952 1.619530
v -0.177793 1.813893 1.805159
v -0.194364 1.627367 1.973403
v -0.209062 1.425167 2.122642
v -0.221747 1.209242 2.251439
v -0.232298 0.981672 2.358553
v -0.240610 0.744648 2.442954
v -0.246606 0.500452 2.503827
v -0.250226 0.251437 2.540587
v -0.251437 -0.000000 2.552880
v -0.250226 -0.251437 2.540587
v -0.246606 -0.500452 2.503827
v -0.240610 -0.744648 2.442954
v -0.232298 -0.981672 2.358554
v -0.221748 -1.209242 2.251439
v -0.209062 -1.425167 2.122643
v -0.194363 -1.627367 1.973403
v -0.177793 -1.813893 1.805159
v -0.159510 -1.982952 1.619530
v -0.139691 -2.132913 1.418305
v -0.118527 -2.262333 1.203420
v -0.096221 -2.369966 0.976945
v -0.072989 -2.454775 0.741063
v -0.049053 -2.515943 0.498043
v -0.024645 -2.552881 0.250226
v -0.049053 2.552881 0.246606
v -0.097634 2.515942 0.490837
v -0.145274 2.454775 0.730340
v -0.191515 2.369966 0.962809
v -0.235912 2.262334 1.186007
v -0.278036 2.132913 1.397783
v -0.317484 1.982952 1.596097
v -0.353874 1.813893 1.779040
v -0.386855 1.627367 1.944849
v -0.416111 1.425167 2.091930
v -0.441359 1.209242 2.218863
v -0.462358 0.981672 2.324427
v -0.478903 0.744648 2.407607
v -0.490836 0.500452 2.467599
v -0.498043 0.251437 2.503827
v -0.500453 -0.000000 2.515942
v -0.498043 -0.251437 2.503827
v -0.490836 -0.500452 2.467599
v -0.478903 -0.744648 2.407607
v -0.462358 -0.981672 2.324428
v -0.441360 -1.209242 2.218863
v -0.416111 -1.425167 2.091930
v -0.386855 -1.627367 1.944850
v -0.353874 -1.813893 1.779040
v -0.317484 -1.982952 1.596097
v -0.278036 -2.132913 1.397783
v -0.235912 -2.262333 1.186007
v -0.191515 -2.369966 0.962809
v -0.145274 -2.454775 0.730340
v -0.097634 -2.515943 0.490837
v -0.049053 -2.552881 0.246606
v -0.072988 2.552881 0.240610
v -0.145274 2.515942 0.478903
v -0.216160 2.454775 0.712584
v -0.284964 2.369966 0.939401
v -0.351025 2.262334 1.157173
v -0.413704 2.132913 1.363801
v -0.472400 1.982952 1.557292
v -0.526546 1.813893 1.735788
v -0.575621 1.627367 1.897566
v -0.619152 1.425167 2.041071
v -0.656721 1.209242 2.164917
v -0.687965 0.981672 2.267915
v -0.712584 0.744648 2.349073
v -0.730340 0.500452 2.407607
v -0.741063 0.251437 2.442954
v -0.744648 -0.000000 2.454774
v -0.741063 -0.251437 2.442954
v -0.730340 -0.500452 2.407607
v -0.712584 -0.744648 2.349073
v -0.687965 -0.981672 2.267916
v -0.656721 -1.209242 2.164917
v -0.619152 -1.425167 2.041071
v -0.575621 -1.627367 1.897566
v -0.526546 -1.813893 1.735788
v -0.472400 -1.982952 1.557292
v -0.413704 -2.132913 1.363801
v -0.351025 -2.262333 1.157173
v -0.284964 -2.369966 0.939401
v -0.216160 -2.454775 0.712584
v -0.145274 -2.515943 0.478903
v -0.072988 -2.552881 0.240610
v -0.096221 2.552881 0.232298
v -0.191515 2.515942 0.462358
v -0.284965 2.454775 0.687965
v -0.375670 2.369966 0.906946
v -0.462757 2.262334 1.117194
v -0.545388 2.132913 1.316683
v -0.622767 1.982952 1.503490
v -0.694148 1.813893 1.675819
v -0.758843 1.627367 1.832008
v -0.816231 1.425167 1.970555
v -0.865757 1.209242 2.090122
v -0.906947 0.981672 2.189563
v -0.939402 0.744648 2.267916
v -0.962810 0.500452 2.324428
v -0.976945 0.251437 2.358554
v -0.981673 -0.000000 2.369966
v -0.976945 -0.251437 2.358554
v -0.962810 -0.500452 2.324428
v -0.939402 -0.744648 2.267916
v -0.906947 -0.981672 2.189563
v -0.865758 -1.209242 2.090123
v -0.816231 -1.425167 1.970555
v -0.758843 -1.627367 1.832008
v -0.694148 -1.813893 1.675819
v -0.622767 -1.982952 1.503490
v -0.545388 -2.132913 1.316683
v -0.462757 -2.262333 1.117195
v -0.375670 -2.369966 0.906946
v -0.284965 -2.454775 0.687965
v -0.191515 -2.515943 0.462358
v -0.096221 -2.552881 0.232298
v -0.118527 2.552881 0.221748
v -0.235912 2.515942 0.441360
v -0.351025 2.454775 0.656721
v -0.462757 2.369966 0.865757
v -0.570033 2.262334 1.066456
v -0.671819 2.132913 1.256886
v -0.767136 1.982952 1.435209
v -0.855064 1.813893 1.599711
v -0.934757 1.627367 1.748807
v -1.005449 1.425167 1.881062
v -1.066456 1.209242 1.995199
v -1.117194 0.981672 2.090123
v -1.157173 0.744648 2.164918
v -1.186007 0.500452 2.218863
v -1.203420 0.251437 2.251439
v -1.209243 -0.000000 2.262333
v -1.203420 -0.251437 2.251439
v -1.186007 -0.500452 2.218863
v -1.157173 -0.744648 2.164918
v -1.117195 -0.981672 2.090123
v -1.066457 -1.209242 1.995199
v -1.005448 -1.425167 1.881062
v -0.934757 -1.627367 1.748807
v -0.855064 -1.813893 1.599711
v -0.767136 -1.982952 1.435209
v -0.671819 -2.132913 1.256886
v -0.570033 -2.262333 1.066457
v -0.462757 -2.369966 0.865757
v -0.351025 -2.454775 0.656721
v -0.235912 -2.515943 0.441360
v -0.118527 -2.552881 0.221748
v -0.139691 2.552881 0.209062
v -0.278037 2.515942 0.416111
v -0.413705 2.454775 0.619152
v -0.545388 2.369966 0.816230
v -0.671819 2.262334 1.005448
v -0.791781 2.132913 1.184984
v -0.904117 1.982952 1.353106
v -1.007746 1.813893 1.508197
v -1.101669 1.627367 1.648764
v -1.184984 1.425167 1.773453
v -1.256885 1.209242 1.881061
v -1.316683 0.981672 1.970554
v -1.363800 0.744648 2.041071
v -1.397783 0.500452 2.091929
v -1.418305 0.251437 2.122642
v -1.425167 -0.000000 2.132912
v -1.418305 -0.251437 2.122642
v -1.397783 -0.500452 2.091929
v -1.363800 -0.744648 2.041071
v -1.316683 -0.981672 1.970555
v -1.256885 -1.209242 1.881061
v -1.184983 -1.425167 1.773453
v -1.101669 -1.627367 1.648764
v -1.007746 -1.813893 1.508197
v -0.904117 -1.982952 1.353106
v -0.791781 -2.132913 1.184984
v -0.671819 -2.262333 1.005449
v -0.545388 -2.369966 0.816230
v -0.413705 -2.454775 0.619153
v -0.278037 -2.515943 0.416111
v -0.139691 -2.552881 0.209062
v -0.159510 2.552881 0.194364
v -0.317484 2.515942 0.386855
v -0.472400 2.454775 0.575621
v -0.622766 2.369966 0.758842
v -0.767135 2.262334 0.934757
v -0.904117 2.132913 1.101670
v -1.032391 1.982952 1.257971
v -1.150723 1.813893 1.402159
v -1.257971 1.627367 1.532842
v -1.353106 1.425167 1.648764
v -1.435209 1.209242 1.748807
v -1.503491 0.981672 1.832008
v -1.557293 0.744648 1.897566
v -1.596097 0.500452 1.944850
v -1.619531 0.251437 1.973403
v -1.627367 -0.000000 1.982951
v -1.619531 -0.251437 1.973403
v -1.596097 -0.500452 1.944850
v -1.557293 -0.744648 1.897566
v -1.503491 -0.981672 1.832008
v -1.435209 -1.209242 1.748807
v -1.353106 -1.425167 1.648765
v -1.257971 -1.627367 1.532842
v -1.150723 -1.813893 1.402159
v -1.032391 -1.982952 1.257971
v -0.904117 -2.132913 1.101670
v -0.767136 -2.262333 0.934757
v -0.622766 -2.369966 0.758842
v -0.472400 -2.454775 0.575621
v -0.317484 -2.515943 0.386855
v -0.159510 -2.552881 0.194364
v -0.177793 2.552881 0.177793
v -0.353874 2.515942 0.353874
v -0.526546 2.454775 0.526546
v -0.694147 2.369966 0.694147
v -0.855064 2.262334 0.855063
v -1.007746 2.132913 1.007746
v -1.150722 1.982952 1.150722
v -1.282617 1.813893 1.282616
v -1.402159 1.627367 1.402158
v -1.508198 1.425167 1.508197
v -1.599711 1.209242 1.599711
v -1.675819 0.981672 1.675818
v -1.735788 0.744648 1.735788
v -1.779040 0.500452 1.779040
v -1.805160 0.251437 1.805159
v -1.813894 -0.000000 1.813893
v -1.805160 -0.251437 1.805159
v -1.779040 -0.500452 1.779040
v -1.735788 -0.744648 1.735788
v -1.675820 -0.981672 1.675819
v -1.599711 -1.209242 1.599711
v -1.508198 -1.425167 1.508198
v -1.402159 -1.627367 1.402158
v -1.282617 -1.813893 1.282616
v -1.150722 -1.982952 1.150722
v -1.007746 -2.132913 1.007746
v -0.855064 -2.262333 0.855064
v -0.694147 -2.369966 0.694147
v -0.526546 -2.454775 0.526546
v -0.353874 -2.515943 0.353874
v -0.177793 -2.552881 0.177793
v -0.194364 2.552881 0.159510
v -0.386855 2.515942 0.317484
v -0.575621 2.454775 0.472400
v -0.758842 2.369966 0.622766
v -0.934757 2.262334 0.767135
v -1.101670 2.132913 0.904117
v -1.257972 1.982952 1.032390
v -1.402159 1.813893 1.150722
v -1.532842 1.627367 1.257971
v -1.648764 1.425167 1.353106
v -1.748807 1.209242 1.435208
v -1.832008 0.981672 1.503490
v -1.897567 0.744648 1.557292
v -1.944850 0.500452 1.596097
v -1.973404 0.251437 1.619530
v -1.982952 -0.000000 1.627366
v -1.973404 -0.251437 1.619530
v -1.944850 -0.500452 1.596097
v -1.897567 -0.744648 1.557292
v -1.832009 -0.981672 1.503490
v -1.748807 -1.209242 1.435209
v -1.648764 -1.425167 1.353106
v -1.532842 -1.627367 1.257971
v -1.402159 -1.813893 1.150722
v -1.257972 -1.982952 1.032390
v -1.101670 -2.132913 0.904117
v -0.934757 -2.262333 0.767135
v -0.758842 -2.369966 0.622766
v -0.575621 -2.454775 0.472400
v -0.386855 -2.515943 0.317484
v -0.194363 -2.552881 0.159510
v -0.209062 2.552881 0.139691
v -0.416111 2.515942 0.278037
v -0.619153 2.454775 0.413704
v -0.816230 2.369966 0.545388
v -1.005448 2.262334 0.671819
v -1.184984 2.132913 0.791781
v -1.353106 1.982952 0.904116
v -1.508198 1.813893 1.007745
v -1.648764 1.627367 1.101669
v -1.773453 1.425167 1.184983
v -1.881061 1.209242 1.256885
v -1.970554 0.981672 1.316682
v -2.041072 0.744648 1.363800
v -2.091930 0.500452 1.397783
v -2.122643 0.251437 1.418304
v -2.132914 -0.000000 1.425166
v -2.122643 -0.251437 1.418304
v -2.091930 -0.500452 1.397783
v -2.041072 -0.744648 1.363800
v -1.970555 -0.981672 1.316682
v -1.881061 -1.209242 1.256885
v -1.773453 -1.425167 1.184984
v -1.648764 -1.627367 1.101669
v -1.508198 -1.813893 1.007745
v -1.353106 -1.982952 0.904116
v -1.184984 -2.132913 0.791781
v -1.005449 -2.262333 0.671819
v -0.816230 -2.369966 0.545388
v -0.619153 -2.454775 0.413705
v -0.416111 -2.515943 0.278037
v -0.209062 -2.552881 0.139691
v -0.221748 2.552881 0.118527
v -0.441360 2.515942 0.235912
v -0.656721 2.454775 0.351025
v -0.865757 2.369966 0.462757
v -1.066457 2.262334 0.570033
v -1.256886 2.132913 0.671820
v -1.435210 1.982952 0.767135
v -1.599712 1.813893 0.855063
v -1.748807 1.627367 0.934757
v -1.881062 1.425167 1.005449
v -1.995200 1.209242 1.066456
v -2.090123 0.981672 1.117194
v -2.164919 0.744648 1.157173
v -2.218864 0.500452 1.186007
v -2.251440 0.251437 1.203419
v -2.262333 -0.000000 1.209242
v -2.251440 -0.251437 1.203419
v -2.218864 -0.500452 1.186007
v -2.164919 -0.744648 1.157173
v -2.090124 -0.981672 1.117194
v -1.995200 -1.209242 1.066456
v -1.881062 -1.425167 1.005449
v -1.748807 -1.627367 0.934757
v -1.599712 -1.813893 0.855063
v -1.435210 -1.982952 0.767135
v -1.256886 -2.132913 0.671820
v -1.066457 -2.262333 0.570033
v -0.865757 -2.369966 0.462757
v -0.656721 -2.454775 0.351025
v -0.441360 -2.515943 0.235912
v -0.221748 -2.552881 0.118527
v -0.232298 2.552881 0.096221
v -0.462358 2.515942 0.191515
v -0.687966 2.454775 0.284965
v -0.906946 2.369966 0.375669
v -1.117194 2.262334 0.462757
v -1.316683 2.132913 0.545388
v -1.503491 1.982952 0.622766
v -1.675820 1.813893 0.694147
v -1.832008 1.627367 0.758842
v -1.970556 1.425167 0.816231
v -2.090123 1.209242 0.865757
v -2.189563 0.981672 0.906947
v -2.267917 0.744648 0.939401
v -2.324429 0.500452 0.962810
v -2.358555 0.251437 0.976945
v -2.369967 -0.000000 0.981671
v -2.358555 -0.251437 0.976945
v -2.324429 -0.500452 0.962810
v -2.267917 -0.744648 0.939401
v -2.189564 -0.981672 0.906946
v -2.090123 -1.209242 0.865757
v -1.970555 -1.425167 0.816231
v -1.832008 -1.627367 0.758843
v -1.675820 -1.813893 0.694147
v -1.503491 -1.982952 0.622766
v -1.316683 -2.132913 0.545388
v -1.117195 -2.262333 0.462757
v -0.906946 -2.369966 0.375669
v -0.687966 -2.454775 0.284965
v -0.462358 -2.515943 0.191515
v -0.232298 -2.552881 0.096221
v -0.240610 2.552881 0.072989
v -0.478903 2.515942 0.145274
v -0.712584 2.454775 0.216160
v -0.939401 2.369966 0.284964
v -1.157173 2.262334 0.351025
v -1.363801 2.132913 0.413705
v -1.557293 1.982952 0.472400
v -1.735789 1.813893 0.526545
v -1.897566 1.627367 0.575620
v -2.041072 1.425167 0.619152
v -2.164918 1.209242 0.656721
v -2.267916 0.981672 0.687965
v -2.349073 0.744648 0.712583
v -2.407608 0.500452 0.730340
v -2.442955 0.251437 0.741062
v -2.454775 -0.000000 0.744647
v -2.442955 -0.251437 0.741062
v -2.407608 -0.500452 0.730340
v -2.349073 -0.744648 0.712583
v -2.267917 -0.981672 0.687965
v -2.164918 -1.209242 0.656721
v -2.041072 -1.425167 0.619153
v -1.897566 -1.627367 0.575620
v -1.735789 -1.813893 0.526545
v -1.557293 -1.982952 0.472400
v -1.363801 -2.132913 0.413705
v -1.157173 -2.262333 0.351025
v -0.939401 -2.369966 0.284964
v -0.712584 -2.454775 0.216160
v -0.478903 -2.515943 0.145274
v -0.240610 -2.552881 0.072988
v -0.246606 2.552881 0.049053
v -0.490837 2.515942 0.097634
v -0.730340 2.454775 0.145274
v -0.962809 2.369966 0.191515
v -1.186007 2.262334 0.235912
v -1.397784 2.132913 0.278037
v -1.596097 1.982952 0.317483
v -1.779041 1.813893 0.353873
v -1.944850 1.627367 0.386855
v -2.091930 1.425167 0.416111
v -2.218863 1.209242 0.441359
v -2.324428 0.981672 0.462357
v -2.407607 0.744648 0.478902
v -2.467600 0.500452 0.490836
v -2.503828 0.251437 0.498042
v -2.515943 -0.000000 0.500451
v -2.503828 -0.251437 0.498042
v -2.467600 -0.500452 0.490836
v -2.407608 -0.744648 0.478902
v -2.324429 -0.981672 0.462357
v -2.218863 -1.209242 0.441359
v -2.091930 -1.425167 0.416111
v -1.944850 -1.627367 0.386855
v -1.779041 -1.813893 0.353873
v -1.596097 -1.982952 0.317483
v -1.397784 -2.132913 0.278037
v -1.186007 -2.262333 0.235912
v -0.962809 -2.369966 0.191515
v -0.730340 -2.454775 0.145274
v -0.490837 -2.515943 0.097634
v -0.246606 -2.552881 0.049053
v -0.000000 2.565233 0.000000
v -0.250226 2.552881 0.024645
v -0.498043 2.515942 0.049053
v -0.741063 2.454775 0.072988
v -0.976945 2.369966 0.096221
v -1.203420 2.262334 0.118527
v -1.418306 2.132913 0.139691
v -1.619531 1.982952 0.159510
v -1.805160 1.813893 0.177792
v -1.973403 1.627367 0.194363
v -2.122643 1.425167 0.209062
v -2.251439 1.209242 0.221747
v -2.358554 0.981672 0.232297
v -2.442955 0.744648 0.240610
v -2.503828 0.500452 0.246606
v -2.540588 0.251437 0.250226
v -2.552881 -0.000000 0.251436
v -2.540588 -0.251437 0.250226
v -2.503828 -0.500452 0.246606
v -2.442955 -0.744648 0.240610
v -2.358555 -0.981672 0.232297
v -2.251440 -1.209242 0.221747
v -2.122643 -1.425167 0.209063
v -1.973403 -1.627367 0.194363
v -1.805160 -1.813893 0.177792
v -1.619531 -1.982952 0.159510
v -1.418306 -2.132913 0.139691
v -1.203420 -2.262333 0.118527
v -0.976945 -2.369966 0.096221
v -0.741063 -2.454775 0.072988
v -0.498043 -2.515943 0.049053
v -0.250226 -2.552881 0.024645
v -0.251437 2.552881 0.000000
v -0.500453 2.515942 0.000000
v -0.744649 2.454775 0.000000
v -0.981672 2.369966 0.000000
v -1.209242 2.262334 0.000000
v -1.425168 2.132913 0.000000
v -1.627367 1.982952 -0.000000
v -1.813894 1.813893 -0.000000
v -1.982951 1.627367 -0.000000
v -2.132914 1.425167 0.000000
v -2.262333 1.209242 0.000000
v -2.369966 0.981672 0.000000
v -2.454775 0.744648 -0.000000
v -2.515943 0.500452 -0.000000
v -2.552881 0.251437 -0.000000
v -2.565233 -0.000000 -0.000001
v -2.552881 -0.251437 -0.000000
v -2.515943 -0.500452 -0.000000
v -2.454775 -0.744648 -0.000000
v -2.369967 -0.981672 -0.000000
v -2.262333 -1.209242 -0.000000
v -2.132914 -1.425167 0.000000
v -1.982952 -1.627367 0.000000
v -1.813894 -1.813893 -0.000000
v -1.627367 -1.982952 -0.000000
v -1.425168 -2.132913 0.000000
v -1.209243 -2.262333 0.000000
v -0.981672 -2.369966 0.000000
v -0.744649 -2.454775 0.000000
v -0.500453 -2.515943 0.000000
v -0.251437 -2.552881 0.000000
v -0.250226 2.552881 -0.024645
v -0.498043 2.515942 -0.049053
v -0.741063 2.454775 -0.072988
v -0.976945 2.369966 -0.096220
v -1.203420 2.262334 -0.118526
v -1.418306 2.132913 -0.139690
v -1.619530 1.982952 -0.159510
v -1.805160 1.813893 -0.177793
v -1.973403 1.627367 -0.194363
v -2.122643 1.425167 -0.209062
v -2.251439 1.209242 -0.221747
v -2.358554 0.981672 -0.232297
v -2.442955 0.744648 -0.240610
v -2.503828 0.500452 -0.246606
v -2.540588 0.251437 -0.250226
v -2.552880 -0.000000 -0.251437
v -2.540588 -0.251437 -0.250226
v -2.503828 -0.500452 -0.246606
v -2.442955 -0.744648 -0.240610
v -2.358555 -0.981672 -0.232297
v -2.251439 -1.209242 -0.221747
v -2.122643 -1.425167 -0.209062
v -1.973403 -1.627367 -0.194363
v -1.805160 -1.813893 -0.177793
v -1.619530 -1.982952 -0.159510
v -1.418306 -2.132913 -0.139690
v -1.203420 -2.262333 -0.118526
v -0.976945 -2.369966 -0.096220
v -0.741063 -2.454775 -0.072988
v -0.498043 -2.515943 -0.049053
v -0.250226 -2.552881 -0.024645
v -0.246606 2.552881 -0.049053
v -0.490837 2.515942 -0.097633
v -0.730340 2.454775 -0.145274
v -0.962809 2.369966 -0.191514
v -1.186007 2.262334 -0.235911
v -1.397784 2.132913 -0.278036
v -1.596097 1.982952 -0.317484
v -1.779041 1.813893 -0.353874
v -1.944850 1.627367 -0.386855
v -2.091931 1.425167 -0.416111
v -2.218863 1.209242 -0.441359
v -2.324428 0.981672 -0.462357
v -2.407607 0.744648 -0.478903
v -2.467600 0.500452 -0.490836
v -2.503828 0.251437 -0.498043
v -2.515942 -0.000000 -0.500453
v -2.503828 -0.251437 -0.498043
v -2.467600 -0.500452 -0.490836
v -2.407608 -0.744648 -0.478903
v -2.324429 -0.981672 -0.462358
v -2.218863 -1.209242 -0.441359
v -2.091931 -1.425167 -0.416110
v -1.944850 -1.627367 -0.386854
v -1.779041 -1.813893 -0.353874
v -1.596097 -1.982952 -0.317484
v -1.397784 -2.132913 -0.278036
v -1.186007 -2.262333 -0.235911
v -0.962809 -2.369966 -0.191514
v -0.730340 -2.454775 -0.145274
v -0.490837 -2.515943 -0.097633
v -0.246606 -2.552881 -0.049053
v -0.240610 2.552881 -0.072988
v -0.478903 2.515942 -0.145273
v -0.712584 2.454775 -0.216160
v -0.939401 2.369966 -0.284964
v -1.157173 2.262334 -0.351024
v -1.363801 2.132913 -0.413704
v -1.557293 1.982952 -0.472400
v -1.735789 1.813893 -0.526546
v -1.897566 1.627367 -0.575620
v -2.041072 1.425167 -0.619152
v -2.164917 1.209242 -0.656720
v -2.267916 0.981672 -0.687964
v -2.349073 0.744648 -0.712584
v -2.407608 0.500452 -0.730340
v -2.442954 0.251437 -0.741062
v -2.454774 -0.000000 -0.744648
v -2.442954 -0.251437 -0.741062
v -2.407608 -0.500452 -0.730340
v -2.349073 -0.744648 -0.712584
v -2.267917 -0.981672 -0.687965
v -2.164918 -1.209242 -0.656721
v -2.041072 -1.425167 -0.619152
v -1.897567 -1.627367 -0.575620
v -1.735789 -1.813893 -0.526546
v -1.557293 -1.982952 -0.472400
v -1.363801 -2.132913 -0.413704
v -1.157173 -2.262333 -0.351024
v -0.939401 -2.369966 -0.284964
v -0.712584 -2.454775 -0.216160
v -0.478903 -2.515943 -0.145273
v -0.240610 -2.552881 -0.072988
v -0.232298 2.552881 -0.096221
v -0.462358 2.515942 -0.191515
v -0.687966 2.454775 -0.284965
v -0.906946 2.369966 -0.375669
v -1.117194 2.262334 -0.462757
v -1.316684 2.132913 -0.545388
v -1.503491 1.982952 -0.622766
v -1.675820 1.813893 -0.694148
v -1.832008 1.627367 -0.758843
v -1.970556 1.425167 -0.816230
v -2.090123 1.209242 -0.865757
v -2.189563 0.981672 -0.906946
v -2.267917 0.744648 -0.939402
v -2.324429 0.500452 -0.962810
v -2.358554 0.251437 -0.976945
v -2.369966 -0.000000 -0.981672
v -2.358554 -0.251437 -0.976945
v -2.324429 -0.500452 -0.962810
v -2.267917 -0.744648 -0.939402
v -2.189564 -0.981672 -0.906947
v -2.090123 -1.209242 -0.865757
v -1.970556 -1.425167 -0.816230
v -1.832009 -1.627367 -0.758842
v -1.675820 -1.813893 -0.694148
v -1.503491 -1.982952 -0.622766
v -1.316684 -2.132913 -0.545388
v -1.117195 -2.262333 -0.462757
v -0.906946 -2.369966 -0.375669
v -0.687966 -2.454775 -0.284965
v -0.462358 -2.515943 -0.191515
v -0.232298 -2.552881 -0.096221
v -0.221748 2.552881 -0.118526
v -0.441360 2.515942 -0.235911
v -0.656721 2.454775 -0.351025
v -0.865757 2.369966 -0.462756
v -1.066456 2.262334 -0.570033
v -1.256886 2.132913 -0.671819
v -1.435209 1.982952 -0.767135
v -1.599712 1.813893 -0.855064
v -1.748807 1.627367 -0.934757
v -1.881062 1.425167 -1.005448
v -1.995199 1.209242 -1.066456
v -2.090123 0.981672 -1.117194
v -2.164918 0.744648 -1.157173
v -2.218864 0.500452 -1.186007
v -2.251440 0.251437 -1.203420
v -2.262333 -0.000000 -1.209243
v -2.251440 -0.251437 -1.203420
v -2.218864 -0.500452 -1.186007
v -2.164919 -0.744648 -1.157173
v -2.090124 -0.981672 -1.117194
v -1.995200 -1.209242 -1.066456
v -1.881063 -1.425167 -1.005448
v -1.748807 -1.627367 -0.934757
v -1.599712 -1.813893 -0.855064
v -1.435209 -1.982952 -0.767135
v -1.256886 -2.132913 -0.671819
v -1.066457 -2.262333 -0.570033
v -0.865757 -2.369966 -0.462756
v -0.656721 -2.454775 -0.351025
v -0.441360 -2.515943 -0.235911
v -0.221748 -2.552881 -0.118526
v -0.209062 2.552881 -0.139691
v -0.416111 2.515942 -0.278036
v -0.619153 2.454775 -0.413704
v -0.816230 2.369966 -0.545387
v -1.005448 2.262334 -0.671819
v -1.184984 2.132913 -0.791780
v -1.353106 1.982952 -0.904116
v -1.508198 1.813893 -1.007746
v -1.648764 1.627367 -1.101669
v -1.773453 1.425167 -1.184983
v -1.881061 1.209242 -1.256884
v -1.970554 0.981672 -1.316682
v -2.041071 0.744648 -1.363800
v -2.091930 0.500452 -1.397783
v -2.122642 0.251437 -1.418304
v -2.132913 -0.000000 -1.425167
v -2.122642 -0.251437 -1.418304
v -2.091930 -0.500452 -1.397783
v -2.041071 -0.744648 -1.363800
v -1.970555 -0.981672 -1.316683
v -1.881061 -1.209242 -1.256884
v -1.773454 -1.425167 -1.184983
v -1.648764 -1.627367 -1.101669
v -1.508198 -1.813893 -1.007746
v -1.353106 -1.982952 -0.904116
v -1.184984 -2.132913 -0.791780
v -1.005449 -2.262333 -0.671819
v -0.816230 -2.369966 -0.545387
v -0.619153 -2.454775 -0.413704
v -0.416111 -2.515943 -0.278036
v -0.209062 -2.552881 -0.139691
v -0.194364 2.552881 -0.159510
v -0.386855 2.515942 -0.317483
v -0.575621 2.454775 -0.472400
v -0.758842 2.369966 -0.622766
v -0.934757 2.262334 -0.767135
v -1.101670 2.132913 -0.904116
v -1.257971 1.982952 -1.032390
v -1.402159 1.813893 -1.150722
v -1.532842 1.627367 -1.257971
v -1.648765 1.425167 -1.353106
v -1.748807 1.209242 -1.435208
v -1.832008 0.981672 -1.503489
v -1.897567 0.744648 -1.557293
v -1.944850 0.500452 -1.596097
v -1.973403 0.251437 -1.619530
v -1.982951 -0.000000 -1.627367
v -1.973403 -0.251437 -1.619530
v -1.944850 -0.500452 -1.596097
v -1.897567 -0.744648 -1.557293
v -1.832009 -0.981672 -1.503490
v -1.748807 -1.209242 -1.435209
v -1.648765 -1.425167 -1.353106
v -1.532842 -1.627367 -1.257971
v -1.402159 -1.813893 -1.150722
v -1.257971 -1.982952 -1.032390
v -1.101670 -2.132913 -0.904116
v -0.934757 -2.262333 -0.767135
v -0.758842 -2.369966 -0.622766
v -0.575621 -2.454775 -0.472400
v -0.386855 -2.515943 -0.317483
v -0.194363 -2.552881 -0.159510
v -0.177793 2.552881 -0.177793
v -0.353874 2.515942 -0.353873
v -0.526546 2.454775 -0.526546
v -0.694147 2.369966 -0.694146
v -0.855063 2.262334 -0.855063
v -1.007746 2.132913 -1.007745
v -1.150722 1.982952 -1.150722
v -1.282617 1.813893 -1.282617
v -1.402158 1.627367 -1.402158
v -1.508198 1.425167 -1.508198
v -1.599711 1.209242 -1.599710
v -1.675819 0.981672 -1.675818
v -1.735788 0.744648 -1.735788
v -1.779040 0.500452 -1.779040
v -1.805159 0.251437 -1.805159
v -1.813893 -0.000000 -1.813893
v -1.805159 -0.251437 -1.805159
v -1.779040 -0.500452 -1.779040
v -1.735788 -0.744648 -1.735788
v -1.675819 -0.981672 -1.675819
v -1.599711 -1.209242 -1.599711
v -1.508198 -1.425167 -1.508198
v -1.402159 -1.627367 -1.402158
v -1.282617 -1.813893 -1.282617
v -1.150722 -1.982952 -1.150722
v -1.007746 -2.132913 -1.007745
v -0.855064 -2.262333 -0.855063
v -0.694147 -2.369966 -0.694146
v -0.526546 -2.454775 -0.526546
v -0.353873 -2.515943 -0.353873
v -0.177793 -2.552881 -0.177793
v -0.159510 2.552881 -0.194363
v -0.317484 2.515942 -0.386855
v -0.472400 2.454775 -0.575621
v -0.622766 2.369966 -0.758842
v -0.767135 2.262334 -0.934756
v -0.904118 2.132913 -1.101669
v -1.032391 1.982952 -1.257971
v -1.150722 1.813893 -1.402159
v -1.257971 1.627367 -1.532842
v -1.353106 1.425167 -1.648764
v -1.435208 1.209242 -1.748806
v -1.503490 0.981672 -1.832007
v -1.557293 0.744648 -1.897567
v -1.596097 0.500452 -1.944850
v -1.619530 0.251437 -1.973403
v -1.627366 -0.000000 -1.982951
v -1.619530 -0.251437 -1.973403
v -1.596097 -0.500452 -1.944850
v -1.557293 -0.744648 -1.897567
v -1.503490 -0.981672 -1.832008
v -1.435209 -1.209242 -1.748807
v -1.353107 -1.425167 -1.648764
v -1.257971 -1.627367 -1.532842
v -1.150722 -1.813893 -1.402159
v -1.032391 -1.982952 -1.257971
v -0.904118 -2.132913 -1.101669
v -0.767136 -2.262333 -0.934757
v -0.622766 -2.369966 -0.758842
v -0.472400 -2.454775 -0.575621
v -0.317484 -2.515943 -0.386855
v -0.159510 -2.552881 -0.194363
v -0.139691 2.552881 -0.209062
v -0.278037 2.515942 -0.416111
v -0.413704 2.454775 -0.619152
v -0.545387 2.369966 -0.816230
v -0.671819 2.262334 -1.005448
v -0.791782 2.132913 -1.184983
v -0.904116 1.982952 -1.353106
v -1.007745 1.813893 -1.508198
v -1.101669 1.627367 -1.648763
v -1.184984 1.425167 -1.773453
v -1.256884 1.209242 -1.881060
v -1.316682 0.981672 -1.970554
v -1.363800 0.744648 -2.041071
v -1.397783 0.500452 -2.091930
v -1.418304 0.251437 -2.122642
v -1.425166 -0.000000 -2.132913
v -1.418304 -0.251437 -2.122642
v -1.397783 -0.500452 -2.091930
v -1.363800 -0.744648 -2.041071
v -1.316682 -0.981672 -1.970554
v -1.256885 -1.209242 -1.881061
v -1.184984 -1.425167 -1.773453
v -1.101669 -1.627367 -1.648763
v -1.007745 -1.813893 -1.508198
v -0.904116 -1.982952 -1.353106
v -0.791782 -2.132913 -1.184983
v -0.671819 -2.262333 -1.005448
v -0.545388 -2.369966 -0.816230
v -0.413704 -2.454775 -0.619152
v -0.278037 -2.515943 -0.416111
v -0.139691 -2.552881 -0.209062
v -0.118527 2.552881 -0.221747
v -0.235912 2.515942 -0.441359
v -0.351025 2.454775 -0.656721
v -0.462757 2.369966 -0.865757
v -0.570033 2.262334 -1.066456
v -0.671820 2.132913 -1.256885
v -0.767135 1.982952 -1.435209
v -0.855064 1.813893 -1.599712
v -0.934757 1.627367 -1.748806
v -1.005449 1.425167 -1.881062
v -1.066456 1.209242 -1.995199
v -1.117194 0.981672 -2.090122
v -1.157173 0.744648 -2.164918
v -1.186007 0.500452 -2.218863
v -1.203419 0.251437 -2.251440
v -1.209242 -0.000000 -2.262333
v -1.203419 -0.251437 -2.251440
v -1.186007 -0.500452 -2.218863
v -1.157173 -0.744648 -2.164918
v -1.117194 -0.981672 -2.090123
v -1.066456 -1.209242 -1.995199
v -1.005449 -1.425167 -1.881062
v -0.934757 -1.627367 -1.748806
v -0.855064 -1.813893 -1.599712
v -0.767135 -1.982952 -1.435209
v -0.671820 -2.132913 -1.256885
v -0.570033 -2.262333 -1.066456
v -0.462757 -2.369966 -0.865757
v -0.351025 -2.454775 -0.656721
v -0.235912 -2.515943 -0.441359
v -0.118527 -2.552881 -0.221747
v -0.096221 2.552881 -0.232297
v -0.191515 2.515942 -0.462357
v -0.284964 2.454775 -0.687965
v -0.375669 2.369966 -0.906946
v -0.462757 2.262334 -1.117194
v -0.545389 2.132913 -1.316683
v -0.622766 1.982952 -1.503490
v -0.694147 1.813893 -1.675820
v -0.758843 1.627367 -1.832008
v -0.816231 1.425167 -1.970555
v -0.865757 1.209242 -2.090122
v -0.906947 0.981672 -2.189562
v -0.939402 0.744648 -2.267916
v -0.962810 0.500452 -2.324428
v -0.976945 0.251437 -2.358554
v -0.981672 -0.000000 -2.369966
v -0.976945 -0.251437 -2.358554
v -0.962810 -0.500452 -2.324428
v -0.939402 -0.744648 -2.267916
v -0.906947 -0.981672 -2.189563
v -0.865757 -1.209242 -2.090123
v -0.816231 -1.425167 -1.970555
v -0.758843 -1.627367 -1.832008
v -0.694147 -1.813893 -1.675820
v -0.622766 -1.982952 -1.503490
v -0.545389 -2.132913 -1.316683
v -0.462757 -2.262333 -1.117194
v -0.375669 -2.369966 -0.906946
v -0.284965 -2.454775 -0.687965
v -0.191515 -2.515943 -0.462357
v -0.096221 -2.552881 -0.232297
v -0.072988 2.552881 -0.240610
v -0.145274 2.515942 -0.478903
v -0.216160 2.454775 -0.712584
v -0.284964 2.369966 -0.939401
v -0.351025 2.262334 -1.157172
v -0.413705 2.132913 -1.363800
v -0.472399 1.982952 -1.557293
v -0.526545 1.813893 -1.735788
v -0.575620 1.627367 -1.897565
v -0.619153 1.425167 -2.041071
v -0.656720 1.209242 -2.164917
v -0.687965 0.981672 -2.267915
v -0.712583 0.744648 -2.349073
v -0.730340 0.500452 -2.407607
v -0.741062 0.251437 -2.442954
v -0.744647 -0.000000 -2.454774
v -0.741062 -0.251437 -2.442954
v -0.730340 -0.500452 -2.407607
v -0.712584 -0.744648 -2.349073
v -0.687965 -0.981672 -2.267915
v -0.656720 -1.209242 -2.164917
v -0.619153 -1.425167 -2.041071
v -0.575621 -1.627367 -1.897565
v -0.526545 -1.813893 -1.735788
v -0.472399 -1.982952 -1.557293
v -0.413705 -2.132913 -1.363800
v -0.351025 -2.262333 -1.157173
v -0.284964 -2.369966 -0.939401
v -0.216160 -2.454775 -0.712584
v -0.145274 -2.515943 -0.478903
v -0.072988 -2.552881 -0.240610
v -0.049053 2.552881 -0.246605
v -0.097634 2.515942 -0.490836
v -0.145274 2.454775 -0.730340
v -0.191515 2.369966 -0.962809
v -0.235912 2.262334 -1.186006
v -0.278037 2.132913 -1.397783
v -0.317483 1.982952 -1.596097
v -0.353873 1.813893 -1.779040
v -0.386855 1.627367 -1.944849
v -0.416111 1.425167 -2.091930
v -0.441359 1.209242 -2.218862
v -0.462358 0.981672 -2.324427
v -0.478903 0.744648 -2.407607
v -0.490836 0.500452 -2.467599
v -0.498042 0.251437 -2.503827
v -0.500452 -0.000000 -2.515942
v -0.498042 -0.251437 -2.503827
v -0.490836 -0.500452 -2.467599
v -0.478903 -0.744648 -2.407607
v -0.462357 -0.981672 -2.324427
v -0.441359 -1.209242 -2.218863
v -0.416112 -1.425167 -2.091930
v -0.386855 -1.627367 -1.944849
v -0.353873 -1.813893 -1.779040
v -0.317483 -1.982952 -1.596097
v -0.278037 -2.132913 -1.397783
v -0.235912 -2.262333 -1.186007
v -0.191515 -2.369966 -0.962809
v -0.145274 -2.454775 -0.730340
v -0.097634 -2.515943 -0.490836
v -0.049053 -2.552881 -0.246605
v -0.024645 2.552881 -0.250226
v -0.049053 2.515942 -0.498042
v -0.072988 2.454775 -0.741062
v -0.096221 2.369966 -0.976944
v -0.118527 2.262334 -1.203419
v -0.139692 2.132913 -1.418305
v -0.159510 1.982952 -1.619530
v -0.177792 1.813893 -1.805159
v -0.194363 1.627367 -1.973402
v -0.209062 1.425167 -2.122643
v -0.221747 1.209242 -2.251438
v -0.232298 0.981672 -2.358553
v -0.240610 0.744648 -2.442954
v -0.246606 0.500452 -2.503827
v -0.250226 0.251437 -2.540587
v -0.251436 -0.000000 -2.552880
v -0.250226 -0.251437 -2.540587
v -0.246606 -0.500452 -2.503827
v -0.240610 -0.744648 -2.442954
v -0.232297 -0.981672 -2.358553
v -0.221747 -1.209242 -2.251439
v -0.209063 -1.425167 -2.122643
v -0.194363 -1.627367 -1.973402
v -0.177792 -1.813893 -1.805159
v -0.159510 -1.982952 -1.619530
v -0.139692 -2.132913 -1.418305
v -0.118527 -2.262333 -1.203419
v -0.096221 -2.369966 -0.976944
v -0.072988 -2.454775 -0.741063
v -0.049053 -2.515943 -0.498042
v -0.024645 -2.552881 -0.250226
v -0.000000 2.515942 -0.500452
v -0.000000 2.262334 -1.209242
v -0.000001 2.132913 -1.425168
v -0.000000 1.425167 -2.132914
v -0.000000 0.981672 -2.369965
v -0.000000 -0.500452 -2.515943
v 0.000000 -0.744648 -2.454775
v 0.000000 -1.209242 -2.262332
v -0.000001 -1.425167 -2.132914
v -0.000000 -1.627367 -1.982951
v 0.000000 -1.813893 -1.813894
v -0.000001 -2.132913 -1.425168
v -0.000000 -2.262333 -1.209242
v -0.000000 -2.515943 -0.500452
vn -0.0000 0.9950 -0.0995
vn -0.0000 0.9565 -0.2917
vn -0.0000 0.9233 -0.3840
vn -0.0000 0.7723 -0.6353
vn -0.0000 0.7063 -0.7079
vn -0.0000 0.6336 -0.7736
vn -0.0000 0.4708 -0.8823
vn -0.0000 0.2899 -0.9571
vn -0.0000 0.1948 -0.9808
vn -0.0000 0.0979 -0.9952
vn -0.0000 -0.0000 -1.0000
vn -0.0000 -0.0979 -0.9952
vn -0.0000 -0.3821 -0.9241
vn -0.0000 -0.7723 -0.6353
vn -0.0000 -0.9233 -0.3840
vn -0.0000 -0.9565 -0.2917
vn -0.0000 -0.9950 -0.0995
vn 0.0098 0.9950 -0.0991
vn 0.0193 0.9805 -0.1956
vn 0.0286 0.9565 -0.2903
vn 0.0376 0.9233 -0.3821
vn 0.0463 0.8813 -0.4703
vn 0.0546 0.8308 -0.5539
vn 0.0623 0.7723 -0.6322
vn 0.0694 0.7063 -0.7045
vn 0.0758 0.6336 -0.7699
vn 0.0815 0.5549 -0.8279
vn 0.0865 0.4708 -0.8780
vn 0.0906 0.3821 -0.9197
vn 0.0938 0.2899 -0.9525
vn 0.0961 0.1948 -0.9761
vn 0.0975 0.0979 -0.9904
vn 0.0980 -0.0000 -0.9952
vn 0.0975 -0.0979 -0.9904
vn 0.0961 -0.1948 -0.9761
vn 0.0938 -0.2899 -0.9525
vn 0.0906 -0.3821 -0.9197
vn 0.0865 -0.4708 -0.8780
vn 0.0815 -0.5549 -0.8279
vn 0.0758 -0.6336 -0.7699
vn 0.0694 -0.7063 -0.7045
vn 0.0623 -0.7723 -0.6322
vn 0.0546 -0.8308 -0.5539
vn 0.0463 -0.8813 -0.4703
vn 0.0376 -0.9233 -0.3821
vn 0.0286 -0.9565 -0.2903
vn 0.0193 -0.9805 -0.1956
vn 0.0098 -0.9950 -0.0991
vn 0.0194 0.9950 -0.0976
vn 0.0383 0.9805 -0.1928
vn 0.0569 0.9565 -0.2861
vn 0.0749 0.9233 -0.3766
vn 0.0922 0.8813 -0.4635
vn 0.1086 0.8308 -0.5459
vn 0.1239 0.7723 -0.6231
vn 0.1381 0.7063 -0.6943
vn 0.1509 0.6336 -0.7588
vn 0.1623 0.5549 -0.8160
vn 0.1721 0.4708 -0.8653
vn 0.1803 0.3821 -0.9063
vn 0.1867 0.2899 -0.9387
vn 0.1914 0.1948 -0.9620
vn 0.1942 0.0979 -0.9761
vn 0.1951 -0.0000 -0.9808
vn 0.1942 -0.0979 -0.9761
vn 0.1914 -0.1948 -0.9620
vn 0.1867 -0.2899 -0.9387
vn 0.1803 -0.3821 -0.9063
vn 0.1721 -0.4708 -0.8653
vn 0.1623 -0.5549 -0.8160
vn 0.1509 -0.6336 -0.7588
vn 0.1381 -0.7063 -0.6943
vn 0.1239 -0.7723 -0.6231
vn 0.1086 -0.8308 -0.5459
vn 0.0922 -0.8813 -0.4635
vn 0.0749 -0.9233 -0.3766
vn 0.0569 -0.9565 -0.2861
vn 0.0383 -0.9805 -0.1928
vn 0.0194 -0.9950 -0.0976
vn 0.0289 0.9950 -0.0952
vn 0.0571 0.9805 -0.1881
vn 0.0847 0.9565 -0.2791
vn 0.1115 0.9233 -0.3675
vn 0.1372 0.8813 -0.4522
vn 0.1616 0.8308 -0.5327
vn 0.1844 0.7723 -0.6080
vn 0.2055 0.7063 -0.6774
vn 0.2246 0.6336 -0.7403
vn 0.2415 0.5549 -0.7961
vn 0.2561 0.4708 -0.8443
vn 0.2683 0.3821 -0.8843
vn 0.2778 0.2899 -0.9159
vn 0.2847 0.1948 -0.9386
vn 0.2889 0.0979 -0.9523
vn 0.2903 -0.0000 -0.9569
vn 0.2889 -0.0979 -0.9523
vn 0.2847 -0.1948 -0.9386
vn 0.2778 -0.2899 -0.9159
vn 0.2683 -0.3821 -0.8843
vn 0.2561 -0.4708 -0.8443
vn 0.2415 -0.5549 -0.7961
vn 0.2246 -0.6336 -0.7403
vn 0.2055 -0.7063 -0.6774
vn 0.1844 -0.7723 -0.6080
vn 0.1616 -0.8308 -0.5327
vn 0.1372 -0.8813 -0.4522
vn 0.1115 -0.9233 -0.3675
vn 0.0847 -0.9565 -0.2791
vn 0.0571 -0.9805 -0.1881
vn 0.0289 -0.9950 -0.0952
vn 0.0381 0.9950 -0.0920
vn 0.0752 0.9805 -0.1816
vn 0.1116 0.9565 -0.2695
vn 0.1469 0.9233 -0.3548
vn 0.1809 0.8813 -0.4366
vn 0.2130 0.8308 -0.5143
vn 0.2431 0.7723 -0.5869
vn 0.2709 0.7063 -0.6540
vn 0.2961 0.6336 -0.7147
vn 0.3184 0.5549 -0.7686
vn 0.3376 0.4708 -0.8151
vn 0.3536 0.3821 -0.8538
vn 0.3663 0.2899 -0.8842
vn 0.3754 0.1948 -0.9062
vn 0.3808 0.0979 -0.9194
vn 0.3827 -0.0000 -0.9239
vn 0.3808 -0.0979 -0.9194
vn 0.3754 -0.1948 -0.9062
vn 0.3663 -0.2899 -0.8842
vn 0.3536 -0.3821 -0.8538
vn 0.3376 -0.4708 -0.8151
vn 0.3184 -0.5549 -0.7686
vn 0.2961 -0.6336 -0.7147
vn 0.2709 -0.7063 -0.6540
vn 0.2431 -0.7723 -0.5869
vn 0.2130 -0.8308 -0.5143
vn 0.1809 -0.8813 -0.4366
vn 0.1469 -0.9233 -0.3548
vn 0.1116 -0.9565 -0.2695
vn 0.0752 -0.9805 -0.1816
vn 0.0381 -0.9950 -0.0920
vn 0.0469 0.9950 -0.0878
vn 0.0927 0.9805 -0.1734
vn 0.1375 0.9565 -0.2572
vn 0.1810 0.9233 -0.3386
vn 0.2228 0.8813 -0.4168
vn 0.2624 0.8308 -0.4909
vn 0.2995 0.7723 -0.5603
vn 0.3337 0.7063 -0.6243
vn 0.3647 0.6336 -0.6823
vn 0.3922 0.5549 -0.7337
vn 0.4159 0.4708 -0.7781
vn 0.4356 0.3821 -0.8150
vn 0.4512 0.2899 -0.8441
vn 0.4624 0.1948 -0.8650
vn 0.4691 0.0979 -0.8777
vn 0.4714 -0.0000 -0.8819
vn 0.4691 -0.0979 -0.8777
vn 0.4624 -0.1948 -0.8650
vn 0.4512 -0.2899 -0.8441
vn 0.4356 -0.3821 -0.8150
vn 0.4159 -0.4708 -0.7781
vn 0.3922 -0.5549 -0.7337
vn 0.3647 -0.6336 -0.6823
vn 0.3337 -0.7063 -0.6243
vn 0.2995 -0.7723 -0.5603
vn 0.2624 -0.8308 -0.4909
vn 0.2228 -0.8813 -0.4168
vn 0.1810 -0.9233 -0.3386
vn 0.1375 -0.9565 -0.2572
vn 0.0927 -0.9805 -0.1734
vn 0.0469 -0.9950 -0.0878
vn 0.0553 0.9950 -0.0828
vn 0.1092 0.9805 -0.1634
vn 0.1621 0.9565 -0.2425
vn 0.2133 0.9233 -0.3193
vn 0.2626 0.8813 -0.3929
vn 0.3092 0.8308 -0.4628
vn 0.3530 0.7723 -0.5282
vn 0.3933 0.7063 -0.5886
vn 0.4298 0.6336 -0.6432
vn 0.4622 0.5549 -0.6917
vn 0.4902 0.4708 -0.7336
vn 0.5134 0.3821 -0.7684
vn 0.5317 0.2899 -0.7958
vn 0.5449 0.1948 -0.8155
vn 0.5529 0.0979 -0.8275
vn 0.5556 -0.0000 -0.8315
vn 0.5529 -0.0979 -0.8275
vn 0.5449 -0.1948 -0.8155
vn 0.5317 -0.2899 -0.7958
vn 0.5134 -0.3821 -0.7684
vn 0.4902 -0.4708 -0.7336
vn 0.4622 -0.5549 -0.6917
vn 0.4298 -0.6336 -0.6432
vn 0.3933 -0.7063 -0.5886
vn 0.3530 -0.7723 -0.5282
vn 0.3092 -0.8308 -0.4628
vn 0.2626 -0.8813 -0.3929
vn 0.2133 -0.9233 -0.3193
vn 0.1621 -0.9565 -0.2425
vn 0.1092 -0.9805 -0.1634
vn 0.0553 -0.9950 -0.0828
vn 0.0631 0.9950 -0.0769
vn 0.1247 0.9805 -0.1519
vn 0.1850 0.9565 -0.2255
vn 0.2436 0.9233 -0.2968
vn 0.2998 0.8813 -0.3653
vn 0.3531 0.8308 -0.4303
vn 0.4030 0.7723 -0.4911
vn 0.4491 0.7063 -0.5472
vn 0.4908 0.6336 -0.5980
vn 0.5278 0.5549 -0.6431
vn 0.5597 0.4708 -0.6820
vn 0.5862 0.3821 -0.7143
vn 0.6072 0.2899 -0.7398
vn 0.6222 0.1948 -0.7582
vn 0.6313 0.0979 -0.7693
vn 0.6344 -0.0000 -0.7730
vn 0.6313 -0.0979 -0.7693
vn 0.6222 -0.1948 -0.7582
vn 0.6072 -0.2899 -0.7398
vn 0.5862 -0.3821 -0.7143
vn 0.5597 -0.4708 -0.6820
vn 0.5278 -0.5549 -0.6431
vn 0.4908 -0.6336 -0.5980
vn 0.4491 -0.7063 -0.5472
vn 0.4030 -0.7723 -0.4911
vn 0.3531 -0.8308 -0.4303
vn 0.2998 -0.8813 -0.3653
vn 0.2436 -0.9233 -0.2968
vn 0.1850 -0.9565 -0.2255
vn 0.1247 -0.9805 -0.1519
vn 0.0631 -0.9950 -0.0769
vn 0.0704 0.9950 -0.0704
vn 0.1390 0.9805 -0.1390
vn 0.2063 0.9565 -0.2063
vn 0.2715 0.9233 -0.2715
vn 0.3342 0.8813 -0.3342
vn 0.3936 0.8308 -0.3936
vn 0.4492 0.7723 -0.4492
vn 0.5005 0.7063 -0.5005
vn 0.5470 0.6336 -0.5470
vn 0.5883 0.5549 -0.5883
vn 0.6239 0.4708 -0.6239
vn 0.6534 0.3821 -0.6534
vn 0.6768 0.2899 -0.6767
vn 0.6936 0.1948 -0.6936
vn 0.7037 0.0979 -0.7037
vn 0.7071 -0.0000 -0.7071
vn 0.7037 -0.0979 -0.7037
vn 0.6936 -0.1948 -0.6936
vn 0.6768 -0.2899 -0.6768
vn 0.6534 -0.3821 -0.6534
vn 0.6239 -0.4708 -0.6239
vn 0.5883 -0.5549 -0.5883
vn 0.5470 -0.6336 -0.5470
vn 0.5005 -0.7063 -0.5005
vn 0.4492 -0.7723 -0.4492
vn 0.3936 -0.8308 -0.3936
vn 0.3342 -0.8813 -0.3342
vn 0.2715 -0.9233 -0.2715
vn 0.2063 -0.9565 -0.2063
vn 0.1390 -0.9805 -0.1390
vn 0.0704 -0.9950 -0.0704
vn 0.0769 0.9950 -0.0631
vn 0.1519 0.9805 -0.1247
vn 0.2255 0.9565 -0.1850
vn 0.2968 0.9233 -0.2436
vn 0.3653 0.8813 -0.2998
vn 0.4303 0.8308 -0.3531
vn 0.4911 0.7723 -0.4030
vn 0.5472 0.7063 -0.4491
vn 0.5980 0.6336 -0.4908
vn 0.6431 0.5549 -0.5278
vn 0.6820 0.4708 -0.5597
vn 0.7143 0.3821 -0.5862
vn 0.7398 0.2899 -0.6072
vn 0.7582 0.1948 -0.6222
vn 0.7693 0.0979 -0.6313
vn 0.7730 -0.0000 -0.6344
vn 0.7693 -0.0979 -0.6313
vn 0.7582 -0.1948 -0.6222
vn 0.7398 -0.2899 -0.6072
vn 0.7143 -0.3821 -0.5862
vn 0.6820 -0.4708 -0.5597
vn 0.6431 -0.5549 -0.5278
vn 0.5980 -0.6336 -0.4908
vn 0.5472 -0.7063 -0.4491
vn 0.4911 -0.7723 -0.4030
vn 0.4303 -0.8308 -0.3531
vn 0.3653 -0.8813 -0.2998
vn 0.2968 -0.9233 -0.2436
vn 0.2255 -0.9565 -0.1850
vn 0.1519 -0.9805 -0.1247
vn 0.0769 -0.9950 -0.0631
vn 0.0828 0.9950 -0.0553
vn 0.1634 0.9805 -0.1092
vn 0.2425 0.9565 -0.1621
vn 0.3193 0.9233 -0.2133
vn 0.3929 0.8813 -0.2626
vn 0.4628 0.8308 -0.3092
vn 0.5282 0.7723 -0.3530
vn 0.5886 0.7063 -0.3933
vn 0.6432 0.6336 -0.4298
vn 0.6917 0.5549 -0.4622
vn 0.7336 0.4708 -0.4902
vn 0.7684 0.3821 -0.5134
vn 0.7958 0.2899 -0.5317
vn 0.8155 0.1948 -0.5449
vn 0.8275 0.0979 -0.5529
vn 0.8315 -0.0000 -0.5556
vn 0.8275 -0.0979 -0.5529
vn 0.8155 -0.1948 -0.5449
vn 0.7958 -0.2899 -0.5317
vn 0.7684 -0.3821 -0.5134
vn 0.7336 -0.4708 -0.4902
vn 0.6917 -0.5549 -0.4622
vn 0.6432 -0.6336 -0.4298
vn 0.5886 -0.7063 -0.3933
vn 0.5282 -0.7723 -0.3530
vn 0.4628 -0.8308 -0.3092
vn 0.3929 -0.8813 -0.2626
vn 0.3193 -0.9233 -0.2133
vn 0.2425 -0.9565 -0.1621
vn 0.1634 -0.9805 -0.1092
vn 0.0828 -0.9950 -0.0553
vn 0.0878 0.9950 -0.0469
vn 0.1734 0.9805 -0.0927
vn 0.2572 0.9565 -0.1375
vn 0.3386 0.9233 -0.1810
vn 0.4168 0.8813 -0.2228
vn 0.4909 0.8308 -0.2624
vn 0.5603 0.7723 -0.2995
vn 0.6243 0.7063 -0.3337
vn 0.6823 0.6336 -0.3647
vn 0.7337 0.5549 -0.3922
vn 0.7781 0.4708 -0.4159
vn 0.8150 0.3821 -0.4356
vn 0.8441 0.2899 -0.4512
vn 0.8650 0.1948 -0.4624
vn 0.8777 0.0979 -0.4691
vn 0.8819 -0.0000 -0.4714
vn 0.8777 -0.0979 -0.4691
vn 0.8650 -0.1948 -0.4624
vn 0.8441 -0.2899 -0.4512
vn 0.8150 -0.3821 -0.4356
vn 0.7781 -0.4708 -0.4159
vn 0.7337 -0.5549 -0.3922
vn 0.6823 -0.6336 -0.3647
vn 0.6243 -0.7063 -0.3337
vn 0.5603 -0.7723 -0.2995
vn 0.4909 -0.8308 -0.2624
vn 0.4168 -0.8813 -0.2228
vn 0.3386 -0.9233 -0.1810
vn 0.2572 -0.9565 -0.1375
vn 0.1734 -0.9805 -0.0927
vn 0.0878 -0.9950 -0.0469
vn 0.0920 0.9950 -0.0381
vn 0.1816 0.9805 -0.0752
vn 0.2695 0.9565 -0.1116
vn 0.3548 0.9233 -0.1469
vn 0.4366 0.8813 -0.1809
vn 0.5143 0.8308 -0.2130
vn 0.5869 0.7723 -0.2431
vn 0.6540 0.7063 -0.2709
vn 0.7147 0.6336 -0.2961
vn 0.7686 0.5549 -0.3184
vn 0.8151 0.4708 -0.3376
vn 0.8538 0.3821 -0.3536
vn 0.8842 0.2899 -0.3663
vn 0.9062 0.1948 -0.3754
vn 0.9194 0.0979 -0.3808
vn 0.9239 -0.0000 -0.3827
vn 0.9194 -0.0979 -0.3808
vn 0.9062 -0.1948 -0.3754
vn 0.8842 -0.2899 -0.3663
vn 0.8538 -0.3821 -0.3536
vn 0.8151 -0.4708 -0.3376
vn 0.7686 -0.5549 -0.3184
vn 0.7147 -0.6336 -0.2961
vn 0.6540 -0.7063 -0.2709
vn 0.5869 -0.7723 -0.2431
vn 0.5143 -0.8308 -0.2130
vn 0.4366 -0.8813 -0.1809
vn 0.3548 -0.9233 -0.1469
vn 0.2695 -0.9565 -0.1116
vn 0.1816 -0.9805 -0.0752
vn 0.0920 -0.9950 -0.0381
vn 0.0952 0.9950 -0.0289
vn 0.1881 0.9805 -0.0571
vn 0.2791 0.9565 -0.0847
vn 0.3675 0.9233 -0.1115
vn 0.4522 0.8813 -0.1372
vn 0.5327 0.8308 -0.1616
vn 0.6080 0.7723 -0.1844
vn 0.6774 0.7063 -0.2055
vn 0.7403 0.6336 -0.2246
vn 0.7961 0.5549 -0.2415
vn 0.8443 0.4708 -0.2561
vn 0.8843 0.3821 -0.2683
vn 0.9159 0.2899 -0.2778
vn 0.9386 0.1948 -0.2847
vn 0.9523 0.0979 -0.2889
vn 0.9569 -0.0000 -0.2903
vn 0.9523 -0.0979 -0.2889
vn 0.9386 -0.1948 -0.2847
vn 0.9159 -0.2899 -0.2778
vn 0.8843 -0.3821 -0.2683
vn 0.8443 -0.4708 -0.2561
vn 0.7961 -0.5549 -0.2415
vn 0.7403 -0.6336 -0.2246
vn 0.6774 -0.7063 -0.2055
vn 0.6080 -0.7723 -0.1844
vn 0.5327 -0.8308 -0.1616
vn 0.4522 -0.8813 -0.1372
vn 0.3675 -0.9233 -0.1115
vn 0.2791 -0.9565 -0.0847
vn 0.1881 -0.9805 -0.0571
vn 0.0952 -0.9950 -0.0289
vn 0.0976 0.9950 -0.0194
vn 0.1928 0.9805 -0.0383
vn 0.2861 0.9565 -0.0569
vn 0.3766 0.9233 -0.0749
vn 0.4635 0.8813 -0.0922
vn 0.5459 0.8308 -0.1086
vn 0.6231 0.7723 -0.1239
vn 0.6943 0.7063 -0.1381
vn 0.7588 0.6336 -0.1509
vn 0.8160 0.5549 -0.1623
vn 0.8653 0.4708 -0.1721
vn 0.9063 0.3821 -0.1803
vn 0.9387 0.2899 -0.1867
vn 0.9620 0.1948 -0.1914
vn 0.9761 0.0979 -0.1942
vn 0.9808 -0.0000 -0.1951
vn 0.9761 -0.0979 -0.1942
vn 0.9620 -0.1948 -0.1914
vn 0.9387 -0.2899 -0.1867
vn 0.9063 -0.3821 -0.1803
vn 0.8653 -0.4708 -0.1721
vn 0.8160 -0.5549 -0.1623
vn 0.7588 -0.6336 -0.1509
vn 0.6943 -0.7063 -0.1381
vn 0.6231 -0.7723 -0.1239
vn 0.5459 -0.8308 -0.1086
vn 0.4635 -0.8813 -0.0922
vn 0.3766 -0.9233 -0.0749
vn 0.2861 -0.9565 -0.0569
vn 0.1928 -0.9805 -0.0383
vn 0.0976 -0.9950 -0.0194
vn 0.0991 0.9950 -0.0098
vn 0.1956 0.9805 -0.0193
vn 0.2903 0.9565 -0.0286
vn 0.3821 0.9233 -0.0376
vn 0.4703 0.8813 -0.0463
vn 0.5539 0.8308 -0.0546
vn 0.6322 0.7723 -0.0623
vn 0.7045 0.7063 -0.0694
vn 0.7699 0.6336 -0.0758
vn 0.8279 0.5549 -0.0815
vn 0.8780 0.4708 -0.0865
vn 0.9197 0.3821 -0.0906
vn 0.9525 0.2899 -0.0938
vn 0.9761 0.1948 -0.0961
vn 0.9904 0.0979 -0.0975
vn 0.9952 -0.0000 -0.0980
vn 0.9904 -0.0979 -0.0975
vn 0.9761 -0.1948 -0.0961
vn 0.9525 -0.2899 -0.0938
vn 0.9197 -0.3821 -0.0906
vn 0.8780 -0.4708 -0.0865
vn 0.8279 -0.5549 -0.0815
vn 0.7699 -0.6336 -0.0758
vn 0.7045 -0.7063 -0.0694
vn 0.6322 -0.7723 -0.0623
vn 0.5539 -0.8308 -0.0546
vn 0.4703 -0.8813 -0.0463
vn 0.3821 -0.9233 -0.0376
vn 0.2903 -0.9565 -0.0286
vn 0.1956 -0.9805 -0.0193
vn 0.0991 -0.9950 -0.0098
vn 0.0995 0.9950 -0.0000
vn 0.1966 0.9805 -0.0000
vn 0.2917 0.9565 -0.0000
vn 0.3840 0.9233 -0.0000
vn 0.4726 0.8813 -0.0000
vn 0.5566 0.8308 -0.0000
vn 0.6353 0.7723 -0.0000
vn 0.7079 0.7063 -0.0000
vn 0.7736 0.6336 -0.0000
vn 0.8319 0.5549 -0.0000
vn 0.8823 0.4708 -0.0000
vn 0.9241 0.3821 -0.0000
vn 0.9571 0.2899 -0.0000
vn 0.9808 0.1948 -0.0000
vn 0.9952 0.0979 -0.0000
vn 1.0000 -0.0000 -0.0000
vn 0.9952 -0.0979 -0.0000
vn 0.9808 -0.1948 -0.0000
vn 0.9571 -0.2899 -0.0000
vn 0.9241 -0.3821 -0.0000
vn 0.8823 -0.4708 -0.0000
vn 0.8319 -0.5549 -0.0000
vn 0.7736 -0.6336 -0.0000
vn 0.7079 -0.7063 -0.0000
vn 0.6353 -0.7723 -0.0000
vn 0.5566 -0.8308 -0.0000
vn 0.4726 -0.8813 -0.0000
vn 0.3840 -0.9233 -0.0000
vn 0.2917 -0.9565 -0.0000
vn 0.1966 -0.9805 -0.0000
vn 0.0995 -0.9950 -0.0000
vn 0.0991 0.9950 0.0098
vn 0.1956 0.9805 0.0193
vn 0.2903 0.9565 0.0286
vn 0.3821 0.9233 0.0376
vn 0.4703 0.8813 0.0463
vn 0.5539 0.8308 0.0546
vn 0.6322 0.7723 0.0623
vn 0.7045 0.7063 0.0694
vn 0.7699 0.6336 0.0758
vn 0.8279 0.5549 0.0815
vn 0.8780 0.4708 0.0865
vn 0.9197 0.3821 0.0906
vn 0.9525 0.2899 0.0938
vn 0.9761 0.1948 0.0961
vn 0.9904 0.0979 0.0975
vn 0.9952 -0.0000 0.0980
vn 0.9904 -0.0979 0.0975
vn 0.9761 -0.1948 0.0961
vn 0.9525 -0.2899 0.0938
vn 0.9197 -0.3821 0.0906
vn 0.8780 -0.4708 0.0865
vn 0.8279 -0.5549 0.0815
vn 0.7699 -0.6336 0.0758
vn 0.7045 -0.7063 0.0694
vn 0.6322 -0.7723 0.0623
vn 0.5539 -0.8308 0.0546
vn 0.4703 -0.8813 0.0463
vn 0.3821 -0.9233 0.0376
vn 0.2903 -0.9565 0.0286
vn 0.1956 -0.9805 0.0193
vn 0.0991 -0.9950 0.0098
vn 0.0976 0.9950 0.0194
vn 0.1928 0.9805 0.0383
vn 0.2861 0.9565 0.0569
vn 0.3766 0.9233 0.0749
vn 0.4635 0.8813 0.0922
vn 0.5459 0.8308 0.1086
vn 0.6231 0.7723 0.1239
vn 0.6943 0.7063 0.1381
vn 0.7588 0.6336 0.1509
vn 0.8160 0.5549 0.1623
vn 0.8653 0.4708 0.1721
vn 0.9063 0.3821 0.1803
vn 0.9387 0.2899 0.1867
vn 0.9620 0.1948 0.1914
vn 0.9761 0.0979 0.1942
vn 0.9808 -0.0000 0.1951
vn 0.9761 -0.0979 0.1942
vn 0.9620 -0.1948 0.1914
vn 0.9387 -0.2899 0.1867
vn 0.9063 -0.3821 0.1803
vn 0.8653 -0.4708 0.1721
vn 0.8160 -0.5549 0.1623
vn 0.7588 -0.6336 0.1509
vn 0.6943 -0.7063 0.1381
vn 0.6231 -0.7723 0.1239
vn 0.5459 -0.8308 0.1086
vn 0.4635 -0.8813 0.0922
vn 0.3766 -0.9233 0.0749
vn 0.2861 -0.9565 0.0569
vn 0.1928 -0.9805 0.0383
vn 0.0976 -0.9950 0.0194
vn 0.0952 0.9950 0.0289
vn 0.1881 0.9805 0.0571
vn 0.2791 0.9565 0.0847
vn 0.3675 0.9233 0.1115
vn 0.4522 0.8813 0.1372
vn 0.5327 0.8308 0.1616
vn 0.6080 0.7723 0.1844
vn 0.6774 0.7063 0.2055
vn 0.7403 0.6336 0.2246
vn 0.7961 0.5549 0.2415
vn 0.8443 0.4708 0.2561
vn 0.8843 0.3821 0.2683
vn 0.9159 0.2899 0.2778
vn 0.9386 0.1948 0.2847
vn 0.9523 0.0979 0.2889
vn 0.9569 -0.0000 0.2903
vn 0.9523 -0.0979 0.2889
vn 0.9386 -0.1948 0.2847
vn 0.9159 -0.2899 0.2778
vn 0.8843 -0.3821 0.2683
vn 0.8443 -0.4708 0.2561
vn 0.7961 -0.5549 0.2415
vn 0.7403 -0.6336 0.2246
vn 0.6774 -0.7063 0.2055
vn 0.6080 -0.7723 0.1844
vn 0.5327 -0.8308 0.1616
vn 0.4522 -0.8813 0.1372
vn 0.3675 -0.9233 0.1115
vn 0.2791 -0.9565 0.0847
vn 0.1881 -0.9805 0.0571
vn 0.0952 -0.9950 0.0289
vn 0.0920 0.9950 0.0381
vn 0.1816 0.9805 0.0752
vn 0.2695 0.9565 0.1116
vn 0.3548 0.9233 0.1469
vn 0.4366 0.8813 0.1809
vn 0.5143 0.8308 0.2130
vn 0.5869 0.7723 0.2431
vn 0.6540 0.7063 0.2709
vn 0.7147 0.6336 0.2961
vn 0.7686 0.5549 0.3184
vn 0.8151 0.4708 0.3376
vn 0.8538 0.3821 0.3536
vn 0.8842 0.2899 0.3663
vn 0.9062 0.1948 0.3754
vn 0.9194 0.0979 0.3808
vn 0.9239 -0.0000 0.3827
vn 0.9194 -0.0979 0.3808
vn 0.9062 -0.1948 0.3754
vn 0.8842 -0.2899 0.3663
vn 0.8538 -0.3821 0.3536
vn 0.8151 -0.4708 0.3376
vn 0.7686 -0.5549 0.3184
vn 0.7147 -0.6336 0.2961
vn 0.6540 -0.7063 0.2709
vn 0.5869 -0.7723 0.2431
vn 0.5143 -0.8308 0.2130
vn 0.4366 -0.8813 0.1809
vn 0.3548 -0.9233 0.1469
vn 0.2695 -0.9565 0.1116
vn 0.1816 -0.9805 0.0752
vn 0.0920 -0.9950 0.0381
vn 0.0878 0.9950 0.0469
vn 0.1734 0.9805 0.0927
vn 0.2572 0.9565 0.1375
vn 0.3386 0.9233 0.1810
vn 0.4168 0.8813 0.2228
vn 0.4909 0.8308 0.2624
vn 0.5603 0.7723 0.2995
vn 0.6243 0.7063 0.3337
vn 0.6823 0.6336 0.3647
vn 0.7337 0.5549 0.3922
vn 0.7781 0.4708 0.4159
vn 0.8150 0.3821 0.4356
vn 0.8441 0.2899 0.4512
vn 0.8650 0.1948 0.4624
vn 0.8777 0.0979 0.4691
vn 0.8819 -0.0000 0.4714
vn 0.8777 -0.0979 0.4691
vn 0.8650 -0.1948 0.4624
vn 0.8441 -0.2899 0.4512
vn 0.8150 -0.3821 0.4356
vn 0.7781 -0.4708 0.4159
vn 0.7337 -0.5549 0.3922
vn 0.6823 -0.6336 0.3647
vn 0.6243 -0.7063 0.3337
vn 0.5603 -0.7723 0.2995
vn 0.4909 -0.8308 0.2624
vn 0.4168 -0.8813 0.2228
vn 0.3386 -0.9233 0.1810
vn 0.2572 -0.9565 0.1375
vn 0.1734 -0.9805 0.0927
vn 0.0878 -0.9950 0.0469
vn 0.0828 0.9950 0.0553
vn 0.1634 0.9805 0.1092
vn 0.2425 0.9565 0.1621
vn 0.3193 0.9233 0.2133
vn 0.3929 0.8813 0.2626
vn 0.4628 0.8308 0.3092
vn 0.5282 0.7723 0.3530
vn 0.5886 0.7063 0.3933
vn 0.6432 0.6336 0.4298
vn 0.6917 0.5549 0.4622
vn 0.7336 0.4708 0.4902
vn 0.7684 0.3821 0.5134
vn 0.7958 0.2899 0.5317
vn 0.8155 0.1948 0.5449
vn 0.8275 0.0979 0.5529
vn 0.8315 -0.0000 0.5556
vn 0.8275 -0.0979 0.5529
vn 0.8155 -0.1948 0.5449
vn 0.7958 -0.2899 0.5317
vn 0.7684 -0.3821 0.5134
vn 0.7336 -0.4708 0.4902
vn 0.6917 -0.5549 0.4622
vn 0.6432 -0.6336 0.4298
vn 0.5886 -0.7063 0.3933
vn 0.5282 -0.7723 0.3530
vn 0.4628 -0.8308 0.3092
vn 0.3929 -0.8813 0.2626
vn 0.3193 -0.9233 0.2133
vn 0.2425 -0.9565 0.1621
vn 0.1634 -0.9805 0.1092
vn 0.0828 -0.9950 0.0553
vn 0.0769 0.9950 0.0631
vn 0.1519 0.9805 0.1247
vn 0.2255 0.9565 0.1850
vn 0.2968 0.9233 0.2436
vn 0.3653 0.8813 0.2998
vn 0.4303 0.8308 0.3531
vn 0.4911 0.7723 0.4030
vn 0.5472 0.7063 0.4491
vn 0.5980 0.6336 0.4908
vn 0.6431 0.5549 0.5278
vn 0.6820 0.4708 0.5597
vn 0.7143 0.3821 0.5862
vn 0.7398 0.2899 0.6072
vn 0.7582 0.1948 0.6222
vn 0.7693 0.0979 0.6313
vn 0.7730 -0.0000 0.6344
vn 0.7693 -0.0979 0.6313
vn 0.7582 -0.1948 0.6222
vn 0.7398 -0.2899 0.6072
vn 0.7143 -0.3821 0.5862
vn 0.6820 -0.4708 0.5597
vn 0.6431 -0.5549 0.5278
vn 0.5980 -0.6336 0.4908
vn 0.5472 -0.7063 0.4491
vn 0.4911 -0.7723 0.4030
vn 0.4303 -0.8308 0.3531
vn 0.3653 -0.8813 0.2998
vn 0.2968 -0.9233 0.2436
vn 0.2255 -0.9565 0.1850
vn 0.1519 -0.9805 0.1247
vn 0.0769 -0.9950 0.0631
vn 0.0704 0.9950 0.0704
vn 0.1390 0.9805 0.1390
vn 0.2063 0.9565 0.2063
vn 0.2715 0.9233 0.2715
vn 0.3342 0.8813 0.3342
vn 0.3936 0.8308 0.3936
vn 0.4492 0.7723 0.4492
vn 0.5005 0.7063 0.5005
vn 0.5470 0.6336 0.5470
vn 0.5883 0.5549 0.5883
vn 0.6239 0.4708 0.6239
vn 0.6534 0.3821 0.6534
vn 0.6767 0.2899 0.6767
vn 0.6936 0.1948 0.6936
vn 0.7037 0.0979 0.7037
vn 0.7071 -0.0000 0.7071
vn 0.7037 -0.0979 0.7037
vn 0.6936 -0.1948 0.6936
vn 0.6767 -0.2899 0.6768
vn 0.6534 -0.3821 0.6534
vn 0.6239 -0.4708 0.6239
vn 0.5883 -0.5549 0.5883
vn 0.5470 -0.6336 0.5470
vn 0.5005 -0.7063 0.5005
vn 0.4492 -0.7723 0.4492
vn 0.3936 -0.8308 0.3936
vn 0.3342 -0.8813 0.3342
vn 0.2715 -0.9233 0.2715
vn 0.2063 -0.9565 0.2063
vn 0.1390 -0.9805 0.1390
vn 0.0704 -0.9950 0.0704
vn 0.0631 0.9950 0.0769
vn 0.1247 0.9805 0.1519
vn 0.1850 0.9565 0.2255
vn 0.2436 0.9233 0.2968
vn 0.2998 0.8813 0.3653
vn 0.3531 0.8308 0.4303
vn 0.4030 0.7723 0.4911
vn 0.4491 0.7063 0.5472
vn 0.4908 0.6336 0.5980
vn 0.5278 0.5549 0.6431
vn 0.5597 0.4708 0.6820
vn 0.5862 0.3821 0.7143
vn 0.6072 0.2899 0.7398
vn 0.6222 0.1948 0.7582
vn 0.6313 0.0979 0.7693
vn 0.6344 -0.0000 0.7730
vn 0.6313 -0.0979 0.7693
vn 0.6222 -0.1948 0.7582
vn 0.6072 -0.2899 0.7398
vn 0.5862 -0.3821 0.7143
vn 0.5597 -0.4708 0.6820
vn 0.5278 -0.5549 0.6431
vn 0.4908 -0.6336 0.5980
vn 0.4491 -0.7063 0.5472
vn 0.4030 -0.7723 0.4911
vn 0.3531 -0.8308 0.4303
vn 0.2998 -0.8813 0.3653
vn 0.2436 -0.9233 0.2968
vn 0.1850 -0.9565 0.2255
vn 0.1247 -0.9805 0.1519
vn 0.0631 -0.9950 0.0769
vn 0.0553 0.9950 0.0828
vn 0.1092 0.9805 0.1634
vn 0.1621 0.9565 0.2425
vn 0.2133 0.9233 0.3193
vn 0.2626 0.8813 0.3929
vn 0.3092 0.8308 0.4628
vn 0.3530 0.7723 0.5282
vn 0.3933 0.7063 0.5886
vn 0.4298 0.6336 0.6432
vn 0.4622 0.5549 0.6917
vn 0.4902 0.4708 0.7336
vn 0.5134 0.3821 0.7684
vn 0.5317 0.2899 0.7958
vn 0.5449 0.1948 0.8155
vn 0.5529 0.0979 0.8275
vn 0.5556 -0.0000 0.8315
vn 0.5529 -0.0979 0.8275
vn 0.5449 -0.1948 0.8155
vn 0.5317 -0.2899 0.7958
vn 0.5134 -0.3821 0.7684
vn 0.4902 -0.4708 0.7336
vn 0.4622 -0.5549 0.6917
vn 0.4298 -0.6336 0.6432
vn 0.3933 -0.7063 0.5886
vn 0.3530 -0.7723 0.5282
vn 0.3092 -0.8308 0.4628
vn 0.2626 -0.8813 0.3929
vn 0.2133 -0.9233 0.3193
vn 0.1621 -0.9565 0.2425
vn 0.1092 -0.9805 0.1634
vn 0.0553 -0.9950 0.0828
vn 0.0469 0.9950 0.0878
vn 0.0927 0.9805 0.1734
vn 0.1375 0.9565 0.2572
vn 0.1810 0.9233 0.3386
vn 0.2228 0.8813 0.4168
vn 0.2624 0.8308 0.4909
vn 0.2995 0.7723 0.5603
vn 0.3337 0.7063 0.6243
vn 0.3647 0.6336 0.6823
vn 0.3922 0.5549 0.7337
vn 0.4159 0.4708 0.7781
vn 0.4356 0.3821 0.8150
vn 0.4512 0.2899 0.8441
vn 0.4624 0.1948 0.8650
vn 0.4691 0.0979 0.8777
vn 0.4714 -0.0000 0.8819
vn 0.4691 -0.0979 0.8777
vn 0.4624 -0.1948 0.8650
vn 0.4512 -0.2899 0.8441
vn 0.4356 -0.3821 0.8150
vn 0.4159 -0.4708 0.7781
vn 0.3922 -0.5549 0.7337
vn 0.3647 -0.6336 0.6823
vn 0.3337 -0.7063 0.6243
vn 0.2995 -0.7723 0.5603
vn 0.2624 -0.8308 0.4909
vn 0.2228 -0.8813 0.4168
vn 0.1810 -0.9233 0.3386
vn 0.1375 -0.9565 0.2572
vn 0.0927 -0.9805 0.1734
vn 0.0469 -0.9950 0.0878
vn 0.0381 0.9950 0.0920
vn 0.0752 0.9805 0.1816
vn 0.1116 0.9565 0.2695
vn 0.1469 0.9233 0.3548
vn 0.1809 0.8813 0.4366
vn 0.2130 0.8308 0.5143
vn 0.2431 0.7723 0.5869
vn 0.2709 0.7063 0.6540
vn 0.2961 0.6336 0.7147
vn 0.3184 0.5549 0.7686
vn 0.3376 0.4708 0.8151
vn 0.3536 0.3821 0.8538
vn 0.3663 0.2899 0.8842
vn 0.3754 0.1948 0.9062
vn 0.3808 0.0979 0.9194
vn 0.3827 -0.0000 0.9239
vn 0.3808 -0.0979 0.9194
vn 0.3754 -0.1948 0.9062
vn 0.3663 -0.2899 0.8842
vn 0.3536 -0.3821 0.8538
vn 0.3376 -0.4708 0.8151
vn 0.3184 -0.5549 0.7686
vn 0.2961 -0.6336 0.7147
vn 0.2709 -0.7063 0.6540
vn 0.2431 -0.7723 0.5869
vn 0.2130 -0.8308 0.5143
vn 0.1809 -0.8813 0.4366
vn 0.1469 -0.9233 0.3548
vn 0.1116 -0.9565 0.2695
vn 0.0752 -0.9805 0.1816
vn 0.0381 -0.9950 0.0920
vn 0.0289 0.9950 0.0952
vn 0.0571 0.9805 0.1881
vn 0.0847 0.9565 0.2791
vn 0.1115 0.9233 0.3675
vn 0.1372 0.8813 0.4522
vn 0.1616 0.8308 0.5327
vn 0.1844 0.7723 0.6080
vn 0.2055 0.7063 0.6774
vn 0.2246 0.6336 0.7403
vn 0.2415 0.5549 0.7961
vn 0.2561 0.4708 0.8443
vn 0.2683 0.3821 0.8843
vn 0.2778 0.2899 0.9159
vn 0.2847 0.1948 0.9386
vn 0.2889 0.0979 0.9523
vn 0.2903 -0.0000 0.9569
vn 0.2889 -0.0979 0.9523
vn 0.2847 -0.1948 0.9386
vn 0.2778 -0.2899 0.9159
vn 0.2683 -0.3821 0.8843
vn 0.2561 -0.4708 0.8443
vn 0.2415 -0.5549 0.7961
vn 0.2246 -0.6336 0.7403
vn 0.2055 -0.7063 0.6774
vn 0.1844 -0.7723 0.6080
vn 0.1616 -0.8308 0.5327
vn 0.1372 -0.8813 0.4522
vn 0.1115 -0.9233 0.3675
vn 0.0847 -0.9565 0.2791
vn 0.0571 -0.9805 0.1881
vn 0.0289 -0.9950 0.0952
vn 0.0194 0.9950 0.0976
vn 0.0383 0.9805 0.1928
vn 0.0569 0.9565 0.2861
vn 0.0749 0.9233 0.3766
vn 0.0922 0.8813 0.4635
vn 0.1086 0.8308 0.5459
vn 0.1239 0.7723 0.6231
vn 0.1381 0.7063 0.6943
vn 0.1509 0.6336 0.7588
vn 0.1623 0.5549 0.8160
vn 0.1721 0.4708 0.8653
vn 0.1803 0.3821 0.9063
vn 0.1867 0.2899 0.9387
vn 0.1914 0.1948 0.9620
vn 0.1942 0.0979 0.9761
vn 0.1951 -0.0000 0.9808
vn 0.1942 -0.0979 0.9761
vn 0.1914 -0.1948 0.9620
vn 0.1867 -0.2899 0.9387
vn 0.1803 -0.3821 0.9063
vn 0.1721 -0.4708 0.8653
vn 0.1623 -0.5549 0.8160
vn 0.1509 -0.6336 0.7588
vn 0.1381 -0.7063 0.6943
vn 0.1239 -0.7723 0.6231
vn 0.1086 -0.8308 0.5459
vn 0.0922 -0.8813 0.4635
vn 0.0749 -0.9233 0.3766
vn 0.0569 -0.9565 0.2861
vn 0.0383 -0.9805 0.1928
vn 0.0194 -0.9950 0.0976
vn 0.0098 0.9950 0.0991
vn 0.0193 0.9805 0.1956
vn 0.0286 0.9565 0.2903
vn 0.0376 0.9233 0.3821
vn 0.0463 0.8813 0.4703
vn 0.0546 0.8308 0.5539
vn 0.0623 0.7723 0.6322
vn 0.0694 0.7063 0.7045
vn 0.0758 0.6336 0.7699
vn 0.0815 0.5549 0.8279
vn 0.0865 0.4708 0.8780
vn 0.0906 0.3821 0.9197
vn 0.0938 0.2899 0.9525
vn 0.0961 0.1948 0.9761
vn 0.0975 0.0979 0.9904
vn 0.0980 -0.0000 0.9952
vn 0.0975 -0.0979 0.9904
vn 0.0961 -0.1948 0.9761
vn 0.0938 -0.2899 0.9525
vn 0.0906 -0.3821 0.9197
vn 0.0865 -0.4708 0.8780
vn 0.0815 -0.5549 0.8279
vn 0.0758 -0.6336 0.7699
vn 0.0694 -0.7063 0.7045
vn 0.0623 -0.7723 0.6322
vn 0.0546 -0.8308 0.5539
vn 0.0463 -0.8813 0.4703
vn 0.0376 -0.9233 0.3821
vn 0.0286 -0.9565 0.2903
vn 0.0193 -0.9805 0.1956
vn 0.0098 -0.9950 0.0991
vn -0.0000 -1.0000 -0.0000
vn -0.0000 0.9950 0.0995
vn -0.0000 0.9805 0.1966
vn -0.0000 0.9565 0.2917
vn -0.0000 0.9233 0.3840
vn -0.0000 0.8813 0.4726
vn -0.0000 0.8308 0.5566
vn -0.0000 0.7723 0.6353
vn -0.0000 0.7063 0.7079
vn -0.0000 0.6336 0.7736
vn -0.0000 0.5549 0.8319
vn -0.0000 0.4708 0.8823
vn -0.0000 0.3821 0.9241
vn -0.0000 0.2899 0.9571
vn -0.0000 0.1948 0.9808
vn -0.0000 0.0979 0.9952
vn -0.0000 -0.0000 1.0000
vn -0.0000 -0.0979 0.9952
vn -0.0000 -0.1948 0.9808
vn -0.0000 -0.2899 0.9571
vn -0.0000 -0.3821 0.9241
vn -0.0000 -0.4708 0.8823
vn -0.0000 -0.5549 0.8319
vn -0.0000 -0.6336 0.7736
vn -0.0000 -0.7063 0.7079
vn -0.0000 -0.7723 0.6353
vn -0.0000 -0.8308 0.5566
vn -0.0000 -0.8813 0.4726
vn -0.0000 -0.9233 0.3840
vn -0.0000 -0.9565 0.2917
vn -0.0000 -0.9805 0.1966
vn -0.0000 -0.9950 0.0995
vn -0.0098 0.9950 0.0991
vn -0.0193 0.9805 0.1956
vn -0.0286 0.9565 0.2903
vn -0.0376 0.9233 0.3821
vn -0.0463 0.8813 0.4703
vn -0.0546 0.8308 0.5539
vn -0.0623 0.7723 0.6322
vn -0.0694 0.7063 0.7045
vn -0.0758 0.6336 0.7699
vn -0.0815 0.5549 0.8279
vn -0.0865 0.4708 0.8780
vn -0.0906 0.3821 0.9197
vn -0.0938 0.2899 0.9525
vn -0.0961 0.1948 0.9761
vn -0.0975 0.0979 0.9904
vn -0.0980 -0.0000 0.9952
vn -0.0975 -0.0979 0.9904
vn -0.0961 -0.1948 0.9761
vn -0.0938 -0.2899 0.9525
vn -0.0906 -0.3821 0.9197
vn -0.0865 -0.4708 0.8780
vn -0.0815 -0.5549 0.8279
vn -0.0758 -0.6336 0.7699
vn -0.0694 -0.7063 0.7045
vn -0.0623 -0.7723 0.6322
vn -0.0546 -0.8308 0.5539
vn -0.0463 -0.8813 0.4703
vn -0.0376 -0.9233 0.3821
vn -0.0286 -0.9565 0.2903
vn -0.0193 -0.9805 0.1956
vn -0.0098 -0.9950 0.0991
vn -0.0194 0.9950 0.0976
vn -0.0383 0.9805 0.1928
vn -0.0569 0.9565 0.2861
vn -0.0749 0.9233 0.3766
vn -0.0922 0.8813 0.4635
vn -0.1086 0.8308 0.5459
vn -0.1239 0.7723 0.6231
vn -0.1381 0.7063 0.6943
vn -0.1509 0.6336 0.7588
vn -0.1623 0.5549 0.8160
vn -0.1721 0.4708 0.8653
vn -0.1803 0.3821 0.9063
vn -0.1867 0.2899 0.9387
vn -0.1914 0.1948 0.9620
vn -0.1942 0.0979 0.9761
vn -0.1951 -0.0000 0.9808
vn -0.1942 -0.0979 0.9761
vn -0.1914 -0.1948 0.9620
vn -0.1867 -0.2899 0.9387
vn -0.1803 -0.3821 0.9063
vn -0.1721 -0.4708 0.8653
vn -0.1623 -0.5549 0.8160
vn -0.1509 -0.6336 0.7588
vn -0.1381 -0.7063 0.6943
vn -0.1239 -0.7723 0.6231
vn -0.1086 -0.8308 0.5459
vn -0.0922 -0.8813 0.4635
vn -0.0749 -0.9233 0.3766
vn -0.0569 -0.9565 0.2861
vn -0.0383 -0.9805 0.1928
vn -0.0194 -0.9950 0.0976
vn -0.0289 0.9950 0.0952
vn -0.0571 0.9805 0.1881
vn -0.0847 0.9565 0.2791
vn -0.1115 0.9233 0.3675
vn -0.1372 0.8813 0.4522
vn -0.1616 0.8308 0.5327
vn -0.1844 0.7723 0.6080
vn -0.2055 0.7063 0.6774
vn -0.2246 0.6336 0.7403
vn -0.2415 0.5549 0.7961
vn -0.2561 0.4708 0.8443
vn -0.2683 0.3821 0.8843
vn -0.2778 0.2899 0.9159
vn -0.2847 0.1948 0.9386
vn -0.2889 0.0979 0.9523
vn -0.2903 -0.0000 0.9569
vn -0.2889 -0.0979 0.9523
vn -0.2847 -0.1948 0.9386
vn -0.2778 -0.2899 0.9159
vn -0.2683 -0.3821 0.8843
vn -0.2561 -0.4708 0.8443
vn -0.2415 -0.5549 0.7961
vn -0.2246 -0.6336 0.7403
vn -0.2055 -0.7063 0.6774
vn -0.1844 -0.7723 0.6080
vn -0.1616 -0.8308 0.5327
vn -0.1372 -0.8813 0.4522
vn -0.1115 -0.9233 0.3675
vn -0.0847 -0.9565 0.2791
vn -0.0571 -0.9805 0.1881
vn -0.0289 -0.9950 0.0952
vn -0.0381 0.9950 0.0920
vn -0.0752 0.9805 0.1816
vn -0.1116 0.9565 0.2695
vn -0.1469 0.9233 0.3548
vn -0.1809 0.8813 0.4366
vn -0.2130 0.8308 0.5143
vn -0.2431 0.7723 0.5869
vn -0.2709 0.7063 0.6540
vn -0.2961 0.6336 0.7147
vn -0.3184 0.5549 0.7686
vn -0.3376 0.4708 0.8151
vn -0.3536 0.3821 0.8538
vn -0.3663 0.2899 0.8842
vn -0.3754 0.1948 0.9062
vn -0.3808 0.0979 0.9194
vn -0.3827 -0.0000 0.9239
vn -0.3808 -0.0979 0.9194
vn -0.3754 -0.1948 0.9062
vn -0.3663 -0.2899 0.8842
vn -0.3536 -0.3821 0.8538
vn -0.3376 -0.4708 0.8151
vn -0.3184 -0.5549 0.7686
vn -0.2961 -0.6336 0.7147
vn -0.2709 -0.7063 0.6540
vn -0.2431 -0.7723 0.5869
vn -0.2130 -0.8308 0.5143
vn -0.1809 -0.8813 0.4366
vn -0.1469 -0.9233 0.3548
vn -0.1116 -0.9565 0.2695
vn -0.0752 -0.9805 0.1816
vn -0.0381 -0.9950 0.0920
vn -0.0469 0.9950 0.0878
vn -0.0927 0.9805 0.1734
vn -0.1375 0.9565 0.2572
vn -0.1810 0.9233 0.3386
vn -0.2228 0.8813 0.4168
vn -0.2624 0.8308 0.4909
vn -0.2995 0.7723 0.5603
vn -0.3337 0.7063 0.6243
vn -0.3647 0.6336 0.6823
vn -0.3922 0.5549 0.7337
vn -0.4159 0.4708 0.7781
vn -0.4356 0.3821 0.8150
vn -0.4512 0.2899 0.8441
vn -0.4624 0.1948 0.8650
vn -0.4691 0.0979 0.8777
vn -0.4714 -0.0000 0.8819
vn -0.4691 -0.0979 0.8777
vn -0.4624 -0.1948 0.8650
vn -0.4512 -0.2899 0.8441
vn -0.4356 -0.3821 0.8150
vn -0.4159 -0.4708 0.7781
vn -0.3922 -0.5549 0.7337
vn -0.3647 -0.6336 0.6823
vn -0.3337 -0.7063 0.6243
vn -0.2995 -0.7723 0.5603
vn -0.2624 -0.8308 0.4909
vn -0.2228 -0.8813 0.4168
vn -0.1810 -0.9233 0.3386
vn -0.1375 -0.9565 0.2572
vn -0.0927 -0.9805 0.1734
vn -0.0469 -0.9950 0.0878
vn -0.0553 0.9950 0.0828
vn -0.1092 0.9805 0.1634
vn -0.1621 0.9565 0.2425
vn -0.2133 0.9233 0.3193
vn -0.2626 0.8813 0.3929
vn -0.3092 0.8308 0.4628
vn -0.3530 0.7723 0.5282
vn -0.3933 0.7063 0.5886
vn -0.4298 0.6336 0.6432
vn -0.4622 0.5549 0.6917
vn -0.4902 0.4708 0.7336
vn -0.5134 0.3821 0.7684
vn -0.5317 0.2899 0.7958
vn -0.5449 0.1948 0.8155
vn -0.5529 0.0979 0.8275
vn -0.5556 -0.0000 0.8315
vn -0.5529 -0.0979 0.8275
vn -0.5449 -0.1948 0.8155
vn -0.5317 -0.2899 0.7958
vn -0.5134 -0.3821 0.7684
vn -0.4902 -0.4708 0.7336
vn -0.4622 -0.5549 0.6917
vn -0.4298 -0.6336 0.6432
vn -0.3933 -0.7063 0.5886
vn -0.3530 -0.7723 0.5282
vn -0.3092 -0.8308 0.4628
vn -0.2626 -0.8813 0.3929
vn -0.2133 -0.9233 0.3193
vn -0.1621 -0.9565 0.2425
vn -0.1092 -0.9805 0.1634
vn -0.0553 -0.9950 0.0828
vn -0.0631 0.9950 0.0769
vn -0.1247 0.9805 0.1519
vn -0.1850 0.9565 0.2255
vn -0.2436 0.9233 0.2968
vn -0.2998 0.8813 0.3653
vn -0.3531 0.8308 0.4303
vn -0.4030 0.7723 0.4911
vn -0.4491 0.7063 0.5472
vn -0.4908 0.6336 0.5980
vn -0.5278 0.5549 0.6431
vn -0.5597 0.4708 0.6820
vn -0.5862 0.3821 0.7143
vn -0.6072 0.2899 0.7398
vn -0.6222 0.1948 0.7582
vn -0.6313 0.0979 0.7693
vn -0.6344 -0.0000 0.7730
vn -0.6313 -0.0979 0.7693
vn -0.6222 -0.1948 0.7582
vn -0.6072 -0.2899 0.7398
vn -0.5862 -0.3821 0.7143
vn -0.5597 -0.4708 0.6820
vn -0.5278 -0.5549 0.6431
vn -0.4908 -0.6336 0.5980
vn -0.4491 -0.7063 0.5472
vn -0.4030 -0.7723 0.4911
vn -0.3531 -0.8308 0.4303
vn -0.2998 -0.8813 0.3653
vn -0.2436 -0.9233 0.2968
vn -0.1850 -0.9565 0.2255
vn -0.1247 -0.9805 0.1519
vn -0.0631 -0.9950 0.0769
vn -0.0704 0.9950 0.0704
vn -0.1390 0.9805 0.1390
vn -0.2063 0.9565 0.2063
vn -0.2715 0.9233 0.2715
vn -0.3342 0.8813 0.3342
vn -0.3936 0.8308 0.3936
vn -0.4492 0.7723 0.4492
vn -0.5005 0.7063 0.5005
vn -0.5470 0.6336 0.5470
vn -0.5883 0.5549 0.5883
vn -0.6239 0.4708 0.6239
vn -0.6534 0.3821 0.6534
vn -0.6767 0.2899 0.6767
vn -0.6936 0.1948 0.6936
vn -0.7037 0.0979 0.7037
vn -0.7071 -0.0000 0.7071
vn -0.7037 -0.0979 0.7037
vn -0.6936 -0.1948 0.6936
vn -0.6768 -0.2899 0.6768
vn -0.6534 -0.3821 0.6534
vn -0.6239 -0.4708 0.6239
vn -0.5883 -0.5549 0.5883
vn -0.5470 -0.6336 0.5470
vn -0.5005 -0.7063 0.5005
vn -0.4492 -0.7723 0.4492
vn -0.3936 -0.8308 0.3936
vn -0.3342 -0.8813 0.3342
vn -0.2715 -0.9233 0.2715
vn -0.2063 -0.9565 0.2063
vn -0.1390 -0.9805 0.1390
vn -0.0704 -0.9950 0.0704
vn -0.0769 0.9950 0.0631
vn -0.1519 0.9805 0.1247
vn -0.2255 0.9565 0.1850
vn -0.2968 0.9233 0.2436
vn -0.3653 0.8813 0.2998
vn -0.4303 0.8308 0.3531
vn -0.4911 0.7723 0.4030
vn -0.5472 0.7063 0.4491
vn -0.5980 0.6336 0.4908
vn -0.6431 0.5549 0.5278
vn -0.6820 0.4708 0.5597
vn -0.7143 0.3821 0.5862
vn -0.7398 0.2899 0.6072
vn -0.7582 0.1948 0.6222
vn -0.7693 0.0979 0.6313
vn -0.7730 -0.0000 0.6344
vn -0.7693 -0.0979 0.6313
vn -0.7582 -0.1948 0.6222
vn -0.7398 -0.2899 0.6072
vn -0.7143 -0.3821 0.5862
vn -0.6820 -0.4708 0.5597
vn -0.6431 -0.5549 0.5278
vn -0.5980 -0.6336 0.4908
vn -0.5472 -0.7063 0.4491
vn -0.4911 -0.7723 0.4030
vn -0.4303 -0.8308 0.3531
vn -0.3653 -0.8813 0.2998
vn -0.2968 -0.9233 0.2436
vn -0.2255 -0.9565 0.1850
vn -0.1519 -0.9805 0.1247
vn -0.0769 -0.9950 0.0631
vn -0.0828 0.9950 0.0553
vn -0.1634 0.9805 0.1092
vn -0.2425 0.9565 0.1621
vn -0.3193 0.9233 0.2133
vn -0.3929 0.8813 0.2626
vn -0.4628 0.8308 0.3092
vn -0.5282 0.7723 0.3530
vn -0.5886 0.7063 0.3933
vn -0.6432 0.6336 0.4298
vn -0.6917 0.5549 0.4622
vn -0.7336 0.4708 0.4902
vn -0.7684 0.3821 0.5134
vn -0.7958 0.2899 0.5317
vn -0.8155 0.1948 0.5449
vn -0.8275 0.0979 0.5529
vn -0.8315 -0.0000 0.5556
vn -0.8275 -0.0979 0.5529
vn -0.8155 -0.1948 0.5449
vn -0.7958 -0.2899 0.5317
vn -0.7684 -0.3821 0.5134
vn -0.7336 -0.4708 0.4902
vn -0.6917 -0.5549 0.4622
vn -0.6432 -0.6336 0.4298
vn -0.5886 -0.7063 0.3933
vn -0.5282 -0.7723 0.3530
vn -0.4628 -0.8308 0.3092
vn -0.3929 -0.8813 0.2626
vn -0.3193 -0.9233 0.2133
vn -0.2425 -0.9565 0.1621
vn -0.1634 -0.9805 0.1092
vn -0.0828 -0.9950 0.0553
vn -0.0878 0.9950 0.0469
vn -0.1734 0.9805 0.0927
vn -0.2572 0.9565 0.1375
vn -0.3386 0.9233 0.1810
vn -0.4168 0.8813 0.2228
vn -0.4909 0.8308 0.2624
vn -0.5603 0.7723 0.2995
vn -0.6243 0.7063 0.3337
vn -0.6823 0.6336 0.3647
vn -0.7337 0.5549 0.3922
vn -0.7781 0.4708 0.4159
vn -0.8150 0.3821 0.4356
vn -0.8441 0.2899 0.4512
vn -0.8650 0.1948 0.4624
vn -0.8777 0.0979 0.4691
vn -0.8819 -0.0000 0.4714
vn -0.8777 -0.0979 0.4691
vn -0.8650 -0.1948 0.4624
vn -0.8441 -0.2899 0.4512
vn -0.8150 -0.3821 0.4356
vn -0.7781 -0.4708 0.4159
vn -0.7337 -0.5549 0.3922
vn -0.6823 -0.6336 0.3647
vn -0.6243 -0.7063 0.3337
vn -0.5603 -0.7723 0.2995
vn -0.4909 -0.8308 0.2624
vn -0.4168 -0.8813 0.2228
vn -0.3386 -0.9233 0.1810
vn -0.2572 -0.9565 0.1375
vn -0.1734 -0.9805 0.0927
vn -0.0878 -0.9950 0.0469
vn -0.0920 0.9950 0.0381
vn -0.1816 0.9805 0.0752
vn -0.2695 0.9565 0.1116
vn -0.3548 0.9233 0.1469
vn -0.4366 0.8813 0.1809
vn -0.5143 0.8308 0.2130
vn -0.5869 0.7723 0.2431
vn -0.6540 0.7063 0.2709
vn -0.7147 0.6336 0.2961
vn -0.7686 0.5549 0.3184
vn -0.8151 0.4708 0.3376
vn -0.8538 0.3821 0.3536
vn -0.8842 0.2899 0.3663
vn -0.9062 0.1948 0.3754
vn -0.9194 0.0979 0.3808
vn -0.9239 -0.0000 0.3827
vn -0.9194 -0.0979 0.3808
vn -0.9062 -0.1948 0.3754
vn -0.8842 -0.2899 0.3663
vn -0.8538 -0.3821 0.3536
vn -0.8151 -0.4708 0.3376
vn -0.7686 -0.5549 0.3184
vn -0.7147 -0.6336 0.2961
vn -0.6540 -0.7063 0.2709
vn -0.5869 -0.7723 0.2431
vn -0.5143 -0.8308 0.2130
vn -0.4366 -0.8813 0.1809
vn -0.3548 -0.9233 0.1469
vn -0.2695 -0.9565 0.1116
vn -0.1816 -0.9805 0.0752
vn -0.0920 -0.9950 0.0381
vn -0.0952 0.9950 0.0289
vn -0.1881 0.9805 0.0571
vn -0.2791 0.9565 0.0847
vn -0.3675 0.9233 0.1115
vn -0.4522 0.8813 0.1372
vn -0.5327 0.8308 0.1616
vn -0.6080 0.7723 0.1844
vn -0.6774 0.7063 0.2055
vn -0.7403 0.6336 0.2246
vn -0.7961 0.5549 0.2415
vn -0.8443 0.4708 0.2561
vn -0.8843 0.3821 0.2683
vn -0.9159 0.2899 0.2778
vn -0.9386 0.1948 0.2847
vn -0.9523 0.0979 0.2889
vn -0.9569 -0.0000 0.2903
vn -0.9523 -0.0979 0.2889
vn -0.9386 -0.1948 0.2847
vn -0.9159 -0.2899 0.2778
vn -0.8843 -0.3821 0.2683
vn -0.8443 -0.4708 0.2561
vn -0.7961 -0.5549 0.2415
vn -0.7403 -0.6336 0.2246
vn -0.6774 -0.7063 0.2055
vn -0.6080 -0.7723 0.1844
vn -0.5327 -0.8308 0.1616
vn -0.4522 -0.8813 0.1372
vn -0.3675 -0.9233 0.1115
vn -0.2791 -0.9565 0.0847
vn -0.1881 -0.9805 0.0571
vn -0.0952 -0.9950 0.0289
vn -0.0976 0.9950 0.0194
vn -0.1928 0.9805 0.0383
vn -0.2861 0.9565 0.0569
vn -0.3766 0.9233 0.0749
vn -0.4635 0.8813 0.0922
vn -0.5459 0.8308 0.1086
vn -0.6231 0.7723 0.1239
vn -0.6943 0.7063 0.1381
vn -0.7588 0.6336 0.1509
vn -0.8160 0.5549 0.1623
vn -0.8653 0.4708 0.1721
vn -0.9063 0.3821 0.1803
vn -0.9387 0.2899 0.1867
vn -0.9620 0.1948 0.1914
vn -0.9761 0.0979 0.1942
vn -0.9808 -0.0000 0.1951
vn -0.9761 -0.0979 0.1942
vn -0.9620 -0.1948 0.1914
vn -0.9387 -0.2899 0.1867
vn -0.9063 -0.3821 0.1803
vn -0.8653 -0.4708 0.1721
vn -0.8160 -0.5549 0.1623
vn -0.7588 -0.6336 0.1509
vn -0.6943 -0.7063 0.1381
vn -0.6231 -0.7723 0.1239
vn -0.5459 -0.8308 0.1086
vn -0.4635 -0.8813 0.0922
vn -0.3766 -0.9233 0.0749
vn -0.2861 -0.9565 0.0569
vn -0.1928 -0.9805 0.0383
vn -0.0976 -0.9950 0.0194
vn -0.0000 1.0000 -0.0000
vn -0.0991 0.9950 0.0098
vn -0.1956 0.9805 0.0193
vn -0.2903 0.9565 0.0286
vn -0.3821 0.9233 0.0376
vn -0.4703 0.8813 0.0463
vn -0.5539 0.8308 0.0546
vn -0.6322 0.7723 0.0623
vn -0.7045 0.7063 0.0694
vn -0.7699 0.6336 0.0758
vn -0.8279 0.5549 0.0815
vn -0.8780 0.4708 0.0865
vn -0.9197 0.3821 0.0906
vn -0.9525 0.2899 0.0938
vn -0.9761 0.1948 0.0961
vn -0.9904 0.0979 0.0975
vn -0.9952 -0.0000 0.0980
vn -0.9904 -0.0979 0.0975
vn -0.9761 -0.1948 0.0961
vn -0.9525 -0.2899 0.0938
vn -0.9197 -0.3821 0.0906
vn -0.8780 -0.4708 0.0865
vn -0.8279 -0.5549 0.0815
vn -0.7699 -0.6336 0.0758
vn -0.7045 -0.7063 0.0694
vn -0.6322 -0.7723 0.0623
vn -0.5539 -0.8308 0.0546
vn -0.4703 -0.8813 0.0463
vn -0.3821 -0.9233 0.0376
vn -0.2903 -0.9565 0.0286
vn -0.1956 -0.9805 0.0193
vn -0.0991 -0.9950 0.0098
vn -0.0995 0.9950 -0.0000
vn -0.1966 0.9805 -0.0000
vn -0.2917 0.9565 -0.0000
vn -0.3840 0.9233 -0.0000
vn -0.4726 0.8813 -0.0000
vn -0.5566 0.8308 -0.0000
vn -0.6353 0.7723 -0.0000
vn -0.7079 0.7063 -0.0000
vn -0.7736 0.6336 -0.0000
vn -0.8319 0.5549 -0.0000
vn -0.8823 0.4708 -0.0000
vn -0.9241 0.3821 -0.0000
vn -0.9571 0.2899 -0.0000
vn -0.9808 0.1948 -0.0000
vn -0.9952 0.0979 -0.0000
vn -1.0000 -0.0000 -0.0000
vn -0.9952 -0.0979 -0.0000
vn -0.9808 -0.1948 -0.0000
vn -0.9571 -0.2899 -0.0000
vn -0.9241 -0.3821 -0.0000
vn -0.8823 -0.4708 -0.0000
vn -0.8319 -0.5549 -0.0000
vn -0.7736 -0.6336 -0.0000
vn -0.7079 -0.7063 -0.0000
vn -0.6353 -0.7723 -0.0000
vn -0.5566 -0.8308 -0.0000
vn -0.4726 -0.8813 -0.0000
vn -0.3840 -0.9233 -0.0000
vn -0.2917 -0.9565 -0.0000
vn -0.1966 -0.9805 -0.0000
vn -0.0995 -0.9950 -0.0000
vn -0.0991 0.9950 -0.0098
vn -0.1956 0.9805 -0.0193
vn -0.2903 0.9565 -0.0286
vn -0.3821 0.9233 -0.0376
vn -0.4703 0.8813 -0.0463
vn -0.5539 0.8308 -0.0546
vn -0.6322 0.7723 -0.0623
vn -0.7045 0.7063 -0.0694
vn -0.7699 0.6336 -0.0758
vn -0.8279 0.5549 -0.0815
vn -0.8780 0.4708 -0.0865
vn -0.9197 0.3821 -0.0906
vn -0.9525 0.2899 -0.0938
vn -0.9761 0.1948 -0.0961
vn -0.9904 0.0979 -0.0975
vn -0.9952 -0.0000 -0.0980
vn -0.9904 -0.0979 -0.0975
vn -0.9761 -0.1948 -0.0961
vn -0.9525 -0.2899 -0.0938
vn -0.9197 -0.3821 -0.0906
vn -0.8780 -0.4708 -0.0865
vn -0.8279 -0.5549 -0.0815
vn -0.7699 -0.6336 -0.0758
vn -0.7045 -0.7063 -0.0694
vn -0.6322 -0.7723 -0.0623
vn -0.5539 -0.8308 -0.0546
vn -0.4703 -0.8813 -0.0463
vn -0.3821 -0.9233 -0.0376
vn -0.2903 -0.9565 -0.0286
vn -0.1956 -0.9805 -0.0193
vn -0.0991 -0.9950 -0.0098
vn -0.0976 0.9950 -0.0194
vn -0.1928 0.9805 -0.0383
vn -0.2861 0.9565 -0.0569
vn -0.3766 0.9233 -0.0749
vn -0.4635 0.8813 -0.0922
vn -0.5459 0.8308 -0.1086
vn -0.6231 0.7723 -0.1239
vn -0.6943 0.7063 -0.1381
vn -0.7588 0.6336 -0.1509
vn -0.8160 0.5549 -0.1623
vn -0.8653 0.4708 -0.1721
vn -0.9063 0.3821 -0.1803
vn -0.9387 0.2899 -0.1867
vn -0.9620 0.1948 -0.1914
vn -0.9761 0.0979 -0.1942
vn -0.9808 -0.0000 -0.1951
vn -0.9761 -0.0979 -0.1942
vn -0.9620 -0.1948 -0.1914
vn -0.9387 -0.2899 -0.1867
vn -0.9063 -0.3821 -0.1803
vn -0.8653 -0.4708 -0.1721
vn -0.8160 -0.5549 -0.1623
vn -0.7588 -0.6336 -0.1509
vn -0.6943 -0.7063 -0.1381
vn -0.6231 -0.7723 -0.1239
vn -0.5459 -0.8308 -0.1086
vn -0.4635 -0.8813 -0.0922
vn -0.3766 -0.9233 -0.0749
vn -0.2861 -0.9565 -0.0569
vn -0.1928 -0.9805 -0.0383
vn -0.0976 -0.9950 -0.0194
vn -0.0952 0.9950 -0.0289
vn -0.1881 0.9805 -0.0571
vn -0.2791 0.9565 -0.0847
vn -0.3675 0.9233 -0.1115
vn -0.4522 0.8813 -0.1372
vn -0.5327 0.8308 -0.1616
vn -0.6080 0.7723 -0.1844
vn -0.6774 0.7063 -0.2055
vn -0.7403 0.6336 -0.2246
vn -0.7961 0.5549 -0.2415
vn -0.8443 0.4708 -0.2561
vn -0.8843 0.3821 -0.2683
vn -0.9159 0.2899 -0.2778
vn -0.9386 0.1948 -0.2847
vn -0.9523 0.0979 -0.2889
vn -0.9569 -0.0000 -0.2903
vn -0.9523 -0.0979 -0.2889
vn -0.9386 -0.1948 -0.2847
vn -0.9159 -0.2899 -0.2778
vn -0.8843 -0.3821 -0.2683
vn -0.8443 -0.4708 -0.2561
vn -0.7961 -0.5549 -0.2415
vn -0.7403 -0.6336 -0.2246
vn -0.6774 -0.7063 -0.2055
vn -0.6080 -0.7723 -0.1844
vn -0.5327 -0.8308 -0.1616
vn -0.4522 -0.8813 -0.1372
vn -0.3675 -0.9233 -0.1115
vn -0.2791 -0.9565 -0.0847
vn -0.1881 -0.9805 -0.0571
vn -0.0952 -0.9950 -0.0289
vn -0.0920 0.9950 -0.0381
vn -0.1816 0.9805 -0.0752
vn -0.2695 0.9565 -0.1116
vn -0.3548 0.9233 -0.1469
vn -0.4366 0.8813 -0.1809
vn -0.5143 0.8308 -0.2130
vn -0.5869 0.7723 -0.2431
vn -0.6540 0.7063 -0.2709
vn -0.7147 0.6336 -0.2961
vn -0.7686 0.5549 -0.3184
vn -0.8151 0.4708 -0.3376
vn -0.8538 0.3821 -0.3536
vn -0.8842 0.2899 -0.3663
vn -0.9062 0.1948 -0.3754
vn -0.9194 0.0979 -0.3808
vn -0.9239 -0.0000 -0.3827
vn -0.9194 -0.0979 -0.3808
vn -0.9062 -0.1948 -0.3754
vn -0.8842 -0.2899 -0.3663
vn -0.8538 -0.3821 -0.3536
vn -0.8151 -0.4708 -0.3376
vn -0.7686 -0.5549 -0.3184
vn -0.7147 -0.6336 -0.2961
vn -0.6540 -0.7063 -0.2709
vn -0.5869 -0.7723 -0.2431
vn -0.5143 -0.8308 -0.2130
vn -0.4366 -0.8813 -0.1809
vn -0.3548 -0.9233 -0.1469
vn -0.2695 -0.9565 -0.1116
vn -0.1816 -0.9805 -0.0752
vn -0.0920 -0.9950 -0.0381
vn -0.0878 0.9950 -0.0469
vn -0.1734 0.9805 -0.0927
vn -0.2572 0.9565 -0.1375
vn -0.3386 0.9233 -0.1810
vn -0.4168 0.8813 -0.2228
vn -0.4909 0.8308 -0.2624
vn -0.5603 0.7723 -0.2995
vn -0.6243 0.7063 -0.3337
vn -0.6823 0.6336 -0.3647
vn -0.7337 0.5549 -0.3922
vn -0.7781 0.4708 -0.4159
vn -0.8150 0.3821 -0.4356
vn -0.8441 0.2899 -0.4512
vn -0.8650 0.1948 -0.4624
vn -0.8777 0.0979 -0.4691
vn -0.8819 -0.0000 -0.4714
vn -0.8777 -0.0979 -0.4691
vn -0.8650 -0.1948 -0.4624
vn -0.8441 -0.2899 -0.4512
vn -0.8150 -0.3821 -0.4356
vn -0.7781 -0.4708 -0.4159
vn -0.7337 -0.5549 -0.3922
vn -0.6823 -0.6336 -0.3647
vn -0.6243 -0.7063 -0.3337
vn -0.5603 -0.7723 -0.2995
vn -0.4909 -0.8308 -0.2624
vn -0.4168 -0.8813 -0.2228
vn -0.3386 -0.9233 -0.1810
vn -0.2572 -0.9565 -0.1375
vn -0.1734 -0.9805 -0.0927
vn -0.0878 -0.9950 -0.0469
vn -0.0828 0.9950 -0.0553
vn -0.1634 0.9805 -0.1092
vn -0.2425 0.9565 -0.1621
vn -0.3193 0.9233 -0.2133
vn -0.3929 0.8813 -0.2626
vn -0.4628 0.8308 -0.3092
vn -0.5282 0.7723 -0.3530
vn -0.5886 0.7063 -0.3933
vn -0.6432 0.6336 -0.4298
vn -0.6917 0.5549 -0.4622
vn -0.7336 0.4708 -0.4902
vn -0.7684 0.3821 -0.5134
vn -0.7958 0.2899 -0.5317
vn -0.8155 0.1948 -0.5449
vn -0.8275 0.0979 -0.5529
vn -0.8315 -0.0000 -0.5556
vn -0.8275 -0.0979 -0.5529
vn -0.8155 -0.1948 -0.5449
vn -0.7958 -0.2899 -0.5317
vn -0.7684 -0.3821 -0.5134
vn -0.7336 -0.4708 -0.4902
vn -0.6917 -0.5549 -0.4622
vn -0.6432 -0.6336 -0.4298
vn -0.5886 -0.7063 -0.3933
vn -0.5282 -0.7723 -0.3530
vn -0.4628 -0.8308 -0.3092
vn -0.3929 -0.8813 -0.2626
vn -0.3193 -0.9233 -0.2133
vn -0.2425 -0.9565 -0.1621
vn -0.1634 -0.9805 -0.1092
vn -0.0828 -0.9950 -0.0553
vn -0.0769 0.9950 -0.0631
vn -0.1519 0.9805 -0.1247
vn -0.2255 0.9565 -0.1850
vn -0.2968 0.9233 -0.2436
vn -0.3653 0.8813 -0.2998
vn -0.4303 0.8308 -0.3531
vn -0.4911 0.7723 -0.4030
vn -0.5472 0.7063 -0.4491
vn -0.5980 0.6336 -0.4908
vn -0.6431 0.5549 -0.5278
vn -0.6820 0.4708 -0.5597
vn -0.7143 0.3821 -0.5862
vn -0.7398 0.2899 -0.6072
vn -0.7582 0.1948 -0.6222
vn -0.7693 0.0979 -0.6313
vn -0.7730 -0.0000 -0.6344
vn -0.7693 -0.0979 -0.6313
vn -0.7582 -0.1948 -0.6222
vn -0.7398 -0.2899 -0.6072
vn -0.7143 -0.3821 -0.5862
vn -0.6820 -0.4708 -0.5597
vn -0.6431 -0.5549 -0.5278
vn -0.5980 -0.6336 -0.4908
vn -0.5472 -0.7063 -0.4491
vn -0.4911 -0.7723 -0.4030
vn -0.4303 -0.8308 -0.3531
vn -0.3653 -0.8813 -0.2998
vn -0.2968 -0.9233 -0.2436
vn -0.2255 -0.9565 -0.1850
vn -0.1519 -0.9805 -0.1247
vn -0.0769 -0.9950 -0.0631
vn -0.0704 0.9950 -0.0704
vn -0.1390 0.9805 -0.1390
vn -0.2063 0.9565 -0.2063
vn -0.2715 0.9233 -0.2715
vn -0.3342 0.8813 -0.3342
vn -0.3936 0.8308 -0.3936
vn -0.4492 0.7723 -0.4492
vn -0.5005 0.7063 -0.5005
vn -0.5470 0.6336 -0.5470
vn -0.5883 0.5549 -0.5883
vn -0.6239 0.4708 -0.6239
vn -0.6534 0.3821 -0.6534
vn -0.6767 0.2899 -0.6767
vn -0.6936 0.1948 -0.6936
vn -0.7037 0.0979 -0.7037
vn -0.7071 -0.0000 -0.7071
vn -0.7037 -0.0979 -0.7037
vn -0.6936 -0.1948 -0.6936
vn -0.6767 -0.2899 -0.6768
vn -0.6534 -0.3821 -0.6534
vn -0.6239 -0.4708 -0.6239
vn -0.5883 -0.5549 -0.5883
vn -0.5470 -0.6336 -0.5470
vn -0.5005 -0.7063 -0.5005
vn -0.4492 -0.7723 -0.4492
vn -0.3936 -0.8308 -0.3936
vn -0.3342 -0.8813 -0.3342
vn -0.2715 -0.9233 -0.2715
vn -0.2063 -0.9565 -0.2063
vn -0.1390 -0.9805 -0.1390
vn -0.0704 -0.9950 -0.0704
vn -0.0631 0.9950 -0.0769
vn -0.1247 0.9805 -0.1519
vn -0.1850 0.9565 -0.2255
vn -0.2436 0.9233 -0.2968
vn -0.2998 0.8813 -0.3653
vn -0.3531 0.8308 -0.4303
vn -0.4030 0.7723 -0.4911
vn -0.4491 0.7063 -0.5472
vn -0.4908 0.6336 -0.5980
vn -0.5278 0.5549 -0.6431
vn -0.5597 0.4708 -0.6820
vn -0.5862 0.3821 -0.7143
vn -0.6072 0.2899 -0.7398
vn -0.6222 0.1948 -0.7582
vn -0.6313 0.0979 -0.7693
vn -0.6344 -0.0000 -0.7730
vn -0.6313 -0.0979 -0.7693
vn -0.6222 -0.1948 -0.7582
vn -0.6072 -0.2899 -0.7398
vn -0.5862 -0.3821 -0.7143
vn -0.5597 -0.4708 -0.6820
vn -0.5278 -0.5549 -0.6431
vn -0.4908 -0.6336 -0.5980
vn -0.4491 -0.7063 -0.5472
vn -0.4030 -0.7723 -0.4911
vn -0.3531 -0.8308 -0.4303
vn -0.2998 -0.8813 -0.3653
vn -0.2436 -0.9233 -0.2968
vn -0.1850 -0.9565 -0.2255
vn -0.1247 -0.9805 -0.1519
vn -0.0631 -0.9950 -0.0769
vn -0.0553 0.9950 -0.0828
vn -0.1092 0.9805 -0.1634
vn -0.1621 0.9565 -0.2425
vn -0.2133 0.9233 -0.3193
vn -0.2626 0.8813 -0.3929
vn -0.3092 0.8308 -0.4628
vn -0.3530 0.7723 -0.5282
vn -0.3933 0.7063 -0.5886
vn -0.4298 0.6336 -0.6432
vn -0.4622 0.5549 -0.6917
vn -0.4902 0.4708 -0.7336
vn -0.5134 0.3821 -0.7684
vn -0.5317 0.2899 -0.7958
vn -0.5449 0.1948 -0.8155
vn -0.5529 0.0979 -0.8275
vn -0.5556 -0.0000 -0.8315
vn -0.5529 -0.0979 -0.8275
vn -0.5449 -0.1948 -0.8155
vn -0.5317 -0.2899 -0.7958
vn -0.5134 -0.3821 -0.7684
vn -0.4902 -0.4708 -0.7336
vn -0.4622 -0.5549 -0.6917
vn -0.4298 -0.6336 -0.6432
vn -0.3933 -0.7063 -0.5886
vn -0.3530 -0.7723 -0.5282
vn -0.3092 -0.8308 -0.4628
vn -0.2626 -0.8813 -0.3929
vn -0.2133 -0.9233 -0.3193
vn -0.1621 -0.9565 -0.2425
vn -0.1092 -0.9805 -0.1634
vn -0.0553 -0.9950 -0.0828
vn -0.0469 0.9950 -0.0878
vn -0.0927 0.9805 -0.1734
vn -0.1375 0.9565 -0.2572
vn -0.1810 0.9233 -0.3386
vn -0.2228 0.8813 -0.4168
vn -0.2624 0.8308 -0.4909
vn -0.2995 0.7723 -0.5603
vn -0.3337 0.7063 -0.6243
vn -0.3647 0.6336 -0.6823
vn -0.3922 0.5549 -0.7337
vn -0.4159 0.4708 -0.7781
vn -0.4356 0.3821 -0.8150
vn -0.4512 0.2899 -0.8441
vn -0.4624 0.1948 -0.8650
vn -0.4691 0.0979 -0.8777
vn -0.4714 -0.0000 -0.8819
vn -0.4691 -0.0979 -0.8777
vn -0.4624 -0.1948 -0.8650
vn -0.4512 -0.2899 -0.8441
vn -0.4356 -0.3821 -0.8150
vn -0.4159 -0.4708 -0.7781
vn -0.3922 -0.5549 -0.7337
vn -0.3647 -0.6336 -0.6823
vn -0.3337 -0.7063 -0.6243
vn -0.2995 -0.7723 -0.5603
vn -0.2624 -0.8308 -0.4909
vn -0.2228 -0.8813 -0.4168
vn -0.1810 -0.9233 -0.3386
vn -0.1375 -0.9565 -0.2572
vn -0.0927 -0.9805 -0.1734
vn -0.0469 -0.9950 -0.0878
vn -0.0381 0.9950 -0.0920
vn -0.0752 0.9805 -0.1816
vn -0.1116 0.9565 -0.2695
vn -0.1469 0.9233 -0.3548
vn -0.1809 0.8813 -0.4366
vn -0.2130 0.8308 -0.5143
vn -0.2431 0.7723 -0.5869
vn -0.2709 0.7063 -0.6540
vn -0.2961 0.6336 -0.7147
vn -0.3184 0.5549 -0.7686
vn -0.3376 0.4708 -0.8151
vn -0.3536 0.3821 -0.8538
vn -0.3663 0.2899 -0.8842
vn -0.3754 0.1948 -0.9062
vn -0.3808 0.0979 -0.9194
vn -0.3827 -0.0000 -0.9239
vn -0.3808 -0.0979 -0.9194
vn -0.3754 -0.1948 -0.9062
vn -0.3663 -0.2899 -0.8842
vn -0.3536 -0.3821 -0.8538
vn -0.3376 -0.4708 -0.8151
vn -0.3184 -0.5549 -0.7686
vn -0.2961 -0.6336 -0.7147
vn -0.2709 -0.7063 -0.6540
vn -0.2431 -0.7723 -0.5869
vn -0.2130 -0.8308 -0.5143
vn -0.1809 -0.8813 -0.4366
vn -0.1469 -0.9233 -0.3548
vn -0.1116 -0.9565 -0.2695
vn -0.0752 -0.9805 -0.1816
vn -0.0381 -0.9950 -0.0920
vn -0.0289 0.9950 -0.0952
vn -0.0571 0.9805 -0.1881
vn -0.0847 0.9565 -0.2791
vn -0.1115 0.9233 -0.3675
vn -0.1372 0.8813 -0.4522
vn -0.1616 0.8308 -0.5327
vn -0.1844 0.7723 -0.6080
vn -0.2055 0.7063 -0.6774
vn -0.2246 0.6336 -0.7403
vn -0.2415 0.5549 -0.7961
vn -0.2561 0.4708 -0.8443
vn -0.2683 0.3821 -0.8843
vn -0.2778 0.2899 -0.9159
vn -0.2847 0.1948 -0.9386
vn -0.2889 0.0979 -0.9523
vn -0.2903 -0.0000 -0.9569
vn -0.2889 -0.0979 -0.9523
vn -0.2847 -0.1948 -0.9386
vn -0.2778 -0.2899 -0.9159
vn -0.2683 -0.3821 -0.8843
vn -0.2561 -0.4708 -0.8443
vn -0.2415 -0.5549 -0.7961
vn -0.2246 -0.6336 -0.7403
vn -0.2055 -0.7063 -0.6774
vn -0.1844 -0.7723 -0.6080
vn -0.1616 -0.8308 -0.5327
vn -0.1372 -0.8813 -0.4522
vn -0.1115 -0.9233 -0.3675
vn -0.0847 -0.9565 -0.2791
vn -0.0571 -0.9805 -0.1881
vn -0.0289 -0.9950 -0.0952
vn -0.0194 0.9950 -0.0976
vn -0.0383 0.9805 -0.1928
vn -0.0569 0.9565 -0.2861
vn -0.0749 0.9233 -0.3766
vn -0.0922 0.8813 -0.4635
vn -0.1086 0.8308 -0.5459
vn -0.1239 0.7723 -0.6231
vn -0.1381 0.7063 -0.6943
vn -0.1509 0.6336 -0.7588
vn -0.1623 0.5549 -0.8160
vn -0.1721 0.4708 -0.8653
vn -0.1803 0.3821 -0.9063
vn -0.1867 0.2899 -0.9387
vn -0.1914 0.1948 -0.9620
vn -0.1942 0.0979 -0.9761
vn -0.1951 -0.0000 -0.9808
vn -0.1942 -0.0979 -0.9761
vn -0.1914 -0.1948 -0.9620
vn -0.1867 -0.2899 -0.9387
vn -0.1803 -0.3821 -0.9063
vn -0.1721 -0.4708 -0.8653
vn -0.1623 -0.5549 -0.8160
vn -0.1509 -0.6336 -0.7588
vn -0.1381 -0.7063 -0.6943
vn -0.1239 -0.7723 -0.6231
vn -0.1086 -0.8308 -0.5459
vn -0.0922 -0.8813 -0.4635
vn -0.0749 -0.9233 -0.3766
vn -0.0569 -0.9565 -0.2861
vn -0.0383 -0.9805 -0.1928
vn -0.0194 -0.9950 -0.0976
vn -0.0098 0.9950 -0.0991
vn -0.0193 0.9805 -0.1956
vn -0.0286 0.9565 -0.2903
vn -0.0376 0.9233 -0.3821
vn -0.0463 0.8813 -0.4703
vn -0.0546 0.8308 -0.5539
vn -0.0623 0.7723 -0.6322
vn -0.0694 0.7063 -0.7045
vn -0.0758 0.6336 -0.7699
vn -0.0815 0.5549 -0.8279
vn -0.0865 0.4708 -0.8780
vn -0.0906 0.3821 -0.9197
vn -0.0938 0.2899 -0.9525
vn -0.0961 0.1948 -0.9761
vn -0.0975 0.0979 -0.9904
vn -0.0980 -0.0000 -0.9952
vn -0.0975 -0.0979 -0.9904
vn -0.0961 -0.1948 -0.9761
vn -0.0938 -0.2899 -0.9525
vn -0.0906 -0.3821 -0.9197
vn -0.0865 -0.4708 -0.8780
vn -0.0815 -0.5549 -0.8279
vn -0.0758 -0.6336 -0.7699
vn -0.0694 -0.7063 -0.7045
vn -0.0623 -0.7723 -0.6322
vn -0.0546 -0.8308 -0.5539
vn -0.0463 -0.8813 -0.4703
vn -0.0376 -0.9233 -0.3821
vn -0.0286 -0.9565 -0.2903
vn -0.0193 -0.9805 -0.1956
vn -0.0098 -0.9950 -0.0991
vn -0.0000 0.9805 -0.1966
vn -0.0000 0.8813 -0.4726
vn -0.0000 0.8308 -0.5566
vn -0.0000 0.5549 -0.8319
vn -0.0000 0.3821 -0.9241
vn -0.0000 -0.1948 -0.9808
vn -0.0000 -0.2899 -0.9571
vn -0.0000 -0.4708 -0.8823
vn -0.0000 -0.5549 -0.8319
vn -0.0000 -0.6336 -0.7736
vn -0.0000 -0.7063 -0.7079
vn -0.0000 -0.8308 -0.5566
vn -0.0000 -0.8813 -0.4726
vn -0.0000 -0.9805 -0.1966
vn 0.6767 0.2899 -0.6768
vn 0.0097 -0.9950 -0.0991
vn 0.6767 0.2899 -0.6767
vn 0.6767 -0.2899 -0.6768
vn -0.6767 -0.2899 0.6768
vn -0.0953 0.9950 0.0289
vn -0.6767 -0.2899 -0.6767
vt 0.750000 0.187500
vt 0.750000 0.218750
vt 0.734375 0.218750
vt 0.734375 0.187500
vt 0.750000 0.593750
vt 0.750000 0.625000
vt 0.734375 0.625000
vt 0.734375 0.593750
vt 0.750000 0.156250
vt 0.734375 0.156250
vt 0.750000 0.562500
vt 0.734375 0.562500
vt 0.750000 0.968750
vt 0.742188 1.000000
vt 0.734375 0.968750
vt 0.750000 0.125000
vt 0.734375 0.125000
vt 0.750000 0.531250
vt 0.734375 0.531250
vt 0.750000 0.937500
vt 0.734375 0.937500
vt 0.750000 0.093750
vt 0.734375 0.093750
vt 0.750000 0.500000
vt 0.734375 0.500000
vt 0.750000 0.906250
vt 0.734375 0.906250
vt 0.750000 0.062500
vt 0.734375 0.062500
vt 0.750000 0.468750
vt 0.734375 0.468750
vt 0.750000 0.875000
vt 0.734375 0.875000
vt 0.750000 0.031250
vt 0.734375 0.031250
vt 0.750000 0.437500
vt 0.734375 0.437500
vt 0.750000 0.843750
vt 0.734375 0.843750
vt 0.742188 0.000000
vt 0.750000 0.406250
vt 0.734375 0.406250
vt 0.750000 0.812500
vt 0.734375 0.812500
vt 0.750000 0.375000
vt 0.734375 0.375000
vt 0.750000 0.781250
vt 0.734375 0.781250
vt 0.750000 0.343750
vt 0.734375 0.343750
vt 0.750000 0.750000
vt 0.734375 0.750000
vt 0.750000 0.312500
vt 0.734375 0.312500
vt 0.750000 0.718750
vt 0.734375 0.718750
vt 0.750000 0.281250
vt 0.734375 0.281250
vt 0.750000 0.687500
vt 0.734375 0.687500
vt 0.750000 0.250000
vt 0.734375 0.250000
vt 0.750000 0.656250
vt 0.734375 0.656250
vt 0.718750 0.375000
vt 0.718750 0.343750
vt 0.718750 0.781250
vt 0.718750 0.750000
vt 0.718750 0.312500
vt 0.718750 0.718750
vt 0.718750 0.281250
vt 0.718750 0.687500
vt 0.718750 0.250000
vt 0.718750 0.656250
vt 0.718750 0.218750
vt 0.718750 0.625000
vt 0.718750 0.187500
vt 0.718750 0.593750
vt 0.718750 0.156250
vt 0.718750 0.562500
vt 0.726562 1.000000
vt 0.718750 0.968750
vt 0.718750 0.125000
vt 0.718750 0.531250
vt 0.718750 0.937500
vt 0.718750 0.093750
vt 0.718750 0.500000
vt 0.718750 0.906250
vt 0.718750 0.062500
vt 0.718750 0.468750
vt 0.718750 0.875000
vt 0.718750 0.031250
vt 0.718750 0.437500
vt 0.718750 0.843750
vt 0.726562 0.000000
vt 0.718750 0.406250
vt 0.718750 0.812500
vt 0.703125 0.312500
vt 0.703125 0.281250
vt 0.703125 0.718750
vt 0.703125 0.687500
vt 0.703125 0.250000
vt 0.703125 0.656250
vt 0.703125 0.218750
vt 0.703125 0.625000
vt 0.703125 0.187500
vt 0.703125 0.593750
vt 0.703125 0.156250
vt 0.703125 0.562500
vt 0.710938 1.000000
vt 0.703125 0.968750
vt 0.703125 0.125000
vt 0.703125 0.531250
vt 0.703125 0.937500
vt 0.703125 0.093750
vt 0.703125 0.500000
vt 0.703125 0.906250
vt 0.703125 0.062500
vt 0.703125 0.468750
vt 0.703125 0.875000
vt 0.703125 0.031250
vt 0.703125 0.437500
vt 0.703125 0.843750
vt 0.710937 0.000000
vt 0.703125 0.406250
vt 0.703125 0.812500
vt 0.703125 0.375000
vt 0.703125 0.781250
vt 0.703125 0.343750
vt 0.703125 0.750000
vt 0.687500 0.250000
vt 0.687500 0.218750
vt 0.687500 0.656250
vt 0.687500 0.625000
vt 0.687500 0.187500
vt 0.687500 0.593750
vt 0.687500 0.156250
vt 0.687500 0.562500
vt 0.695312 1.000000
vt 0.687500 0.968750
vt 0.687500 0.125000
vt 0.687500 0.531250
vt 0.687500 0.937500
vt 0.687500 0.093750
vt 0.687500 0.500000
vt 0.687500 0.906250
vt 0.687500 0.062500
vt 0.687500 0.468750
vt 0.687500 0.875000
vt 0.687500 0.031250
vt 0.687500 0.437500
vt 0.687500 0.843750
vt 0.695312 0.000000
vt 0.687500 0.406250
vt 0.687500 0.812500
vt 0.687500 0.375000
vt 0.687500 0.781250
vt 0.687500 0.343750
vt 0.687500 0.750000
vt 0.687500 0.312500
vt 0.687500 0.718750
vt 0.687500 0.281250
vt 0.687500 0.687500
vt 0.671875 0.187500
vt 0.671875 0.156250
vt 0.671875 0.593750
vt 0.671875 0.562500
vt 0.679688 1.000000
vt 0.671875 0.968750
vt 0.671875 0.125000
vt 0.671875 0.531250
vt 0.671875 0.937500
vt 0.671875 0.093750
vt 0.671875 0.500000
vt 0.671875 0.906250
vt 0.671875 0.062500
vt 0.671875 0.468750
vt 0.671875 0.875000
vt 0.671875 0.031250
vt 0.671875 0.437500
vt 0.671875 0.843750
vt 0.679687 0.000000
vt 0.671875 0.406250
vt 0.671875 0.812500
vt 0.671875 0.375000
vt 0.671875 0.781250
vt 0.671875 0.343750
vt 0.671875 0.750000
vt 0.671875 0.312500
vt 0.671875 0.718750
vt 0.671875 0.281250
vt 0.671875 0.687500
vt 0.671875 0.250000
vt 0.671875 0.656250
vt 0.671875 0.218750
vt 0.671875 0.625000
vt 0.656250 0.968750
vt 0.656250 0.937500
vt 0.656250 0.125000
vt 0.656250 0.093750
vt 0.656250 0.531250
vt 0.656250 0.500000
vt 0.656250 0.906250
vt 0.656250 0.062500
vt 0.656250 0.468750
vt 0.656250 0.875000
vt 0.656250 0.031250
vt 0.656250 0.437500
vt 0.656250 0.843750
vt 0.664062 0.000000
vt 0.656250 0.406250
vt 0.656250 0.812500
vt 0.656250 0.375000
vt 0.656250 0.781250
vt 0.656250 0.343750
vt 0.656250 0.750000
vt 0.656250 0.312500
vt 0.656250 0.718750
vt 0.656250 0.281250
vt 0.656250 0.687500
vt 0.656250 0.250000
vt 0.656250 0.656250
vt 0.656250 0.218750
vt 0.656250 0.625000
vt 0.656250 0.187500
vt 0.656250 0.593750
vt 0.656250 0.156250
vt 0.656250 0.562500
vt 0.664062 1.000000
vt 0.640625 0.906250
vt 0.640625 0.875000
vt 0.640625 0.062500
vt 0.640625 0.031250
vt 0.640625 0.468750
vt 0.640625 0.437500
vt 0.640625 0.843750
vt 0.648437 0.000000
vt 0.640625 0.406250
vt 0.640625 0.812500
vt 0.640625 0.375000
vt 0.640625 0.781250
vt 0.640625 0.343750
vt 0.640625 0.750000
vt 0.640625 0.312500
vt 0.640625 0.718750
vt 0.640625 0.281250
vt 0.640625 0.687500
vt 0.640625 0.250000
vt 0.640625 0.656250
vt 0.640625 0.218750
vt 0.640625 0.625000
vt 0.640625 0.187500
vt 0.640625 0.593750
vt 0.640625 0.156250
vt 0.640625 0.562500
vt 0.648437 1.000000
vt 0.640625 0.968750
vt 0.640625 0.125000
vt 0.640625 0.531250
vt 0.640625 0.937500
vt 0.640625 0.093750
vt 0.640625 0.500000
vt 0.625000 0.843750
vt 0.625000 0.812500
vt 0.625000 0.406250
vt 0.625000 0.375000
vt 0.625000 0.781250
vt 0.625000 0.343750
vt 0.625000 0.750000
vt 0.625000 0.312500
vt 0.625000 0.718750
vt 0.625000 0.281250
vt 0.625000 0.687500
vt 0.625000 0.250000
vt 0.625000 0.656250
vt 0.625000 0.218750
vt 0.625000 0.625000
vt 0.625000 0.187500
vt 0.625000 0.593750
vt 0.625000 0.156250
vt 0.625000 0.562500
vt 0.632812 1.000000
vt 0.625000 0.968750
vt 0.625000 0.125000
vt 0.625000 0.531250
vt 0.625000 0.937500
vt 0.625000 0.093750
vt 0.625000 0.500000
vt 0.625000 0.906250
vt 0.625000 0.062500
vt 0.625000 0.468750
vt 0.625000 0.875000
vt 0.625000 0.031250
vt 0.625000 0.437500
vt 0.632812 0.000000
vt 0.609375 0.781250
vt 0.609375 0.750000
vt 0.609375 0.343750
vt 0.609375 0.312500
vt 0.609375 0.718750
vt 0.609375 0.281250
vt 0.609375 0.687500
vt 0.609375 0.250000
vt 0.609375 0.656250
vt 0.609375 0.218750
vt 0.609375 0.625000
vt 0.609375 0.187500
vt 0.609375 0.593750
vt 0.609375 0.156250
vt 0.609375 0.562500
vt 0.617187 1.000000
vt 0.609375 0.968750
vt 0.609375 0.125000
vt 0.609375 0.531250
vt 0.609375 0.937500
vt 0.609375 0.093750
vt 0.609375 0.500000
vt 0.609375 0.906250
vt 0.609375 0.062500
vt 0.609375 0.468750
vt 0.609375 0.875000
vt 0.609375 0.031250
vt 0.609375 0.437500
vt 0.609375 0.843750
vt 0.617187 0.000000
vt 0.609375 0.406250
vt 0.609375 0.812500
vt 0.609375 0.375000
vt 0.593750 0.718750
vt 0.593750 0.687500
vt 0.593750 0.281250
vt 0.593750 0.250000
vt 0.593750 0.656250
vt 0.593750 0.218750
vt 0.593750 0.625000
vt 0.593750 0.187500
vt 0.593750 0.593750
vt 0.593750 0.156250
vt 0.593750 0.562500
vt 0.601562 1.000000
vt 0.593750 0.968750
vt 0.593750 0.125000
vt 0.593750 0.531250
vt 0.593750 0.937500
vt 0.593750 0.093750
vt 0.593750 0.500000
vt 0.593750 0.906250
vt 0.593750 0.062500
vt 0.593750 0.468750
vt 0.593750 0.875000
vt 0.593750 0.031250
vt 0.593750 0.437500
vt 0.593750 0.843750
vt 0.601562 0.000000
vt 0.593750 0.406250
vt 0.593750 0.812500
vt 0.593750 0.375000
vt 0.593750 0.781250
vt 0.593750 0.343750
vt 0.593750 0.750000
vt 0.593750 0.312500
vt 0.578125 0.656250
vt 0.578125 0.625000
vt 0.578125 0.218750
vt 0.578125 0.187500
vt 0.578125 0.593750
vt 0.578125 0.156250
vt 0.578125 0.562500
vt 0.585937 1.000000
vt 0.578125 0.968750
vt 0.578125 0.125000
vt 0.578125 0.531250
vt 0.578125 0.937500
vt 0.578125 0.093750
vt 0.578125 0.500000
vt 0.578125 0.906250
vt 0.578125 0.062500
vt 0.578125 0.468750
vt 0.578125 0.875000
vt 0.578125 0.031250
vt 0.578125 0.437500
vt 0.578125 0.843750
vt 0.585937 0.000000
vt 0.578125 0.406250
vt 0.578125 0.812500
vt 0.578125 0.375000
vt 0.578125 0.781250
vt 0.578125 0.343750
vt 0.578125 0.750000
vt 0.578125 0.312500
vt 0.578125 0.718750
vt 0.578125 0.281250
vt 0.578125 0.687500
vt 0.578125 0.250000
vt 0.562500 0.593750
vt 0.562500 0.562500
vt 0.570312 1.000000
vt 0.562500 0.968750
vt 0.562500 0.156250
vt 0.562500 0.125000
vt 0.562500 0.531250
vt 0.562500 0.937500
vt 0.562500 0.093750
vt 0.562500 0.500000
vt 0.562500 0.906250
vt 0.562500 0.062500
vt 0.562500 0.468750
vt 0.562500 0.875000
vt 0.562500 0.031250
vt 0.562500 0.437500
vt 0.562500 0.843750
vt 0.570312 0.000000
vt 0.562500 0.406250
vt 0.562500 0.812500
vt 0.562500 0.375000
vt 0.562500 0.781250
vt 0.562500 0.343750
vt 0.562500 0.750000
vt 0.562500 0.312500
vt 0.562500 0.718750
vt 0.562500 0.281250
vt 0.562500 0.687500
vt 0.562500 0.250000
vt 0.562500 0.656250
vt 0.562500 0.218750
vt 0.562500 0.625000
vt 0.562500 0.187500
vt 0.546875 0.531250
vt 0.546875 0.500000
vt 0.546875 0.937500
vt 0.546875 0.906250
vt 0.546875 0.093750
vt 0.546875 0.062500
vt 0.546875 0.468750
vt 0.546875 0.875000
vt 0.546875 0.031250
vt 0.546875 0.437500
vt 0.546875 0.843750
vt 0.554687 0.000000
vt 0.546875 0.406250
vt 0.546875 0.812500
vt 0.546875 0.375000
vt 0.546875 0.781250
vt 0.546875 0.343750
vt 0.546875 0.750000
vt 0.546875 0.312500
vt 0.546875 0.718750
vt 0.546875 0.281250
vt 0.546875 0.687500
vt 0.546875 0.250000
vt 0.546875 0.656250
vt 0.546875 0.218750
vt 0.546875 0.625000
vt 0.546875 0.187500
vt 0.546875 0.593750
vt 0.546875 0.156250
vt 0.546875 0.562500
vt 0.554687 1.000000
vt 0.546875 0.968750
vt 0.546875 0.125000
vt 0.531250 0.468750
vt 0.531250 0.437500
vt 0.531250 0.875000
vt 0.531250 0.843750
vt 0.539062 0.000000
vt 0.531250 0.031250
vt 0.531250 0.406250
vt 0.531250 0.812500
vt 0.531250 0.375000
vt 0.531250 0.781250
vt 0.531250 0.343750
vt 0.531250 0.750000
vt 0.531250 0.312500
vt 0.531250 0.718750
vt 0.531250 0.281250
vt 0.531250 0.687500
vt 0.531250 0.250000
vt 0.531250 0.656250
vt 0.531250 0.218750
vt 0.531250 0.625000
vt 0.531250 0.187500
vt 0.531250 0.593750
vt 0.531250 0.156250
vt 0.531250 0.562500
vt 0.539062 1.000000
vt 0.531250 0.968750
vt 0.531250 0.125000
vt 0.531250 0.531250
vt 0.531250 0.937500
vt 0.531250 0.093750
vt 0.531250 0.500000
vt 0.531250 0.906250
vt 0.531250 0.062500
vt 0.515625 0.406250
vt 0.515625 0.375000
vt 0.515625 0.812500
vt 0.515625 0.781250
vt 0.515625 0.343750
vt 0.515625 0.750000
vt 0.515625 0.312500
vt 0.515625 0.718750
vt 0.515625 0.281250
vt 0.515625 0.687500
vt 0.515625 0.250000
vt 0.515625 0.656250
vt 0.515625 0.218750
vt 0.515625 0.625000
vt 0.515625 0.187500
vt 0.515625 0.593750
vt 0.515625 0.156250
vt 0.515625 0.562500
vt 0.523437 1.000000
vt 0.515625 0.968750
vt 0.515625 0.125000
vt 0.515625 0.531250
vt 0.515625 0.937500
vt 0.515625 0.093750
vt 0.515625 0.500000
vt 0.515625 0.906250
vt 0.515625 0.062500
vt 0.515625 0.468750
vt 0.515625 0.875000
vt 0.515625 0.031250
vt 0.515625 0.437500
vt 0.515625 0.843750
vt 0.523437 0.000000
vt 0.500000 0.343750
vt 0.500000 0.312500
vt 0.500000 0.750000
vt 0.500000 0.718750
vt 0.500000 0.281250
vt 0.500000 0.687500
vt 0.500000 0.250000
vt 0.500000 0.656250
vt 0.500000 0.218750
vt 0.500000 0.625000
vt 0.500000 0.187500
vt 0.500000 0.593750
vt 0.500000 0.156250
vt 0.500000 0.562500
vt 0.507812 1.000000
vt 0.500000 0.968750
vt 0.500000 0.125000
vt 0.500000 0.531250
vt 0.500000 0.937500
vt 0.500000 0.093750
vt 0.500000 0.500000
vt 0.500000 0.906250
vt 0.500000 0.062500
vt 0.500000 0.468750
vt 0.500000 0.875000
vt 0.500000 0.031250
vt 0.500000 0.437500
vt 0.500000 0.843750
vt 0.507812 0.000000
vt 0.500000 0.406250
vt 0.500000 0.812500
vt 0.500000 0.375000
vt 0.500000 0.781250
vt 0.484375 0.281250
vt 0.484375 0.250000
vt 0.484375 0.687500
vt 0.484375 0.656250
vt 0.484375 0.218750
vt 0.484375 0.625000
vt 0.484375 0.187500
vt 0.484375 0.593750
vt 0.484375 0.156250
vt 0.484375 0.562500
vt 0.492187 1.000000
vt 0.484375 0.968750
vt 0.484375 0.125000
vt 0.484375 0.531250
vt 0.484375 0.937500
vt 0.484375 0.093750
vt 0.484375 0.500000
vt 0.484375 0.906250
vt 0.484375 0.062500
vt 0.484375 0.468750
vt 0.484375 0.875000
vt 0.484375 0.031250
vt 0.484375 0.437500
vt 0.484375 0.843750
vt 0.492187 0.000000
vt 0.484375 0.406250
vt 0.484375 0.812500
vt 0.484375 0.375000
vt 0.484375 0.781250
vt 0.484375 0.343750
vt 0.484375 0.750000
vt 0.484375 0.312500
vt 0.484375 0.718750
vt 0.468750 0.218750
vt 0.468750 0.187500
vt 0.468750 0.625000
vt 0.468750 0.593750
vt 0.468750 0.156250
vt 0.468750 0.562500
vt 0.476562 1.000000
vt 0.468750 0.968750
vt 0.468750 0.125000
vt 0.468750 0.531250
vt 0.468750 0.937500
vt 0.468750 0.093750
vt 0.468750 0.500000
vt 0.468750 0.906250
vt 0.468750 0.062500
vt 0.468750 0.468750
vt 0.468750 0.875000
vt 0.468750 0.031250
vt 0.468750 0.437500
vt 0.468750 0.843750
vt 0.476562 0.000000
vt 0.468750 0.406250
vt 0.468750 0.812500
vt 0.468750 0.375000
vt 0.468750 0.781250
vt 0.468750 0.343750
vt 0.468750 0.750000
vt 0.468750 0.312500
vt 0.468750 0.718750
vt 0.468750 0.281250
vt 0.468750 0.687500
vt 0.468750 0.250000
vt 0.468750 0.656250
vt 0.460937 1.000000
vt 0.453125 0.968750
vt 0.453125 0.156250
vt 0.453125 0.125000
vt 0.453125 0.562500
vt 0.453125 0.531250
vt 0.453125 0.937500
vt 0.453125 0.093750
vt 0.453125 0.500000
vt 0.453125 0.906250
vt 0.453125 0.062500
vt 0.453125 0.468750
vt 0.453125 0.875000
vt 0.453125 0.031250
vt 0.453125 0.437500
vt 0.453125 0.843750
vt 0.460937 0.000000
vt 0.453125 0.406250
vt 0.453125 0.812500
vt 0.453125 0.375000
vt 0.453125 0.781250
vt 0.453125 0.343750
vt 0.453125 0.750000
vt 0.453125 0.312500
vt 0.453125 0.718750
vt 0.453125 0.281250
vt 0.453125 0.687500
vt 0.453125 0.250000
vt 0.453125 0.656250
vt 0.453125 0.218750
vt 0.453125 0.625000
vt 0.453125 0.187500
vt 0.453125 0.593750
vt 0.437500 0.937500
vt 0.437500 0.906250
vt 0.437500 0.093750
vt 0.437500 0.062500
vt 0.437500 0.500000
vt 0.437500 0.468750
vt 0.437500 0.875000
vt 0.437500 0.031250
vt 0.437500 0.437500
vt 0.437500 0.843750
vt 0.445312 0.000000
vt 0.437500 0.406250
vt 0.437500 0.812500
vt 0.437500 0.375000
vt 0.437500 0.781250
vt 0.437500 0.343750
vt 0.437500 0.750000
vt 0.437500 0.312500
vt 0.437500 0.718750
vt 0.437500 0.281250
vt 0.437500 0.687500
vt 0.437500 0.250000
vt 0.437500 0.656250
vt 0.437500 0.218750
vt 0.437500 0.625000
vt 0.437500 0.187500
vt 0.437500 0.593750
vt 0.437500 0.156250
vt 0.437500 0.562500
vt 0.445312 1.000000
vt 0.437500 0.968750
vt 0.437500 0.125000
vt 0.437500 0.531250
vt 0.421875 0.875000
vt 0.421875 0.843750
vt 0.429687 0.000000
vt 0.421875 0.031250
vt 0.421875 0.437500
vt 0.421875 0.406250
vt 0.421875 0.812500
vt 0.421875 0.375000
vt 0.421875 0.781250
vt 0.421875 0.343750
vt 0.421875 0.750000
vt 0.421875 0.312500
vt 0.421875 0.718750
vt 0.421875 0.281250
vt 0.421875 0.687500
vt 0.421875 0.250000
vt 0.421875 0.656250
vt 0.421875 0.218750
vt 0.421875 0.625000
vt 0.421875 0.187500
vt 0.421875 0.593750
vt 0.421875 0.156250
vt 0.421875 0.562500
vt 0.429687 1.000000
vt 0.421875 0.968750
vt 0.421875 0.125000
vt 0.421875 0.531250
vt 0.421875 0.937500
vt 0.421875 0.093750
vt 0.421875 0.500000
vt 0.421875 0.906250
vt 0.421875 0.062500
vt 0.421875 0.468750
vt 0.406250 0.812500
vt 0.406250 0.781250
vt 0.406250 0.375000
vt 0.406250 0.343750
vt 0.406250 0.750000
vt 0.406250 0.312500
vt 0.406250 0.718750
vt 0.406250 0.281250
vt 0.406250 0.687500
vt 0.406250 0.250000
vt 0.406250 0.656250
vt 0.406250 0.218750
vt 0.406250 0.625000
vt 0.406250 0.187500
vt 0.406250 0.593750
vt 0.406250 0.156250
vt 0.406250 0.562500
vt 0.414062 1.000000
vt 0.406250 0.968750
vt 0.406250 0.125000
vt 0.406250 0.531250
vt 0.406250 0.937500
vt 0.406250 0.093750
vt 0.406250 0.500000
vt 0.406250 0.906250
vt 0.406250 0.062500
vt 0.406250 0.468750
vt 0.406250 0.875000
vt 0.406250 0.031250
vt 0.406250 0.437500
vt 0.406250 0.843750
vt 0.414062 0.000000
vt 0.406250 0.406250
vt 0.390625 0.750000
vt 0.390625 0.718750
vt 0.390625 0.312500
vt 0.390625 0.281250
vt 0.390625 0.687500
vt 0.390625 0.250000
vt 0.390625 0.656250
vt 0.390625 0.218750
vt 0.390625 0.625000
vt 0.390625 0.187500
vt 0.390625 0.593750
vt 0.390625 0.156250
vt 0.390625 0.562500
vt 0.398437 1.000000
vt 0.390625 0.968750
vt 0.390625 0.125000
vt 0.390625 0.531250
vt 0.390625 0.937500
vt 0.390625 0.093750
vt 0.390625 0.500000
vt 0.390625 0.906250
vt 0.390625 0.062500
vt 0.390625 0.468750
vt 0.390625 0.875000
vt 0.390625 0.031250
vt 0.390625 0.437500
vt 0.390625 0.843750
vt 0.398437 0.000000
vt 0.390625 0.406250
vt 0.390625 0.812500
vt 0.390625 0.375000
vt 0.390625 0.781250
vt 0.390625 0.343750
vt 0.375000 0.687500
vt 0.375000 0.656250
vt 0.375000 0.250000
vt 0.375000 0.218750
vt 0.375000 0.625000
vt 0.375000 0.187500
vt 0.375000 0.593750
vt 0.375000 0.156250
vt 0.375000 0.562500
vt 0.382812 1.000000
vt 0.375000 0.968750
vt 0.375000 0.125000
vt 0.375000 0.531250
vt 0.375000 0.937500
vt 0.375000 0.093750
vt 0.375000 0.500000
vt 0.375000 0.906250
vt 0.375000 0.062500
vt 0.375000 0.468750
vt 0.375000 0.875000
vt 0.375000 0.031250
vt 0.375000 0.437500
vt 0.375000 0.843750
vt 0.382812 0.000000
vt 0.375000 0.406250
vt 0.375000 0.812500
vt 0.375000 0.375000
vt 0.375000 0.781250
vt 0.375000 0.343750
vt 0.375000 0.750000
vt 0.375000 0.312500
vt 0.375000 0.718750
vt 0.375000 0.281250
vt 0.359375 0.625000
vt 0.359375 0.593750
vt 0.359375 0.187500
vt 0.359375 0.156250
vt 0.359375 0.562500
vt 0.367187 1.000000
vt 0.359375 0.968750
vt 0.359375 0.125000
vt 0.359375 0.531250
vt 0.359375 0.937500
vt 0.359375 0.093750
vt 0.359375 0.500000
vt 0.359375 0.906250
vt 0.359375 0.062500
vt 0.359375 0.468750
vt 0.359375 0.875000
vt 0.359375 0.031250
vt 0.359375 0.437500
vt 0.359375 0.843750
vt 0.367187 0.000000
vt 0.359375 0.406250
vt 0.359375 0.812500
vt 0.359375 0.375000
vt 0.359375 0.781250
vt 0.359375 0.343750
vt 0.359375 0.750000
vt 0.359375 0.312500
vt 0.359375 0.718750
vt 0.359375 0.281250
vt 0.359375 0.687500
vt 0.359375 0.250000
vt 0.359375 0.656250
vt 0.359375 0.218750
vt 0.343750 0.562500
vt 0.343750 0.531250
vt 0.343750 0.968750
vt 0.343750 0.937500
vt 0.343750 0.125000
vt 0.343750 0.093750
vt 0.343750 0.500000
vt 0.343750 0.906250
vt 0.343750 0.062500
vt 0.343750 0.468750
vt 0.343750 0.875000
vt 0.343750 0.031250
vt 0.343750 0.437500
vt 0.343750 0.843750
vt 0.351562 0.000000
vt 0.343750 0.406250
vt 0.343750 0.812500
vt 0.343750 0.375000
vt 0.343750 0.781250
vt 0.343750 0.343750
vt 0.343750 0.750000
vt 0.343750 0.312500
vt 0.343750 0.718750
vt 0.343750 0.281250
vt 0.343750 0.687500
vt 0.343750 0.250000
vt 0.343750 0.656250
vt 0.343750 0.218750
vt 0.343750 0.625000
vt 0.343750 0.187500
vt 0.343750 0.593750
vt 0.343750 0.156250
vt 0.351562 1.000000
vt 0.328125 0.406250
vt 0.328125 0.375000
vt 0.328125 0.812500
vt 0.328125 0.781250
vt 0.328125 0.343750
vt 0.328125 0.750000
vt 0.328125 0.312500
vt 0.328125 0.718750
vt 0.328125 0.281250
vt 0.328125 0.687500
vt 0.328125 0.250000
vt 0.328125 0.656250
vt 0.328125 0.218750
vt 0.328125 0.625000
vt 0.328125 0.187500
vt 0.328125 0.593750
vt 0.328125 0.156250
vt 0.328125 0.562500
vt 0.335937 1.000000
vt 0.328125 0.968750
vt 0.328125 0.125000
vt 0.328125 0.531250
vt 0.328125 0.937500
vt 0.328125 0.093750
vt 0.328125 0.500000
vt 0.328125 0.906250
vt 0.328125 0.062500
vt 0.328125 0.468750
vt 0.328125 0.875000
vt 0.328125 0.031250
vt 0.328125 0.437500
vt 0.328125 0.843750
vt 0.335937 0.000000
vt 0.312500 0.343750
vt 0.312500 0.312500
vt 0.312500 0.750000
vt 0.312500 0.718750
vt 0.312500 0.281250
vt 0.312500 0.687500
vt 0.312500 0.250000
vt 0.312500 0.656250
vt 0.312500 0.218750
vt 0.312500 0.625000
vt 0.312500 0.187500
vt 0.312500 0.593750
vt 0.312500 0.156250
vt 0.312500 0.562500
vt 0.320312 1.000000
vt 0.312500 0.968750
vt 0.312500 0.125000
vt 0.312500 0.531250
vt 0.312500 0.937500
vt 0.312500 0.093750
vt 0.312500 0.500000
vt 0.312500 0.906250
vt 0.312500 0.062500
vt 0.312500 0.468750
vt 0.312500 0.875000
vt 0.312500 0.031250
vt 0.312500 0.437500
vt 0.312500 0.843750
vt 0.320312 0.000000
vt 0.312500 0.406250
vt 0.312500 0.812500
vt 0.312500 0.375000
vt 0.312500 0.781250
vt 0.296875 0.281250
vt 0.296875 0.250000
vt 0.296875 0.687500
vt 0.296875 0.656250
vt 0.296875 0.218750
vt 0.296875 0.625000
vt 0.296875 0.187500
vt 0.296875 0.593750
vt 0.296875 0.156250
vt 0.296875 0.562500
vt 0.304687 1.000000
vt 0.296875 0.968750
vt 0.296875 0.125000
vt 0.296875 0.531250
vt 0.296875 0.937500
vt 0.296875 0.093750
vt 0.296875 0.500000
vt 0.296875 0.906250
vt 0.296875 0.062500
vt 0.296875 0.468750
vt 0.296875 0.875000
vt 0.296875 0.031250
vt 0.296875 0.437500
vt 0.296875 0.843750
vt 0.304687 0.000000
vt 0.296875 0.406250
vt 0.296875 0.812500
vt 0.296875 0.375000
vt 0.296875 0.781250
vt 0.296875 0.343750
vt 0.296875 0.750000
vt 0.296875 0.312500
vt 0.296875 0.718750
vt 0.281250 0.218750
vt 0.281250 0.187500
vt 0.281250 0.625000
vt 0.281250 0.593750
vt 0.281250 0.156250
vt 0.281250 0.562500
vt 0.289062 1.000000
vt 0.281250 0.968750
vt 0.281250 0.125000
vt 0.281250 0.531250
vt 0.281250 0.937500
vt 0.281250 0.093750
vt 0.281250 0.500000
vt 0.281250 0.906250
vt 0.281250 0.062500
vt 0.281250 0.468750
vt 0.281250 0.875000
vt 0.281250 0.031250
vt 0.281250 0.437500
vt 0.281250 0.843750
vt 0.289062 0.000000
vt 0.281250 0.406250
vt 0.281250 0.812500
vt 0.281250 0.375000
vt 0.281250 0.781250
vt 0.281250 0.343750
vt 0.281250 0.750000
vt 0.281250 0.312500
vt 0.281250 0.718750
vt 0.281250 0.281250
vt 0.281250 0.687500
vt 0.281250 0.250000
vt 0.281250 0.656250
vt 0.273437 1.000000
vt 0.265625 0.968750
vt 0.265625 0.156250
vt 0.265625 0.125000
vt 0.265625 0.562500
vt 0.265625 0.531250
vt 0.265625 0.937500
vt 0.265625 0.093750
vt 0.265625 0.500000
vt 0.265625 0.906250
vt 0.265625 0.062500
vt 0.265625 0.468750
vt 0.265625 0.875000
vt 0.265625 0.031250
vt 0.265625 0.437500
vt 0.265625 0.843750
vt 0.273437 0.000000
vt 0.265625 0.406250
vt 0.265625 0.812500
vt 0.265625 0.375000
vt 0.265625 0.781250
vt 0.265625 0.343750
vt 0.265625 0.750000
vt 0.265625 0.312500
vt 0.265625 0.718750
vt 0.265625 0.281250
vt 0.265625 0.687500
vt 0.265625 0.250000
vt 0.265625 0.656250
vt 0.265625 0.218750
vt 0.265625 0.625000
vt 0.265625 0.187500
vt 0.265625 0.593750
vt 0.250000 0.937500
vt 0.250000 0.906250
vt 0.250000 0.093750
vt 0.250000 0.062500
vt 0.250000 0.500000
vt 0.250000 0.468750
vt 0.250000 0.875000
vt 0.250000 0.031250
vt 0.250000 0.437500
vt 0.250000 0.843750
vt 0.257812 0.000000
vt 0.250000 0.406250
vt 0.250000 0.812500
vt 0.250000 0.375000
vt 0.250000 0.781250
vt 0.250000 0.343750
vt 0.250000 0.750000
vt 0.250000 0.312500
vt 0.250000 0.718750
vt 0.250000 0.281250
vt 0.250000 0.687500
vt 0.250000 0.250000
vt 0.250000 0.656250
vt 0.250000 0.218750
vt 0.250000 0.625000
vt 0.250000 0.187500
vt 0.250000 0.593750
vt 0.250000 0.156250
vt 0.250000 0.562500
vt 0.257812 1.000000
vt 0.250000 0.968750
vt 0.250000 0.125000
vt 0.250000 0.531250
vt 0.234375 0.875000
vt 0.234375 0.843750
vt 0.242188 0.000000
vt 0.234375 0.031250
vt 0.234375 0.437500
vt 0.234375 0.406250
vt 0.234375 0.812500
vt 0.234375 0.375000
vt 0.234375 0.781250
vt 0.234375 0.343750
vt 0.234375 0.750000
vt 0.234375 0.312500
vt 0.234375 0.718750
vt 0.234375 0.281250
vt 0.234375 0.687500
vt 0.234375 0.250000
vt 0.234375 0.656250
vt 0.234375 0.218750
vt 0.234375 0.625000
vt 0.234375 0.187500
vt 0.234375 0.593750
vt 0.234375 0.156250
vt 0.234375 0.562500
vt 0.242187 1.000000
vt 0.234375 0.968750
vt 0.234375 0.125000
vt 0.234375 0.531250
vt 0.234375 0.937500
vt 0.234375 0.093750
vt 0.234375 0.500000
vt 0.234375 0.906250
vt 0.234375 0.062500
vt 0.234375 0.468750
vt 0.218750 0.812500
vt 0.218750 0.781250
vt 0.218750 0.375000
vt 0.218750 0.343750
vt 0.218750 0.750000
vt 0.218750 0.312500
vt 0.218750 0.718750
vt 0.218750 0.281250
vt 0.218750 0.687500
vt 0.218750 0.250000
vt 0.218750 0.656250
vt 0.218750 0.218750
vt 0.218750 0.625000
vt 0.218750 0.187500
vt 0.218750 0.593750
vt 0.218750 0.156250
vt 0.218750 0.562500
vt 0.226562 1.000000
vt 0.218750 0.968750
vt 0.218750 0.125000
vt 0.218750 0.531250
vt 0.218750 0.937500
vt 0.218750 0.093750
vt 0.218750 0.500000
vt 0.218750 0.906250
vt 0.218750 0.062500
vt 0.218750 0.468750
vt 0.218750 0.875000
vt 0.218750 0.031250
vt 0.218750 0.437500
vt 0.218750 0.843750
vt 0.226563 0.000000
vt 0.218750 0.406250
vt 0.203125 0.750000
vt 0.203125 0.718750
vt 0.203125 0.312500
vt 0.203125 0.281250
vt 0.203125 0.687500
vt 0.203125 0.250000
vt 0.203125 0.656250
vt 0.203125 0.218750
vt 0.203125 0.625000
vt 0.203125 0.187500
vt 0.203125 0.593750
vt 0.203125 0.156250
vt 0.203125 0.562500
vt 0.210938 1.000000
vt 0.203125 0.968750
vt 0.203125 0.125000
vt 0.203125 0.531250
vt 0.203125 0.937500
vt 0.203125 0.093750
vt 0.203125 0.500000
vt 0.203125 0.906250
vt 0.203125 0.062500
vt 0.203125 0.468750
vt 0.203125 0.875000
vt 0.203125 0.031250
vt 0.203125 0.437500
vt 0.203125 0.843750
vt 0.210938 0.000000
vt 0.203125 0.406250
vt 0.203125 0.812500
vt 0.203125 0.375000
vt 0.203125 0.781250
vt 0.203125 0.343750
vt 0.187500 0.687500
vt 0.187500 0.656250
vt 0.187500 0.250000
vt 0.187500 0.218750
vt 0.187500 0.625000
vt 0.187500 0.187500
vt 0.187500 0.593750
vt 0.187500 0.156250
vt 0.187500 0.562500
vt 0.195313 1.000000
vt 0.187500 0.968750
vt 0.187500 0.125000
vt 0.187500 0.531250
vt 0.187500 0.937500
vt 0.187500 0.093750
vt 0.187500 0.500000
vt 0.187500 0.906250
vt 0.187500 0.062500
vt 0.187500 0.468750
vt 0.187500 0.875000
vt 0.187500 0.031250
vt 0.187500 0.437500
vt 0.187500 0.843750
vt 0.195313 0.000000
vt 0.187500 0.406250
vt 0.187500 0.812500
vt 0.187500 0.375000
vt 0.187500 0.781250
vt 0.187500 0.343750
vt 0.187500 0.750000
vt 0.187500 0.312500
vt 0.187500 0.718750
vt 0.187500 0.281250
vt 0.171875 0.625000
vt 0.171875 0.593750
vt 0.171875 0.187500
vt 0.171875 0.156250
vt 0.171875 0.562500
vt 0.179688 1.000000
vt 0.171875 0.968750
vt 0.171875 0.125000
vt 0.171875 0.531250
vt 0.171875 0.937500
vt 0.171875 0.093750
vt 0.171875 0.500000
vt 0.171875 0.906250
vt 0.171875 0.062500
vt 0.171875 0.468750
vt 0.171875 0.875000
vt 0.171875 0.031250
vt 0.171875 0.437500
vt 0.171875 0.843750
vt 0.179688 0.000000
vt 0.171875 0.406250
vt 0.171875 0.812500
vt 0.171875 0.375000
vt 0.171875 0.781250
vt 0.171875 0.343750
vt 0.171875 0.750000
vt 0.171875 0.312500
vt 0.171875 0.718750
vt 0.171875 0.281250
vt 0.171875 0.687500
vt 0.171875 0.250000
vt 0.171875 0.656250
vt 0.171875 0.218750
vt 0.156250 0.562500
vt 0.156250 0.531250
vt 0.156250 0.968750
vt 0.156250 0.937500
vt 0.156250 0.125000
vt 0.156250 0.093750
vt 0.156250 0.500000
vt 0.156250 0.906250
vt 0.156250 0.062500
vt 0.156250 0.468750
vt 0.156250 0.875000
vt 0.156250 0.031250
vt 0.156250 0.437500
vt 0.156250 0.843750
vt 0.164063 0.000000
vt 0.156250 0.406250
vt 0.156250 0.812500
vt 0.156250 0.375000
vt 0.156250 0.781250
vt 0.156250 0.343750
vt 0.156250 0.750000
vt 0.156250 0.312500
vt 0.156250 0.718750
vt 0.156250 0.281250
vt 0.156250 0.687500
vt 0.156250 0.250000
vt 0.156250 0.656250
vt 0.156250 0.218750
vt 0.156250 0.625000
vt 0.156250 0.187500
vt 0.156250 0.593750
vt 0.156250 0.156250
vt 0.164063 1.000000
vt 0.140625 0.500000
vt 0.140625 0.468750
vt 0.140625 0.906250
vt 0.140625 0.875000
vt 0.140625 0.062500
vt 0.140625 0.031250
vt 0.140625 0.437500
vt 0.140625 0.843750
vt 0.148438 0.000000
vt 0.140625 0.406250
vt 0.140625 0.812500
vt 0.140625 0.375000
vt 0.140625 0.781250
vt 0.140625 0.343750
vt 0.140625 0.750000
vt 0.140625 0.312500
vt 0.140625 0.718750
vt 0.140625 0.281250
vt 0.140625 0.687500
vt 0.140625 0.250000
vt 0.140625 0.656250
vt 0.140625 0.218750
vt 0.140625 0.625000
vt 0.140625 0.187500
vt 0.140625 0.593750
vt 0.140625 0.156250
vt 0.140625 0.562500
vt 0.148438 1.000000
vt 0.140625 0.968750
vt 0.140625 0.125000
vt 0.140625 0.531250
vt 0.140625 0.937500
vt 0.140625 0.093750
vt 0.125000 0.437500
vt 0.125000 0.406250
vt 0.125000 0.843750
vt 0.125000 0.812500
vt 0.125000 0.375000
vt 0.125000 0.781250
vt 0.125000 0.343750
vt 0.125000 0.750000
vt 0.125000 0.312500
vt 0.125000 0.718750
vt 0.125000 0.281250
vt 0.125000 0.687500
vt 0.125000 0.250000
vt 0.125000 0.656250
vt 0.125000 0.218750
vt 0.125000 0.625000
vt 0.125000 0.187500
vt 0.125000 0.593750
vt 0.125000 0.156250
vt 0.125000 0.562500
vt 0.132813 1.000000
vt 0.125000 0.968750
vt 0.125000 0.125000
vt 0.125000 0.531250
vt 0.125000 0.937500
vt 0.125000 0.093750
vt 0.125000 0.500000
vt 0.125000 0.906250
vt 0.125000 0.062500
vt 0.125000 0.468750
vt 0.125000 0.875000
vt 0.125000 0.031250
vt 0.132813 0.000000
vt 0.109375 0.375000
vt 0.109375 0.343750
vt 0.109375 0.781250
vt 0.109375 0.750000
vt 0.109375 0.312500
vt 0.109375 0.718750
vt 0.109375 0.281250
vt 0.109375 0.687500
vt 0.109375 0.250000
vt 0.109375 0.656250
vt 0.109375 0.218750
vt 0.109375 0.625000
vt 0.109375 0.187500
vt 0.109375 0.593750
vt 0.109375 0.156250
vt 0.109375 0.562500
vt 0.117188 1.000000
vt 0.109375 0.968750
vt 0.109375 0.125000
vt 0.109375 0.531250
vt 0.109375 0.937500
vt 0.109375 0.093750
vt 0.109375 0.500000
vt 0.109375 0.906250
vt 0.109375 0.062500
vt 0.109375 0.468750
vt 0.109375 0.875000
vt 0.109375 0.031250
vt 0.109375 0.437500
vt 0.109375 0.843750
vt 0.117188 0.000000
vt 0.109375 0.406250
vt 0.109375 0.812500
vt 0.093750 0.312500
vt 0.093750 0.281250
vt 0.093750 0.718750
vt 0.093750 0.687500
vt 0.093750 0.250000
vt 0.093750 0.656250
vt 0.093750 0.218750
vt 0.093750 0.625000
vt 0.093750 0.187500
vt 0.093750 0.593750
vt 0.093750 0.156250
vt 0.093750 0.562500
vt 0.101563 1.000000
vt 0.093750 0.968750
vt 0.093750 0.125000
vt 0.093750 0.531250
vt 0.093750 0.937500
vt 0.093750 0.093750
vt 0.093750 0.500000
vt 0.093750 0.906250
vt 0.093750 0.062500
vt 0.093750 0.468750
vt 0.093750 0.875000
vt 0.093750 0.031250
vt 0.093750 0.437500
vt 0.093750 0.843750
vt 0.101563 0.000000
vt 0.093750 0.406250
vt 0.093750 0.812500
vt 0.093750 0.375000
vt 0.093750 0.781250
vt 0.093750 0.343750
vt 0.093750 0.750000
vt 0.078125 0.250000
vt 0.078125 0.218750
vt 0.078125 0.656250
vt 0.078125 0.625000
vt 0.078125 0.187500
vt 0.078125 0.593750
vt 0.078125 0.156250
vt 0.078125 0.562500
vt 0.085938 1.000000
vt 0.078125 0.968750
vt 0.078125 0.125000
vt 0.078125 0.531250
vt 0.078125 0.937500
vt 0.078125 0.093750
vt 0.078125 0.500000
vt 0.078125 0.906250
vt 0.078125 0.062500
vt 0.078125 0.468750
vt 0.078125 0.875000
vt 0.078125 0.031250
vt 0.078125 0.437500
vt 0.078125 0.843750
vt 0.085938 0.000000
vt 0.078125 0.406250
vt 0.078125 0.812500
vt 0.078125 0.375000
vt 0.078125 0.781250
vt 0.078125 0.343750
vt 0.078125 0.750000
vt 0.078125 0.312500
vt 0.078125 0.718750
vt 0.078125 0.281250
vt 0.078125 0.687500
vt 0.062500 0.187500
vt 0.062500 0.156250
vt 0.062500 0.593750
vt 0.062500 0.562500
vt 0.070313 1.000000
vt 0.062500 0.968750
vt 0.062500 0.125000
vt 0.062500 0.531250
vt 0.062500 0.937500
vt 0.062500 0.093750
vt 0.062500 0.500000
vt 0.062500 0.906250
vt 0.062500 0.062500
vt 0.062500 0.468750
vt 0.062500 0.875000
vt 0.062500 0.031250
vt 0.062500 0.437500
vt 0.062500 0.843750
vt 0.070313 0.000000
vt 0.062500 0.406250
vt 0.062500 0.812500
vt 0.062500 0.375000
vt 0.062500 0.781250
vt 0.062500 0.343750
vt 0.062500 0.750000
vt 0.062500 0.312500
vt 0.062500 0.718750
vt 0.062500 0.281250
vt 0.062500 0.687500
vt 0.062500 0.250000
vt 0.062500 0.656250
vt 0.062500 0.218750
vt 0.062500 0.625000
vt 0.046875 0.125000
vt 0.046875 0.093750
vt 0.046875 0.531250
vt 0.046875 0.500000
vt 0.046875 0.937500
vt 0.046875 0.906250
vt 0.046875 0.062500
vt 0.046875 0.468750
vt 0.046875 0.875000
vt 0.046875 0.031250
vt 0.046875 0.437500
vt 0.046875 0.843750
vt 0.054688 0.000000
vt 0.046875 0.406250
vt 0.046875 0.812500
vt 0.046875 0.375000
vt 0.046875 0.781250
vt 0.046875 0.343750
vt 0.046875 0.750000
vt 0.046875 0.312500
vt 0.046875 0.718750
vt 0.046875 0.281250
vt 0.046875 0.687500
vt 0.046875 0.250000
vt 0.046875 0.656250
vt 0.046875 0.218750
vt 0.046875 0.625000
vt 0.046875 0.187500
vt 0.046875 0.593750
vt 0.046875 0.156250
vt 0.046875 0.562500
vt 0.054688 1.000000
vt 0.046875 0.968750
vt 0.031250 0.062500
vt 0.031250 0.031250
vt 0.031250 0.468750
vt 0.031250 0.437500
vt 0.031250 0.875000
vt 0.031250 0.843750
vt 0.039063 0.000000
vt 0.031250 0.406250
vt 0.031250 0.812500
vt 0.031250 0.375000
vt 0.031250 0.781250
vt 0.031250 0.343750
vt 0.031250 0.750000
vt 0.031250 0.312500
vt 0.031250 0.718750
vt 0.031250 0.281250
vt 0.031250 0.687500
vt 0.031250 0.250000
vt 0.031250 0.656250
vt 0.031250 0.218750
vt 0.031250 0.625000
vt 0.031250 0.187500
vt 0.031250 0.593750
vt 0.031250 0.156250
vt 0.031250 0.562500
vt 0.039063 1.000000
vt 0.031250 0.968750
vt 0.031250 0.125000
vt 0.031250 0.531250
vt 0.031250 0.937500
vt 0.031250 0.093750
vt 0.031250 0.500000
vt 0.031250 0.906250
vt 0.015625 0.406250
vt 0.015625 0.375000
vt 0.015625 0.812500
vt 0.015625 0.781250
vt 0.015625 0.343750
vt 0.015625 0.750000
vt 0.015625 0.312500
vt 0.015625 0.718750
vt 0.015625 0.281250
vt 0.015625 0.687500
vt 0.015625 0.250000
vt 0.015625 0.656250
vt 0.015625 0.218750
vt 0.015625 0.625000
vt 0.015625 0.187500
vt 0.015625 0.593750
vt 0.015625 0.156250
vt 0.015625 0.562500
vt 0.023438 1.000000
vt 0.015625 0.968750
vt 0.015625 0.125000
vt 0.015625 0.531250
vt 0.015625 0.937500
vt 0.015625 0.093750
vt 0.015625 0.500000
vt 0.015625 0.906250
vt 0.015625 0.062500
vt 0.015625 0.468750
vt 0.015625 0.875000
vt 0.015625 0.031250
vt 0.015625 0.437500
vt 0.015625 0.843750
vt 0.023438 0.000000
vt 0.000000 0.343750
vt 0.000000 0.312500
vt 0.000000 0.750000
vt 0.000000 0.718750
vt 0.000000 0.281250
vt 0.000000 0.687500
vt 0.000000 0.250000
vt 0.000000 0.656250
vt 0.000000 0.218750
vt 0.000000 0.625000
vt 0.000000 0.187500
vt 0.000000 0.593750
vt 0.000000 0.156250
vt 0.000000 0.562500
vt 0.007813 1.000000
vt 0.000000 0.968750
vt 0.000000 0.125000
vt 0.000000 0.531250
vt 0.000000 0.937500
vt 0.000000 0.093750
vt 0.000000 0.500000
vt 0.000000 0.906250
vt 0.000000 0.062500
vt 0.000000 0.468750
vt 0.000000 0.875000
vt 0.000000 0.031250
vt 0.000000 0.437500
vt 0.000000 0.843750
vt 0.007813 0.000000
vt 0.000000 0.406250
vt 0.000000 0.812500
vt 0.000000 0.375000
vt 0.000000 0.781250
vt 1.000000 0.250000
vt 1.000000 0.281250
vt 0.984375 0.281250
vt 0.984375 0.250000
vt 1.000000 0.656250
vt 1.000000 0.687500
vt 0.984375 0.687500
vt 0.984375 0.656250
vt 1.000000 0.218750
vt 0.984375 0.218750
vt 1.000000 0.625000
vt 0.984375 0.625000
vt 1.000000 0.187500
vt 0.984375 0.187500
vt 1.000000 0.593750
vt 0.984375 0.593750
vt 1.000000 0.156250
vt 0.984375 0.156250
vt 1.000000 0.562500
vt 0.984375 0.562500
vt 1.000000 0.968750
vt 0.992188 1.000000
vt 0.984375 0.968750
vt 1.000000 0.125000
vt 0.984375 0.125000
vt 1.000000 0.531250
vt 0.984375 0.531250
vt 1.000000 0.937500
vt 0.984375 0.937500
vt 1.000000 0.093750
vt 0.984375 0.093750
vt 1.000000 0.500000
vt 0.984375 0.500000
vt 1.000000 0.906250
vt 0.984375 0.906250
vt 1.000000 0.062500
vt 0.984375 0.062500
vt 1.000000 0.468750
vt 0.984375 0.468750
vt 1.000000 0.875000
vt 0.984375 0.875000
vt 1.000000 0.031250
vt 0.984375 0.031250
vt 1.000000 0.437500
vt 0.984375 0.437500
vt 1.000000 0.843750
vt 0.984375 0.843750
vt 0.992188 0.000000
vt 1.000000 0.406250
vt 0.984375 0.406250
vt 1.000000 0.812500
vt 0.984375 0.812500
vt 1.000000 0.375000
vt 0.984375 0.375000
vt 1.000000 0.781250
vt 0.984375 0.781250
vt 1.000000 0.343750
vt 0.984375 0.343750
vt 1.000000 0.750000
vt 0.984375 0.750000
vt 1.000000 0.312500
vt 0.984375 0.312500
vt 1.000000 0.718750
vt 0.984375 0.718750
vt 0.968750 0.218750
vt 0.968750 0.187500
vt 0.968750 0.625000
vt 0.968750 0.593750
vt 0.968750 0.156250
vt 0.968750 0.562500
vt 0.976563 1.000000
vt 0.968750 0.968750
vt 0.968750 0.125000
vt 0.968750 0.531250
vt 0.968750 0.937500
vt 0.968750 0.093750
vt 0.968750 0.500000
vt 0.968750 0.906250
vt 0.968750 0.062500
vt 0.968750 0.468750
vt 0.968750 0.875000
vt 0.968750 0.031250
vt 0.968750 0.437500
vt 0.968750 0.843750
vt 0.976563 0.000000
vt 0.968750 0.406250
vt 0.968750 0.812500
vt 0.968750 0.375000
vt 0.968750 0.781250
vt 0.968750 0.343750
vt 0.968750 0.750000
vt 0.968750 0.312500
vt 0.968750 0.718750
vt 0.968750 0.281250
vt 0.968750 0.687500
vt 0.968750 0.250000
vt 0.968750 0.656250
vt 0.960938 1.000000
vt 0.953125 0.968750
vt 0.953125 0.156250
vt 0.953125 0.125000
vt 0.953125 0.562500
vt 0.953125 0.531250
vt 0.953125 0.937500
vt 0.953125 0.093750
vt 0.953125 0.500000
vt 0.953125 0.906250
vt 0.953125 0.062500
vt 0.953125 0.468750
vt 0.953125 0.875000
vt 0.953125 0.031250
vt 0.953125 0.437500
vt 0.953125 0.843750
vt 0.960938 0.000000
vt 0.953125 0.406250
vt 0.953125 0.812500
vt 0.953125 0.375000
vt 0.953125 0.781250
vt 0.953125 0.343750
vt 0.953125 0.750000
vt 0.953125 0.312500
vt 0.953125 0.718750
vt 0.953125 0.281250
vt 0.953125 0.687500
vt 0.953125 0.250000
vt 0.953125 0.656250
vt 0.953125 0.218750
vt 0.953125 0.625000
vt 0.953125 0.187500
vt 0.953125 0.593750
vt 0.937500 0.625000
vt 0.937500 0.593750
vt 0.937500 0.187500
vt 0.937500 0.156250
vt 0.937500 0.562500
vt 0.945313 1.000000
vt 0.937500 0.968750
vt 0.937500 0.125000
vt 0.937500 0.531250
vt 0.937500 0.937500
vt 0.937500 0.093750
vt 0.937500 0.500000
vt 0.937500 0.906250
vt 0.937500 0.062500
vt 0.937500 0.468750
vt 0.937500 0.875000
vt 0.937500 0.031250
vt 0.937500 0.437500
vt 0.937500 0.843750
vt 0.945313 0.000000
vt 0.937500 0.406250
vt 0.937500 0.812500
vt 0.937500 0.375000
vt 0.937500 0.781250
vt 0.937500 0.343750
vt 0.937500 0.750000
vt 0.937500 0.312500
vt 0.937500 0.718750
vt 0.937500 0.281250
vt 0.937500 0.687500
vt 0.937500 0.250000
vt 0.937500 0.656250
vt 0.937500 0.218750
vt 0.921875 0.562500
vt 0.921875 0.531250
vt 0.921875 0.968750
vt 0.921875 0.937500
vt 0.921875 0.125000
vt 0.921875 0.093750
vt 0.921875 0.500000
vt 0.921875 0.906250
vt 0.921875 0.062500
vt 0.921875 0.468750
vt 0.921875 0.875000
vt 0.921875 0.031250
vt 0.921875 0.437500
vt 0.921875 0.843750
vt 0.929688 0.000000
vt 0.921875 0.406250
vt 0.921875 0.812500
vt 0.921875 0.375000
vt 0.921875 0.781250
vt 0.921875 0.343750
vt 0.921875 0.750000
vt 0.921875 0.312500
vt 0.921875 0.718750
vt 0.921875 0.281250
vt 0.921875 0.687500
vt 0.921875 0.250000
vt 0.921875 0.656250
vt 0.921875 0.218750
vt 0.921875 0.625000
vt 0.921875 0.187500
vt 0.921875 0.593750
vt 0.921875 0.156250
vt 0.929688 1.000000
vt 0.906250 0.500000
vt 0.906250 0.468750
vt 0.906250 0.906250
vt 0.906250 0.875000
vt 0.906250 0.062500
vt 0.906250 0.031250
vt 0.906250 0.437500
vt 0.906250 0.843750
vt 0.914063 0.000000
vt 0.906250 0.406250
vt 0.906250 0.812500
vt 0.906250 0.375000
vt 0.906250 0.781250
vt 0.906250 0.343750
vt 0.906250 0.750000
vt 0.906250 0.312500
vt 0.906250 0.718750
vt 0.906250 0.281250
vt 0.906250 0.687500
vt 0.906250 0.250000
vt 0.906250 0.656250
vt 0.906250 0.218750
vt 0.906250 0.625000
vt 0.906250 0.187500
vt 0.906250 0.593750
vt 0.906250 0.156250
vt 0.906250 0.562500
vt 0.914063 1.000000
vt 0.906250 0.968750
vt 0.906250 0.125000
vt 0.906250 0.531250
vt 0.906250 0.937500
vt 0.906250 0.093750
vt 0.890625 0.437500
vt 0.890625 0.406250
vt 0.890625 0.843750
vt 0.890625 0.812500
vt 0.890625 0.375000
vt 0.890625 0.781250
vt 0.890625 0.343750
vt 0.890625 0.750000
vt 0.890625 0.312500
vt 0.890625 0.718750
vt 0.890625 0.281250
vt 0.890625 0.687500
vt 0.890625 0.250000
vt 0.890625 0.656250
vt 0.890625 0.218750
vt 0.890625 0.625000
vt 0.890625 0.187500
vt 0.890625 0.593750
vt 0.890625 0.156250
vt 0.890625 0.562500
vt 0.898438 1.000000
vt 0.890625 0.968750
vt 0.890625 0.125000
vt 0.890625 0.531250
vt 0.890625 0.937500
vt 0.890625 0.093750
vt 0.890625 0.500000
vt 0.890625 0.906250
vt 0.890625 0.062500
vt 0.890625 0.468750
vt 0.890625 0.875000
vt 0.890625 0.031250
vt 0.898438 0.000000
vt 0.875000 0.375000
vt 0.875000 0.343750
vt 0.875000 0.781250
vt 0.875000 0.750000
vt 0.875000 0.312500
vt 0.875000 0.718750
vt 0.875000 0.281250
vt 0.875000 0.687500
vt 0.875000 0.250000
vt 0.875000 0.656250
vt 0.875000 0.218750
vt 0.875000 0.625000
vt 0.875000 0.187500
vt 0.875000 0.593750
vt 0.875000 0.156250
vt 0.875000 0.562500
vt 0.882813 1.000000
vt 0.875000 0.968750
vt 0.875000 0.125000
vt 0.875000 0.531250
vt 0.875000 0.937500
vt 0.875000 0.093750
vt 0.875000 0.500000
vt 0.875000 0.906250
vt 0.875000 0.062500
vt 0.875000 0.468750
vt 0.875000 0.875000
vt 0.875000 0.031250
vt 0.875000 0.437500
vt 0.875000 0.843750
vt 0.882813 0.000000
vt 0.875000 0.406250
vt 0.875000 0.812500
vt 0.859375 0.312500
vt 0.859375 0.281250
vt 0.859375 0.718750
vt 0.859375 0.687500
vt 0.859375 0.250000
vt 0.859375 0.656250
vt 0.859375 0.218750
vt 0.859375 0.625000
vt 0.859375 0.187500
vt 0.859375 0.593750
vt 0.859375 0.156250
vt 0.859375 0.562500
vt 0.867188 1.000000
vt 0.859375 0.968750
vt 0.859375 0.125000
vt 0.859375 0.531250
vt 0.859375 0.937500
vt 0.859375 0.093750
vt 0.859375 0.500000
vt 0.859375 0.906250
vt 0.859375 0.062500
vt 0.859375 0.468750
vt 0.859375 0.875000
vt 0.859375 0.031250
vt 0.859375 0.437500
vt 0.859375 0.843750
vt 0.867188 0.000000
vt 0.859375 0.406250
vt 0.859375 0.812500
vt 0.859375 0.375000
vt 0.859375 0.781250
vt 0.859375 0.343750
vt 0.859375 0.750000
vt 0.843750 0.250000
vt 0.843750 0.218750
vt 0.843750 0.656250
vt 0.843750 0.625000
vt 0.843750 0.187500
vt 0.843750 0.593750
vt 0.843750 0.156250
vt 0.843750 0.562500
vt 0.851563 1.000000
vt 0.843750 0.968750
vt 0.843750 0.125000
vt 0.843750 0.531250
vt 0.843750 0.937500
vt 0.843750 0.093750
vt 0.843750 0.500000
vt 0.843750 0.906250
vt 0.843750 0.062500
vt 0.843750 0.468750
vt 0.843750 0.875000
vt 0.843750 0.031250
vt 0.843750 0.437500
vt 0.843750 0.843750
vt 0.851563 0.000000
vt 0.843750 0.406250
vt 0.843750 0.812500
vt 0.843750 0.375000
vt 0.843750 0.781250
vt 0.843750 0.343750
vt 0.843750 0.750000
vt 0.843750 0.312500
vt 0.843750 0.718750
vt 0.843750 0.281250
vt 0.843750 0.687500
vt 0.828125 0.187500
vt 0.828125 0.156250
vt 0.828125 0.593750
vt 0.828125 0.562500
vt 0.835938 1.000000
vt 0.828125 0.968750
vt 0.828125 0.125000
vt 0.828125 0.531250
vt 0.828125 0.937500
vt 0.828125 0.093750
vt 0.828125 0.500000
vt 0.828125 0.906250
vt 0.828125 0.062500
vt 0.828125 0.468750
vt 0.828125 0.875000
vt 0.828125 0.031250
vt 0.828125 0.437500
vt 0.828125 0.843750
vt 0.835938 0.000000
vt 0.828125 0.406250
vt 0.828125 0.812500
vt 0.828125 0.375000
vt 0.828125 0.781250
vt 0.828125 0.343750
vt 0.828125 0.750000
vt 0.828125 0.312500
vt 0.828125 0.718750
vt 0.828125 0.281250
vt 0.828125 0.687500
vt 0.828125 0.250000
vt 0.828125 0.656250
vt 0.828125 0.218750
vt 0.828125 0.625000
vt 0.812500 0.125000
vt 0.812500 0.093750
vt 0.812500 0.531250
vt 0.812500 0.500000
vt 0.812500 0.937500
vt 0.812500 0.906250
vt 0.812500 0.062500
vt 0.812500 0.468750
vt 0.812500 0.875000
vt 0.812500 0.031250
vt 0.812500 0.437500
vt 0.812500 0.843750
vt 0.820313 0.000000
vt 0.812500 0.406250
vt 0.812500 0.812500
vt 0.812500 0.375000
vt 0.812500 0.781250
vt 0.812500 0.343750
vt 0.812500 0.750000
vt 0.812500 0.312500
vt 0.812500 0.718750
vt 0.812500 0.281250
vt 0.812500 0.687500
vt 0.812500 0.250000
vt 0.812500 0.656250
vt 0.812500 0.218750
vt 0.812500 0.625000
vt 0.812500 0.187500
vt 0.812500 0.593750
vt 0.812500 0.156250
vt 0.812500 0.562500
vt 0.820313 1.000000
vt 0.812500 0.968750
vt 0.796875 0.062500
vt 0.796875 0.031250
vt 0.796875 0.468750
vt 0.796875 0.437500
vt 0.796875 0.875000
vt 0.796875 0.843750
vt 0.804688 0.000000
vt 0.796875 0.406250
vt 0.796875 0.812500
vt 0.796875 0.375000
vt 0.796875 0.781250
vt 0.796875 0.343750
vt 0.796875 0.750000
vt 0.796875 0.312500
vt 0.796875 0.718750
vt 0.796875 0.281250
vt 0.796875 0.687500
vt 0.796875 0.250000
vt 0.796875 0.656250
vt 0.796875 0.218750
vt 0.796875 0.625000
vt 0.796875 0.187500
vt 0.796875 0.593750
vt 0.796875 0.156250
vt 0.796875 0.562500
vt 0.804688 1.000000
vt 0.796875 0.968750
vt 0.796875 0.125000
vt 0.796875 0.531250
vt 0.796875 0.937500
vt 0.796875 0.093750
vt 0.796875 0.500000
vt 0.796875 0.906250
vt 0.781250 0.406250
vt 0.781250 0.375000
vt 0.781250 0.812500
vt 0.781250 0.781250
vt 0.781250 0.343750
vt 0.781250 0.750000
vt 0.781250 0.312500
vt 0.781250 0.718750
vt 0.781250 0.281250
vt 0.781250 0.687500
vt 0.781250 0.250000
vt 0.781250 0.656250
vt 0.781250 0.218750
vt 0.781250 0.625000
vt 0.781250 0.187500
vt 0.781250 0.593750
vt 0.781250 0.156250
vt 0.781250 0.562500
vt 0.789063 1.000000
vt 0.781250 0.968750
vt 0.781250 0.125000
vt 0.781250 0.531250
vt 0.781250 0.937500
vt 0.781250 0.093750
vt 0.781250 0.500000
vt 0.781250 0.906250
vt 0.781250 0.062500
vt 0.781250 0.468750
vt 0.781250 0.875000
vt 0.781250 0.031250
vt 0.781250 0.437500
vt 0.781250 0.843750
vt 0.789062 0.000000
vt 0.765625 0.343750
vt 0.765625 0.312500
vt 0.765625 0.750000
vt 0.765625 0.718750
vt 0.765625 0.281250
vt 0.765625 0.687500
vt 0.765625 0.250000
vt 0.765625 0.656250
vt 0.765625 0.218750
vt 0.765625 0.625000
vt 0.765625 0.187500
vt 0.765625 0.593750
vt 0.765625 0.156250
vt 0.765625 0.562500
vt 0.773438 1.000000
vt 0.765625 0.968750
vt 0.765625 0.125000
vt 0.765625 0.531250
vt 0.765625 0.937500
vt 0.765625 0.093750
vt 0.765625 0.500000
vt 0.765625 0.906250
vt 0.765625 0.062500
vt 0.765625 0.468750
vt 0.765625 0.875000
vt 0.765625 0.031250
vt 0.765625 0.437500
vt 0.765625 0.843750
vt 0.773438 0.000000
vt 0.765625 0.406250
vt 0.765625 0.812500
vt 0.765625 0.375000
vt 0.765625 0.781250
vt 0.757813 1.000000
vt 0.757812 0.000000
s 1
usemtl Earth_Surface
f 1984/1/1984 14/2/14 42/3/42 43/4/43
f 8/5/8 1977/6/1977 29/7/29 30/8/30
f 1985/9/1985 1984/1/1984 43/4/43 44/10/44
f 9/11/9 8/5/8 30/8/30 31/12/31
f 1/13/1 1445/14/1445 18/15/18
f 15/16/15 1985/9/1985 44/10/44 45/17/45
f 10/18/10 9/11/9 31/12/31 32/19/32
f 1973/20/1973 1/13/1 18/15/18 19/21/19
f 16/22/16 15/16/15 45/17/45 46/23/46
f 11/24/11 10/18/10 32/19/32 33/25/33
f 2/26/2 1973/20/1973 19/21/19 20/27/20
f 1986/28/1986 16/22/16 46/23/46 47/29/47
f 12/30/12 11/24/11 33/25/33 34/31/34
f 3/32/3 2/26/2 20/27/20 21/33/21
f 17/34/17 1986/28/1986 47/29/47 48/35/48
f 1978/36/1978 12/30/12 34/31/34 35/37/35
f 1974/38/1974 3/32/3 21/33/21 22/39/22
f 979/40/979 17/34/17 48/35/48
f 1979/41/1979 1978/36/1978 35/37/35 36/42/36
f 1975/43/1975 1974/38/1974 22/39/22 23/44/23
f 13/45/13 1979/41/1979 36/42/36 37/46/37
f 4/47/4 1975/43/1975 23/44/23 24/48/24
f 1980/49/1980 13/45/13 37/46/37 38/50/38
f 5/51/5 4/47/4 24/48/24 25/52/25
f 1981/53/1981 1980/49/1980 38/50/38 39/54/39
f 6/55/6 5/51/5 25/52/25 26/56/26
f 1982/57/1982 1981/53/1981 39/54/39 40/58/40
f 1976/59/1976 6/55/6 26/56/26 27/60/27
f 1983/61/1983 1982/57/1982 40/58/40 41/62/41
f 7/63/7 1976/59/1976 27/60/27 28/64/28
f 14/2/14 1983/61/1983 41/62/41 42/3/42
f 1977/6/1977 7/63/7 28/64/28 29/7/29
f 38/50/38 37/46/37 68/65/68 69/66/69
f 25/52/25 24/48/24 55/67/55 56/68/56
f 39/54/39 38/50/38 69/66/69 70/69/70
f 26/56/26 25/52/25 56/68/56 57/70/57
f 40/58/40 39/54/39 70/69/70 71/71/71
f 27/60/27 26/56/26 57/70/57 58/72/58
f 41/62/41 40/58/40 71/71/71 72/73/72
f 28/64/28 27/60/27 58/72/58 59/74/59
f 42/3/42 41/62/41 72/73/72 73/75/73
f 29/7/29 28/64/28 59/74/59 60/76/60
f 43/4/43 42/3/42 73/75/73 74/77/74
f 30/8/30 29/7/29 60/76/60 61/78/61
f 44/10/44 43/4/43 74/77/74 75/79/75
f 31/12/31 30/8/30 61/78/61 62/80/62
f 18/15/18 1445/81/1445 49/82/49
f 45/17/45 44/10/44 75/79/75 76/83/76
f 32/19/32 31/12/31 62/80/62 63/84/63
f 19/21/19 18/15/18 49/82/49 50/85/50
f 46/23/46 45/17/45 76/83/76 77/86/77
f 33/25/33 32/19/32 63/84/63 64/87/64
f 20/27/20 19/21/19 50/85/50 51/88/51
f 47/29/47 46/23/46 77/86/77 78/89/78
f 34/31/34 33/25/33 64/87/64 65/90/65
f 21/33/21 20/27/20 51/88/51 52/91/52
f 48/35/48 47/29/47 78/89/78 79/92/79
f 35/37/35 34/31/34 65/90/65 66/93/66
f 22/39/22 21/33/21 52/91/52 53/94/53
f 979/95/979 48/35/48 79/92/79
f 36/42/36 35/37/35 66/93/66 67/96/67
f 23/44/23 22/39/22 53/94/53 54/97/54
f 37/46/37 36/42/36 67/96/67 68/65/68
f 24/48/24 23/44/23 54/97/54 55/67/55
f 71/71/71 70/69/70 101/98/101 102/99/102
f 58/72/58 57/70/57 88/100/88 89/101/89
f 72/73/72 71/71/71 102/99/102 103/102/103
f 59/74/59 58/72/58 89/101/89 90/103/90
f 73/75/73 72/73/72 103/102/103 104/104/104
f 60/76/60 59/74/59 90/103/90 91/105/91
f 74/77/74 73/75/73 104/104/104 105/106/105
f 61/78/61 60/76/60 91/105/91 92/107/92
f 75/79/75 74/77/74 105/106/105 106/108/106
f 62/80/62 61/78/61 92/107/92 93/109/93
f 49/82/49 1445/110/1445 80/111/80
f 76/83/76 75/79/75 106/108/106 107/112/107
f 63/84/63 62/80/62 93/109/93 94/113/94
f 50/85/50 49/82/49 80/111/80 81/114/81
f 77/86/77 76/83/76 107/112/107 108/115/108
f 64/87/64 63/84/63 94/113/94 95/116/95
f 51/88/51 50/85/50 81/114/81 82/117/82
f 78/89/78 77/86/77 108/115/108 109/118/109
f 65/90/65 64/87/64 95/116/95 96/119/96
f 52/91/52 51/88/51 82/117/82 83/120/83
f 79/92/79 78/89/78 109/118/109 110/121/110
f 66/93/66 65/90/65 96/119/96 97/122/97
f 53/94/53 52/91/52 83/120/83 84/123/84
f 979/124/979 79/92/79 110/121/110
f 67/96/67 66/93/66 97/122/97 98/125/98
f 54/97/54 53/94/53 84/123/84 85/126/85
f 68/65/68 67/96/67 98/125/98 99/127/99
f 55/67/55 54/97/54 85/126/85 86/128/86
f 69/66/69 68/65/68 99/127/99 100/129/100
f 56/68/56 55/67/55 86/128/86 87/130/87
f 70/69/70 69/66/69 100/129/100 101/98/101
f 57/70/57 56/68/56 87/130/87 88/100/88
f 104/104/104 103/102/103 134/131/134 135/132/135
f 91/105/91 90/103/90 121/133/121 122/134/122
f 105/106/105 104/104/104 135/132/135 136/135/136
f 92/107/92 91/105/91 122/134/122 123/136/123
f 106/108/106 105/106/105 136/135/136 137/137/137
f 93/109/93 92/107/92 123/136/123 124/138/124
f 80/111/80 1445/139/1445 111/140/111
f 107/112/107 106/108/106 137/137/137 138/141/138
f 94/113/94 93/109/93 124/138/124 125/142/125
f 81/114/81 80/111/80 111/140/111 112/143/112
f 108/115/108 107/112/107 138/141/138 139/144/139
f 95/116/95 94/113/94 125/142/125 126/145/126
f 82/117/82 81/114/81 112/143/112 113/146/113
f 109/118/109 108/115/108 139/144/139 140/147/140
f 96/119/96 95/116/95 126/145/126 127/148/127
f 83/120/83 82/117/82 113/146/113 114/149/114
f 110/121/110 109/118/109 140/147/140 141/150/141
f 97/122/97 96/119/96 127/148/127 128/151/128
f 84/123/84 83/120/83 114/149/114 115/152/115
f 979/153/979 110/121/110 141/150/141
f 98/125/98 97/122/97 128/151/128 129/154/129
f 85/126/85 84/123/84 115/152/115 116/155/116
f 99/127/99 98/125/98 129/154/129 130/156/130
f 86/128/86 85/126/85 116/155/116 117/157/117
f 100/129/100 99/127/99 130/156/130 131/158/131
f 87/130/87 86/128/86 117/157/117 118/159/118
f 101/98/101 100/129/100 131/158/131 132/160/132
f 88/100/88 87/130/87 118/159/118 119/161/119
f 102/99/102 101/98/101 132/160/132 133/162/133
f 89/101/89 88/100/88 119/161/119 120/163/120
f 103/102/103 102/99/102 133/162/133 134/131/134
f 90/103/90 89/101/89 120/163/120 121/133/121
f 137/137/137 136/135/136 167/164/167 168/165/168
f 124/138/124 123/136/123 154/166/154 155/167/155
f 111/140/111 1445/168/1445 142/169/142
f 138/141/138 137/137/137 168/165/168 169/170/169
f 125/142/125 124/138/124 155/167/155 156/171/156
f 112/143/112 111/140/111 142/169/142 143/172/143
f 139/144/139 138/141/138 169/170/169 170/173/170
f 126/145/126 125/142/125 156/171/156 157/174/157
f 113/146/113 112/143/112 143/172/143 144/175/144
f 140/147/140 139/144/139 170/173/170 171/176/171
f 127/148/127 126/145/126 157/174/157 158/177/158
f 114/149/114 113/146/113 144/175/144 145/178/145
f 141/150/141 140/147/140 171/176/171 172/179/172
f 128/151/128 127/148/127 158/177/158 159/180/159
f 115/152/115 114/149/114 145/178/145 146/181/146
f 979/182/979 141/150/141 172/179/172
f 129/154/129 128/151/128 159/180/159 160/183/160
f 116/155/116 115/152/115 146/181/146 147/184/147
f 130/156/130 129/154/129 160/183/160 161/185/161
f 117/157/117 116/155/116 147/184/147 148/186/148
f 131/158/131 130/156/130 161/185/161 162/187/162
f 118/159/118 117/157/117 148/186/148 149/188/149
f 132/160/132 131/158/131 162/187/162 163/189/163
f 119/161/119 118/159/118 149/188/149 150/190/150
f 133/162/133 132/160/132 163/189/163 164/191/164
f 120/163/120 119/161/119 150/190/150 151/192/151
f 134/131/134 133/162/133 164/191/164 165/193/165
f 121/133/121 120/163/120 151/192/151 152/194/152
f 135/132/135 134/131/134 165/193/165 166/195/166
f 122/134/122 121/133/121 152/194/152 153/196/153
f 136/135/136 135/132/135 166/195/166 167/164/167
f 123/136/123 122/134/122 153/196/153 154/166/154
f 143/172/143 142/169/142 173/197/173 174/198/174
f 170/173/170 169/170/169 200/199/200 201/200/201
f 157/174/157 156/171/156 187/201/187 188/202/188
f 144/175/144 143/172/143 174/198/174 175/203/175
f 171/176/171 170/173/170 201/200/201 202/204/202
f 158/177/158 157/174/157 188/202/188 189/205/189
f 145/178/145 144/175/144 175/203/175 176/206/176
f 172/179/172 171/176/171 202/204/202 203/207/203
f 159/180/159 158/177/158 189/205/189 190/208/190
f 146/181/146 145/178/145 176/206/176 177/209/177
f 979/210/979 172/179/172 203/207/203
f 160/183/160 159/180/159 190/208/190 191/211/191
f 147/184/147 146/181/146 177/209/177 178/212/178
f 161/185/161 160/183/160 191/211/191 192/213/192
f 148/186/148 147/184/147 178/212/178 179/214/179
f 162/187/162 161/185/161 192/213/192 193/215/193
f 149/188/149 148/186/148 179/214/179 180/216/180
f 163/189/163 162/187/162 193/215/193 194/217/194
f 150/190/150 149/188/149 180/216/180 181/218/181
f 164/191/164 163/189/163 194/217/194 195/219/195
f 151/192/151 150/190/150 181/218/181 182/220/182
f 165/193/165 164/191/164 195/219/195 196/221/196
f 152/194/152 151/192/151 182/220/182 183/222/183
f 166/195/166 165/193/165 196/221/196 197/223/197
f 153/196/153 152/194/152 183/222/183 184/224/184
f 167/164/167 166/195/166 197/223/197 198/225/198
f 154/166/154 153/196/153 184/224/184 185/226/185
f 168/165/168 167/164/167 198/225/198 199/227/199
f 155/167/155 154/166/154 185/226/185 186/228/186
f 142/169/142 1445/229/1445 173/197/173
f 169/170/169 168/165/168 199/227/199 200/199/200
f 156/171/156 155/167/155 186/228/186 187/201/187
f 176/206/176 175/203/175 206/230/206 207/231/207
f 203/207/203 202/204/202 233/232/233 234/233/234
f 190/208/190 189/205/189 220/234/220 221/235/221
f 177/209/177 176/206/176 207/231/207 208/236/208
f 979/237/979 203/207/203 234/233/234
f 191/211/191 190/208/190 221/235/221 222/238/222
f 178/212/178 177/209/177 208/236/208 209/239/209
f 192/213/192 191/211/191 222/238/222 223/240/223
f 179/214/179 178/212/178 209/239/209 210/241/210
f 193/215/193 192/213/192 223/240/223 224/242/224
f 180/216/180 179/214/179 210/241/210 211/243/211
f 194/217/194 193/215/193 224/242/224 225/244/225
f 181/218/181 180/216/180 211/243/211 212/245/212
f 195/219/195 194/217/194 225/244/225 226/246/226
f 182/220/182 181/218/181 212/245/212 213/247/213
f 196/221/196 195/219/195 226/246/226 227/248/227
f 183/222/183 182/220/182 213/247/213 214/249/214
f 197/223/197 196/221/196 227/248/227 228/250/228
f 184/224/184 183/222/183 214/249/214 215/251/215
f 198/225/198 197/223/197 228/250/228 229/252/229
f 185/226/185 184/224/184 215/251/215 216/253/216
f 199/227/199 198/225/198 229/252/229 230/254/230
f 186/228/186 185/226/185 216/253/216 217/255/217
f 173/197/173 1445/256/1445 204/257/204
f 200/199/200 199/227/199 230/254/230 231/258/231
f 187/201/187 186/228/186 217/255/217 218/259/218
f 174/198/174 173/197/173 204/257/204 205/260/205
f 201/200/201 200/199/200 231/258/231 232/261/232
f 188/202/188 187/201/187 218/259/218 219/262/219
f 175/203/175 174/198/174 205/260/205 206/230/206
f 202/204/202 201/200/201 232/261/232 233/232/233
f 189/205/189 188/202/188 219/262/219 220/234/220
f 209/239/209 208/236/208 239/263/239 240/264/240
f 223/240/223 222/238/222 253/265/253 254/266/254
f 210/241/210 209/239/209 240/264/240 241/267/241
f 224/242/224 223/240/223 254/266/254 255/268/255
f 211/243/211 210/241/210 241/267/241 242/269/242
f 225/244/225 224/242/224 255/268/255 256/270/256
f 212/245/212 211/243/211 242/269/242 243/271/243
f 226/246/226 225/244/225 256/270/256 257/272/257
f 213/247/213 212/245/212 243/271/243 244/273/244
f 227/248/227 226/246/226 257/272/257 258/274/258
f 214/249/214 213/247/213 244/273/244 245/275/245
f 228/250/228 227/248/227 258/274/258 259/276/259
f 215/251/215 214/249/214 245/275/245 246/277/246
f 229/252/229 228/250/228 259/276/259 260/278/260
f 216/253/216 215/251/215 246/277/246 247/279/247
f 230/254/230 229/252/229 260/278/260 261/280/261
f 217/255/217 216/253/216 247/279/247 248/281/248
f 204/257/204 1445/282/1445 235/283/235
f 231/258/231 230/254/230 261/280/261 262/284/262
f 218/259/218 217/255/217 248/281/248 249/285/249
f 205/260/205 204/257/204 235/283/235 236/286/236
f 232/261/232 231/258/231 262/284/262 263/287/263
f 219/262/219 218/259/218 249/285/249 250/288/250
f 206/230/206 205/260/205 236/286/236 237/289/237
f 233/232/233 232/261/232 263/287/263 264/290/264
f 220/234/220 219/262/219 250/288/250 251/291/251
f 207/231/207 206/230/206 237/289/237 238/292/238
f 234/233/234 233/232/233 264/290/264 265/293/265
f 221/235/221 220/234/220 251/291/251 252/294/252
f 208/236/208 207/231/207 238/292/238 239/263/239
f 979/295/979 234/233/234 265/293/265
f 222/238/222 221/235/221 252/294/252 253/265/253
f 242/269/242 241/267/241 272/296/272 273/297/273
f 256/270/256 255/268/255 286/298/286 287/299/287
f 243/271/243 242/269/242 273/297/273 274/300/274
f 257/272/257 256/270/256 287/299/287 288/301/288
f 244/273/244 243/271/243 274/300/274 275/302/275
f 258/274/258 257/272/257 288/301/288 289/303/289
f 245/275/245 244/273/244 275/302/275 276/304/276
f 259/276/259 258/274/258 289/303/289 290/305/290
f 246/277/246 245/275/245 276/304/276 277/306/277
f 260/278/260 259/276/259 290/305/290 291/307/291
f 247/279/247 246/277/246 277/306/277 278/308/278
f 261/280/261 260/278/260 291/307/291 292/309/292
f 248/281/248 247/279/247 278/308/278 279/310/279
f 235/283/235 1445/311/1445 266/312/266
f 262/284/262 261/280/261 292/309/292 293/313/293
f 249/285/249 248/281/248 279/310/279 280/314/280
f 236/286/236 235/283/235 266/312/266 267/315/267
f 263/287/263 262/284/262 293/313/293 294/316/294
f 250/288/250 249/285/249 280/314/280 281/317/281
f 237/289/237 236/286/236 267/315/267 268/318/268
f 264/290/264 263/287/263 294/316/294 295/319/295
f 251/291/251 250/288/250 281/317/281 282/320/282
f 238/292/238 237/289/237 268/318/268 269/321/269
f 265/293/265 264/290/264 295/319/295 296/322/296
f 252/294/252 251/291/251 282/320/282 283/323/283
f 239/263/239 238/292/238 269/321/269 270/324/270
f 979/325/979 265/293/265 296/322/296
f 253/265/253 252/294/252 283/323/283 284/326/284
f 240/264/240 239/263/239 270/324/270 271/327/271
f 254/266/254 253/265/253 284/326/284 285/328/285
f 241/267/241 240/264/240 271/327/271 272/296/272
f 255/268/255 254/266/254 285/328/285 286/298/286
f 275/302/275 274/300/274 305/329/305 306/330/306
f 289/303/289 288/301/288 319/331/319 320/332/320
f 276/304/276 275/302/275 306/330/306 307/333/307
f 290/305/290 289/303/289 320/332/320 321/334/321
f 277/306/277 276/304/276 307/333/307 308/335/308
f 291/307/291 290/305/290 321/334/321 322/336/322
f 278/308/278 277/306/277 308/335/308 309/337/309
f 292/309/292 291/307/291 322/336/322 323/338/323
f 279/310/279 278/308/278 309/337/309 310/339/310
f 266/312/266 1445/340/1445 297/341/297
f 293/313/293 292/309/292 323/338/323 324/342/324
f 280/314/280 279/310/279 310/339/310 311/343/311
f 267/315/267 266/312/266 297/341/297 298/344/298
f 294/316/294 293/313/293 324/342/324 325/345/325
f 281/317/281 280/314/280 311/343/311 312/346/312
f 268/318/268 267/315/267 298/344/298 299/347/299
f 295/319/295 294/316/294 325/345/325 326/348/326
f 282/320/282 281/317/281 312/346/312 313/349/313
f 269/321/269 268/318/268 299/347/299 300/350/300
f 296/322/296 295/319/295 326/348/326 327/351/327
f 283/323/283 282/320/282 313/349/313 314/352/314
f 270/324/270 269/321/269 300/350/300 301/353/301
f 979/354/979 296/322/296 327/351/327
f 284/326/284 283/323/283 314/352/314 315/355/315
f 271/327/271 270/324/270 301/353/301 302/356/302
f 285/328/285 284/326/284 315/355/315 316/357/316
f 272/296/272 271/327/271 302/356/302 303/358/303
f 286/298/286 285/328/285 316/357/316 317/359/317
f 273/297/273 272/296/272 303/358/303 304/360/304
f 287/299/287 286/298/286 317/359/317 318/361/318
f 274/300/274 273/297/273 304/360/304 305/329/305
f 288/301/288 287/299/287 318/361/318 319/331/319
f 308/335/308 307/333/307 338/362/338 339/363/339
f 322/336/322 321/334/321 352/364/352 353/365/353
f 309/337/309 308/335/308 339/363/339 340/366/340
f 323/338/323 322/336/322 353/365/353 354/367/354
f 310/339/310 309/337/309 340/366/340 341/368/341
f 297/341/297 1445/369/1445 328/370/328
f 324/342/324 323/338/323 354/367/354 355/371/355
f 311/343/311 310/339/310 341/368/341 342/372/342
f 298/344/298 297/341/297 328/370/328 329/373/329
f 325/345/325 324/342/324 355/371/355 356/374/356
f 312/346/312 311/343/311 342/372/342 343/375/343
f 299/347/299 298/344/298 329/373/329 330/376/330
f 326/348/326 325/345/325 356/374/356 357/377/357
f 313/349/313 312/346/312 343/375/343 344/378/344
f 300/350/300 299/347/299 330/376/330 331/379/331
f 327/351/327 326/348/326 357/377/357 358/380/358
f 314/352/314 313/349/313 344/378/344 345/381/345
f 301/353/301 300/350/300 331/379/331 332/382/332
f 979/383/979 327/351/327 358/380/358
f 315/355/315 314/352/314 345/381/345 346/384/346
f 302/356/302 301/353/301 332/382/332 333/385/333
f 316/357/316 315/355/315 346/384/346 347/386/347
f 303/358/303 302/356/302 333/385/333 334/387/334
f 317/359/317 316/357/316 347/386/347 348/388/348
f 304/360/304 303/358/303 334/387/334 335/389/335
f 318/361/318 317/359/317 348/388/348 349/390/349
f 305/329/305 304/360/304 335/389/335 336/391/336
f 319/331/319 318/361/318 349/390/349 350/392/350
f 306/330/306 305/329/305 336/391/336 337/393/337
f 320/332/320 319/331/319 350/392/350 351/394/351
f 307/333/307 306/330/306 337/393/337 338/362/338
f 321/334/321 320/332/320 351/394/351 352/364/352
f 341/368/341 340/366/340 371/395/371 372/396/372
f 328/370/328 1445/397/1445 359/398/359
f 355/371/355 354/367/354 385/399/385 386/400/386
f 342/372/342 341/368/341 372/396/372 373/401/373
f 329/373/329 328/370/328 359/398/359 360/402/360
f 356/374/356 355/371/355 386/400/386 387/403/387
f 343/375/343 342/372/342 373/401/373 374/404/374
f 330/376/330 329/373/329 360/402/360 361/405/361
f 357/377/357 356/374/356 387/403/387 388/406/388
f 344/378/344 343/375/343 374/404/374 375/407/375
f 331/379/331 330/376/330 361/405/361 362/408/362
f 358/380/358 357/377/357 388/406/388 389/409/389
f 345/381/345 344/378/344 375/407/375 376/410/376
f 332/382/332 331/379/331 362/408/362 363/411/363
f 979/412/979 358/380/358 389/409/389
f 346/384/346 345/381/345 376/410/376 377/413/377
f 333/385/333 332/382/332 363/411/363 364/414/364
f 347/386/347 346/384/346 377/413/377 378/415/378
f 334/387/334 333/385/333 364/414/364 365/416/365
f 348/388/348 347/386/347 378/415/378 379/417/379
f 335/389/335 334/387/334 365/416/365 366/418/366
f 349/390/349 348/388/348 379/417/379 380/419/380
f 336/391/336 335/389/335 366/418/366 367/420/367
f 350/392/350 349/390/349 380/419/380 381/421/381
f 337/393/337 336/391/336 367/420/367 368/422/368
f 351/394/351 350/392/350 381/421/381 382/423/382
f 338/362/338 337/393/337 368/422/368 369/424/369
f 352/364/352 351/394/351 382/423/382 383/425/383
f 339/363/339 338/362/338 369/424/369 370/426/370
f 353/365/353 352/364/352 383/425/383 384/427/384
f 340/366/340 339/363/339 370/426/370 371/395/371
f 354/367/354 353/365/353 384/427/384 385/399/385
f 374/404/374 373/401/373 404/428/404 405/429/405
f 361/405/361 360/402/360 391/430/391 392/431/392
f 388/406/388 387/403/387 418/432/418 419/433/419
f 375/407/375 374/404/374 405/429/405 406/434/406
f 362/408/362 361/405/361 392/431/392 393/435/393
f 389/409/389 388/406/388 419/433/419 420/436/420
f 376/410/376 375/407/375 406/434/406 407/437/407
f 363/411/363 362/408/362 393/435/393 394/438/394
f 979/439/979 389/409/389 420/436/420
f 377/413/377 376/410/376 407/437/407 408/440/408
f 364/414/364 363/411/363 394/438/394 395/441/395
f 378/415/378 377/413/377 408/440/408 409/442/409
f 365/416/365 364/414/364 395/441/395 396/443/396
f 379/417/379 378/415/378 409/442/409 410/444/410
f 366/418/366 365/416/365 396/443/396 397/445/397
f 380/419/380 379/417/379 410/444/410 411/446/411
f 367/420/367 366/418/366 397/445/397 398/447/398
f 381/421/381 380/419/380 411/446/411 412/448/412
f 368/422/368 367/420/367 398/447/398 399/449/399
f 382/423/382 381/421/381 412/448/412 413/450/413
f 369/424/369 368/422/368 399/449/399 400/451/400
f 383/425/383 382/423/382 413/450/413 414/452/414
f 370/426/370 369/424/369 400/451/400 401/453/401
f 384/427/384 383/425/383 414/452/414 415/454/415
f 371/395/371 370/426/370 401/453/401 402/455/402
f 385/399/385 384/427/384 415/454/415 416/456/416
f 372/396/372 371/395/371 402/455/402 403/457/403
f 359/398/359 1445/458/1445 390/459/390
f 386/400/386 385/399/385 416/456/416 417/460/417
f 373/401/373 372/396/372 403/457/403 404/428/404
f 360/402/360 359/398/359 390/459/390 391/430/391
f 387/403/387 386/400/386 417/460/417 418/432/418
f 407/437/407 406/434/406 437/461/437 438/462/438
f 394/438/394 393/435/393 424/463/424 425/464/425
f 979/465/979 420/436/420 451/466/451
f 408/440/408 407/437/407 438/462/438 439/467/439
f 395/441/395 394/438/394 425/464/425 426/468/426
f 409/442/409 408/440/408 439/467/439 440/469/440
f 396/443/396 395/441/395 426/468/426 427/470/427
f 410/444/410 409/442/409 440/469/440 441/471/441
f 397/445/397 396/443/396 427/470/427 428/472/428
f 411/446/411 410/444/410 441/471/441 442/473/442
f 398/447/398 397/445/397 428/472/428 429/474/429
f 412/448/412 411/446/411 442/473/442 443/475/443
f 399/449/399 398/447/398 429/474/429 430/476/430
f 413/450/413 412/448/412 443/475/443 444/477/444
f 400/451/400 399/449/399 430/476/430 431/478/431
f 414/452/414 413/450/413 444/477/444 445/479/445
f 401/453/401 400/451/400 431/478/431 432/480/432
f 415/454/415 414/452/414 445/479/445 446/481/446
f 402/455/402 401/453/401 432/480/432 433/482/433
f 416/456/416 415/454/415 446/481/446 447/483/447
f 403/457/403 402/455/402 433/482/433 434/484/434
f 390/459/390 1445/485/1445 421/486/421
f 417/460/417 416/456/416 447/483/447 448/487/448
f 404/428/404 403/457/403 434/484/434 435/488/435
f 391/430/391 390/459/390 421/486/421 422/489/422
f 418/432/418 417/460/417 448/487/448 449/490/449
f 405/429/405 404/428/404 435/488/435 436/491/436
f 392/431/392 391/430/391 422/489/422 423/492/423
f 419/433/419 418/432/418 449/490/449 450/493/450
f 406/434/406 405/429/405 436/491/436 437/461/437
f 393/435/393 392/431/392 423/492/423 424/463/424
f 420/436/420 419/433/419 450/493/450 451/466/451
f 440/469/440 439/467/439 470/494/470 471/495/471
f 427/470/427 426/468/426 457/496/457 458/497/458
f 441/471/441 440/469/440 471/495/471 472/498/472
f 428/472/428 427/470/427 458/497/458 459/499/459
f 442/473/442 441/471/441 472/498/472 473/500/473
f 429/474/429 428/472/428 459/499/459 460/501/460
f 443/475/443 442/473/442 473/500/473 474/502/474
f 430/476/430 429/474/429 460/501/460 461/503/461
f 444/477/444 443/475/443 474/502/474 475/504/475
f 431/478/431 430/476/430 461/503/461 462/505/462
f 445/479/445 444/477/444 475/504/475 476/506/476
f 432/480/432 431/478/431 462/505/462 463/507/463
f 446/481/446 445/479/445 476/506/476 477/508/477
f 433/482/433 432/480/432 463/507/463 464/509/464
f 447/483/447 446/481/446 477/508/477 478/510/478
f 434/484/434 433/482/433 464/509/464 465/511/465
f 421/486/421 1445/512/1445 452/513/452
f 448/487/448 447/483/447 478/510/478 479/514/479
f 435/488/435 434/484/434 465/511/465 466/515/466
f 422/489/422 421/486/421 452/513/452 453/516/453
f 449/490/449 448/487/448 479/514/479 480/517/480
f 436/491/436 435/488/435 466/515/466 467/518/467
f 423/492/423 422/489/422 453/516/453 454/519/454
f 450/493/450 449/490/449 480/517/480 481/520/481
f 437/461/437 436/491/436 467/518/467 468/521/468
f 424/463/424 423/492/423 454/519/454 455/522/455
f 451/466/451 450/493/450 481/520/481 482/523/482
f 438/462/438 437/461/437 468/521/468 469/524/469
f 425/464/425 424/463/424 455/522/455 456/525/456
f 979/526/979 451/466/451 482/523/482
f 439/467/439 438/462/438 469/524/469 470/494/470
f 426/468/426 425/464/425 456/525/456 457/496/457
f 473/500/473 472/498/472 503/527/503 504/528/504
f 460/501/460 459/499/459 490/529/490 491/530/491
f 474/502/474 473/500/473 504/528/504 505/531/505
f 461/503/461 460/501/460 491/530/491 492/532/492
f 475/504/475 474/502/474 505/531/505 506/533/506
f 462/505/462 461/503/461 492/532/492 493/534/493
f 476/506/476 475/504/475 506/533/506 507/535/507
f 463/507/463 462/505/462 493/534/493 494/536/494
f 477/508/477 476/506/476 507/535/507 508/537/508
f 464/509/464 463/507/463 494/536/494 495/538/495
f 478/510/478 477/508/477 508/537/508 509/539/509
f 465/511/465 464/509/464 495/538/495 496/540/496
f 452/513/452 1445/541/1445 483/542/483
f 479/514/479 478/510/478 509/539/509 510/543/510
f 466/515/466 465/511/465 496/540/496 497/544/497
f 453/516/453 452/513/452 483/542/483 484/545/484
f 480/517/480 479/514/479 510/543/510 511/546/511
f 467/518/467 466/515/466 497/544/497 498/547/498
f 454/519/454 453/516/453 484/545/484 485/548/485
f 481/520/481 480/517/480 511/546/511 512/549/512
f 468/521/468 467/518/467 498/547/498 499/550/499
f 455/522/455 454/519/454 485/548/485 486/551/486
f 482/523/482 481/520/481 512/549/512 513/552/513
f 469/524/469 468/521/468 499/550/499 500/553/500
f 456/525/456 455/522/455 486/551/486 487/554/487
f 979/555/979 482/523/482 513/552/513
f 470/494/470 469/524/469 500/553/500 501/556/501
f 457/496/457 456/525/456 487/554/487 488/557/488
f 471/495/471 470/494/470 501/556/501 502/558/502
f 458/497/458 457/496/457 488/557/488 489/559/489
f 472/498/472 471/495/471 502/558/502 503/527/503
f 459/499/459 458/497/458 489/559/489 490/529/490
f 506/533/506 505/531/505 536/560/536 537/561/537
f 493/534/493 492/532/492 523/562/523 524/563/524
f 507/535/507 506/533/506 537/561/537 538/564/538
f 494/536/494 493/534/493 524/563/524 525/565/525
f 508/537/508 507/535/507 538/564/538 539/566/539
f 495/538/495 494/536/494 525/565/525 526/567/526
f 509/539/509 508/537/508 539/566/539 540/568/540
f 496/540/496 495/538/495 526/567/526 527/569/527
f 483/542/483 1445/570/1445 514/571/514
f 510/543/510 509/539/509 540/568/540 541/572/541
f 497/544/497 496/540/496 527/569/527 528/573/528
f 484/545/484 483/542/483 514/571/514 515/574/515
f 511/546/511 510/543/510 541/572/541 542/575/542
f 498/547/498 497/544/497 528/573/528 529/576/529
f 485/548/485 484/545/484 515/574/515 516/577/516
f 512/549/512 511/546/511 542/575/542 543/578/543
f 499/550/499 498/547/498 529/576/529 530/579/530
f 486/551/486 485/548/485 516/577/516 517/580/517
f 513/552/513 512/549/512 543/578/543 544/581/544
f 500/553/500 499/550/499 530/579/530 531/582/531
f 487/554/487 486/551/486 517/580/517 518/583/518
f 979/584/979 513/552/513 544/581/544
f 501/556/501 500/553/500 531/582/531 532/585/532
f 488/557/488 487/554/487 518/583/518 519/586/519
f 502/558/502 501/556/501 532/585/532 533/587/533
f 489/559/489 488/557/488 519/586/519 520/588/520
f 503/527/503 502/558/502 533/587/533 534/589/534
f 490/529/490 489/559/489 520/588/520 521/590/521
f 504/528/504 503/527/503 534/589/534 535/591/535
f 491/530/491 490/529/490 521/590/521 522/592/522
f 505/531/505 504/528/504 535/591/535 536/560/536
f 492/532/492 491/530/491 522/592/522 523/562/523
f 539/566/539 538/564/538 569/593/569 570/594/570
f 526/567/526 525/565/525 556/595/556 557/596/557
f 540/568/540 539/566/539 570/594/570 571/597/571
f 527/569/527 526/567/526 557/596/557 558/598/558
f 514/571/514 1445/599/1445 545/600/545
f 541/572/541 540/568/540 571/597/571 572/601/572
f 528/573/528 527/569/527 558/598/558 559/602/559
f 515/574/515 514/571/514 545/600/545 546/603/546
f 542/575/542 541/572/541 572/601/572 573/604/573
f 529/576/529 528/573/528 559/602/559 560/605/560
f 516/577/516 515/574/515 546/603/546 547/606/547
f 543/578/543 542/575/542 573/604/573 574/607/574
f 530/579/530 529/576/529 560/605/560 561/608/561
f 517/580/517 516/577/516 547/606/547 548/609/548
f 544/581/544 543/578/543 574/607/574 575/610/575
f 531/582/531 530/579/530 561/608/561 562/611/562
f 518/583/518 517/580/517 548/609/548 549/612/549
f 979/613/979 544/581/544 575/610/575
f 532/585/532 531/582/531 562/611/562 563/614/563
f 519/586/519 518/583/518 549/612/549 550/615/550
f 533/587/533 532/585/532 563/614/563 564/616/564
f 520/588/520 519/586/519 550/615/550 551/617/551
f 534/589/534 533/587/533 564/616/564 565/618/565
f 521/590/521 520/588/520 551/617/551 552/619/552
f 535/591/535 534/589/534 565/618/565 566/620/566
f 522/592/522 521/590/521 552/619/552 553/621/553
f 536/560/536 535/591/535 566/620/566 567/622/567
f 523/562/523 522/592/522 553/621/553 554/623/554
f 537/561/537 536/560/536 567/622/567 568/624/568
f 524/563/524 523/562/523 554/623/554 555/625/555
f 538/564/538 537/561/537 568/624/568 569/593/569
f 525/565/525 524/563/524 555/625/555 556/595/556
f 545/600/545 1445/626/1445 576/627/576
f 572/601/572 571/597/571 602/628/602 603/629/603
f 559/602/559 558/598/558 589/630/589 590/631/590
f 546/603/546 545/600/545 576/627/576 577/632/577
f 573/604/573 572/601/572 603/629/603 604/633/604
f 560/605/560 559/602/559 590/631/590 591/634/591
f 547/606/547 546/603/546 577/632/577 578/635/578
f 574/607/574 573/604/573 604/633/604 605/636/605
f 561/608/561 560/605/560 591/634/591 592/637/592
f 548/609/548 547/606/547 578/635/578 579/638/579
f 575/610/575 574/607/574 605/636/605 606/639/606
f 562/611/562 561/608/561 592/637/592 593/640/593
f 549/612/549 548/609/548 579/638/579 580/641/580
f 979/642/979 575/610/575 606/639/606
f 563/614/563 562/611/562 593/640/593 594/643/594
f 550/615/550 549/612/549 580/641/580 581/644/581
f 564/616/564 563/614/563 594/643/594 595/645/595
f 551/617/551 550/615/550 581/644/581 582/646/582
f 565/618/565 564/616/564 595/645/595 596/647/596
f 552/619/552 551/617/551 582/646/582 583/648/583
f 566/620/566 565/618/565 596/647/596 597/649/597
f 553/621/553 552/619/552 583/648/583 584/650/584
f 567/622/567 566/620/566 597/649/597 598/651/598
f 554/623/554 553/621/553 584/650/584 585/652/585
f 568/624/568 567/622/567 598/651/598 599/653/599
f 555/625/555 554/623/554 585/652/585 586/654/586
f 569/593/569 568/624/568 599/653/599 600/655/600
f 556/595/556 555/625/555 586/654/586 587/656/587
f 570/594/570 569/593/569 600/655/600 601/657/601
f 557/596/557 556/595/556 587/656/587 588/658/588
f 571/597/571 570/594/570 601/657/601 602/628/602
f 558/598/558 557/596/557 588/658/588 589/630/589
f 578/635/578 577/632/577 608/659/608 609/660/609
f 605/636/605 604/633/604 635/661/635 636/662/636
f 592/637/592 591/634/591 622/663/622 623/664/623
f 579/638/579 578/635/578 609/660/609 610/665/610
f 606/639/606 605/636/605 636/662/636 637/666/637
f 593/640/593 592/637/592 623/664/623 624/667/624
f 580/641/580 579/638/579 610/665/610 611/668/611
f 979/669/979 606/639/606 637/666/637
f 594/643/594 593/640/593 624/667/624 625/670/625
f 581/644/581 580/641/580 611/668/611 612/671/612
f 595/645/595 594/643/594 625/670/625 626/672/626
f 582/646/582 581/644/581 612/671/612 613/673/613
f 596/647/596 595/645/595 626/672/626 627/674/627
f 583/648/583 582/646/582 613/673/613 614/675/614
f 597/649/597 596/647/596 627/674/627 628/676/628
f 584/650/584 583/648/583 614/675/614 615/677/615
f 598/651/598 597/649/597 628/676/628 629/678/629
f 585/652/585 584/650/584 615/677/615 616/679/616
f 599/653/599 598/651/598 629/678/629 630/680/630
f 586/654/586 585/652/585 616/679/616 617/681/617
f 600/655/600 599/653/599 630/680/630 631/682/631
f 587/656/587 586/654/586 617/681/617 618/683/618
f 601/657/601 600/655/600 631/682/631 632/684/632
f 588/658/588 587/656/587 618/683/618 619/685/619
f 602/628/602 601/657/601 632/684/632 633/686/633
f 589/630/589 588/658/588 619/685/619 620/687/620
f 576/627/576 1445/688/1445 607/689/607
f 603/629/603 602/628/602 633/686/633 634/690/634
f 590/631/590 589/630/589 620/687/620 621/691/621
f 577/632/577 576/627/576 607/689/607 608/659/608
f 604/633/604 603/629/603 634/690/634 635/661/635
f 591/634/591 590/631/590 621/691/621 622/663/622
f 611/668/611 610/665/610 641/692/641 642/693/642
f 979/694/979 637/666/637 668/695/668
f 625/670/625 624/667/624 655/696/655 656/697/656
f 612/671/612 611/668/611 642/693/642 643/698/643
f 626/672/626 625/670/625 656/697/656 657/699/657
f 613/673/613 612/671/612 643/698/643 644/700/644
f 627/674/627 626/672/626 657/699/657 658/701/658
f 614/675/614 613/673/613 644/700/644 645/702/645
f 628/676/628 627/674/627 658/701/658 659/703/659
f 615/677/615 614/675/614 645/702/645 646/704/646
f 629/678/629 628/676/628 659/703/659 660/705/660
f 616/679/616 615/677/615 646/704/646 647/706/647
f 630/680/630 629/678/629 660/705/660 661/707/661
f 617/681/617 616/679/616 647/706/647 648/708/648
f 631/682/631 630/680/630 661/707/661 662/709/662
f 618/683/618 617/681/617 648/708/648 649/710/649
f 632/684/632 631/682/631 662/709/662 663/711/663
f 619/685/619 618/683/618 649/710/649 650/712/650
f 633/686/633 632/684/632 663/711/663 664/713/664
f 620/687/620 619/685/619 650/712/650 651/714/651
f 607/689/607 1445/715/1445 638/716/638
f 634/690/634 633/686/633 664/713/664 665/717/665
f 621/691/621 620/687/620 651/714/651 652/718/652
f 608/659/608 607/689/607 638/716/638 639/719/639
f 635/661/635 634/690/634 665/717/665 666/720/666
f 622/663/622 621/691/621 652/718/652 653/721/653
f 609/660/609 608/659/608 639/719/639 640/722/640
f 636/662/636 635/661/635 666/720/666 667/723/667
f 623/664/623 622/663/622 653/721/653 654/724/654
f 610/665/610 609/660/609 640/722/640 641/692/641
f 637/666/637 636/662/636 667/723/667 668/695/668
f 624/667/624 623/664/623 654/724/654 655/696/655
f 644/700/644 643/698/643 674/725/674 675/726/675
f 658/701/658 657/699/657 688/727/688 689/728/689
f 645/702/645 644/700/644 675/726/675 676/729/676
f 659/703/659 658/701/658 689/728/689 690/730/690
f 646/704/646 645/702/645 676/729/676 677/731/677
f 660/705/660 659/703/659 690/730/690 691/732/691
f 647/706/647 646/704/646 677/731/677 678/733/678
f 661/707/661 660/705/660 691/732/691 692/734/692
f 648/708/648 647/706/647 678/733/678 679/735/679
f 662/709/662 661/707/661 692/734/692 693/736/693
f 649/710/649 648/708/648 679/735/679 680/737/680
f 663/711/663 662/709/662 693/736/693 694/738/694
f 650/712/650 649/710/649 680/737/680 681/739/681
f 664/713/664 663/711/663 694/738/694 695/740/695
f 651/714/651 650/712/650 681/739/681 682/741/682
f 638/716/638 1445/742/1445 669/743/669
f 665/717/665 664/713/664 695/740/695 696/744/696
f 652/718/652 651/714/651 682/741/682 683/745/683
f 639/719/639 638/716/638 669/743/669 670/746/670
f 666/720/666 665/717/665 696/744/696 697/747/697
f 653/721/653 652/718/652 683/745/683 684/748/684
f 640/722/640 639/719/639 670/746/670 671/749/671
f 667/723/667 666/720/666 697/747/697 698/750/698
f 654/724/654 653/721/653 684/748/684 685/751/685
f 641/692/641 640/722/640 671/749/671 672/752/672
f 668/695/668 667/723/667 698/750/698 699/753/699
f 655/696/655 654/724/654 685/751/685 686/754/686
f 642/693/642 641/692/641 672/752/672 673/755/673
f 979/756/979 668/695/668 699/753/699
f 656/697/656 655/696/655 686/754/686 687/757/687
f 643/698/643 642/693/642 673/755/673 674/725/674
f 657/699/657 656/697/656 687/757/687 688/727/688
f 677/731/677 676/729/676 707/758/707 708/759/708
f 691/732/691 690/730/690 721/760/721 722/761/722
f 678/733/678 677/731/677 708/759/708 709/762/709
f 692/734/692 691/732/691 722/761/722 723/763/723
f 679/735/679 678/733/678 709/762/709 710/764/710
f 693/736/693 692/734/692 723/763/723 724/765/724
f 680/737/680 679/735/679 710/764/710 711/766/711
f 694/738/694 693/736/693 724/765/724 725/767/725
f 681/739/681 680/737/680 711/766/711 712/768/712
f 695/740/695 694/738/694 725/767/725 726/769/726
f 682/741/682 681/739/681 712/768/712 713/770/713
f 669/743/669 1445/771/1445 700/772/700
f 696/744/696 695/740/695 726/769/726 727/773/727
f 683/745/683 682/741/682 713/770/713 714/774/714
f 670/746/670 669/743/669 700/772/700 701/775/701
f 697/747/697 696/744/696 727/773/727 728/776/728
f 684/748/684 683/745/683 714/774/714 715/777/715
f 671/749/671 670/746/670 701/775/701 702/778/702
f 698/750/698 697/747/697 728/776/728 729/779/729
f 685/751/685 684/748/684 715/777/715 716/780/716
f 672/752/672 671/749/671 702/778/702 703/781/703
f 699/753/699 698/750/698 729/779/729 730/782/730
f 686/754/686 685/751/685 716/780/716 717/783/717
f 673/755/673 672/752/672 703/781/703 704/784/704
f 979/785/979 699/753/699 730/782/730
f 687/757/687 686/754/686 717/783/717 718/786/718
f 674/725/674 673/755/673 704/784/704 705/787/705
f 688/727/688 687/757/687 718/786/718 719/788/719
f 675/726/675 674/725/674 705/787/705 706/789/706
f 689/728/689 688/727/688 719/788/719 720/790/720
f 676/729/676 675/726/675 706/789/706 707/758/707
f 690/730/690 689/728/689 720/790/720 721/760/721
f 710/764/710 709/762/709 740/791/740 741/792/741
f 724/765/724 723/763/723 754/793/754 755/794/755
f 711/766/711 710/764/710 741/792/741 742/795/742
f 725/767/725 724/765/724 755/794/755 756/796/756
f 712/768/712 711/766/711 742/795/742 743/797/743
f 726/769/726 725/767/725 756/796/756 757/798/757
f 713/770/713 712/768/712 743/797/743 744/799/744
f 700/772/700 1445/800/1445 731/801/731
f 727/773/727 726/769/726 757/798/757 758/802/758
f 714/774/714 713/770/713 744/799/744 745/803/745
f 701/775/701 700/772/700 731/801/731 732/804/732
f 728/776/728 727/773/727 758/802/758 759/805/759
f 715/777/715 714/774/714 745/803/745 746/806/746
f 702/778/702 701/775/701 732/804/732 733/807/733
f 729/779/729 728/776/728 759/805/759 760/808/760
f 716/780/716 715/777/715 746/806/746 747/809/747
f 703/781/703 702/778/702 733/807/733 734/810/734
f 730/782/730 729/779/729 760/808/760 761/811/761
f 717/783/717 716/780/716 747/809/747 748/812/748
f 704/784/704 703/781/703 734/810/734 735/813/735
f 979/814/979 730/782/730 761/811/761
f 718/786/718 717/783/717 748/812/748 749/815/749
f 705/787/705 704/784/704 735/813/735 736/816/736
f 719/788/719 718/786/718 749/815/749 750/817/750
f 706/789/706 705/787/705 736/816/736 737/818/737
f 720/790/720 719/788/719 750/817/750 751/819/751
f 707/758/707 706/789/706 737/818/737 738/820/738
f 721/760/721 720/790/720 751/819/751 752/821/752
f 708/759/708 707/758/707 738/820/738 739/822/739
f 722/761/722 721/760/721 752/821/752 753/823/753
f 709/762/709 708/759/708 739/822/739 740/791/740
f 723/763/723 722/761/722 753/823/753 754/793/754
f 743/797/743 742/795/742 773/824/773 774/825/774
f 757/798/757 756/796/756 787/826/787 788/827/788
f 744/799/744 743/797/743 774/825/774 775/828/775
f 731/801/731 1445/829/1445 762/830/762
f 758/802/758 757/798/757 788/827/788 789/831/789
f 745/803/745 744/799/744 775/828/775 776/832/776
f 732/804/732 731/801/731 762/830/762 763/833/763
f 759/805/759 758/802/758 789/831/789 790/834/790
f 746/806/746 745/803/745 776/832/776 777/835/777
f 733/807/733 732/804/732 763/833/763 764/836/764
f 760/808/760 759/805/759 790/834/790 791/837/791
f 747/809/747 746/806/746 777/835/777 778/838/778
f 734/810/734 733/807/733 764/836/764 765/839/765
f 761/811/761 760/808/760 791/837/791 792/840/792
f 748/812/748 747/809/747 778/838/778 779/841/779
f 735/813/735 734/810/734 765/839/765 766/842/766
f 979/843/979 761/811/761 792/840/792
f 749/815/749 748/812/748 779/841/779 780/844/780
f 736/816/736 735/813/735 766/842/766 767/845/767
f 750/817/750 749/815/749 780/844/780 781/846/781
f 737/818/737 736/816/736 767/845/767 768/847/768
f 751/819/751 750/817/750 781/846/781 782/848/782
f 738/820/738 737/818/737 768/847/768 769/849/769
f 752/821/752 751/819/751 782/848/782 783/850/783
f 739/822/739 738/820/738 769/849/769 770/851/770
f 753/823/753 752/821/752 783/850/783 784/852/784
f 740/791/740 739/822/739 770/851/770 771/853/771
f 754/793/754 753/823/753 784/852/784 785/854/785
f 741/792/741 740/791/740 771/853/771 772/855/772
f 755/794/755 754/793/754 785/854/785 786/856/786
f 742/795/742 741/792/741 772/855/772 773/824/773
f 756/796/756 755/794/755 786/856/786 787/826/787
f 776/832/776 775/828/775 806/857/806 807/858/807
f 763/833/763 762/830/762 793/859/793 794/860/794
f 790/834/790 789/831/789 820/861/820 821/862/821
f 777/835/777 776/832/776 807/858/807 808/863/808
f 764/836/764 763/833/763 794/860/794 795/864/795
f 791/837/791 790/834/790 821/862/821 822/865/822
f 778/838/778 777/835/777 808/863/808 809/866/809
f 765/839/765 764/836/764 795/864/795 796/867/796
f 792/840/792 791/837/791 822/865/822 823/868/823
f 779/841/779 778/838/778 809/866/809 810/869/810
f 766/842/766 765/839/765 796/867/796 797/870/797
f 979/871/979 792/840/792 823/868/823
f 780/844/780 779/841/779 810/869/810 811/872/811
f 767/845/767 766/842/766 797/870/797 798/873/798
f 781/846/781 780/844/780 811/872/811 812/874/812
f 768/847/768 767/845/767 798/873/798 799/875/799
f 782/848/782 781/846/781 812/874/812 813/876/813
f 769/849/769 768/847/768 799/875/799 800/877/800
f 783/850/783 782/848/782 813/876/813 814/878/814
f 770/851/770 769/849/769 800/877/800 801/879/801
f 784/852/784 783/850/783 814/878/814 815/880/815
f 771/853/771 770/851/770 801/879/801 802/881/802
f 785/854/785 784/852/784 815/880/815 816/882/816
f 772/855/772 771/853/771 802/881/802 803/883/803
f 786/856/786 785/854/785 816/882/816 817/884/817
f 773/824/773 772/855/772 803/883/803 804/885/804
f 787/826/787 786/856/786 817/884/817 818/886/818
f 774/825/774 773/824/773 804/885/804 805/887/805
f 788/827/788 787/826/787 818/886/818 819/888/819
f 775/828/775 774/825/774 805/887/805 806/857/806
f 762/830/762 1445/889/1445 793/859/793
f 789/831/789 788/827/788 819/888/819 820/861/820
f 812/874/812 811/872/811 842/890/842 843/891/843
f 799/875/799 798/873/798 829/892/829 830/893/830
f 813/876/813 812/874/812 843/891/843 844/894/844
f 800/877/800 799/875/799 830/893/830 831/895/831
f 814/878/814 813/876/813 844/894/844 845/896/845
f 801/879/801 800/877/800 831/895/831 832/897/832
f 815/880/815 814/878/814 845/896/845 846/898/846
f 802/881/802 801/879/801 832/897/832 833/899/833
f 816/882/816 815/880/815 846/898/846 847/900/847
f 803/883/803 802/881/802 833/899/833 834/901/834
f 817/884/817 816/882/816 847/900/847 848/902/848
f 804/885/804 803/883/803 834/901/834 835/903/835
f 818/886/818 817/884/817 848/902/848 849/904/849
f 805/887/805 804/885/804 835/903/835 836/905/836
f 819/888/819 818/886/818 849/904/849 850/906/850
f 806/857/806 805/887/805 836/905/836 837/907/837
f 793/859/793 1445/908/1445 824/909/824
f 820/861/820 819/888/819 850/906/850 851/910/851
f 807/858/807 806/857/806 837/907/837 838/911/838
f 794/860/794 793/859/793 824/909/824 825/912/825
f 821/862/821 820/861/820 851/910/851 852/913/852
f 808/863/808 807/858/807 838/911/838 839/914/839
f 795/864/795 794/860/794 825/912/825 826/915/826
f 822/865/822 821/862/821 852/913/852 853/916/853
f 809/866/809 808/863/808 839/914/839 840/917/840
f 796/867/796 795/864/795 826/915/826 827/918/827
f 823/868/823 822/865/822 853/916/853 854/919/854
f 810/869/810 809/866/809 840/917/840 841/920/841
f 797/870/797 796/867/796 827/918/827 828/921/828
f 979/922/979 823/868/823 854/919/854
f 811/872/811 810/869/810 841/920/841 842/890/842
f 798/873/798 797/870/797 828/921/828 829/892/829
f 845/896/845 844/894/844 875/923/875 876/924/876
f 832/897/832 831/895/831 862/925/862 863/926/863
f 846/898/846 845/896/845 876/924/876 877/927/877
f 833/899/833 832/897/832 863/926/863 864/928/864
f 847/900/847 846/898/846 877/927/877 878/929/878
f 834/901/834 833/899/833 864/928/864 865/930/865
f 848/902/848 847/900/847 878/929/878 879/931/879
f 835/903/835 834/901/834 865/930/865 866/932/866
f 849/904/849 848/902/848 879/931/879 880/933/880
f 836/905/836 835/903/835 866/932/866 867/934/867
f 850/906/850 849/904/849 880/933/880 881/935/881
f 837/907/837 836/905/836 867/934/867 868/936/868
f 824/909/824 1445/937/1445 855/938/855
f 851/910/851 850/906/850 881/935/881 882/939/882
f 838/911/838 837/907/837 868/936/868 869/940/869
f 825/912/825 824/909/824 855/938/855 856/941/856
f 852/913/852 851/910/851 882/939/882 883/942/883
f 839/914/839 838/911/838 869/940/869 870/943/870
f 826/915/826 825/912/825 856/941/856 857/944/857
f 853/916/853 852/913/852 883/942/883 884/945/884
f 840/917/840 839/914/839 870/943/870 871/946/871
f 827/918/827 826/915/826 857/944/857 858/947/858
f 854/919/854 853/916/853 884/945/884 885/948/885
f 841/920/841 840/917/840 871/946/871 872/949/872
f 828/921/828 827/918/827 858/947/858 859/950/859
f 979/951/979 854/919/854 885/948/885
f 842/890/842 841/920/841 872/949/872 873/952/873
f 829/892/829 828/921/828 859/950/859 860/953/860
f 843/891/843 842/890/842 873/952/873 874/954/874
f 830/893/830 829/892/829 860/953/860 861/955/861
f 844/894/844 843/891/843 874/954/874 875/923/875
f 831/895/831 830/893/830 861/955/861 862/925/862
f 878/929/878 877/927/877 908/956/908 909/957/909
f 865/930/865 864/928/864 895/958/895 896/959/896
f 879/931/879 878/929/878 909/957/909 910/960/910
f 866/932/866 865/930/865 896/959/896 897/961/897
f 880/933/880 879/931/879 910/960/910 911/962/911
f 867/934/867 866/932/866 897/961/897 898/963/898
f 881/935/881 880/933/880 911/962/911 912/964/912
f 868/936/868 867/934/867 898/963/898 899/965/899
f 855/938/855 1445/966/1445 886/967/886
f 882/939/882 881/935/881 912/964/912 913/968/913
f 869/940/869 868/936/868 899/965/899 900/969/900
f 856/941/856 855/938/855 886/967/886 887/970/887
f 883/942/883 882/939/882 913/968/913 914/971/914
f 870/943/870 869/940/869 900/969/900 901/972/901
f 857/944/857 856/941/856 887/970/887 888/973/888
f 884/945/884 883/942/883 914/971/914 915/974/915
f 871/946/871 870/943/870 901/972/901 902/975/902
f 858/947/858 857/944/857 888/973/888 889/976/889
f 885/948/885 884/945/884 915/974/915 916/977/916
f 872/949/872 871/946/871 902/975/902 903/978/903
f 859/950/859 858/947/858 889/976/889 890/979/890
f 979/980/979 885/948/885 916/977/916
f 873/952/873 872/949/872 903/978/903 904/981/904
f 860/953/860 859/950/859 890/979/890 891/982/891
f 874/954/874 873/952/873 904/981/904 905/983/905
f 861/955/861 860/953/860 891/982/891 892/984/892
f 875/923/875 874/954/874 905/983/905 906/985/906
f 862/925/862 861/955/861 892/984/892 893/986/893
f 876/924/876 875/923/875 906/985/906 907/987/907
f 863/926/863 862/925/862 893/986/893 894/988/894
f 877/927/877 876/924/876 907/987/907 908/956/908
f 864/928/864 863/926/863 894/988/894 895/958/895
f 911/962/911 910/960/910 941/989/941 942/990/942
f 898/963/898 897/961/897 928/991/928 929/992/929
f 912/964/912 911/962/911 942/990/942 943/993/943
f 899/965/899 898/963/898 929/992/929 930/994/930
f 886/967/886 1445/995/1445 917/996/917
f 913/968/913 912/964/912 943/993/943 944/997/944
f 900/969/900 899/965/899 930/994/930 931/998/931
f 887/970/887 886/967/886 917/996/917 918/999/918
f 914/971/914 913/968/913 944/997/944 945/1000/945
f 901/972/901 900/969/900 931/998/931 932/1001/932
f 888/973/888 887/970/887 918/999/918 919/1002/919
f 915/974/915 914/971/914 945/1000/945 946/1003/946
f 902/975/902 901/972/901 932/1001/932 933/1004/933
f 889/976/889 888/973/888 919/1002/919 920/1005/920
f 916/977/916 915/974/915 946/1003/946 947/1006/947
f 903/978/903 902/975/902 933/1004/933 934/1007/934
f 890/979/890 889/976/889 920/1005/920 921/1008/921
f 979/1009/979 916/977/916 947/1006/947
f 904/981/904 903/978/903 934/1007/934 935/1010/935
f 891/982/891 890/979/890 921/1008/921 922/1011/922
f 905/983/905 904/981/904 935/1010/935 936/1012/936
f 892/984/892 891/982/891 922/1011/922 923/1013/923
f 906/985/906 905/983/905 936/1012/936 937/1014/937
f 893/986/893 892/984/892 923/1013/923 924/1015/924
f 907/987/907 906/985/906 937/1014/937 938/1016/938
f 894/988/894 893/986/893 924/1015/924 925/1017/925
f 908/956/908 907/987/907 938/1016/938 939/1018/939
f 895/958/895 894/988/894 925/1017/925 926/1019/926
f 909/957/909 908/956/908 939/1018/939 940/1020/940
f 896/959/896 895/958/895 926/1019/926 927/1021/927
f 910/960/910 909/957/909 940/1020/940 941/989/941
f 897/961/897 896/959/896 927/1021/927 928/991/928
f 917/996/917 1445/1022/1445 948/1023/948
f 944/997/944 943/993/943 974/1024/974 975/1025/975
f 931/998/931 930/994/930 961/1026/961 962/1027/962
f 918/999/918 917/996/917 948/1023/948 949/1028/949
f 945/1000/945 944/997/944 975/1025/975 976/1029/976
f 932/1001/932 931/998/931 962/1027/962 963/1030/963
f 919/1002/919 918/999/918 949/1028/949 950/1031/950
f 946/1003/946 945/1000/945 976/1029/976 977/1032/977
f 933/1004/933 932/1001/932 963/1030/963 964/1033/964
f 920/1005/920 919/1002/919 950/1031/950 951/1034/951
f 947/1006/947 946/1003/946 977/1032/977 978/1035/978
f 934/1007/934 933/1004/933 964/1033/964 965/1036/965
f 921/1008/921 920/1005/920 951/1034/951 952/1037/952
f 979/1038/979 947/1006/947 978/1035/978
f 935/1010/935 934/1007/934 965/1036/965 966/1039/966
f 922/1011/922 921/1008/921 952/1037/952 953/1040/953
f 936/1012/936 935/1010/935 966/1039/966 967/1041/967
f 923/1013/923 922/1011/922 953/1040/953 954/1042/954
f 937/1014/937 936/1012/936 967/1041/967 968/1043/968
f 924/1015/924 923/1013/923 954/1042/954 955/1044/955
f 938/1016/938 937/1014/937 968/1043/968 969/1045/969
f 925/1017/925 924/1015/924 955/1044/955 956/1046/956
f 939/1018/939 938/1016/938 969/1045/969 970/1047/970
f 926/1019/926 925/1017/925 956/1046/956 957/1048/957
f 940/1020/940 939/1018/939 970/1047/970 971/1049/971
f 927/1021/927 926/1019/926 957/1048/957 958/1050/958
f 941/989/941 940/1020/940 971/1049/971 972/1051/972
f 928/991/928 927/1021/927 958/1050/958 959/1052/959
f 942/990/942 941/989/941 972/1051/972 973/1053/973
f 929/992/929 928/991/928 959/1052/959 960/1054/960
f 943/993/943 942/990/942 973/1053/973 974/1024/974
f 930/994/930 929/992/929 960/1054/960 961/1026/961
f 950/1031/950 949/1028/949 981/1055/981 982/1056/982
f 977/1032/977 976/1029/976 1008/1057/1008 1009/1058/1009
f 964/1033/964 963/1030/963 995/1059/995 996/1060/996
f 951/1034/951 950/1031/950 982/1056/982 983/1061/983
f 978/1035/978 977/1032/977 1009/1058/1009 1010/1062/1010
f 965/1036/965 964/1033/964 996/1060/996 997/1063/997
f 952/1037/952 951/1034/951 983/1061/983 984/1064/984
f 979/1065/979 978/1035/978 1010/1062/1010
f 966/1039/966 965/1036/965 997/1063/997 998/1066/998
f 953/1040/953 952/1037/952 984/1064/984 985/1067/985
f 967/1041/967 966/1039/966 998/1066/998 999/1068/999
f 954/1042/954 953/1040/953 985/1067/985 986/1069/986
f 968/1043/968 967/1041/967 999/1068/999 1000/1070/1000
f 955/1044/955 954/1042/954 986/1069/986 987/1071/987
f 969/1045/969 968/1043/968 1000/1070/1000 1001/1072/1001
f 956/1046/956 955/1044/955 987/1071/987 988/1073/988
f 970/1047/970 969/1045/969 1001/1072/1001 1002/1074/1002
f 957/1048/957 956/1046/956 988/1073/988 989/1075/989
f 971/1049/971 970/1047/970 1002/1074/1002 1003/1076/1003
f 958/1050/958 957/1048/957 989/1075/989 990/1077/990
f 972/1051/972 971/1049/971 1003/1076/1003 1004/1078/1004
f 959/1052/959 958/1050/958 990/1077/990 991/1079/991
f 973/1053/973 972/1051/972 1004/1078/1004 1005/1080/1005
f 960/1054/960 959/1052/959 991/1079/991 992/1081/992
f 974/1024/974 973/1053/973 1005/1080/1005 1006/1082/1006
f 961/1026/961 960/1054/960 992/1081/992 993/1083/993
f 948/1023/948 1445/1084/1445 980/1085/980
f 975/1025/975 974/1024/974 1006/1082/1006 1007/1086/1007
f 962/1027/962 961/1026/961 993/1083/993 994/1087/994
f 949/1028/949 948/1023/948 980/1085/980 981/1055/981
f 976/1029/976 975/1025/975 1007/1086/1007 1008/1057/1008
f 963/1030/963 962/1027/962 994/1087/994 995/1059/995
f 984/1064/984 983/1061/983 1014/1088/1014 1015/1089/1015
f 979/1090/979 1010/1062/1010 1041/1091/1041
f 998/1066/998 997/1063/997 1028/1092/1028 1029/1093/1029
f 985/1067/985 984/1064/984 1015/1089/1015 1016/1094/1016
f 999/1068/999 998/1066/998 1029/1093/1029 1030/1095/1030
f 986/1069/986 985/1067/985 1016/1094/1016 1017/1096/1017
f 1000/1070/1000 999/1068/999 1030/1095/1030 1031/1097/1031
f 987/1071/987 986/1069/986 1017/1096/1017 1018/1098/1018
f 1001/1072/1001 1000/1070/1000 1031/1097/1031 1032/1099/1032
f 988/1073/988 987/1071/987 1018/1098/1018 1019/1100/1019
f 1002/1074/1002 1001/1072/1001 1032/1099/1032 1033/1101/1033
f 989/1075/989 988/1073/988 1019/1100/1019 1020/1102/1020
f 1003/1076/1003 1002/1074/1002 1033/1101/1033 1034/1103/1034
f 990/1077/990 989/1075/989 1020/1102/1020 1021/1104/1021
f 1004/1078/1004 1003/1076/1003 1034/1103/1034 1035/1105/1035
f 991/1079/991 990/1077/990 1021/1104/1021 1022/1106/1022
f 1005/1080/1005 1004/1078/1004 1035/1105/1035 1036/1107/1036
f 992/1081/992 991/1079/991 1022/1106/1022 1023/1108/1023
f 1006/1082/1006 1005/1080/1005 1036/1107/1036 1037/1109/1037
f 993/1083/993 992/1081/992 1023/1108/1023 1024/1110/1024
f 980/1085/980 1445/1111/1445 1011/1112/1011
f 1007/1086/1007 1006/1082/1006 1037/1109/1037 1038/1113/1038
f 994/1087/994 993/1083/993 1024/1110/1024 1025/1114/1025
f 981/1055/981 980/1085/980 1011/1112/1011 1012/1115/1012
f 1008/1057/1008 1007/1086/1007 1038/1113/1038 1039/1116/1039
f 995/1059/995 994/1087/994 1025/1114/1025 1026/1117/1026
f 982/1056/982 981/1055/981 1012/1115/1012 1013/1118/1013
f 1009/1058/1009 1008/1057/1008 1039/1116/1039 1040/1119/1040
f 996/1060/996 995/1059/995 1026/1117/1026 1027/1120/1027
f 983/1061/983 982/1056/982 1013/1118/1013 1014/1088/1014
f 1010/1062/1010 1009/1058/1009 1040/1119/1040 1041/1091/1041
f 997/1063/997 996/1060/996 1027/1120/1027 1028/1092/1028
f 1017/1096/1017 1016/1094/1016 1047/1121/1047 1048/1122/1048
f 1031/1097/1031 1030/1095/1030 1061/1123/1061 1062/1124/1062
f 1018/1098/1018 1017/1096/1017 1048/1122/1048 1049/1125/1049
f 1032/1099/1032 1031/1097/1031 1062/1124/1062 1063/1126/1063
f 1019/1100/1019 1018/1098/1018 1049/1125/1049 1050/1127/1050
f 1033/1101/1033 1032/1099/1032 1063/1126/1063 1064/1128/1064
f 1020/1102/1020 1019/1100/1019 1050/1127/1050 1051/1129/1051
f 1034/1103/1034 1033/1101/1033 1064/1128/1064 1065/1130/1065
f 1021/1104/1021 1020/1102/1020 1051/1129/1051 1052/1131/1052
f 1035/1105/1035 1034/1103/1034 1065/1130/1065 1066/1132/1066
f 1022/1106/1022 1021/1104/1021 1052/1131/1052 1053/1133/1053
f 1036/1107/1036 1035/1105/1035 1066/1132/1066 1067/1134/1067
f 1023/1108/1023 1022/1106/1022 1053/1133/1053 1054/1135/1054
f 1037/1109/1037 1036/1107/1036 1067/1134/1067 1068/1136/1068
f 1024/1110/1024 1023/1108/1023 1054/1135/1054 1055/1137/1055
f 1011/1112/1011 1445/1138/1445 1042/1139/1042
f 1038/1113/1038 1037/1109/1037 1068/1136/1068 1069/1140/1069
f 1025/1114/1025 1024/1110/1024 1055/1137/1055 1056/1141/1056
f 1012/1115/1012 1011/1112/1011 1042/1139/1042 1043/1142/1043
f 1039/1116/1039 1038/1113/1038 1069/1140/1069 1070/1143/1070
f 1026/1117/1026 1025/1114/1025 1056/1141/1056 1057/1144/1057
f 1013/1118/1013 1012/1115/1012 1043/1142/1043 1044/1145/1044
f 1040/1119/1040 1039/1116/1039 1070/1143/1070 1071/1146/1071
f 1027/1120/1027 1026/1117/1026 1057/1144/1057 1058/1147/1058
f 1014/1088/1014 1013/1118/1013 1044/1145/1044 1045/1148/1045
f 1041/1091/1041 1040/1119/1040 1071/1146/1071 1072/1149/1072
f 1028/1092/1028 1027/1120/1027 1058/1147/1058 1059/1150/1059
f 1015/1089/1015 1014/1088/1014 1045/1148/1045 1046/1151/1046
f 979/1152/979 1041/1091/1041 1072/1149/1072
f 1029/1093/1029 1028/1092/1028 1059/1150/1059 1060/1153/1060
f 1016/1094/1016 1015/1089/1015 1046/1151/1046 1047/1121/1047
f 1030/1095/1030 1029/1093/1029 1060/1153/1060 1061/1123/1061
f 1050/1127/1050 1049/1125/1049 1080/1154/1080 1081/1155/1081
f 1064/1128/1064 1063/1126/1063 1094/1156/1094 1095/1157/1095
f 1051/1129/1051 1050/1127/1050 1081/1155/1081 1082/1158/1082
f 1065/1130/1065 1064/1128/1064 1095/1157/1095 1096/1159/1096
f 1052/1131/1052 1051/1129/1051 1082/1158/1082 1083/1160/1083
f 1066/1132/1066 1065/1130/1065 1096/1159/1096 1097/1161/1097
f 1053/1133/1053 1052/1131/1052 1083/1160/1083 1084/1162/1084
f 1067/1134/1067 1066/1132/1066 1097/1161/1097 1098/1163/1098
f 1054/1135/1054 1053/1133/1053 1084/1162/1084 1085/1164/1085
f 1068/1136/1068 1067/1134/1067 1098/1163/1098 1099/1165/1099
f 1055/1137/1055 1054/1135/1054 1085/1164/1085 1086/1166/1086
f 1042/1139/1042 1445/1167/1445 1073/1168/1073
f 1069/1140/1069 1068/1136/1068 1099/1165/1099 1100/1169/1100
f 1056/1141/1056 1055/1137/1055 1086/1166/1086 1087/1170/1087
f 1043/1142/1043 1042/1139/1042 1073/1168/1073 1074/1171/1074
f 1070/1143/1070 1069/1140/1069 1100/1169/1100 1101/1172/1101
f 1057/1144/1057 1056/1141/1056 1087/1170/1087 1088/1173/1088
f 1044/1145/1044 1043/1142/1043 1074/1171/1074 1075/1174/1075
f 1071/1146/1071 1070/1143/1070 1101/1172/1101 1102/1175/1102
f 1058/1147/1058 1057/1144/1057 1088/1173/1088 1089/1176/1089
f 1045/1148/1045 1044/1145/1044 1075/1174/1075 1076/1177/1076
f 1072/1149/1072 1071/1146/1071 1102/1175/1102 1103/1178/1103
f 1059/1150/1059 1058/1147/1058 1089/1176/1089 1090/1179/1090
f 1046/1151/1046 1045/1148/1045 1076/1177/1076 1077/1180/1077
f 979/1181/979 1072/1149/1072 1103/1178/1103
f 1060/1153/1060 1059/1150/1059 1090/1179/1090 1091/1182/1091
f 1047/1121/1047 1046/1151/1046 1077/1180/1077 1078/1183/1078
f 1061/1123/1061 1060/1153/1060 1091/1182/1091 1092/1184/1092
f 1048/1122/1048 1047/1121/1047 1078/1183/1078 1079/1185/1079
f 1062/1124/1062 1061/1123/1061 1092/1184/1092 1093/1186/1093
f 1049/1125/1049 1048/1122/1048 1079/1185/1079 1080/1154/1080
f 1063/1126/1063 1062/1124/1062 1093/1186/1093 1094/1156/1094
f 1083/1160/1083 1082/1158/1082 1113/1187/1113 1114/1188/1114
f 1097/1161/1097 1096/1159/1096 1127/1189/1127 1128/1190/1128
f 1084/1162/1084 1083/1160/1083 1114/1188/1114 1115/1191/1115
f 1098/1163/1098 1097/1161/1097 1128/1190/1128 1129/1192/1129
f 1085/1164/1085 1084/1162/1084 1115/1191/1115 1116/1193/1116
f 1099/1165/1099 1098/1163/1098 1129/1192/1129 1130/1194/1130
f 1086/1166/1086 1085/1164/1085 1116/1193/1116 1117/1195/1117
f 1073/1168/1073 1445/1196/1445 1104/1197/1104
f 1100/1169/1100 1099/1165/1099 1130/1194/1130 1131/1198/1131
f 1087/1170/1087 1086/1166/1086 1117/1195/1117 1118/1199/1118
f 1074/1171/1074 1073/1168/1073 1104/1197/1104 1105/1200/1105
f 1101/1172/1101 1100/1169/1100 1131/1198/1131 1132/1201/1132
f 1088/1173/1088 1087/1170/1087 1118/1199/1118 1119/1202/1119
f 1075/1174/1075 1074/1171/1074 1105/1200/1105 1106/1203/1106
f 1102/1175/1102 1101/1172/1101 1132/1201/1132 1133/1204/1133
f 1089/1176/1089 1088/1173/1088 1119/1202/1119 1120/1205/1120
f 1076/1177/1076 1075/1174/1075 1106/1203/1106 1107/1206/1107
f 1103/1178/1103 1102/1175/1102 1133/1204/1133 1134/1207/1134
f 1090/1179/1090 1089/1176/1089 1120/1205/1120 1121/1208/1121
f 1077/1180/1077 1076/1177/1076 1107/1206/1107 1108/1209/1108
f 979/1210/979 1103/1178/1103 1134/1207/1134
f 1091/1182/1091 1090/1179/1090 1121/1208/1121 1122/1211/1122
f 1078/1183/1078 1077/1180/1077 1108/1209/1108 1109/1212/1109
f 1092/1184/1092 1091/1182/1091 1122/1211/1122 1123/1213/1123
f 1079/1185/1079 1078/1183/1078 1109/1212/1109 1110/1214/1110
f 1093/1186/1093 1092/1184/1092 1123/1213/1123 1124/1215/1124
f 1080/1154/1080 1079/1185/1079 1110/1214/1110 1111/1216/1111
f 1094/1156/1094 1093/1186/1093 1124/1215/1124 1125/1217/1125
f 1081/1155/1081 1080/1154/1080 1111/1216/1111 1112/1218/1112
f 1095/1157/1095 1094/1156/1094 1125/1217/1125 1126/1219/1126
f 1082/1158/1082 1081/1155/1081 1112/1218/1112 1113/1187/1113
f 1096/1159/1096 1095/1157/1095 1126/1219/1126 1127/1189/1127
f 1116/1193/1116 1115/1191/1115 1146/1220/1146 1147/1221/1147
f 1130/1194/1130 1129/1192/1129 1160/1222/1160 1161/1223/1161
f 1117/1195/1117 1116/1193/1116 1147/1221/1147 1148/1224/1148
f 1104/1197/1104 1445/1225/1445 1135/1226/1135
f 1131/1198/1131 1130/1194/1130 1161/1223/1161 1162/1227/1162
f 1118/1199/1118 1117/1195/1117 1148/1224/1148 1149/1228/1149
f 1105/1200/1105 1104/1197/1104 1135/1226/1135 1136/1229/1136
f 1132/1201/1132 1131/1198/1131 1162/1227/1162 1163/1230/1163
f 1119/1202/1119 1118/1199/1118 1149/1228/1149 1150/1231/1150
f 1106/1203/1106 1105/1200/1105 1136/1229/1136 1137/1232/1137
f 1133/1204/1133 1132/1201/1132 1163/1230/1163 1164/1233/1164
f 1120/1205/1120 1119/1202/1119 1150/1231/1150 1151/1234/1151
f 1107/1206/1107 1106/1203/1106 1137/1232/1137 1138/1235/1138
f 1134/1207/1134 1133/1204/1133 1164/1233/1164 1165/1236/1165
f 1121/1208/1121 1120/1205/1120 1151/1234/1151 1152/1237/1152
f 1108/1209/1108 1107/1206/1107 1138/1235/1138 1139/1238/1139
f 979/1239/979 1134/1207/1134 1165/1236/1165
f 1122/1211/1122 1121/1208/1121 1152/1237/1152 1153/1240/1153
f 1109/1212/1109 1108/1209/1108 1139/1238/1139 1140/1241/1140
f 1123/1213/1123 1122/1211/1122 1153/1240/1153 1154/1242/1154
f 1110/1214/1110 1109/1212/1109 1140/1241/1140 1141/1243/1141
f 1124/1215/1124 1123/1213/1123 1154/1242/1154 1155/1244/1155
f 1111/1216/1111 1110/1214/1110 1141/1243/1141 1142/1245/1142
f 1125/1217/1125 1124/1215/1124 1155/1244/1155 1156/1246/1156
f 1112/1218/1112 1111/1216/1111 1142/1245/1142 1143/1247/1143
f 1126/1219/1126 1125/1217/1125 1156/1246/1156 1157/1248/1157
f 1113/1187/1113 1112/1218/1112 1143/1247/1143 1144/1249/1144
f 1127/1189/1127 1126/1219/1126 1157/1248/1157 1158/1250/1158
f 1114/1188/1114 1113/1187/1113 1144/1249/1144 1145/1251/1145
f 1128/1190/1128 1127/1189/1127 1158/1250/1158 1159/1252/1159
f 1115/1191/1115 1114/1188/1114 1145/1251/1145 1146/1220/1146
f 1129/1192/1129 1128/1190/1128 1159/1252/1159 1160/1222/1160
f 1149/1228/1149 1148/1224/1148 1179/1253/1179 1180/1254/1180
f 1136/1229/1136 1135/1226/1135 1166/1255/1166 1167/1256/1167
f 1163/1230/1163 1162/1227/1162 1193/1257/1193 1194/1258/1194
f 1150/1231/1150 1149/1228/1149 1180/1254/1180 1181/1259/1181
f 1137/1232/1137 1136/1229/1136 1167/1256/1167 1168/1260/1168
f 1164/1233/1164 1163/1230/1163 1194/1258/1194 1195/1261/1195
f 1151/1234/1151 1150/1231/1150 1181/1259/1181 1182/1262/1182
f 1138/1235/1138 1137/1232/1137 1168/1260/1168 1169/1263/1169
f 1165/1236/1165 1164/1233/1164 1195/1261/1195 1196/1264/1196
f 1152/1237/1152 1151/1234/1151 1182/1262/1182 1183/1265/1183
f 1139/1238/1139 1138/1235/1138 1169/1263/1169 1170/1266/1170
f 979/1267/979 1165/1236/1165 1196/1264/1196
f 1153/1240/1153 1152/1237/1152 1183/1265/1183 1184/1268/1184
f 1140/1241/1140 1139/1238/1139 1170/1266/1170 1171/1269/1171
f 1154/1242/1154 1153/1240/1153 1184/1268/1184 1185/1270/1185
f 1141/1243/1141 1140/1241/1140 1171/1269/1171 1172/1271/1172
f 1155/1244/1155 1154/1242/1154 1185/1270/1185 1186/1272/1186
f 1142/1245/1142 1141/1243/1141 1172/1271/1172 1173/1273/1173
f 1156/1246/1156 1155/1244/1155 1186/1272/1186 1187/1274/1187
f 1143/1247/1143 1142/1245/1142 1173/1273/1173 1174/1275/1174
f 1157/1248/1157 1156/1246/1156 1187/1274/1187 1188/1276/1188
f 1144/1249/1144 1143/1247/1143 1174/1275/1174 1175/1277/1175
f 1158/1250/1158 1157/1248/1157 1188/1276/1188 1189/1278/1189
f 1145/1251/1145 1144/1249/1144 1175/1277/1175 1176/1279/1176
f 1159/1252/1159 1158/1250/1158 1189/1278/1189 1190/1280/1190
f 1146/1220/1146 1145/1251/1145 1176/1279/1176 1177/1281/1177
f 1160/1222/1160 1159/1252/1159 1190/1280/1190 1191/1282/1191
f 1147/1221/1147 1146/1220/1146 1177/1281/1177 1178/1283/1178
f 1161/1223/1161 1160/1222/1160 1191/1282/1191 1192/1284/1192
f 1148/1224/1148 1147/1221/1147 1178/1283/1178 1179/1253/1179
f 1135/1226/1135 1445/1285/1445 1166/1255/1166
f 1162/1227/1162 1161/1223/1161 1192/1284/1192 1193/1257/1193
f 1182/1262/1182 1181/1259/1181 1212/1286/1212 1213/1287/1213
f 1169/1263/1169 1168/1260/1168 1199/1288/1199 1200/1289/1200
f 1196/1264/1196 1195/1261/1195 1226/1290/1226 1227/1291/1227
f 1183/1265/1183 1182/1262/1182 1213/1287/1213 1214/1292/1214
f 1170/1266/1170 1169/1263/1169 1200/1289/1200 1201/1293/1201
f 979/1294/979 1196/1264/1196 1227/1291/1227
f 1184/1268/1184 1183/1265/1183 1214/1292/1214 1215/1295/1215
f 1171/1269/1171 1170/1266/1170 1201/1293/1201 1202/1296/1202
f 1185/1270/1185 1184/1268/1184 1215/1295/1215 1216/1297/1216
f 1172/1271/1172 1171/1269/1171 1202/1296/1202 1203/1298/1203
f 1186/1272/1186 1185/1270/1185 1216/1297/1216 1217/1299/1217
f 1173/1273/1173 1172/1271/1172 1203/1298/1203 1204/1300/1204
f 1187/1274/1187 1186/1272/1186 1217/1299/1217 1218/1301/1218
f 1174/1275/1174 1173/1273/1173 1204/1300/1204 1205/1302/1205
f 1188/1276/1188 1187/1274/1187 1218/1301/1218 1219/1303/1219
f 1175/1277/1175 1174/1275/1174 1205/1302/1205 1206/1304/1206
f 1189/1278/1189 1188/1276/1188 1219/1303/1219 1220/1305/1220
f 1176/1279/1176 1175/1277/1175 1206/1304/1206 1207/1306/1207
f 1190/1280/1190 1189/1278/1189 1220/1305/1220 1221/1307/1221
f 1177/1281/1177 1176/1279/1176 1207/1306/1207 1208/1308/1208
f 1191/1282/1191 1190/1280/1190 1221/1307/1221 1222/1309/1222
f 1178/1283/1178 1177/1281/1177 1208/1308/1208 1209/1310/1209
f 1192/1284/1192 1191/1282/1191 1222/1309/1222 1223/1311/1223
f 1179/1253/1179 1178/1283/1178 1209/1310/1209 1210/1312/1210
f 1166/1255/1166 1445/1313/1445 1197/1314/1197
f 1193/1257/1193 1192/1284/1192 1223/1311/1223 1224/1315/1224
f 1180/1254/1180 1179/1253/1179 1210/1312/1210 1211/1316/1211
f 1167/1256/1167 1166/1255/1166 1197/1314/1197 1198/1317/1198
f 1194/1258/1194 1193/1257/1193 1224/1315/1224 1225/1318/1225
f 1181/1259/1181 1180/1254/1180 1211/1316/1211 1212/1286/1212
f 1168/1260/1168 1167/1256/1167 1198/1317/1198 1199/1288/1199
f 1195/1261/1195 1194/1258/1194 1225/1318/1225 1226/1290/1226
f 1215/1295/1215 1214/1292/1214 1245/1319/1245 1246/1320/1246
f 1202/1296/1202 1201/1293/1201 1232/1321/1232 1233/1322/1233
f 1216/1297/1216 1215/1295/1215 1246/1320/1246 1247/1323/1247
f 1203/1298/1203 1202/1296/1202 1233/1322/1233 1234/1324/1234
f 1217/1299/1217 1216/1297/1216 1247/1323/1247 1248/1325/1248
f 1204/1300/1204 1203/1298/1203 1234/1324/1234 1235/1326/1235
f 1218/1301/1218 1217/1299/1217 1248/1325/1248 1249/1327/1249
f 1205/1302/1205 1204/1300/1204 1235/1326/1235 1236/1328/1236
f 1219/1303/1219 1218/1301/1218 1249/1327/1249 1250/1329/1250
f 1206/1304/1206 1205/1302/1205 1236/1328/1236 1237/1330/1237
f 1220/1305/1220 1219/1303/1219 1250/1329/1250 1251/1331/1251
f 1207/1306/1207 1206/1304/1206 1237/1330/1237 1238/1332/1238
f 1221/1307/1221 1220/1305/1220 1251/1331/1251 1252/1333/1252
f 1208/1308/1208 1207/1306/1207 1238/1332/1238 1239/1334/1239
f 1222/1309/1222 1221/1307/1221 1252/1333/1252 1253/1335/1253
f 1209/1310/1209 1208/1308/1208 1239/1334/1239 1240/1336/1240
f 1223/1311/1223 1222/1309/1222 1253/1335/1253 1254/1337/1254
f 1210/1312/1210 1209/1310/1209 1240/1336/1240 1241/1338/1241
f 1197/1314/1197 1445/1339/1445 1228/1340/1228
f 1224/1315/1224 1223/1311/1223 1254/1337/1254 1255/1341/1255
f 1211/1316/1211 1210/1312/1210 1241/1338/1241 1242/1342/1242
f 1198/1317/1198 1197/1314/1197 1228/1340/1228 1229/1343/1229
f 1225/1318/1225 1224/1315/1224 1255/1341/1255 1256/1344/1256
f 1212/1286/1212 1211/1316/1211 1242/1342/1242 1243/1345/1243
f 1199/1288/1199 1198/1317/1198 1229/1343/1229 1230/1346/1230
f 1226/1290/1226 1225/1318/1225 1256/1344/1256 1257/1347/1257
f 1213/1287/1213 1212/1286/1212 1243/1345/1243 1244/1348/1244
f 1200/1289/1200 1199/1288/1199 1230/1346/1230 1231/1349/1231
f 1227/1291/1227 1226/1290/1226 1257/1347/1257 1258/1350/1258
f 1214/1292/1214 1213/1287/1213 1244/1348/1244 1245/1319/1245
f 1201/1293/1201 1200/1289/1200 1231/1349/1231 1232/1321/1232
f 979/1351/979 1227/1291/1227 1258/1350/1258
f 1248/1325/1248 1247/1323/1247 1278/1352/1278 1279/1353/1279
f 1235/1326/1235 1234/1324/1234 1265/1354/1265 1266/1355/1266
f 1249/1327/1249 1248/1325/1248 1279/1353/1279 1280/1356/1280
f 1236/1328/1236 1235/1326/1235 1266/1355/1266 1267/1357/1267
f 1250/1329/1250 1249/1327/1249 1280/1356/1280 1281/1358/1281
f 1237/1330/1237 1236/1328/1236 1267/1357/1267 1268/1359/1268
f 1251/1331/1251 1250/1329/1250 1281/1358/1281 1282/1360/1282
f 1238/1332/1238 1237/1330/1237 1268/1359/1268 1269/1361/1269
f 1252/1333/1252 1251/1331/1251 1282/1360/1282 1283/1362/1283
f 1239/1334/1239 1238/1332/1238 1269/1361/1269 1270/1363/1270
f 1253/1335/1253 1252/1333/1252 1283/1362/1283 1284/1364/1284
f 1240/1336/1240 1239/1334/1239 1270/1363/1270 1271/1365/1271
f 1254/1337/1254 1253/1335/1253 1284/1364/1284 1285/1366/1285
f 1241/1338/1241 1240/1336/1240 1271/1365/1271 1272/1367/1272
f 1228/1340/1228 1445/1368/1445 1259/1369/1259
f 1255/1341/1255 1254/1337/1254 1285/1366/1285 1286/1370/1286
f 1242/1342/1242 1241/1338/1241 1272/1367/1272 1273/1371/1273
f 1229/1343/1229 1228/1340/1228 1259/1369/1259 1260/1372/1260
f 1256/1344/1256 1255/1341/1255 1286/1370/1286 1287/1373/1287
f 1243/1345/1243 1242/1342/1242 1273/1371/1273 1274/1374/1274
f 1230/1346/1230 1229/1343/1229 1260/1372/1260 1261/1375/1261
f 1257/1347/1257 1256/1344/1256 1287/1373/1287 1288/1376/1288
f 1244/1348/1244 1243/1345/1243 1274/1374/1274 1275/1377/1275
f 1231/1349/1231 1230/1346/1230 1261/1375/1261 1262/1378/1262
f 1258/1350/1258 1257/1347/1257 1288/1376/1288 1289/1379/1289
f 1245/1319/1245 1244/1348/1244 1275/1377/1275 1276/1380/1276
f 1232/1321/1232 1231/1349/1231 1262/1378/1262 1263/1381/1263
f 979/1382/979 1258/1350/1258 1289/1379/1289
f 1246/1320/1246 1245/1319/1245 1276/1380/1276 1277/1383/1277
f 1233/1322/1233 1232/1321/1232 1263/1381/1263 1264/1384/1264
f 1247/1323/1247 1246/1320/1246 1277/1383/1277 1278/1352/1278
f 1234/1324/1234 1233/1322/1233 1264/1384/1264 1265/1354/1265
f 1281/1358/1281 1280/1356/1280 1311/1385/1311 1312/1386/1312
f 1268/1359/1268 1267/1357/1267 1298/1387/1298 1299/1388/1299
f 1282/1360/1282 1281/1358/1281 1312/1386/1312 1313/1389/1313
f 1269/1361/1269 1268/1359/1268 1299/1388/1299 1300/1390/1300
f 1283/1362/1283 1282/1360/1282 1313/1389/1313 1314/1391/1314
f 1270/1363/1270 1269/1361/1269 1300/1390/1300 1301/1392/1301
f 1284/1364/1284 1283/1362/1283 1314/1391/1314 1315/1393/1315
f 1271/1365/1271 1270/1363/1270 1301/1392/1301 1302/1394/1302
f 1285/1366/1285 1284/1364/1284 1315/1393/1315 1316/1395/1316
f 1272/1367/1272 1271/1365/1271 1302/1394/1302 1303/1396/1303
f 1259/1369/1259 1445/1397/1445 1290/1398/1290
f 1286/1370/1286 1285/1366/1285 1316/1395/1316 1317/1399/1317
f 1273/1371/1273 1272/1367/1272 1303/1396/1303 1304/1400/1304
f 1260/1372/1260 1259/1369/1259 1290/1398/1290 1291/1401/1291
f 1287/1373/1287 1286/1370/1286 1317/1399/1317 1318/1402/1318
f 1274/1374/1274 1273/1371/1273 1304/1400/1304 1305/1403/1305
f 1261/1375/1261 1260/1372/1260 1291/1401/1291 1292/1404/1292
f 1288/1376/1288 1287/1373/1287 1318/1402/1318 1319/1405/1319
f 1275/1377/1275 1274/1374/1274 1305/1403/1305 1306/1406/1306
f 1262/1378/1262 1261/1375/1261 1292/1404/1292 1293/1407/1293
f 1289/1379/1289 1288/1376/1288 1319/1405/1319 1320/1408/1320
f 1276/1380/1276 1275/1377/1275 1306/1406/1306 1307/1409/1307
f 1263/1381/1263 1262/1378/1262 1293/1407/1293 1294/1410/1294
f 979/1411/979 1289/1379/1289 1320/1408/1320
f 1277/1383/1277 1276/1380/1276 1307/1409/1307 1308/1412/1308
f 1264/1384/1264 1263/1381/1263 1294/1410/1294 1295/1413/1295
f 1278/1352/1278 1277/1383/1277 1308/1412/1308 1309/1414/1309
f 1265/1354/1265 1264/1384/1264 1295/1413/1295 1296/1415/1296
f 1279/1353/1279 1278/1352/1278 1309/1414/1309 1310/1416/1310
f 1266/1355/1266 1265/1354/1265 1296/1415/1296 1297/1417/1297
f 1280/1356/1280 1279/1353/1279 1310/1416/1310 1311/1385/1311
f 1267/1357/1267 1266/1355/1266 1297/1417/1297 1298/1387/1298
f 1314/1391/1314 1313/1389/1313 1344/1418/1344 1345/1419/1345
f 1301/1392/1301 1300/1390/1300 1331/1420/1331 1332/1421/1332
f 1315/1393/1315 1314/1391/1314 1345/1419/1345 1346/1422/1346
f 1302/1394/1302 1301/1392/1301 1332/1421/1332 1333/1423/1333
f 1316/1395/1316 1315/1393/1315 1346/1422/1346 1347/1424/1347
f 1303/1396/1303 1302/1394/1302 1333/1423/1333 1334/1425/1334
f 1290/1398/1290 1445/1426/1445 1321/1427/1321
f 1317/1399/1317 1316/1395/1316 1347/1424/1347 1348/1428/1348
f 1304/1400/1304 1303/1396/1303 1334/1425/1334 1335/1429/1335
f 1291/1401/1291 1290/1398/1290 1321/1427/1321 1322/1430/1322
f 1318/1402/1318 1317/1399/1317 1348/1428/1348 1349/1431/1349
f 1305/1403/1305 1304/1400/1304 1335/1429/1335 1336/1432/1336
f 1292/1404/1292 1291/1401/1291 1322/1430/1322 1323/1433/1323
f 1319/1405/1319 1318/1402/1318 1349/1431/1349 1350/1434/1350
f 1306/1406/1306 1305/1403/1305 1336/1432/1336 1337/1435/1337
f 1293/1407/1293 1292/1404/1292 1323/1433/1323 1324/1436/1324
f 1320/1408/1320 1319/1405/1319 1350/1434/1350 1351/1437/1351
f 1307/1409/1307 1306/1406/1306 1337/1435/1337 1338/1438/1338
f 1294/1410/1294 1293/1407/1293 1324/1436/1324 1325/1439/1325
f 979/1440/979 1320/1408/1320 1351/1437/1351
f 1308/1412/1308 1307/1409/1307 1338/1438/1338 1339/1441/1339
f 1295/1413/1295 1294/1410/1294 1325/1439/1325 1326/1442/1326
f 1309/1414/1309 1308/1412/1308 1339/1441/1339 1340/1443/1340
f 1296/1415/1296 1295/1413/1295 1326/1442/1326 1327/1444/1327
f 1310/1416/1310 1309/1414/1309 1340/1443/1340 1341/1445/1341
f 1297/1417/1297 1296/1415/1296 1327/1444/1327 1328/1446/1328
f 1311/1385/1311 1310/1416/1310 1341/1445/1341 1342/1447/1342
f 1298/1387/1298 1297/1417/1297 1328/1446/1328 1329/1448/1329
f 1312/1386/1312 1311/1385/1311 1342/1447/1342 1343/1449/1343
f 1299/1388/1299 1298/1387/1298 1329/1448/1329 1330/1450/1330
f 1313/1389/1313 1312/1386/1312 1343/1449/1343 1344/1418/1344
f 1300/1390/1300 1299/1388/1299 1330/1450/1330 1331/1420/1331
f 1347/1424/1347 1346/1422/1346 1377/1451/1377 1378/1452/1378
f 1334/1425/1334 1333/1423/1333 1364/1453/1364 1365/1454/1365
f 1321/1427/1321 1445/1455/1445 1352/1456/1352
f 1348/1428/1348 1347/1424/1347 1378/1452/1378 1379/1457/1379
f 1335/1429/1335 1334/1425/1334 1365/1454/1365 1366/1458/1366
f 1322/1430/1322 1321/1427/1321 1352/1456/1352 1353/1459/1353
f 1349/1431/1349 1348/1428/1348 1379/1457/1379 1380/1460/1380
f 1336/1432/1336 1335/1429/1335 1366/1458/1366 1367/1461/1367
f 1323/1433/1323 1322/1430/1322 1353/1459/1353 1354/1462/1354
f 1350/1434/1350 1349/1431/1349 1380/1460/1380 1381/1463/1381
f 1337/1435/1337 1336/1432/1336 1367/1461/1367 1368/1464/1368
f 1324/1436/1324 1323/1433/1323 1354/1462/1354 1355/1465/1355
f 1351/1437/1351 1350/1434/1350 1381/1463/1381 1382/1466/1382
f 1338/1438/1338 1337/1435/1337 1368/1464/1368 1369/1467/1369
f 1325/1439/1325 1324/1436/1324 1355/1465/1355 1356/1468/1356
f 979/1469/979 1351/1437/1351 1382/1466/1382
f 1339/1441/1339 1338/1438/1338 1369/1467/1369 1370/1470/1370
f 1326/1442/1326 1325/1439/1325 1356/1468/1356 1357/1471/1357
f 1340/1443/1340 1339/1441/1339 1370/1470/1370 1371/1472/1371
f 1327/1444/1327 1326/1442/1326 1357/1471/1357 1358/1473/1358
f 1341/1445/1341 1340/1443/1340 1371/1472/1371 1372/1474/1372
f 1328/1446/1328 1327/1444/1327 1358/1473/1358 1359/1475/1359
f 1342/1447/1342 1341/1445/1341 1372/1474/1372 1373/1476/1373
f 1329/1448/1329 1328/1446/1328 1359/1475/1359 1360/1477/1360
f 1343/1449/1343 1342/1447/1342 1373/1476/1373 1374/1478/1374
f 1330/1450/1330 1329/1448/1329 1360/1477/1360 1361/1479/1361
f 1344/1418/1344 1343/1449/1343 1374/1478/1374 1375/1480/1375
f 1331/1420/1331 1330/1450/1330 1361/1479/1361 1362/1481/1362
f 1345/1419/1345 1344/1418/1344 1375/1480/1375 1376/1482/1376
f 1332/1421/1332 1331/1420/1331 1362/1481/1362 1363/1483/1363
f 1346/1422/1346 1345/1419/1345 1376/1482/1376 1377/1451/1377
f 1333/1423/1333 1332/1421/1332 1363/1483/1363 1364/1453/1364
f 1380/1460/1380 1379/1457/1379 1410/1484/1410 1411/1485/1411
f 1367/1461/1367 1366/1458/1366 1397/1486/1397 1398/1487/1398
f 1354/1462/1354 1353/1459/1353 1384/1488/1384 1385/1489/1385
f 1381/1463/1381 1380/1460/1380 1411/1485/1411 1412/1490/1412
f 1368/1464/1368 1367/1461/1367 1398/1487/1398 1399/1491/1399
f 1355/1465/1355 1354/1462/1354 1385/1489/1385 1386/1492/1386
f 1382/1466/1382 1381/1463/1381 1412/1490/1412 1413/1493/1413
f 1369/1467/1369 1368/1464/1368 1399/1491/1399 1400/1494/1400
f 1356/1468/1356 1355/1465/1355 1386/1492/1386 1387/1495/1387
f 979/1496/979 1382/1466/1382 1413/1493/1413
f 1370/1470/1370 1369/1467/1369 1400/1494/1400 1401/1497/1401
f 1357/1471/1357 1356/1468/1356 1387/1495/1387 1388/1498/1388
f 1371/1472/1371 1370/1470/1370 1401/1497/1401 1402/1499/1402
f 1358/1473/1358 1357/1471/1357 1388/1498/1388 1389/1500/1389
f 1372/1474/1372 1371/1472/1371 1402/1499/1402 1403/1501/1403
f 1359/1475/1359 1358/1473/1358 1389/1500/1389 1390/1502/1390
f 1373/1476/1373 1372/1474/1372 1403/1501/1403 1404/1503/1404
f 1360/1477/1360 1359/1475/1359 1390/1502/1390 1391/1504/1391
f 1374/1478/1374 1373/1476/1373 1404/1503/1404 1405/1505/1405
f 1361/1479/1361 1360/1477/1360 1391/1504/1391 1392/1506/1392
f 1375/1480/1375 1374/1478/1374 1405/1505/1405 1406/1507/1406
f 1362/1481/1362 1361/1479/1361 1392/1506/1392 1393/1508/1393
f 1376/1482/1376 1375/1480/1375 1406/1507/1406 1407/1509/1407
f 1363/1483/1363 1362/1481/1362 1393/1508/1393 1394/1510/1394
f 1377/1451/1377 1376/1482/1376 1407/1509/1407 1408/1511/1408
f 1364/1453/1364 1363/1483/1363 1394/1510/1394 1395/1512/1395
f 1378/1452/1378 1377/1451/1377 1408/1511/1408 1409/1513/1409
f 1365/1454/1365 1364/1453/1364 1395/1512/1395 1396/1514/1396
f 1352/1456/1352 1445/1515/1445 1383/1516/1383
f 1379/1457/1379 1378/1452/1378 1409/1513/1409 1410/1484/1410
f 1366/1458/1366 1365/1454/1365 1396/1514/1396 1397/1486/1397
f 1353/1459/1353 1352/1456/1352 1383/1516/1383 1384/1488/1384
f 1413/1493/1413 1412/1490/1412 1443/1517/1443 1444/1518/1444
f 1400/1494/1400 1399/1491/1399 1430/1519/1430 1431/1520/1431
f 1387/1495/1387 1386/1492/1386 1417/1521/1417 1418/1522/1418
f 979/1523/979 1413/1493/1413 1444/1518/1444
f 1401/1497/1401 1400/1494/1400 1431/1520/1431 1432/1524/1432
f 1388/1498/1388 1387/1495/1387 1418/1522/1418 1419/1525/1419
f 1402/1499/1402 1401/1497/1401 1432/1524/1432 1433/1526/1433
f 1389/1500/1389 1388/1498/1388 1419/1525/1419 1420/1527/1420
f 1403/1501/1403 1402/1499/1402 1433/1526/1433 1434/1528/1434
f 1390/1502/1390 1389/1500/1389 1420/1527/1420 1421/1529/1421
f 1404/1503/1404 1403/1501/1403 1434/1528/1434 1435/1530/1435
f 1391/1504/1391 1390/1502/1390 1421/1529/1421 1422/1531/1422
f 1405/1505/1405 1404/1503/1404 1435/1530/1435 1436/1532/1436
f 1392/1506/1392 1391/1504/1391 1422/1531/1422 1423/1533/1423
f 1406/1507/1406 1405/1505/1405 1436/1532/1436 1437/1534/1437
f 1393/1508/1393 1392/1506/1392 1423/1533/1423 1424/1535/1424
f 1407/1509/1407 1406/1507/1406 1437/1534/1437 1438/1536/1438
f 1394/1510/1394 1393/1508/1393 1424/1535/1424 1425/1537/1425
f 1408/1511/1408 1407/1509/1407 1438/1536/1438 1439/1538/1439
f 1395/1512/1395 1394/1510/1394 1425/1537/1425 1426/1539/1426
f 1409/1513/1409 1408/1511/1408 1439/1538/1439 1440/1540/1440
f 1396/1514/1396 1395/1512/1395 1426/1539/1426 1427/1541/1427
f 1383/1516/1383 1445/1542/1445 1414/1543/1414
f 1410/1484/1410 1409/1513/1409 1440/1540/1440 1441/1544/1441
f 1397/1486/1397 1396/1514/1396 1427/1541/1427 1428/1545/1428
f 1384/1488/1384 1383/1516/1383 1414/1543/1414 1415/1546/1415
f 1411/1485/1411 1410/1484/1410 1441/1544/1441 1442/1547/1442
f 1398/1487/1398 1397/1486/1397 1428/1545/1428 1429/1548/1429
f 1385/1489/1385 1384/1488/1384 1415/1546/1415 1416/1549/1416
f 1412/1490/1412 1411/1485/1411 1442/1547/1442 1443/1517/1443
f 1399/1491/1399 1398/1487/1398 1429/1548/1429 1430/1519/1430
f 1386/1492/1386 1385/1489/1385 1416/1549/1416 1417/1521/1417
f 1433/1526/1433 1432/1524/1432 1464/1550/1464 1465/1551/1465
f 1420/1527/1420 1419/1525/1419 1451/1552/1451 1452/1553/1452
f 1434/1528/1434 1433/1526/1433 1465/1551/1465 1466/1554/1466
f 1421/1529/1421 1420/1527/1420 1452/1553/1452 1453/1555/1453
f 1435/1530/1435 1434/1528/1434 1466/1554/1466 1467/1556/1467
f 1422/1531/1422 1421/1529/1421 1453/1555/1453 1454/1557/1454
f 1436/1532/1436 1435/1530/1435 1467/1556/1467 1468/1558/1468
f 1423/1533/1423 1422/1531/1422 1454/1557/1454 1455/1559/1455
f 1437/1534/1437 1436/1532/1436 1468/1558/1468 1469/1560/1469
f 1424/1535/1424 1423/1533/1423 1455/1559/1455 1456/1561/1456
f 1438/1536/1438 1437/1534/1437 1469/1560/1469 1470/1562/1470
f 1425/1537/1425 1424/1535/1424 1456/1561/1456 1457/1563/1457
f 1439/1538/1439 1438/1536/1438 1470/1562/1470 1471/1564/1471
f 1426/1539/1426 1425/1537/1425 1457/1563/1457 1458/1565/1458
f 1440/1540/1440 1439/1538/1439 1471/1564/1471 1472/1566/1472
f 1427/1541/1427 1426/1539/1426 1458/1565/1458 1459/1567/1459
f 1414/1543/1414 1445/1568/1445 1446/1569/1446
f 1441/1544/1441 1440/1540/1440 1472/1566/1472 1473/1570/1473
f 1428/1545/1428 1427/1541/1427 1459/1567/1459 1460/1571/1460
f 1415/1546/1415 1414/1543/1414 1446/1569/1446 1447/1572/1447
f 1442/1547/1442 1441/1544/1441 1473/1570/1473 1474/1573/1474
f 1429/1548/1429 1428/1545/1428 1460/1571/1460 1461/1574/1461
f 1416/1549/1416 1415/1546/1415 1447/1572/1447 1448/1575/1448
f 1443/1517/1443 1442/1547/1442 1474/1573/1474 1475/1576/1475
f 1430/1519/1430 1429/1548/1429 1461/1574/1461 1462/1577/1462
f 1417/1521/1417 1416/1549/1416 1448/1575/1448 1449/1578/1449
f 1444/1518/1444 1443/1517/1443 1475/1576/1475 1476/1579/1476
f 1431/1520/1431 1430/1519/1430 1462/1577/1462 1463/1580/1463
f 1418/1522/1418 1417/1521/1417 1449/1578/1449 1450/1581/1450
f 979/1582/979 1444/1518/1444 1476/1579/1476
f 1432/1524/1432 1431/1520/1431 1463/1580/1463 1464/1550/1464
f 1419/1525/1419 1418/1522/1418 1450/1581/1450 1451/1552/1451
f 1467/1556/1467 1466/1554/1466 1497/1583/1497 1498/1584/1498
f 1454/1557/1454 1453/1555/1453 1484/1585/1484 1485/1586/1485
f 1468/1558/1468 1467/1556/1467 1498/1584/1498 1499/1587/1499
f 1455/1559/1455 1454/1557/1454 1485/1586/1485 1486/1588/1486
f 1469/1560/1469 1468/1558/1468 1499/1587/1499 1500/1589/1500
f 1456/1561/1456 1455/1559/1455 1486/1588/1486 1487/1590/1487
f 1470/1562/1470 1469/1560/1469 1500/1589/1500 1501/1591/1501
f 1457/1563/1457 1456/1561/1456 1487/1590/1487 1488/1592/1488
f 1471/1564/1471 1470/1562/1470 1501/1591/1501 1502/1593/1502
f 1458/1565/1458 1457/1563/1457 1488/1592/1488 1489/1594/1489
f 1472/1566/1472 1471/1564/1471 1502/1593/1502 1503/1595/1503
f 1459/1567/1459 1458/1565/1458 1489/1594/1489 1490/1596/1490
f 1446/1569/1446 1445/1597/1445 1477/1598/1477
f 1473/1570/1473 1472/1566/1472 1503/1595/1503 1504/1599/1504
f 1460/1571/1460 1459/1567/1459 1490/1596/1490 1491/1600/1491
f 1447/1572/1447 1446/1569/1446 1477/1598/1477 1478/1601/1478
f 1474/1573/1474 1473/1570/1473 1504/1599/1504 1505/1602/1505
f 1461/1574/1461 1460/1571/1460 1491/1600/1491 1492/1603/1492
f 1448/1575/1448 1447/1572/1447 1478/1601/1478 1479/1604/1479
f 1475/1576/1475 1474/1573/1474 1505/1602/1505 1506/1605/1506
f 1462/1577/1462 1461/1574/1461 1492/1603/1492 1493/1606/1493
f 1449/1578/1449 1448/1575/1448 1479/1604/1479 1480/1607/1480
f 1476/1579/1476 1475/1576/1475 1506/1605/1506 1507/1608/1507
f 1463/1580/1463 1462/1577/1462 1493/1606/1493 1494/1609/1494
f 1450/1581/1450 1449/1578/1449 1480/1607/1480 1481/1610/1481
f 979/1611/979 1476/1579/1476 1507/1608/1507
f 1464/1550/1464 1463/1580/1463 1494/1609/1494 1495/1612/1495
f 1451/1552/1451 1450/1581/1450 1481/1610/1481 1482/1613/1482
f 1465/1551/1465 1464/1550/1464 1495/1612/1495 1496/1614/1496
f 1452/1553/1452 1451/1552/1451 1482/1613/1482 1483/1615/1483
f 1466/1554/1466 1465/1551/1465 1496/1614/1496 1497/1583/1497
f 1453/1555/1453 1452/1553/1452 1483/1615/1483 1484/1585/1484
f 1500/1616/1500 1499/1617/1499 1530/1618/1530 1531/1619/1531
f 1487/1620/1487 1486/1621/1486 1517/1622/1517 1518/1623/1518
f 1501/1624/1501 1500/1616/1500 1531/1619/1531 1532/1625/1532
f 1488/1626/1488 1487/1620/1487 1518/1623/1518 1519/1627/1519
f 1502/1628/1502 1501/1624/1501 1532/1625/1532 1533/1629/1533
f 1489/1630/1489 1488/1626/1488 1519/1627/1519 1520/1631/1520
f 1503/1632/1503 1502/1628/1502 1533/1629/1533 1534/1633/1534
f 1490/1634/1490 1489/1630/1489 1520/1631/1520 1521/1635/1521
f 1477/1636/1477 1445/1637/1445 1508/1638/1508
f 1504/1639/1504 1503/1632/1503 1534/1633/1534 1535/1640/1535
f 1491/1641/1491 1490/1634/1490 1521/1635/1521 1522/1642/1522
f 1478/1643/1478 1477/1636/1477 1508/1638/1508 1509/1644/1509
f 1505/1645/1505 1504/1639/1504 1535/1640/1535 1536/1646/1536
f 1492/1647/1492 1491/1641/1491 1522/1642/1522 1523/1648/1523
f 1479/1649/1479 1478/1643/1478 1509/1644/1509 1510/1650/1510
f 1506/1651/1506 1505/1645/1505 1536/1646/1536 1537/1652/1537
f 1493/1653/1493 1492/1647/1492 1523/1648/1523 1524/1654/1524
f 1480/1655/1480 1479/1649/1479 1510/1650/1510 1511/1656/1511
f 1507/1657/1507 1506/1651/1506 1537/1652/1537 1538/1658/1538
f 1494/1659/1494 1493/1653/1493 1524/1654/1524 1525/1660/1525
f 1481/1661/1481 1480/1655/1480 1511/1656/1511 1512/1662/1512
f 979/1663/979 1507/1657/1507 1538/1658/1538
f 1495/1664/1495 1494/1659/1494 1525/1660/1525 1526/1665/1526
f 1482/1666/1482 1481/1661/1481 1512/1662/1512 1513/1667/1513
f 1496/1668/1496 1495/1664/1495 1526/1665/1526 1527/1669/1527
f 1483/1670/1483 1482/1666/1482 1513/1667/1513 1514/1671/1514
f 1497/1672/1497 1496/1668/1496 1527/1669/1527 1528/1673/1528
f 1484/1674/1484 1483/1670/1483 1514/1671/1514 1515/1675/1515
f 1498/1676/1498 1497/1672/1497 1528/1673/1528 1529/1677/1529
f 1485/1678/1485 1484/1674/1484 1515/1675/1515 1516/1679/1516
f 1499/1617/1499 1498/1676/1498 1529/1677/1529 1530/1618/1530
f 1486/1621/1486 1485/1678/1485 1516/1679/1516 1517/1622/1517
f 1533/1629/1533 1532/1625/1532 1563/1680/1563 1564/1681/1564
f 1520/1631/1520 1519/1627/1519 1550/1682/1550 1551/1683/1551
f 1534/1633/1534 1533/1629/1533 1564/1681/1564 1565/1684/1565
f 1521/1635/1521 1520/1631/1520 1551/1683/1551 1552/1685/1552
f 1508/1638/1508 1445/1686/1445 1539/1687/1539
f 1535/1640/1535 1534/1633/1534 1565/1684/1565 1566/1688/1566
f 1522/1642/1522 1521/1635/1521 1552/1685/1552 1553/1689/1553
f 1509/1644/1509 1508/1638/1508 1539/1687/1539 1540/1690/1540
f 1536/1646/1536 1535/1640/1535 1566/1688/1566 1567/1691/1567
f 1523/1648/1523 1522/1642/1522 1553/1689/1553 1554/1692/1554
f 1510/1650/1510 1509/1644/1509 1540/1690/1540 1541/1693/1541
f 1537/1652/1537 1536/1646/1536 1567/1691/1567 1568/1694/1568
f 1524/1654/1524 1523/1648/1523 1554/1692/1554 1555/1695/1555
f 1511/1656/1511 1510/1650/1510 1541/1693/1541 1542/1696/1542
f 1538/1658/1538 1537/1652/1537 1568/1694/1568 1569/1697/1569
f 1525/1660/1525 1524/1654/1524 1555/1695/1555 1556/1698/1556
f 1512/1662/1512 1511/1656/1511 1542/1696/1542 1543/1699/1543
f 979/1700/979 1538/1658/1538 1569/1697/1569
f 1526/1665/1526 1525/1660/1525 1556/1698/1556 1557/1701/1557
f 1513/1667/1513 1512/1662/1512 1543/1699/1543 1544/1702/1544
f 1527/1669/1527 1526/1665/1526 1557/1701/1557 1558/1703/1558
f 1514/1671/1514 1513/1667/1513 1544/1702/1544 1545/1704/1545
f 1528/1673/1528 1527/1669/1527 1558/1703/1558 1559/1705/1559
f 1515/1675/1515 1514/1671/1514 1545/1704/1545 1546/1706/1546
f 1529/1677/1529 1528/1673/1528 1559/1705/1559 1560/1707/1560
f 1516/1679/1516 1515/1675/1515 1546/1706/1546 1547/1708/1547
f 1530/1618/1530 1529/1677/1529 1560/1707/1560 1561/1709/1561
f 1517/1622/1517 1516/1679/1516 1547/1708/1547 1548/1710/1548
f 1531/1619/1531 1530/1618/1530 1561/1709/1561 1562/1711/1562
f 1518/1623/1518 1517/1622/1517 1548/1710/1548 1549/1712/1549
f 1532/1625/1532 1531/1619/1531 1562/1711/1562 1563/1680/1563
f 1519/1627/1519 1518/1623/1518 1549/1712/1549 1550/1682/1550
f 1539/1687/1539 1445/1713/1445 1570/1714/1570
f 1566/1688/1566 1565/1684/1565 1596/1715/1596 1597/1716/1597
f 1553/1689/1553 1552/1685/1552 1583/1717/1583 1584/1718/1584
f 1540/1690/1540 1539/1687/1539 1570/1714/1570 1571/1719/1571
f 1567/1691/1567 1566/1688/1566 1597/1716/1597 1598/1720/1598
f 1554/1692/1554 1553/1689/1553 1584/1718/1584 1585/1721/1585
f 1541/1693/1541 1540/1690/1540 1571/1719/1571 1572/1722/1572
f 1568/1694/1568 1567/1691/1567 1598/1720/1598 1599/1723/1599
f 1555/1695/1555 1554/1692/1554 1585/1721/1585 1586/1724/1586
f 1542/1696/1542 1541/1693/1541 1572/1722/1572 1573/1725/1573
f 1569/1697/1569 1568/1694/1568 1599/1723/1599 1600/1726/1600
f 1556/1698/1556 1555/1695/1555 1586/1724/1586 1587/1727/1587
f 1543/1699/1543 1542/1696/1542 1573/1725/1573 1574/1728/1574
f 979/1729/979 1569/1697/1569 1600/1726/1600
f 1557/1701/1557 1556/1698/1556 1587/1727/1587 1588/1730/1588
f 1544/1702/1544 1543/1699/1543 1574/1728/1574 1575/1731/1575
f 1558/1703/1558 1557/1701/1557 1588/1730/1588 1589/1732/1589
f 1545/1704/1545 1544/1702/1544 1575/1731/1575 1576/1733/1576
f 1559/1705/1559 1558/1703/1558 1589/1732/1589 1590/1734/1590
f 1546/1706/1546 1545/1704/1545 1576/1733/1576 1577/1735/1577
f 1560/1707/1560 1559/1705/1559 1590/1734/1590 1591/1736/1591
f 1547/1708/1547 1546/1706/1546 1577/1735/1577 1578/1737/1578
f 1561/1709/1561 1560/1707/1560 1591/1736/1591 1592/1738/1592
f 1548/1710/1548 1547/1708/1547 1578/1737/1578 1579/1739/1579
f 1562/1711/1562 1561/1709/1561 1592/1738/1592 1593/1740/1593
f 1549/1712/1549 1548/1710/1548 1579/1739/1579 1580/1741/1580
f 1563/1680/1563 1562/1711/1562 1593/1740/1593 1594/1742/1594
f 1550/1682/1550 1549/1712/1549 1580/1741/1580 1581/1743/1581
f 1564/1681/1564 1563/1680/1563 1594/1742/1594 1595/1744/1595
f 1551/1683/1551 1550/1682/1550 1581/1743/1581 1582/1745/1582
f 1565/1684/1565 1564/1681/1564 1595/1744/1595 1596/1715/1596
f 1552/1685/1552 1551/1683/1551 1582/1745/1582 1583/1717/1583
f 1582/1745/1582 1581/1743/1581 1612/1746/1612 1613/1747/1613
f 1596/1715/1596 1595/1744/1595 1626/1748/1626 1627/1749/1627
f 1583/1717/1583 1582/1745/1582 1613/1747/1613 1614/1750/1614
f 1570/1714/1570 1445/1751/1445 1601/1752/1601
f 1597/1716/1597 1596/1715/1596 1627/1749/1627 1628/1753/1628
f 1584/1718/1584 1583/1717/1583 1614/1750/1614 1615/1754/1615
f 1571/1719/1571 1570/1714/1570 1601/1752/1601 1602/1755/1602
f 1598/1720/1598 1597/1716/1597 1628/1753/1628 1629/1756/1629
f 1585/1721/1585 1584/1718/1584 1615/1754/1615 1616/1757/1616
f 1572/1722/1572 1571/1719/1571 1602/1755/1602 1603/1758/1603
f 1599/1723/1599 1598/1720/1598 1629/1756/1629 1630/1759/1630
f 1586/1724/1586 1585/1721/1585 1616/1757/1616 1617/1760/1617
f 1573/1725/1573 1572/1722/1572 1603/1758/1603 1604/1761/1604
f 1600/1726/1600 1599/1723/1599 1630/1759/1630 1631/1762/1631
f 1587/1727/1587 1586/1724/1586 1617/1760/1617 1618/1763/1618
f 1574/1728/1574 1573/1725/1573 1604/1761/1604 1605/1764/1605
f 979/1765/979 1600/1726/1600 1631/1762/1631
f 1588/1730/1588 1587/1727/1587 1618/1763/1618 1619/1766/1619
f 1575/1731/1575 1574/1728/1574 1605/1764/1605 1606/1767/1606
f 1589/1732/1589 1588/1730/1588 1619/1766/1619 1620/1768/1620
f 1576/1733/1576 1575/1731/1575 1606/1767/1606 1607/1769/1607
f 1590/1734/1590 1589/1732/1589 1620/1768/1620 1621/1770/1621
f 1577/1735/1577 1576/1733/1576 1607/1769/1607 1608/1771/1608
f 1591/1736/1591 1590/1734/1590 1621/1770/1621 1622/1772/1622
f 1578/1737/1578 1577/1735/1577 1608/1771/1608 1609/1773/1609
f 1592/1738/1592 1591/1736/1591 1622/1772/1622 1623/1774/1623
f 1579/1739/1579 1578/1737/1578 1609/1773/1609 1610/1775/1610
f 1593/1740/1593 1592/1738/1592 1623/1774/1623 1624/1776/1624
f 1580/1741/1580 1579/1739/1579 1610/1775/1610 1611/1777/1611
f 1594/1742/1594 1593/1740/1593 1624/1776/1624 1625/1778/1625
f 1581/1743/1581 1580/1741/1580 1611/1777/1611 1612/1746/1612
f 1595/1744/1595 1594/1742/1594 1625/1778/1625 1626/1748/1626
f 1615/1754/1615 1614/1750/1614 1645/1779/1645 1646/1780/1646
f 1602/1755/1602 1601/1752/1601 1632/1781/1632 1633/1782/1633
f 1629/1756/1629 1628/1753/1628 1659/1783/1659 1660/1784/1660
f 1616/1757/1616 1615/1754/1615 1646/1780/1646 1647/1785/1647
f 1603/1758/1603 1602/1755/1602 1633/1782/1633 1634/1786/1634
f 1630/1759/1630 1629/1756/1629 1660/1784/1660 1661/1787/1661
f 1617/1760/1617 1616/1757/1616 1647/1785/1647 1648/1788/1648
f 1604/1761/1604 1603/1758/1603 1634/1786/1634 1635/1789/1635
f 1631/1762/1631 1630/1759/1630 1661/1787/1661 1662/1790/1662
f 1618/1763/1618 1617/1760/1617 1648/1788/1648 1649/1791/1649
f 1605/1764/1605 1604/1761/1604 1635/1789/1635 1636/1792/1636
f 979/1793/979 1631/1762/1631 1662/1790/1662
f 1619/1766/1619 1618/1763/1618 1649/1791/1649 1650/1794/1650
f 1606/1767/1606 1605/1764/1605 1636/1792/1636 1637/1795/1637
f 1620/1768/1620 1619/1766/1619 1650/1794/1650 1651/1796/1651
f 1607/1769/1607 1606/1767/1606 1637/1795/1637 1638/1797/1638
f 1621/1770/1621 1620/1768/1620 1651/1796/1651 1652/1798/1652
f 1608/1771/1608 1607/1769/1607 1638/1797/1638 1639/1799/1639
f 1622/1772/1622 1621/1770/1621 1652/1798/1652 1653/1800/1653
f 1609/1773/1609 1608/1771/1608 1639/1799/1639 1640/1801/1640
f 1623/1774/1623 1622/1772/1622 1653/1800/1653 1654/1802/1654
f 1610/1775/1610 1609/1773/1609 1640/1801/1640 1641/1803/1641
f 1624/1776/1624 1623/1774/1623 1654/1802/1654 1655/1804/1655
f 1611/1777/1611 1610/1775/1610 1641/1803/1641 1642/1805/1642
f 1625/1778/1625 1624/1776/1624 1655/1804/1655 1656/1806/1656
f 1612/1746/1612 1611/1777/1611 1642/1805/1642 1643/1807/1643
f 1626/1748/1626 1625/1778/1625 1656/1806/1656 1657/1808/1657
f 1613/1747/1613 1612/1746/1612 1643/1807/1643 1644/1809/1644
f 1627/1749/1627 1626/1748/1626 1657/1808/1657 1658/1810/1658
f 1614/1750/1614 1613/1747/1613 1644/1809/1644 1645/1779/1645
f 1601/1752/1601 1445/1811/1445 1632/1781/1632
f 1628/1753/1628 1627/1749/1627 1658/1810/1658 1659/1783/1659
f 1648/1788/1648 1647/1785/1647 1678/1812/1678 1679/1813/1679
f 1635/1789/1635 1634/1786/1634 1665/1814/1665 1666/1815/1666
f 1662/1790/1662 1661/1787/1661 1692/1816/1692 1693/1817/1693
f 1649/1791/1649 1648/1788/1648 1679/1813/1679 1680/1818/1680
f 1636/1792/1636 1635/1789/1635 1666/1815/1666 1667/1819/1667
f 979/1820/979 1662/1790/1662 1693/1817/1693
f 1650/1794/1650 1649/1791/1649 1680/1818/1680 1681/1821/1681
f 1637/1795/1637 1636/1792/1636 1667/1819/1667 1668/1822/1668
f 1651/1796/1651 1650/1794/1650 1681/1821/1681 1682/1823/1682
f 1638/1797/1638 1637/1795/1637 1668/1822/1668 1669/1824/1669
f 1652/1798/1652 1651/1796/1651 1682/1823/1682 1683/1825/1683
f 1639/1799/1639 1638/1797/1638 1669/1824/1669 1670/1826/1670
f 1653/1800/1653 1652/1798/1652 1683/1825/1683 1684/1827/1684
f 1640/1801/1640 1639/1799/1639 1670/1826/1670 1671/1828/1671
f 1654/1802/1654 1653/1800/1653 1684/1827/1684 1685/1829/1685
f 1641/1803/1641 1640/1801/1640 1671/1828/1671 1672/1830/1672
f 1655/1804/1655 1654/1802/1654 1685/1829/1685 1686/1831/1686
f 1642/1805/1642 1641/1803/1641 1672/1830/1672 1673/1832/1673
f 1656/1806/1656 1655/1804/1655 1686/1831/1686 1687/1833/1687
f 1643/1807/1643 1642/1805/1642 1673/1832/1673 1674/1834/1674
f 1657/1808/1657 1656/1806/1656 1687/1833/1687 1688/1835/1688
f 1644/1809/1644 1643/1807/1643 1674/1834/1674 1675/1836/1675
f 1658/1810/1658 1657/1808/1657 1688/1835/1688 1689/1837/1689
f 1645/1779/1645 1644/1809/1644 1675/1836/1675 1676/1838/1676
f 1632/1781/1632 1445/1839/1445 1663/1840/1663
f 1659/1783/1659 1658/1810/1658 1689/1837/1689 1690/1841/1690
f 1646/1780/1646 1645/1779/1645 1676/1838/1676 1677/1842/1677
f 1633/1782/1633 1632/1781/1632 1663/1840/1663 1664/1843/1664
f 1660/1784/1660 1659/1783/1659 1690/1841/1690 1691/1844/1691
f 1647/1785/1647 1646/1780/1646 1677/1842/1677 1678/1812/1678
f 1634/1786/1634 1633/1782/1633 1664/1843/1664 1665/1814/1665
f 1661/1787/1661 1660/1784/1660 1691/1844/1691 1692/1816/1692
f 1681/1821/1681 1680/1818/1680 1711/1845/1711 1712/1846/1712
f 1668/1822/1668 1667/1819/1667 1698/1847/1698 1699/1848/1699
f 1682/1823/1682 1681/1821/1681 1712/1846/1712 1713/1849/1713
f 1669/1824/1669 1668/1822/1668 1699/1848/1699 1700/1850/1700
f 1683/1825/1683 1682/1823/1682 1713/1849/1713 1714/1851/1714
f 1670/1826/1670 1669/1824/1669 1700/1850/1700 1701/1852/1701
f 1684/1827/1684 1683/1825/1683 1714/1851/1714 1715/1853/1715
f 1671/1828/1671 1670/1826/1670 1701/1852/1701 1702/1854/1702
f 1685/1829/1685 1684/1827/1684 1715/1853/1715 1716/1855/1716
f 1672/1830/1672 1671/1828/1671 1702/1854/1702 1703/1856/1703
f 1686/1831/1686 1685/1829/1685 1716/1855/1716 1717/1857/1717
f 1673/1832/1673 1672/1830/1672 1703/1856/1703 1704/1858/1704
f 1687/1833/1687 1686/1831/1686 1717/1857/1717 1718/1859/1718
f 1674/1834/1674 1673/1832/1673 1704/1858/1704 1705/1860/1705
f 1688/1835/1688 1687/1833/1687 1718/1859/1718 1719/1861/1719
f 1675/1836/1675 1674/1834/1674 1705/1860/1705 1706/1862/1706
f 1689/1837/1689 1688/1835/1688 1719/1861/1719 1720/1863/1720
f 1676/1838/1676 1675/1836/1675 1706/1862/1706 1707/1864/1707
f 1663/1840/1663 1445/1865/1445 1694/1866/1694
f 1690/1841/1690 1689/1837/1689 1720/1863/1720 1721/1867/1721
f 1677/1842/1677 1676/1838/1676 1707/1864/1707 1708/1868/1708
f 1664/1843/1664 1663/1840/1663 1694/1866/1694 1695/1869/1695
f 1691/1844/1691 1690/1841/1690 1721/1867/1721 1722/1870/1722
f 1678/1812/1678 1677/1842/1677 1708/1868/1708 1709/1871/1709
f 1665/1814/1665 1664/1843/1664 1695/1869/1695 1696/1872/1696
f 1692/1816/1692 1691/1844/1691 1722/1870/1722 1723/1873/1723
f 1679/1813/1679 1678/1812/1678 1709/1871/1709 1710/1874/1710
f 1666/1815/1666 1665/1814/1665 1696/1872/1696 1697/1875/1697
f 1693/1817/1693 1692/1816/1692 1723/1873/1723 1724/1876/1724
f 1680/1818/1680 1679/1813/1679 1710/1874/1710 1711/1845/1711
f 1667/1819/1667 1666/1815/1666 1697/1875/1697 1698/1847/1698
f 979/1877/979 1693/1817/1693 1724/1876/1724
f 1714/1851/1714 1713/1849/1713 1744/1878/1744 1745/1879/1745
f 1701/1852/1701 1700/1850/1700 1731/1880/1731 1732/1881/1732
f 1715/1853/1715 1714/1851/1714 1745/1879/1745 1746/1882/1746
f 1702/1854/1702 1701/1852/1701 1732/1881/1732 1733/1883/1733
f 1716/1855/1716 1715/1853/1715 1746/1882/1746 1747/1884/1747
f 1703/1856/1703 1702/1854/1702 1733/1883/1733 1734/1885/1734
f 1717/1857/1717 1716/1855/1716 1747/1884/1747 1748/1886/1748
f 1704/1858/1704 1703/1856/1703 1734/1885/1734 1735/1887/1735
f 1718/1859/1718 1717/1857/1717 1748/1886/1748 1749/1888/1749
f 1705/1860/1705 1704/1858/1704 1735/1887/1735 1736/1889/1736
f 1719/1861/1719 1718/1859/1718 1749/1888/1749 1750/1890/1750
f 1706/1862/1706 1705/1860/1705 1736/1889/1736 1737/1891/1737
f 1720/1863/1720 1719/1861/1719 1750/1890/1750 1751/1892/1751
f 1707/1864/1707 1706/1862/1706 1737/1891/1737 1738/1893/1738
f 1694/1866/1694 1445/1894/1445 1725/1895/1725
f 1721/1867/1721 1720/1863/1720 1751/1892/1751 1752/1896/1752
f 1708/1868/1708 1707/1864/1707 1738/1893/1738 1739/1897/1739
f 1695/1869/1695 1694/1866/1694 1725/1895/1725 1726/1898/1726
f 1722/1870/1722 1721/1867/1721 1752/1896/1752 1753/1899/1753
f 1709/1871/1709 1708/1868/1708 1739/1897/1739 1740/1900/1740
f 1696/1872/1696 1695/1869/1695 1726/1898/1726 1727/1901/1727
f 1723/1873/1723 1722/1870/1722 1753/1899/1753 1754/1902/1754
f 1710/1874/1710 1709/1871/1709 1740/1900/1740 1741/1903/1741
f 1697/1875/1697 1696/1872/1696 1727/1901/1727 1728/1904/1728
f 1724/1876/1724 1723/1873/1723 1754/1902/1754 1755/1905/1755
f 1711/1845/1711 1710/1874/1710 1741/1903/1741 1742/1906/1742
f 1698/1847/1698 1697/1875/1697 1728/1904/1728 1729/1907/1729
f 979/1908/979 1724/1876/1724 1755/1905/1755
f 1712/1846/1712 1711/1845/1711 1742/1906/1742 1743/1909/1743
f 1699/1848/1699 1698/1847/1698 1729/1907/1729 1730/1910/1730
f 1713/1849/1713 1712/1846/1712 1743/1909/1743 1744/1878/1744
f 1700/1850/1700 1699/1848/1699 1730/1910/1730 1731/1880/1731
f 1747/1884/1747 1746/1882/1746 1777/1911/1777 1778/1912/1778
f 1734/1885/1734 1733/1883/1733 1764/1913/1764 1765/1914/1765
f 1748/1886/1748 1747/1884/1747 1778/1912/1778 1779/1915/1779
f 1735/1887/1735 1734/1885/1734 1765/1914/1765 1766/1916/1766
f 1749/1888/1749 1748/1886/1748 1779/1915/1779 1780/1917/1780
f 1736/1889/1736 1735/1887/1735 1766/1916/1766 1767/1918/1767
f 1750/1890/1750 1749/1888/1749 1780/1917/1780 1781/1919/1781
f 1737/1891/1737 1736/1889/1736 1767/1918/1767 1768/1920/1768
f 1751/1892/1751 1750/1890/1750 1781/1919/1781 1782/1921/1782
f 1738/1893/1738 1737/1891/1737 1768/1920/1768 1769/1922/1769
f 1725/1895/1725 1445/1923/1445 1756/1924/1756
f 1752/1896/1752 1751/1892/1751 1782/1921/1782 1783/1925/1783
f 1739/1897/1739 1738/1893/1738 1769/1922/1769 1770/1926/1770
f 1726/1898/1726 1725/1895/1725 1756/1924/1756 1757/1927/1757
f 1753/1899/1753 1752/1896/1752 1783/1925/1783 1784/1928/1784
f 1740/1900/1740 1739/1897/1739 1770/1926/1770 1771/1929/1771
f 1727/1901/1727 1726/1898/1726 1757/1927/1757 1758/1930/1758
f 1754/1902/1754 1753/1899/1753 1784/1928/1784 1785/1931/1785
f 1741/1903/1741 1740/1900/1740 1771/1929/1771 1772/1932/1772
f 1728/1904/1728 1727/1901/1727 1758/1930/1758 1759/1933/1759
f 1755/1905/1755 1754/1902/1754 1785/1931/1785 1786/1934/1786
f 1742/1906/1742 1741/1903/1741 1772/1932/1772 1773/1935/1773
f 1729/1907/1729 1728/1904/1728 1759/1933/1759 1760/1936/1760
f 979/1937/979 1755/1905/1755 1786/1934/1786
f 1743/1909/1743 1742/1906/1742 1773/1935/1773 1774/1938/1774
f 1730/1910/1730 1729/1907/1729 1760/1936/1760 1761/1939/1761
f 1744/1878/1744 1743/1909/1743 1774/1938/1774 1775/1940/1775
f 1731/1880/1731 1730/1910/1730 1761/1939/1761 1762/1941/1762
f 1745/1879/1745 1744/1878/1744 1775/1940/1775 1776/1942/1776
f 1732/1881/1732 1731/1880/1731 1762/1941/1762 1763/1943/1763
f 1746/1882/1746 1745/1879/1745 1776/1942/1776 1777/1911/1777
f 1733/1883/1733 1732/1881/1732 1763/1943/1763 1764/1913/1764
f 1780/1917/1780 1779/1915/1779 1810/1944/1810 1811/1945/1811
f 1767/1918/1767 1766/1916/1766 1797/1946/1797 1798/1947/1798
f 1781/1919/1781 1780/1917/1780 1811/1945/1811 1812/1948/1812
f 1768/1920/1768 1767/1918/1767 1798/1947/1798 1799/1949/1799
f 1782/1921/1782 1781/1919/1781 1812/1948/1812 1813/1950/1813
f 1769/1922/1769 1768/1920/1768 1799/1949/1799 1800/1951/1800
f 1756/1924/1756 1445/1952/1445 1787/1953/1787
f 1783/1925/1783 1782/1921/1782 1813/1950/1813 1814/1954/1814
f 1770/1926/1770 1769/1922/1769 1800/1951/1800 1801/1955/1801
f 1757/1927/1757 1756/1924/1756 1787/1953/1787 1788/1956/1788
f 1784/1928/1784 1783/1925/1783 1814/1954/1814 1815/1957/1815
f 1771/1929/1771 1770/1926/1770 1801/1955/1801 1802/1958/1802
f 1758/1930/1758 1757/1927/1757 1788/1956/1788 1789/1959/1789
f 1785/1931/1785 1784/1928/1784 1815/1957/1815 1816/1960/1816
f 1772/1932/1772 1771/1929/1771 1802/1958/1802 1803/1961/1803
f 1759/1933/1759 1758/1930/1758 1789/1959/1789 1790/1962/1790
f 1786/1934/1786 1785/1931/1785 1816/1960/1816 1817/1963/1817
f 1773/1935/1773 1772/1932/1772 1803/1961/1803 1804/1964/1804
f 1760/1936/1760 1759/1933/1759 1790/1962/1790 1791/1965/1791
f 979/1966/979 1786/1934/1786 1817/1963/1817
f 1774/1938/1774 1773/1935/1773 1804/1964/1804 1805/1967/1805
f 1761/1939/1761 1760/1936/1760 1791/1965/1791 1792/1968/1792
f 1775/1940/1775 1774/1938/1774 1805/1967/1805 1806/1969/1806
f 1762/1941/1762 1761/1939/1761 1792/1968/1792 1793/1970/1793
f 1776/1942/1776 1775/1940/1775 1806/1969/1806 1807/1971/1807
f 1763/1943/1763 1762/1941/1762 1793/1970/1793 1794/1972/1794
f 1777/1911/1777 1776/1942/1776 1807/1971/1807 1808/1973/1808
f 1764/1913/1764 1763/1943/1763 1794/1972/1794 1795/1974/1795
f 1778/1912/1778 1777/1911/1777 1808/1973/1808 1809/1975/1809
f 1765/1914/1765 1764/1913/1764 1795/1974/1795 1796/1976/1796
f 1779/1915/1779 1778/1912/1778 1809/1975/1809 1810/1944/1810
f 1766/1916/1766 1765/1914/1765 1796/1976/1796 1797/1946/1797
f 1813/1950/1813 1812/1948/1812 1843/1977/1843 1844/1978/1844
f 1800/1951/1800 1799/1949/1799 1830/1979/1830 1831/1980/1831
f 1787/1953/1787 1445/1981/1445 1818/1982/1818
f 1814/1954/1814 1813/1950/1813 1844/1978/1844 1845/1983/1845
f 1801/1955/1801 1800/1951/1800 1831/1980/1831 1832/1984/1832
f 1788/1956/1788 1787/1953/1787 1818/1982/1818 1819/1985/1819
f 1815/1957/1815 1814/1954/1814 1845/1983/1845 1846/1986/1846
f 1802/1958/1802 1801/1955/1801 1832/1984/1832 1833/1987/1833
f 1789/1959/1789 1788/1956/1788 1819/1985/1819 1820/1988/1820
f 1816/1960/1816 1815/1957/1815 1846/1986/1846 1847/1989/1847
f 1803/1961/1803 1802/1958/1802 1833/1987/1833 1834/1990/1834
f 1790/1962/1790 1789/1959/1789 1820/1988/1820 1821/1991/1821
f 1817/1963/1817 1816/1960/1816 1847/1989/1847 1848/1992/1848
f 1804/1964/1804 1803/1961/1803 1834/1990/1834 1835/1993/1835
f 1791/1965/1791 1790/1962/1790 1821/1991/1821 1822/1994/1822
f 979/1995/979 1817/1963/1817 1848/1992/1848
f 1805/1967/1805 1804/1964/1804 1835/1993/1835 1836/1996/1836
f 1792/1968/1792 1791/1965/1791 1822/1994/1822 1823/1997/1823
f 1806/1969/1806 1805/1967/1805 1836/1996/1836 1837/1998/1837
f 1793/1970/1793 1792/1968/1792 1823/1997/1823 1824/1999/1824
f 1807/1971/1807 1806/1969/1806 1837/1998/1837 1838/2000/1838
f 1794/1972/1794 1793/1970/1793 1824/1999/1824 1825/2001/1825
f 1808/1973/1808 1807/1971/1807 1838/2000/1838 1839/2002/1839
f 1795/1974/1795 1794/1972/1794 1825/2001/1825 1826/2003/1826
f 1809/1975/1809 1808/1973/1808 1839/2002/1839 1840/2004/1840
f 1796/1976/1796 1795/1974/1795 1826/2003/1826 1827/2005/1827
f 1810/1944/1810 1809/1975/1809 1840/2004/1840 1841/2006/1841
f 1797/1946/1797 1796/1976/1796 1827/2005/1827 1828/2007/1828
f 1811/1945/1811 1810/1944/1810 1841/2006/1841 1842/2008/1842
f 1798/1947/1798 1797/1946/1797 1828/2007/1828 1829/2009/1829
f 1812/1948/1812 1811/1945/1811 1842/2008/1842 1843/1977/1843
f 1799/1949/1799 1798/1947/1798 1829/2009/1829 1830/1979/1830
f 1846/1986/1846 1845/1983/1845 1876/2010/1876 1877/2011/1877
f 1833/1987/1833 1832/1984/1832 1863/2012/1863 1864/2013/1864
f 1820/1988/1820 1819/1985/1819 1850/2014/1850 1851/2015/1851
f 1847/1989/1847 1846/1986/1846 1877/2011/1877 1878/2016/1878
f 1834/1990/1834 1833/1987/1833 1864/2013/1864 1865/2017/1865
f 1821/1991/1821 1820/1988/1820 1851/2015/1851 1852/2018/1852
f 1848/1992/1848 1847/1989/1847 1878/2016/1878 1879/2019/1879
f 1835/1993/1835 1834/1990/1834 1865/2017/1865 1866/2020/1866
f 1822/1994/1822 1821/1991/1821 1852/2018/1852 1853/2021/1853
f 979/2022/979 1848/1992/1848 1879/2019/1879
f 1836/1996/1836 1835/1993/1835 1866/2020/1866 1867/2023/1867
f 1823/1997/1823 1822/1994/1822 1853/2021/1853 1854/2024/1854
f 1837/1998/1837 1836/1996/1836 1867/2023/1867 1868/2025/1868
f 1824/1999/1824 1823/1997/1823 1854/2024/1854 1855/2026/1855
f 1838/2000/1838 1837/1998/1837 1868/2025/1868 1869/2027/1869
f 1825/2001/1825 1824/1999/1824 1855/2026/1855 1856/2028/1856
f 1839/2002/1839 1838/2000/1838 1869/2027/1869 1870/2029/1870
f 1826/2003/1826 1825/2001/1825 1856/2028/1856 1857/2030/1857
f 1840/2004/1840 1839/2002/1839 1870/2029/1870 1871/2031/1871
f 1827/2005/1827 1826/2003/1826 1857/2030/1857 1858/2032/1858
f 1841/2006/1841 1840/2004/1840 1871/2031/1871 1872/2033/1872
f 1828/2007/1828 1827/2005/1827 1858/2032/1858 1859/2034/1859
f 1842/2008/1842 1841/2006/1841 1872/2033/1872 1873/2035/1873
f 1829/2009/1829 1828/2007/1828 1859/2034/1859 1860/2036/1860
f 1843/1977/1843 1842/2008/1842 1873/2035/1873 1874/2037/1874
f 1830/1979/1830 1829/2009/1829 1860/2036/1860 1861/2038/1861
f 1844/1978/1844 1843/1977/1843 1874/2037/1874 1875/2039/1875
f 1831/1980/1831 1830/1979/1830 1861/2038/1861 1862/2040/1862
f 1818/1982/1818 1445/2041/1445 1849/2042/1849
f 1845/1983/1845 1844/1978/1844 1875/2039/1875 1876/2010/1876
f 1832/1984/1832 1831/1980/1831 1862/2040/1862 1863/2012/1863
f 1819/1985/1819 1818/1982/1818 1849/2042/1849 1850/2014/1850
f 1879/2019/1879 1878/2016/1878 1909/2043/1909 1910/2044/1910
f 1866/2020/1866 1865/2017/1865 1896/2045/1896 1897/2046/1897
f 1853/2021/1853 1852/2018/1852 1883/2047/1883 1884/2048/1884
f 979/2049/979 1879/2019/1879 1910/2044/1910
f 1867/2023/1867 1866/2020/1866 1897/2046/1897 1898/2050/1898
f 1854/2024/1854 1853/2021/1853 1884/2048/1884 1885/2051/1885
f 1868/2025/1868 1867/2023/1867 1898/2050/1898 1899/2052/1899
f 1855/2026/1855 1854/2024/1854 1885/2051/1885 1886/2053/1886
f 1869/2027/1869 1868/2025/1868 1899/2052/1899 1900/2054/1900
f 1856/2028/1856 1855/2026/1855 1886/2053/1886 1887/2055/1887
f 1870/2029/1870 1869/2027/1869 1900/2054/1900 1901/2056/1901
f 1857/2030/1857 1856/2028/1856 1887/2055/1887 1888/2057/1888
f 1871/2031/1871 1870/2029/1870 1901/2056/1901 1902/2058/1902
f 1858/2032/1858 1857/2030/1857 1888/2057/1888 1889/2059/1889
f 1872/2033/1872 1871/2031/1871 1902/2058/1902 1903/2060/1903
f 1859/2034/1859 1858/2032/1858 1889/2059/1889 1890/2061/1890
f 1873/2035/1873 1872/2033/1872 1903/2060/1903 1904/2062/1904
f 1860/2036/1860 1859/2034/1859 1890/2061/1890 1891/2063/1891
f 1874/2037/1874 1873/2035/1873 1904/2062/1904 1905/2064/1905
f 1861/2038/1861 1860/2036/1860 1891/2063/1891 1892/2065/1892
f 1875/2039/1875 1874/2037/1874 1905/2064/1905 1906/2066/1906
f 1862/2040/1862 1861/2038/1861 1892/2065/1892 1893/2067/1893
f 1849/2042/1849 1445/2068/1445 1880/2069/1880
f 1876/2010/1876 1875/2039/1875 1906/2066/1906 1907/2070/1907
f 1863/2012/1863 1862/2040/1862 1893/2067/1893 1894/2071/1894
f 1850/2014/1850 1849/2042/1849 1880/2069/1880 1881/2072/1881
f 1877/2011/1877 1876/2010/1876 1907/2070/1907 1908/2073/1908
f 1864/2013/1864 1863/2012/1863 1894/2071/1894 1895/2074/1895
f 1851/2015/1851 1850/2014/1850 1881/2072/1881 1882/2075/1882
f 1878/2016/1878 1877/2011/1877 1908/2073/1908 1909/2043/1909
f 1865/2017/1865 1864/2013/1864 1895/2074/1895 1896/2045/1896
f 1852/2018/1852 1851/2015/1851 1882/2075/1882 1883/2047/1883
f 1899/2052/1899 1898/2050/1898 1929/2076/1929 1930/2077/1930
f 1886/2053/1886 1885/2051/1885 1916/2078/1916 1917/2079/1917
f 1900/2054/1900 1899/2052/1899 1930/2077/1930 1931/2080/1931
f 1887/2055/1887 1886/2053/1886 1917/2079/1917 1918/2081/1918
f 1901/2056/1901 1900/2054/1900 1931/2080/1931 1932/2082/1932
f 1888/2057/1888 1887/2055/1887 1918/2081/1918 1919/2083/1919
f 1902/2058/1902 1901/2056/1901 1932/2082/1932 1933/2084/1933
f 1889/2059/1889 1888/2057/1888 1919/2083/1919 1920/2085/1920
f 1903/2060/1903 1902/2058/1902 1933/2084/1933 1934/2086/1934
f 1890/2061/1890 1889/2059/1889 1920/2085/1920 1921/2087/1921
f 1904/2062/1904 1903/2060/1903 1934/2086/1934 1935/2088/1935
f 1891/2063/1891 1890/2061/1890 1921/2087/1921 1922/2089/1922
f 1905/2064/1905 1904/2062/1904 1935/2088/1935 1936/2090/1936
f 1892/2065/1892 1891/2063/1891 1922/2089/1922 1923/2091/1923
f 1906/2066/1906 1905/2064/1905 1936/2090/1936 1937/2092/1937
f 1893/2067/1893 1892/2065/1892 1923/2091/1923 1924/2093/1924
f 1880/2069/1880 1445/2094/1445 1911/2095/1911
f 1907/2070/1907 1906/2066/1906 1937/2092/1937 1938/2096/1938
f 1894/2071/1894 1893/2067/1893 1924/2093/1924 1925/2097/1925
f 1881/2072/1881 1880/2069/1880 1911/2095/1911 1912/2098/1912
f 1908/2073/1908 1907/2070/1907 1938/2096/1938 1939/2099/1939
f 1895/2074/1895 1894/2071/1894 1925/2097/1925 1926/2100/1926
f 1882/2075/1882 1881/2072/1881 1912/2098/1912 1913/2101/1913
f 1909/2043/1909 1908/2073/1908 1939/2099/1939 1940/2102/1940
f 1896/2045/1896 1895/2074/1895 1926/2100/1926 1927/2103/1927
f 1883/2047/1883 1882/2075/1882 1913/2101/1913 1914/2104/1914
f 1910/2044/1910 1909/2043/1909 1940/2102/1940 1941/2105/1941
f 1897/2046/1897 1896/2045/1896 1927/2103/1927 1928/2106/1928
f 1884/2048/1884 1883/2047/1883 1914/2104/1914 1915/2107/1915
f 979/2108/979 1910/2044/1910 1941/2105/1941
f 1898/2050/1898 1897/2046/1897 1928/2106/1928 1929/2076/1929
f 1885/2051/1885 1884/2048/1884 1915/2107/1915 1916/2078/1916
f 1932/2082/1932 1931/2080/1931 1962/2109/1962 1963/2110/1963
f 1919/2083/1919 1918/2081/1918 1949/2111/1949 1950/2112/1950
f 1933/2084/1933 1932/2082/1932 1963/2110/1963 1964/2113/1964
f 1920/2085/1920 1919/2083/1919 1950/2112/1950 1951/2114/1951
f 1934/2086/1934 1933/2084/1933 1964/2113/1964 1965/2115/1965
f 1921/2087/1921 1920/2085/1920 1951/2114/1951 1952/2116/1952
f 1935/2088/1935 1934/2086/1934 1965/2115/1965 1966/2117/1966
f 1922/2089/1922 1921/2087/1921 1952/2116/1952 1953/2118/1953
f 1936/2090/1936 1935/2088/1935 1966/2117/1966 1967/2119/1967
f 1923/2091/1923 1922/2089/1922 1953/2118/1953 1954/2120/1954
f 1937/2092/1937 1936/2090/1936 1967/2119/1967 1968/2121/1968
f 1924/2093/1924 1923/2091/1923 1954/2120/1954 1955/2122/1955
f 1911/2095/1911 1445/2123/1445 1942/2124/1942
f 1938/2096/1938 1937/2092/1937 1968/2121/1968 1969/2125/1969
f 1925/2097/1925 1924/2093/1924 1955/2122/1955 1956/2126/1956
f 1912/2098/1912 1911/2095/1911 1942/2124/1942 1943/2127/1943
f 1939/2099/1939 1938/2096/1938 1969/2125/1969 1970/2128/1970
f 1926/2100/1926 1925/2097/1925 1956/2126/1956 1957/2129/1957
f 1913/2101/1913 1912/2098/1912 1943/2127/1943 1944/2130/1944
f 1940/2102/1940 1939/2099/1939 1970/2128/1970 1971/2131/1971
f 1927/2103/1927 1926/2100/1926 1957/2129/1957 1958/2132/1958
f 1914/2104/1914 1913/2101/1913 1944/2130/1944 1945/2133/1945
f 1941/2105/1941 1940/2102/1940 1971/2131/1971 1972/2134/1972
f 1928/2106/1928 1927/2103/1927 1958/2132/1958 1959/2135/1959
f 1915/2107/1915 1914/2104/1914 1945/2133/1945 1946/2136/1946
f 979/2137/979 1941/2105/1941 1972/2134/1972
f 1929/2076/1929 1928/2106/1928 1959/2135/1959 1960/2138/1960
f 1916/2078/1916 1915/2107/1915 1946/2136/1946 1947/2139/1947
f 1930/2077/1930 1929/2076/1929 1960/2138/1960 1961/2140/1961
f 1917/2079/1917 1916/2078/1916 1947/2139/1947 1948/2141/1948
f 1931/2080/1931 1930/2077/1930 1961/2140/1961 1962/2109/1962
f 1918/2081/1918 1917/2079/1917 1948/2141/1948 1949/2111/1949
f 1965/2115/1965 1964/2113/1964 1982/57/1982 1983/61/1983
f 1952/2116/1952 1951/2114/1951 1976/59/1976 7/63/7
f 1966/2117/1966 1965/2115/1965 1983/61/1983 14/2/14
f 1953/2118/1953 1952/2116/1952 7/63/7 1977/6/1977
f 1967/2119/1967 1966/2117/1966 14/2/14 1984/1/1984
f 1954/2120/1954 1953/2118/1953 1977/6/1977 8/5/8
f 1968/2121/1968 1967/2119/1967 1984/1/1984 1985/9/1985
f 1955/2122/1955 1954/2120/1954 8/5/8 9/11/9
f 1942/2124/1942 1445/2142/1445 1/13/1
f 1969/2125/1969 1968/2121/1968 1985/9/1985 15/16/15
f 1956/2126/1956 1955/2122/1955 9/11/9 10/18/10
f 1943/2127/1943 1942/2124/1942 1/13/1 1973/20/1973
f 1970/2128/1970 1969/2125/1969 15/16/15 16/22/16
f 1957/2129/1957 1956/2126/1956 10/18/10 11/24/11
f 1944/2130/1944 1943/2127/1943 1973/20/1973 2/26/2
f 1971/2131/1971 1970/2128/1970 16/22/16 1986/28/1986
f 1958/2132/1958 1957/2129/1957 11/24/11 12/30/12
f 1945/2133/1945 1944/2130/1944 2/26/2 3/32/3
f 1972/2134/1972 1971/2131/1971 1986/28/1986 17/34/17
f 1959/2135/1959 1958/2132/1958 12/30/12 1978/36/1978
f 1946/2136/1946 1945/2133/1945 3/32/3 1974/38/1974
f 979/2143/979 1972/2134/1972 17/34/17
f 1960/2138/1960 1959/2135/1959 1978/36/1978 1979/41/1979
f 1947/2139/1947 1946/2136/1946 1974/38/1974 1975/43/1975
f 1961/2140/1961 1960/2138/1960 1979/41/1979 13/45/13
f 1948/2141/1948 1947/2139/1947 1975/43/1975 4/47/4
f 1962/2109/1962 1961/2140/1961 13/45/13 1980/49/1980
f 1949/2111/1949 1948/2141/1948 4/47/4 5/51/5
f 1963/2110/1963 1962/2109/1962 1980/49/1980 1981/53/1981
f 1950/2112/1950 1949/2111/1949 5/51/5 6/55/6
f 1964/2113/1964 1963/2110/1963 1981/53/1981 1982/57/1982
f 1951/2114/1951 1950/2112/1950 6/55/6 1976/59/1976
usemtl Earth_Clouds
f 3970/1/1984 2000/2/14 2028/3/42 2029/4/43
f 1994/5/8 3963/6/1977 2015/7/29 2016/8/30
f 3971/9/1985 3970/1/1984 2029/4/43 2030/10/44
f 1995/11/9 1994/5/8 2016/8/30 2017/12/31
f 1987/13/1 3431/14/1445 2004/15/18
f 2001/16/15 3971/9/1985 2030/10/44 2031/17/45
f 1996/18/10 1995/11/9 2017/12/31 2018/19/32
f 3959/20/1973 1987/13/1 2004/15/18 2005/21/19
f 2002/22/16 2001/16/15 2031/17/45 2032/23/46
f 1997/24/11 1996/18/10 2018/19/32 2019/25/33
f 1988/26/2 3959/20/1973 2005/21/19 2006/27/20
f 3972/28/1986 2002/22/16 2032/23/46 2033/29/47
f 1998/30/12 1997/24/11 2019/25/33 2020/31/34
f 1989/32/3 1988/26/2 2006/27/20 2007/33/21
f 2003/34/17 3972/28/1986 2033/29/47 2034/35/48
f 3964/36/1978 1998/30/12 2020/31/34 2021/37/35
f 3960/38/1974 1989/32/3 2007/33/21 2008/39/22
f 2965/40/979 2003/34/17 2034/35/48
f 3965/41/1979 3964/36/1978 2021/37/35 2022/42/36
f 3961/43/1975 3960/38/1974 2008/39/22 2009/44/23
f 1999/45/13 3965/41/1979 2022/42/36 2023/46/37
f 1990/47/4 3961/43/1975 2009/44/23 2010/48/24
f 3966/49/1980 1999/45/13 2023/46/37 2024/50/38
f 1991/51/5 1990/47/4 2010/48/24 2011/52/25
f 3967/53/1981 3966/49/1980 2024/50/38 2025/54/39
f 1992/55/6 1991/51/5 2011/52/25 2012/56/26
f 3968/57/1982 3967/53/1981 2025/54/39 2026/58/40
f 3962/59/1976 1992/55/6 2012/56/26 2013/60/27
f 3969/61/1983 3968/57/1982 2026/58/40 2027/62/41
f 1993/63/7 3962/59/1976 2013/60/27 2014/64/28
f 2000/2/14 3969/61/1983 2027/62/41 2028/3/42
f 3963/6/1977 1993/63/7 2014/64/28 2015/7/29
f 2024/50/38 2023/46/37 2054/65/68 2055/66/69
f 2011/52/25 2010/48/24 2041/67/55 2042/68/56
f 2025/54/39 2024/50/38 2055/66/69 2056/69/70
f 2012/56/26 2011/52/25 2042/68/56 2043/70/57
f 2026/58/40 2025/54/39 2056/69/70 2057/71/71
f 2013/60/27 2012/56/26 2043/70/57 2044/72/58
f 2027/62/41 2026/58/40 2057/71/71 2058/73/72
f 2014/64/28 2013/60/27 2044/72/58 2045/74/59
f 2028/3/42 2027/62/41 2058/73/72 2059/75/73
f 2015/7/29 2014/64/28 2045/74/59 2046/76/60
f 2029/4/43 2028/3/42 2059/75/73 2060/77/74
f 2016/8/30 2015/7/29 2046/76/60 2047/78/61
f 2030/10/44 2029/4/43 2060/77/74 2061/79/75
f 2017/12/31 2016/8/30 2047/78/61 2048/80/62
f 2004/15/18 3431/81/1445 2035/82/49
f 2031/17/45 2030/10/44 2061/79/75 2062/83/76
f 2018/19/32 2017/12/31 2048/80/62 2049/84/63
f 2005/21/19 2004/15/18 2035/82/49 2036/85/50
f 2032/23/46 2031/17/45 2062/83/76 2063/86/77
f 2019/25/33 2018/19/32 2049/84/63 2050/87/64
f 2006/27/20 2005/21/19 2036/85/50 2037/88/51
f 2033/29/47 2032/23/46 2063/86/77 2064/89/78
f 2020/31/34 2019/25/33 2050/87/64 2051/90/65
f 2007/33/21 2006/27/20 2037/88/51 2038/91/52
f 2034/35/48 2033/29/47 2064/89/78 2065/92/79
f 2021/37/35 2020/31/34 2051/90/65 2052/93/66
f 2008/39/22 2007/33/21 2038/91/52 2039/94/53
f 2965/95/979 2034/35/48 2065/92/79
f 2022/42/36 2021/37/35 2052/93/66 2053/96/67
f 2009/44/23 2008/39/22 2039/94/53 2040/97/54
f 2023/46/37 2022/42/36 2053/96/67 2054/65/68
f 2010/48/24 2009/44/23 2040/97/54 2041/67/55
f 2057/71/71 2056/69/70 2087/98/101 2088/99/102
f 2044/72/58 2043/70/57 2074/100/88 2075/101/89
f 2058/73/72 2057/71/71 2088/99/102 2089/102/103
f 2045/74/59 2044/72/58 2075/101/89 2076/103/90
f 2059/75/73 2058/73/72 2089/102/103 2090/104/104
f 2046/76/60 2045/74/59 2076/103/90 2077/105/91
f 2060/77/74 2059/75/73 2090/104/104 2091/106/105
f 2047/78/61 2046/76/60 2077/105/91 2078/107/92
f 2061/79/75 2060/77/74 2091/106/105 2092/108/106
f 2048/80/62 2047/78/61 2078/107/92 2079/109/93
f 2035/82/49 3431/110/1445 2066/111/80
f 2062/83/76 2061/79/75 2092/108/106 2093/112/107
f 2049/84/63 2048/80/62 2079/109/93 2080/113/94
f 2036/85/50 2035/82/49 2066/111/80 2067/114/81
f 2063/86/77 2062/83/76 2093/112/107 2094/115/108
f 2050/87/64 2049/84/63 2080/113/94 2081/116/95
f 2037/88/51 2036/85/50 2067/114/81 2068/117/82
f 2064/89/78 2063/86/77 2094/115/108 2095/118/109
f 2051/90/65 2050/87/64 2081/116/95 2082/119/96
f 2038/91/52 2037/88/51 2068/117/82 2069/120/83
f 2065/92/79 2064/89/78 2095/118/109 2096/121/110
f 2052/93/66 2051/90/65 2082/119/96 2083/122/97
f 2039/94/53 2038/91/52 2069/120/83 2070/123/84
f 2965/124/979 2065/92/79 2096/121/110
f 2053/96/67 2052/93/66 2083/122/97 2084/125/98
f 2040/97/54 2039/94/53 2070/123/84 2071/126/85
f 2054/65/68 2053/96/67 2084/125/98 2085/127/99
f 2041/67/55 2040/97/54 2071/126/85 2072/128/86
f 2055/66/69 2054/65/68 2085/127/99 2086/129/100
f 2042/68/56 2041/67/55 2072/128/86 2073/130/87
f 2056/69/70 2055/66/69 2086/129/100 2087/98/101
f 2043/70/57 2042/68/56 2073/130/87 2074/100/88
f 2090/104/104 2089/102/103 2120/131/134 2121/132/135
f 2077/105/91 2076/103/90 2107/133/121 2108/134/122
f 2091/106/105 2090/104/104 2121/132/135 2122/135/136
f 2078/107/92 2077/105/91 2108/134/122 2109/136/123
f 2092/108/106 2091/106/105 2122/135/136 2123/137/137
f 2079/109/93 2078/107/92 2109/136/123 2110/138/124
f 2066/111/80 3431/139/1445 2097/140/111
f 2093/112/107 2092/108/106 2123/137/137 2124/141/138
f 2080/113/94 2079/109/93 2110/138/124 2111/142/125
f 2067/114/81 2066/111/80 2097/140/111 2098/143/112
f 2094/115/108 2093/112/107 2124/141/138 2125/144/139
f 2081/116/95 2080/113/94 2111/142/125 2112/145/126
f 2068/117/82 2067/114/81 2098/143/112 2099/146/113
f 2095/118/109 2094/115/108 2125/144/139 2126/147/140
f 2082/119/96 2081/116/95 2112/145/126 2113/148/127
f 2069/120/83 2068/117/82 2099/146/113 2100/149/114
f 2096/121/110 2095/118/109 2126/147/140 2127/150/141
f 2083/122/97 2082/119/96 2113/148/127 2114/151/128
f 2070/123/84 2069/120/83 2100/149/114 2101/152/115
f 2965/153/979 2096/121/110 2127/150/141
f 2084/125/98 2083/122/97 2114/151/128 2115/154/129
f 2071/126/85 2070/123/84 2101/152/115 2102/155/116
f 2085/127/99 2084/125/98 2115/154/129 2116/156/130
f 2072/128/86 2071/126/85 2102/155/116 2103/157/117
f 2086/129/100 2085/127/99 2116/156/130 2117/158/131
f 2073/130/87 2072/128/86 2103/157/117 2104/159/118
f 2087/98/101 2086/129/100 2117/158/131 2118/160/132
f 2074/100/88 2073/130/87 2104/159/118 2105/161/119
f 2088/99/102 2087/98/101 2118/160/132 2119/162/133
f 2075/101/89 2074/100/88 2105/161/119 2106/163/120
f 2089/102/103 2088/99/102 2119/162/133 2120/131/134
f 2076/103/90 2075/101/89 2106/163/120 2107/133/121
f 2123/137/137 2122/135/136 2153/164/167 2154/165/168
f 2110/138/124 2109/136/123 2140/166/154 2141/167/155
f 2097/140/111 3431/168/1445 2128/169/142
f 2124/141/138 2123/137/137 2154/165/168 2155/170/169
f 2111/142/125 2110/138/124 2141/167/155 2142/171/156
f 2098/143/112 2097/140/111 2128/169/142 2129/172/143
f 2125/144/139 2124/141/138 2155/170/169 2156/173/170
f 2112/145/126 2111/142/125 2142/171/156 2143/174/157
f 2099/146/113 2098/143/112 2129/172/143 2130/175/144
f 2126/147/140 2125/144/139 2156/173/170 2157/176/171
f 2113/148/127 2112/145/126 2143/174/157 2144/177/158
f 2100/149/114 2099/146/113 2130/175/144 2131/178/145
f 2127/150/141 2126/147/140 2157/176/171 2158/179/172
f 2114/151/128 2113/148/127 2144/177/158 2145/180/159
f 2101/152/115 2100/149/114 2131/178/145 2132/181/146
f 2965/182/979 2127/150/141 2158/179/172
f 2115/154/129 2114/151/128 2145/180/159 2146/183/160
f 2102/155/116 2101/152/115 2132/181/146 2133/184/147
f 2116/156/130 2115/154/129 2146/183/160 2147/185/161
f 2103/157/117 2102/155/116 2133/184/147 2134/186/148
f 2117/158/131 2116/156/130 2147/185/161 2148/187/162
f 2104/159/118 2103/157/117 2134/186/148 2135/188/149
f 2118/160/132 2117/158/131 2148/187/162 2149/189/163
f 2105/161/119 2104/159/118 2135/188/149 2136/190/150
f 2119/162/133 2118/160/132 2149/189/163 2150/191/164
f 2106/163/120 2105/161/119 2136/190/150 2137/192/151
f 2120/131/134 2119/162/133 2150/191/164 2151/193/165
f 2107/133/121 2106/163/120 2137/192/151 2138/194/152
f 2121/132/135 2120/131/134 2151/193/165 2152/195/166
f 2108/134/122 2107/133/121 2138/194/152 2139/196/153
f 2122/135/136 2121/132/135 2152/195/166 2153/164/167
f 2109/136/123 2108/134/122 2139/196/153 2140/166/154
f 2129/172/143 2128/169/142 2159/197/173 2160/198/174
f 2156/173/170 2155/170/169 2186/199/200 2187/200/201
f 2143/174/157 2142/171/156 2173/201/187 2174/202/188
f 2130/175/144 2129/172/143 2160/198/174 2161/203/175
f 2157/176/171 2156/173/170 2187/200/201 2188/204/202
f 2144/177/158 2143/174/157 2174/202/188 2175/205/189
f 2131/178/145 2130/175/144 2161/203/175 2162/206/176
f 2158/179/172 2157/176/171 2188/204/202 2189/207/203
f 2145/180/159 2144/177/158 2175/205/189 2176/208/190
f 2132/181/146 2131/178/145 2162/206/176 2163/209/177
f 2965/210/979 2158/179/172 2189/207/203
f 2146/183/160 2145/180/159 2176/208/190 2177/211/191
f 2133/184/147 2132/181/146 2163/209/177 2164/212/178
f 2147/185/161 2146/183/160 2177/211/191 2178/213/192
f 2134/186/148 2133/184/147 2164/212/178 2165/214/179
f 2148/187/162 2147/185/161 2178/213/192 2179/215/193
f 2135/188/149 2134/186/148 2165/214/179 2166/216/180
f 2149/189/163 2148/187/162 2179/215/193 2180/217/194
f 2136/190/150 2135/188/149 2166/216/180 2167/218/181
f 2150/191/164 2149/189/163 2180/217/194 2181/219/195
f 2137/192/151 2136/190/150 2167/218/181 2168/220/182
f 2151/193/165 2150/191/164 2181/219/195 2182/221/196
f 2138/194/152 2137/192/151 2168/220/182 2169/222/183
f 2152/195/166 2151/193/165 2182/221/196 2183/223/197
f 2139/196/153 2138/194/152 2169/222/183 2170/224/184
f 2153/164/167 2152/195/166 2183/223/197 2184/225/198
f 2140/166/154 2139/196/153 2170/224/184 2171/226/185
f 2154/165/168 2153/164/167 2184/225/198 2185/227/199
f 2141/167/155 2140/166/154 2171/226/185 2172/228/186
f 2128/169/142 3431/229/1445 2159/197/173
f 2155/170/169 2154/165/168 2185/227/199 2186/199/200
f 2142/171/156 2141/167/155 2172/228/186 2173/201/187
f 2162/206/176 2161/203/175 2192/230/206 2193/231/207
f 2189/207/203 2188/204/202 2219/232/233 2220/233/234
f 2176/208/190 2175/205/189 2206/234/220 2207/235/221
f 2163/209/177 2162/206/176 2193/231/207 2194/236/208
f 2965/237/979 2189/207/203 2220/233/234
f 2177/211/191 2176/208/190 2207/235/221 2208/238/222
f 2164/212/178 2163/209/177 2194/236/208 2195/239/209
f 2178/213/192 2177/211/191 2208/238/222 2209/240/223
f 2165/214/179 2164/212/178 2195/239/209 2196/241/210
f 2179/215/193 2178/213/192 2209/240/223 2210/242/224
f 2166/216/180 2165/214/179 2196/241/210 2197/243/211
f 2180/217/194 2179/215/193 2210/242/224 2211/244/225
f 2167/218/181 2166/216/180 2197/243/211 2198/245/212
f 2181/219/195 2180/217/194 2211/244/225 2212/246/226
f 2168/220/182 2167/218/181 2198/245/212 2199/247/213
f 2182/221/196 2181/219/195 2212/246/226 2213/248/227
f 2169/222/183 2168/220/182 2199/247/213 2200/249/214
f 2183/223/197 2182/221/196 2213/248/227 2214/250/228
f 2170/224/184 2169/222/183 2200/249/214 2201/251/215
f 2184/225/198 2183/223/197 2214/250/228 2215/252/229
f 2171/226/185 2170/224/184 2201/251/215 2202/253/216
f 2185/227/199 2184/225/198 2215/252/229 2216/254/230
f 2172/228/186 2171/226/185 2202/253/216 2203/255/217
f 2159/197/173 3431/256/1445 2190/257/204
f 2186/199/200 2185/227/199 2216/254/230 2217/258/231
f 2173/201/187 2172/228/186 2203/255/217 2204/259/218
f 2160/198/174 2159/197/173 2190/257/204 2191/260/205
f 2187/200/201 2186/199/200 2217/258/231 2218/261/232
f 2174/202/188 2173/201/187 2204/259/218 2205/262/219
f 2161/203/175 2160/198/174 2191/260/205 2192/230/206
f 2188/204/202 2187/200/201 2218/261/232 2219/232/233
f 2175/205/189 2174/202/188 2205/262/219 2206/234/220
f 2195/239/209 2194/236/208 2225/263/239 2226/264/240
f 2209/240/223 2208/238/222 2239/265/253 2240/266/254
f 2196/241/210 2195/239/209 2226/264/240 2227/267/241
f 2210/242/224 2209/240/223 2240/266/254 2241/268/255
f 2197/243/211 2196/241/210 2227/267/241 2228/269/242
f 2211/244/225 2210/242/224 2241/268/255 2242/270/256
f 2198/245/212 2197/243/211 2228/269/242 2229/271/243
f 2212/246/226 2211/244/225 2242/270/256 2243/272/257
f 2199/247/213 2198/245/212 2229/271/243 2230/273/244
f 2213/248/227 2212/246/226 2243/272/257 2244/274/258
f 2200/249/214 2199/247/213 2230/273/244 2231/275/245
f 2214/250/228 2213/248/227 2244/274/258 2245/276/259
f 2201/251/215 2200/249/214 2231/275/245 2232/277/246
f 2215/252/229 2214/250/228 2245/276/259 2246/278/260
f 2202/253/216 2201/251/215 2232/277/246 2233/279/1987
f 2216/254/230 2215/252/229 2246/278/260 2247/280/261
f 2203/255/217 2202/253/216 2233/279/1987 2234/281/248
f 2190/257/204 3431/282/1445 2221/283/235
f 2217/258/231 2216/254/230 2247/280/261 2248/284/262
f 2204/259/218 2203/255/217 2234/281/248 2235/285/249
f 2191/260/205 2190/257/204 2221/283/235 2222/286/236
f 2218/261/232 2217/258/231 2248/284/262 2249/287/263
f 2205/262/219 2204/259/218 2235/285/249 2236/288/250
f 2192/230/206 2191/260/205 2222/286/236 2223/289/237
f 2219/232/233 2218/261/232 2249/287/263 2250/290/264
f 2206/234/220 2205/262/219 2236/288/250 2237/291/251
f 2193/231/207 2192/230/206 2223/289/237 2224/292/238
f 2220/233/234 2219/232/233 2250/290/264 2251/293/265
f 2207/235/221 2206/234/220 2237/291/251 2238/294/252
f 2194/236/208 2193/231/207 2224/292/238 2225/263/239
f 2965/295/979 2220/233/234 2251/293/265
f 2208/238/222 2207/235/221 2238/294/252 2239/265/253
f 2228/269/242 2227/267/241 2258/296/272 2259/297/273
f 2242/270/256 2241/268/255 2272/298/286 2273/299/287
f 2229/271/243 2228/269/242 2259/297/273 2260/300/274
f 2243/272/257 2242/270/256 2273/299/287 2274/301/288
f 2230/273/244 2229/271/243 2260/300/274 2261/302/275
f 2244/274/258 2243/272/257 2274/301/288 2275/303/289
f 2231/275/245 2230/273/244 2261/302/275 2262/304/276
f 2245/276/259 2244/274/258 2275/303/289 2276/305/290
f 2232/277/246 2231/275/245 2262/304/276 2263/306/277
f 2246/278/260 2245/276/259 2276/305/290 2277/307/291
f 2233/279/1987 2232/277/246 2263/306/277 2264/308/278
f 2247/280/261 2246/278/260 2277/307/291 2278/309/292
f 2234/281/248 2233/279/1987 2264/308/278 2265/310/279
f 2221/283/235 3431/311/1445 2252/312/266
f 2248/284/262 2247/280/261 2278/309/292 2279/313/293
f 2235/285/249 2234/281/248 2265/310/279 2266/314/280
f 2222/286/236 2221/283/235 2252/312/266 2253/315/267
f 2249/287/263 2248/284/262 2279/313/293 2280/316/294
f 2236/288/250 2235/285/249 2266/314/280 2267/317/281
f 2223/289/237 2222/286/236 2253/315/267 2254/318/268
f 2250/290/264 2249/287/263 2280/316/294 2281/319/295
f 2237/291/251 2236/288/250 2267/317/281 2268/320/282
f 2224/292/238 2223/289/237 2254/318/268 2255/321/269
f 2251/293/265 2250/290/264 2281/319/295 2282/322/296
f 2238/294/252 2237/291/251 2268/320/282 2269/323/283
f 2225/263/239 2224/292/238 2255/321/269 2256/324/270
f 2965/325/979 2251/293/265 2282/322/296
f 2239/265/253 2238/294/252 2269/323/283 2270/326/284
f 2226/264/240 2225/263/239 2256/324/270 2257/327/271
f 2240/266/254 2239/265/253 2270/326/284 2271/328/285
f 2227/267/241 2226/264/240 2257/327/271 2258/296/272
f 2241/268/255 2240/266/254 2271/328/285 2272/298/286
f 2261/302/275 2260/300/274 2291/329/305 2292/330/306
f 2275/303/289 2274/301/288 2305/331/319 2306/332/320
f 2262/304/276 2261/302/275 2292/330/306 2293/333/307
f 2276/305/290 2275/303/289 2306/332/320 2307/334/321
f 2263/306/277 2262/304/276 2293/333/307 2294/335/308
f 2277/307/291 2276/305/290 2307/334/321 2308/336/322
f 2264/308/278 2263/306/277 2294/335/308 2295/337/309
f 2278/309/292 2277/307/291 2308/336/322 2309/338/323
f 2265/310/279 2264/308/278 2295/337/309 2296/339/310
f 2252/312/266 3431/340/1445 2283/341/297
f 2279/313/293 2278/309/292 2309/338/323 2310/342/324
f 2266/314/280 2265/310/279 2296/339/310 2297/343/311
f 2253/315/267 2252/312/266 2283/341/297 2284/344/298
f 2280/316/294 2279/313/293 2310/342/324 2311/345/325
f 2267/317/281 2266/314/280 2297/343/311 2298/346/312
f 2254/318/268 2253/315/267 2284/344/298 2285/347/299
f 2281/319/295 2280/316/294 2311/345/325 2312/348/326
f 2268/320/282 2267/317/281 2298/346/312 2299/349/313
f 2255/321/269 2254/318/268 2285/347/299 2286/350/300
f 2282/322/296 2281/319/295 2312/348/326 2313/351/327
f 2269/323/283 2268/320/282 2299/349/313 2300/352/314
f 2256/324/270 2255/321/269 2286/350/300 2287/353/301
f 2965/354/979 2282/322/296 2313/351/327
f 2270/326/284 2269/323/283 2300/352/314 2301/355/315
f 2257/327/271 2256/324/270 2287/353/301 2288/356/302
f 2271/328/285 2270/326/284 2301/355/315 2302/357/316
f 2258/296/272 2257/327/271 2288/356/302 2289/358/303
f 2272/298/286 2271/328/285 2302/357/316 2303/359/317
f 2259/297/273 2258/296/272 2289/358/303 2290/360/304
f 2273/299/287 2272/298/286 2303/359/317 2304/361/318
f 2260/300/274 2259/297/273 2290/360/304 2291/329/305
f 2274/301/288 2273/299/287 2304/361/318 2305/331/319
f 2294/335/308 2293/333/307 2324/362/338 2325/363/339
f 2308/336/322 2307/334/321 2338/364/352 2339/365/353
f 2295/337/309 2294/335/308 2325/363/339 2326/366/340
f 2309/338/323 2308/336/322 2339/365/353 2340/367/354
f 2296/339/310 2295/337/309 2326/366/340 2327/368/341
f 2283/341/297 3431/369/1445 2314/370/328
f 2310/342/324 2309/338/323 2340/367/354 2341/371/355
f 2297/343/311 2296/339/310 2327/368/341 2328/372/342
f 2284/344/298 2283/341/297 2314/370/328 2315/373/329
f 2311/345/325 2310/342/324 2341/371/355 2342/374/356
f 2298/346/312 2297/343/311 2328/372/342 2329/375/343
f 2285/347/299 2284/344/298 2315/373/329 2316/376/330
f 2312/348/326 2311/345/325 2342/374/356 2343/377/357
f 2299/349/313 2298/346/312 2329/375/343 2330/378/344
f 2286/350/300 2285/347/299 2316/376/330 2317/379/331
f 2313/351/327 2312/348/326 2343/377/357 2344/380/358
f 2300/352/314 2299/349/313 2330/378/344 2331/381/345
f 2287/353/301 2286/350/300 2317/379/331 2318/382/332
f 2965/383/979 2313/351/327 2344/380/358
f 2301/355/315 2300/352/314 2331/381/345 2332/384/346
f 2288/356/302 2287/353/301 2318/382/332 2319/385/333
f 2302/357/316 2301/355/315 2332/384/346 2333/386/347
f 2289/358/303 2288/356/302 2319/385/333 2320/387/334
f 2303/359/317 2302/357/316 2333/386/347 2334/388/348
f 2290/360/304 2289/358/303 2320/387/334 2321/389/335
f 2304/361/318 2303/359/317 2334/388/348 2335/390/349
f 2291/329/305 2290/360/304 2321/389/335 2322/391/336
f 2305/331/319 2304/361/318 2335/390/349 2336/392/350
f 2292/330/306 2291/329/305 2322/391/336 2323/393/337
f 2306/332/320 2305/331/319 2336/392/350 2337/394/351
f 2293/333/307 2292/330/306 2323/393/337 2324/362/338
f 2307/334/321 2306/332/320 2337/394/351 2338/364/352
f 2327/368/341 2326/366/340 2357/395/371 2358/396/372
f 2314/370/328 3431/397/1445 2345/398/359
f 2341/371/355 2340/367/354 2371/399/385 2372/400/386
f 2328/372/342 2327/368/341 2358/396/372 2359/401/373
f 2315/373/329 2314/370/328 2345/398/359 2346/402/360
f 2342/374/356 2341/371/355 2372/400/386 2373/403/387
f 2329/375/343 2328/372/342 2359/401/373 2360/404/374
f 2316/376/330 2315/373/329 2346/402/360 2347/405/361
f 2343/377/357 2342/374/356 2373/403/387 2374/406/388
f 2330/378/344 2329/375/343 2360/404/374 2361/407/375
f 2317/379/331 2316/376/330 2347/405/361 2348/408/362
f 2344/380/358 2343/377/357 2374/406/388 2375/409/389
f 2331/381/345 2330/378/344 2361/407/375 2362/410/376
f 2318/382/332 2317/379/331 2348/408/362 2349/411/363
f 2965/412/979 2344/380/358 2375/409/389
f 2332/384/346 2331/381/345 2362/410/376 2363/413/377
f 2319/385/333 2318/382/332 2349/411/363 2350/414/364
f 2333/386/347 2332/384/346 2363/413/377 2364/415/378
f 2320/387/334 2319/385/333 2350/414/364 2351/416/365
f 2334/388/348 2333/386/347 2364/415/378 2365/417/379
f 2321/389/335 2320/387/334 2351/416/365 2352/418/366
f 2335/390/349 2334/388/348 2365/417/379 2366/419/380
f 2322/391/336 2321/389/335 2352/418/366 2353/420/367
f 2336/392/350 2335/390/349 2366/419/380 2367/421/381
f 2323/393/337 2322/391/336 2353/420/367 2354/422/368
f 2337/394/351 2336/392/350 2367/421/381 2368/423/382
f 2324/362/338 2323/393/337 2354/422/368 2355/424/369
f 2338/364/352 2337/394/351 2368/423/382 2369/425/383
f 2325/363/339 2324/362/338 2355/424/369 2356/426/370
f 2339/365/353 2338/364/352 2369/425/383 2370/427/384
f 2326/366/340 2325/363/339 2356/426/370 2357/395/371
f 2340/367/354 2339/365/353 2370/427/384 2371/399/385
f 2360/404/374 2359/401/373 2390/428/404 2391/429/405
f 2347/405/361 2346/402/360 2377/430/391 2378/431/392
f 2374/406/388 2373/403/387 2404/432/418 2405/433/419
f 2361/407/375 2360/404/374 2391/429/405 2392/434/406
f 2348/408/362 2347/405/361 2378/431/392 2379/435/393
f 2375/409/389 2374/406/388 2405/433/419 2406/436/420
f 2362/410/376 2361/407/375 2392/434/406 2393/437/407
f 2349/411/363 2348/408/362 2379/435/393 2380/438/394
f 2965/439/979 2375/409/389 2406/436/420
f 2363/413/377 2362/410/376 2393/437/407 2394/440/408
f 2350/414/364 2349/411/363 2380/438/394 2381/441/395
f 2364/415/378 2363/413/377 2394/440/408 2395/442/409
f 2351/416/365 2350/414/364 2381/441/395 2382/443/396
f 2365/417/379 2364/415/378 2395/442/409 2396/444/410
f 2352/418/366 2351/416/365 2382/443/396 2383/445/397
f 2366/419/380 2365/417/379 2396/444/410 2397/446/411
f 2353/420/367 2352/418/366 2383/445/397 2384/447/398
f 2367/421/381 2366/419/380 2397/446/411 2398/448/412
f 2354/422/368 2353/420/367 2384/447/398 2385/449/399
f 2368/423/382 2367/421/381 2398/448/412 2399/450/413
f 2355/424/369 2354/422/368 2385/449/399 2386/451/400
f 2369/425/383 2368/423/382 2399/450/413 2400/452/414
f 2356/426/370 2355/424/369 2386/451/400 2387/453/401
f 2370/427/384 2369/425/383 2400/452/414 2401/454/415
f 2357/395/371 2356/426/370 2387/453/401 2388/455/402
f 2371/399/385 2370/427/384 2401/454/415 2402/456/416
f 2358/396/372 2357/395/371 2388/455/402 2389/457/403
f 2345/398/359 3431/458/1445 2376/459/390
f 2372/400/386 2371/399/385 2402/456/416 2403/460/417
f 2359/401/373 2358/396/372 2389/457/403 2390/428/404
f 2346/402/360 2345/398/359 2376/459/390 2377/430/391
f 2373/403/387 2372/400/386 2403/460/417 2404/432/418
f 2393/437/407 2392/434/406 2423/461/437 2424/462/438
f 2380/438/394 2379/435/393 2410/463/424 2411/464/425
f 2965/465/979 2406/436/420 2437/466/451
f 2394/440/408 2393/437/407 2424/462/438 2425/467/439
f 2381/441/395 2380/438/394 2411/464/425 2412/468/426
f 2395/442/409 2394/440/408 2425/467/439 2426/469/440
f 2382/443/396 2381/441/395 2412/468/426 2413/470/427
f 2396/444/410 2395/442/409 2426/469/440 2427/471/441
f 2383/445/397 2382/443/396 2413/470/427 2414/472/428
f 2397/446/411 2396/444/410 2427/471/441 2428/473/442
f 2384/447/398 2383/445/397 2414/472/428 2415/474/429
f 2398/448/412 2397/446/411 2428/473/442 2429/475/443
f 2385/449/399 2384/447/398 2415/474/429 2416/476/430
f 2399/450/413 2398/448/412 2429/475/443 2430/477/444
f 2386/451/400 2385/449/399 2416/476/430 2417/478/431
f 2400/452/414 2399/450/413 2430/477/444 2431/479/445
f 2387/453/401 2386/451/400 2417/478/431 2418/480/432
f 2401/454/415 2400/452/414 2431/479/445 2432/481/446
f 2388/455/402 2387/453/401 2418/480/432 2419/482/433
f 2402/456/416 2401/454/415 2432/481/446 2433/483/447
f 2389/457/403 2388/455/402 2419/482/433 2420/484/434
f 2376/459/390 3431/485/1445 2407/486/421
f 2403/460/417 2402/456/416 2433/483/447 2434/487/448
f 2390/428/404 2389/457/403 2420/484/434 2421/488/435
f 2377/430/391 2376/459/390 2407/486/421 2408/489/422
f 2404/432/418 2403/460/417 2434/487/448 2435/490/449
f 2391/429/405 2390/428/404 2421/488/435 2422/491/436
f 2378/431/392 2377/430/391 2408/489/422 2409/492/423
f 2405/433/419 2404/432/418 2435/490/449 2436/493/450
f 2392/434/406 2391/429/405 2422/491/436 2423/461/437
f 2379/435/393 2378/431/392 2409/492/423 2410/463/424
f 2406/436/420 2405/433/419 2436/493/450 2437/466/451
f 2426/469/440 2425/467/439 2456/494/470 2457/495/471
f 2413/470/427 2412/468/426 2443/496/457 2444/497/458
f 2427/471/441 2426/469/440 2457/495/471 2458/498/472
f 2414/472/428 2413/470/427 2444/497/458 2445/499/459
f 2428/473/442 2427/471/441 2458/498/472 2459/500/473
f 2415/474/429 2414/472/428 2445/499/459 2446/501/460
f 2429/475/443 2428/473/442 2459/500/473 2460/502/474
f 2416/476/430 2415/474/429 2446/501/460 2447/503/461
f 2430/477/444 2429/475/443 2460/502/474 2461/504/475
f 2417/478/431 2416/476/430 2447/503/461 2448/505/462
f 2431/479/445 2430/477/444 2461/504/475 2462/506/476
f 2418/480/432 2417/478/431 2448/505/462 2449/507/463
f 2432/481/446 2431/479/445 2462/506/476 2463/508/477
f 2419/482/433 2418/480/432 2449/507/463 2450/509/464
f 2433/483/447 2432/481/446 2463/508/477 2464/510/478
f 2420/484/434 2419/482/433 2450/509/464 2451/511/465
f 2407/486/421 3431/512/1445 2438/513/452
f 2434/487/448 2433/483/447 2464/510/478 2465/514/479
f 2421/488/435 2420/484/434 2451/511/465 2452/515/466
f 2408/489/422 2407/486/421 2438/513/452 2439/516/453
f 2435/490/449 2434/487/448 2465/514/479 2466/517/480
f 2422/491/436 2421/488/435 2452/515/466 2453/518/467
f 2409/492/423 2408/489/422 2439/516/453 2440/519/454
f 2436/493/450 2435/490/449 2466/517/480 2467/520/481
f 2423/461/437 2422/491/436 2453/518/467 2454/521/468
f 2410/463/424 2409/492/423 2440/519/454 2441/522/455
f 2437/466/451 2436/493/450 2467/520/481 2468/523/482
f 2424/462/438 2423/461/437 2454/521/468 2455/524/469
f 2411/464/425 2410/463/424 2441/522/455 2442/525/456
f 2965/526/979 2437/466/451 2468/523/482
f 2425/467/439 2424/462/438 2455/524/469 2456/494/470
f 2412/468/426 2411/464/425 2442/525/456 2443/496/457
f 2459/500/473 2458/498/472 2489/527/503 2490/528/504
f 2446/501/460 2445/499/459 2476/529/490 2477/530/491
f 2460/502/474 2459/500/473 2490/528/504 2491/531/505
f 2447/503/461 2446/501/460 2477/530/491 2478/532/492
f 2461/504/475 2460/502/474 2491/531/505 2492/533/506
f 2448/505/462 2447/503/461 2478/532/492 2479/534/493
f 2462/506/476 2461/504/475 2492/533/506 2493/535/507
f 2449/507/463 2448/505/462 2479/534/493 2480/536/494
f 2463/508/477 2462/506/476 2493/535/507 2494/537/508
f 2450/509/464 2449/507/463 2480/536/494 2481/538/495
f 2464/510/478 2463/508/477 2494/537/508 2495/539/509
f 2451/511/465 2450/509/464 2481/538/495 2482/540/496
f 2438/513/452 3431/541/1445 2469/542/483
f 2465/514/479 2464/510/478 2495/539/509 2496/543/510
f 2452/515/466 2451/511/465 2482/540/496 2483/544/497
f 2439/516/453 2438/513/452 2469/542/483 2470/545/484
f 2466/517/480 2465/514/479 2496/543/510 2497/546/511
f 2453/518/467 2452/515/466 2483/544/497 2484/547/498
f 2440/519/454 2439/516/453 2470/545/484 2471/548/485
f 2467/520/481 2466/517/480 2497/546/511 2498/549/512
f 2454/521/468 2453/518/467 2484/547/498 2485/550/499
f 2441/522/455 2440/519/454 2471/548/485 2472/551/486
f 2468/523/482 2467/520/481 2498/549/512 2499/552/513
f 2455/524/469 2454/521/468 2485/550/499 2486/553/500
f 2442/525/456 2441/522/455 2472/551/486 2473/554/487
f 2965/555/979 2468/523/482 2499/552/513
f 2456/494/470 2455/524/469 2486/553/500 2487/556/501
f 2443/496/457 2442/525/456 2473/554/487 2474/557/488
f 2457/495/471 2456/494/470 2487/556/501 2488/558/502
f 2444/497/458 2443/496/457 2474/557/488 2475/559/489
f 2458/498/472 2457/495/471 2488/558/502 2489/527/503
f 2445/499/459 2444/497/458 2475/559/489 2476/529/490
f 2492/533/506 2491/531/505 2522/560/536 2523/561/537
f 2479/534/493 2478/532/492 2509/562/523 2510/563/524
f 2493/535/507 2492/533/506 2523/561/537 2524/564/538
f 2480/536/494 2479/534/493 2510/563/524 2511/565/525
f 2494/537/508 2493/535/507 2524/564/538 2525/566/539
f 2481/538/495 2480/536/494 2511/565/525 2512/567/526
f 2495/539/509 2494/537/508 2525/566/539 2526/568/540
f 2482/540/496 2481/538/495 2512/567/526 2513/569/527
f 2469/542/483 3431/570/1445 2500/571/514
f 2496/543/510 2495/539/509 2526/568/540 2527/572/541
f 2483/544/497 2482/540/496 2513/569/527 2514/573/528
f 2470/545/484 2469/542/483 2500/571/514 2501/574/515
f 2497/546/511 2496/543/510 2527/572/541 2528/575/542
f 2484/547/498 2483/544/497 2514/573/528 2515/576/529
f 2471/548/485 2470/545/484 2501/574/515 2502/577/516
f 2498/549/512 2497/546/511 2528/575/542 2529/578/543
f 2485/550/499 2484/547/498 2515/576/529 2516/579/530
f 2472/551/486 2471/548/485 2502/577/516 2503/580/517
f 2499/552/513 2498/549/512 2529/578/543 2530/581/544
f 2486/553/500 2485/550/499 2516/579/530 2517/582/531
f 2473/554/487 2472/551/486 2503/580/517 2504/583/518
f 2965/584/979 2499/552/513 2530/581/544
f 2487/556/501 2486/553/500 2517/582/531 2518/585/532
f 2474/557/488 2473/554/487 2504/583/518 2505/586/519
f 2488/558/502 2487/556/501 2518/585/532 2519/587/533
f 2475/559/489 2474/557/488 2505/586/519 2506/588/520
f 2489/527/503 2488/558/502 2519/587/533 2520/589/534
f 2476/529/490 2475/559/489 2506/588/520 2507/590/521
f 2490/528/504 2489/527/503 2520/589/534 2521/591/535
f 2477/530/491 2476/529/490 2507/590/521 2508/592/522
f 2491/531/505 2490/528/504 2521/591/535 2522/560/536
f 2478/532/492 2477/530/491 2508/592/522 2509/562/523
f 2525/566/539 2524/564/538 2555/593/569 2556/594/570
f 2512/567/526 2511/565/525 2542/595/556 2543/596/557
f 2526/568/540 2525/566/539 2556/594/570 2557/597/571
f 2513/569/527 2512/567/526 2543/596/557 2544/598/558
f 2500/571/514 3431/599/1445 2531/600/545
f 2527/572/541 2526/568/540 2557/597/571 2558/601/572
f 2514/573/528 2513/569/527 2544/598/558 2545/602/559
f 2501/574/515 2500/571/514 2531/600/545 2532/603/546
f 2528/575/542 2527/572/541 2558/601/572 2559/604/573
f 2515/576/529 2514/573/528 2545/602/559 2546/605/560
f 2502/577/516 2501/574/515 2532/603/546 2533/606/547
f 2529/578/543 2528/575/542 2559/604/573 2560/607/574
f 2516/579/530 2515/576/529 2546/605/560 2547/608/561
f 2503/580/517 2502/577/516 2533/606/547 2534/609/548
f 2530/581/544 2529/578/543 2560/607/574 2561/610/575
f 2517/582/531 2516/579/530 2547/608/561 2548/611/562
f 2504/583/518 2503/580/517 2534/609/548 2535/612/549
f 2965/613/979 2530/581/544 2561/610/575
f 2518/585/532 2517/582/531 2548/611/562 2549/614/563
f 2505/586/519 2504/583/518 2535/612/549 2536/615/550
f 2519/587/533 2518/585/532 2549/614/563 2550/616/564
f 2506/588/520 2505/586/519 2536/615/550 2537/617/551
f 2520/589/534 2519/587/533 2550/616/564 2551/618/565
f 2507/590/521 2506/588/520 2537/617/551 2538/619/552
f 2521/591/535 2520/589/534 2551/618/565 2552/620/566
f 2508/592/522 2507/590/521 2538/619/552 2539/621/553
f 2522/560/536 2521/591/535 2552/620/566 2553/622/567
f 2509/562/523 2508/592/522 2539/621/553 2540/623/554
f 2523/561/537 2522/560/536 2553/622/567 2554/624/568
f 2510/563/524 2509/562/523 2540/623/554 2541/625/555
f 2524/564/538 2523/561/537 2554/624/568 2555/593/569
f 2511/565/525 2510/563/524 2541/625/555 2542/595/556
f 2531/600/545 3431/626/1445 2562/627/576
f 2558/601/572 2557/597/571 2588/628/602 2589/629/603
f 2545/602/559 2544/598/558 2575/630/589 2576/631/590
f 2532/603/546 2531/600/545 2562/627/576 2563/632/577
f 2559/604/573 2558/601/572 2589/629/603 2590/633/604
f 2546/605/560 2545/602/559 2576/631/590 2577/634/591
f 2533/606/547 2532/603/546 2563/632/577 2564/635/578
f 2560/607/574 2559/604/573 2590/633/604 2591/636/605
f 2547/608/561 2546/605/560 2577/634/591 2578/637/592
f 2534/609/548 2533/606/547 2564/635/578 2565/638/579
f 2561/610/575 2560/607/574 2591/636/605 2592/639/606
f 2548/611/562 2547/608/561 2578/637/592 2579/640/593
f 2535/612/549 2534/609/548 2565/638/579 2566/641/580
f 2965/642/979 2561/610/575 2592/639/606
f 2549/614/563 2548/611/562 2579/640/593 2580/643/594
f 2536/615/550 2535/612/549 2566/641/580 2567/644/581
f 2550/616/564 2549/614/563 2580/643/594 2581/645/595
f 2537/617/551 2536/615/550 2567/644/581 2568/646/582
f 2551/618/565 2550/616/564 2581/645/595 2582/647/596
f 2538/619/552 2537/617/551 2568/646/582 2569/648/583
f 2552/620/566 2551/618/565 2582/647/596 2583/649/597
f 2539/621/553 2538/619/552 2569/648/583 2570/650/584
f 2553/622/567 2552/620/566 2583/649/597 2584/651/598
f 2540/623/554 2539/621/553 2570/650/584 2571/652/585
f 2554/624/568 2553/622/567 2584/651/598 2585/653/599
f 2541/625/555 2540/623/554 2571/652/585 2572/654/586
f 2555/593/569 2554/624/568 2585/653/599 2586/655/600
f 2542/595/556 2541/625/555 2572/654/586 2573/656/587
f 2556/594/570 2555/593/569 2586/655/600 2587/657/601
f 2543/596/557 2542/595/556 2573/656/587 2574/658/588
f 2557/597/571 2556/594/570 2587/657/601 2588/628/602
f 2544/598/558 2543/596/557 2574/658/588 2575/630/589
f 2564/635/578 2563/632/577 2594/659/608 2595/660/609
f 2591/636/605 2590/633/604 2621/661/635 2622/662/636
f 2578/637/592 2577/634/591 2608/663/622 2609/664/623
f 2565/638/579 2564/635/578 2595/660/609 2596/665/610
f 2592/639/606 2591/636/605 2622/662/636 2623/666/637
f 2579/640/593 2578/637/592 2609/664/623 2610/667/624
f 2566/641/580 2565/638/579 2596/665/610 2597/668/611
f 2965/669/979 2592/639/606 2623/666/637
f 2580/643/594 2579/640/593 2610/667/624 2611/670/625
f 2567/644/581 2566/641/580 2597/668/611 2598/671/612
f 2581/645/595 2580/643/594 2611/670/625 2612/672/626
f 2568/646/582 2567/644/581 2598/671/612 2599/673/613
f 2582/647/596 2581/645/595 2612/672/626 2613/674/627
f 2569/648/583 2568/646/582 2599/673/613 2600/675/614
f 2583/649/597 2582/647/596 2613/674/627 2614/676/628
f 2570/650/584 2569/648/583 2600/675/614 2601/677/615
f 2584/651/598 2583/649/597 2614/676/628 2615/678/629
f 2571/652/585 2570/650/584 2601/677/615 2602/679/616
f 2585/653/599 2584/651/598 2615/678/629 2616/680/630
f 2572/654/586 2571/652/585 2602/679/616 2603/681/617
f 2586/655/600 2585/653/599 2616/680/630 2617/682/631
f 2573/656/587 2572/654/586 2603/681/617 2604/683/618
f 2587/657/601 2586/655/600 2617/682/631 2618/684/632
f 2574/658/588 2573/656/587 2604/683/618 2605/685/619
f 2588/628/602 2587/657/601 2618/684/632 2619/686/633
f 2575/630/589 2574/658/588 2605/685/619 2606/687/620
f 2562/627/576 3431/688/1445 2593/689/607
f 2589/629/603 2588/628/602 2619/686/633 2620/690/634
f 2576/631/590 2575/630/589 2606/687/620 2607/691/621
f 2563/632/577 2562/627/576 2593/689/607 2594/659/608
f 2590/633/604 2589/629/603 2620/690/634 2621/661/635
f 2577/634/591 2576/631/590 2607/691/621 2608/663/622
f 2597/668/611 2596/665/610 2627/692/641 2628/693/642
f 2965/694/979 2623/666/637 2654/695/668
f 2611/670/625 2610/667/624 2641/696/655 2642/697/656
f 2598/671/612 2597/668/611 2628/693/642 2629/698/643
f 2612/672/626 2611/670/625 2642/697/656 2643/699/657
f 2599/673/613 2598/671/612 2629/698/643 2630/700/644
f 2613/674/627 2612/672/626 2643/699/657 2644/701/658
f 2600/675/614 2599/673/613 2630/700/644 2631/702/645
f 2614/676/628 2613/674/627 2644/701/658 2645/703/659
f 2601/677/615 2600/675/614 2631/702/645 2632/704/646
f 2615/678/629 2614/676/628 2645/703/659 2646/705/660
f 2602/679/616 2601/677/615 2632/704/646 2633/706/647
f 2616/680/630 2615/678/629 2646/705/660 2647/707/661
f 2603/681/617 2602/679/616 2633/706/647 2634/708/648
f 2617/682/631 2616/680/630 2647/707/661 2648/709/662
f 2604/683/618 2603/681/617 2634/708/648 2635/710/649
f 2618/684/632 2617/682/631 2648/709/662 2649/711/663
f 2605/685/619 2604/683/618 2635/710/649 2636/712/650
f 2619/686/633 2618/684/632 2649/711/663 2650/713/664
f 2606/687/620 2605/685/619 2636/712/650 2637/714/651
f 2593/689/607 3431/715/1445 2624/716/638
f 2620/690/634 2619/686/633 2650/713/664 2651/717/665
f 2607/691/621 2606/687/620 2637/714/651 2638/718/652
f 2594/659/608 2593/689/607 2624/716/638 2625/719/639
f 2621/661/635 2620/690/634 2651/717/665 2652/720/666
f 2608/663/622 2607/691/621 2638/718/652 2639/721/653
f 2595/660/609 2594/659/608 2625/719/639 2626/722/640
f 2622/662/636 2621/661/635 2652/720/666 2653/723/667
f 2609/664/623 2608/663/622 2639/721/653 2640/724/654
f 2596/665/610 2595/660/609 2626/722/640 2627/692/641
f 2623/666/637 2622/662/636 2653/723/667 2654/695/668
f 2610/667/624 2609/664/623 2640/724/654 2641/696/655
f 2630/700/644 2629/698/643 2660/725/674 2661/726/675
f 2644/701/658 2643/699/657 2674/727/688 2675/728/689
f 2631/702/645 2630/700/644 2661/726/675 2662/729/676
f 2645/703/659 2644/701/658 2675/728/689 2676/730/690
f 2632/704/646 2631/702/645 2662/729/676 2663/731/677
f 2646/705/660 2645/703/659 2676/730/690 2677/732/691
f 2633/706/647 2632/704/646 2663/731/677 2664/733/678
f 2647/707/661 2646/705/660 2677/732/691 2678/734/692
f 2634/708/648 2633/706/647 2664/733/678 2665/735/679
f 2648/709/662 2647/707/661 2678/734/692 2679/736/693
f 2635/710/649 2634/708/648 2665/735/679 2666/737/680
f 2649/711/663 2648/709/662 2679/736/693 2680/738/694
f 2636/712/650 2635/710/649 2666/737/680 2667/739/681
f 2650/713/664 2649/711/663 2680/738/694 2681/740/695
f 2637/714/651 2636/712/650 2667/739/681 2668/741/682
f 2624/716/638 3431/742/1445 2655/743/669
f 2651/717/665 2650/713/664 2681/740/695 2682/744/696
f 2638/718/652 2637/714/651 2668/741/682 2669/745/683
f 2625/719/639 2624/716/638 2655/743/669 2656/746/670
f 2652/720/666 2651/717/665 2682/744/696 2683/747/697
f 2639/721/653 2638/718/652 2669/745/683 2670/748/684
f 2626/722/640 2625/719/639 2656/746/670 2657/749/671
f 2653/723/667 2652/720/666 2683/747/697 2684/750/698
f 2640/724/654 2639/721/653 2670/748/684 2671/751/685
f 2627/692/641 2626/722/640 2657/749/671 2658/752/672
f 2654/695/668 2653/723/667 2684/750/698 2685/753/699
f 2641/696/655 2640/724/654 2671/751/685 2672/754/686
f 2628/693/642 2627/692/641 2658/752/672 2659/755/673
f 2965/756/979 2654/695/668 2685/753/699
f 2642/697/656 2641/696/655 2672/754/686 2673/757/687
f 2629/698/643 2628/693/642 2659/755/673 2660/725/674
f 2643/699/657 2642/697/656 2673/757/687 2674/727/688
f 2663/731/677 2662/729/676 2693/758/707 2694/759/708
f 2677/732/691 2676/730/690 2707/760/721 2708/761/722
f 2664/733/678 2663/731/677 2694/759/708 2695/762/709
f 2678/734/692 2677/732/691 2708/761/722 2709/763/723
f 2665/735/679 2664/733/678 2695/762/709 2696/764/710
f 2679/736/693 2678/734/692 2709/763/723 2710/765/724
f 2666/737/680 2665/735/679 2696/764/710 2697/766/711
f 2680/738/694 2679/736/693 2710/765/724 2711/767/725
f 2667/739/681 2666/737/680 2697/766/711 2698/768/712
f 2681/740/695 2680/738/694 2711/767/725 2712/769/726
f 2668/741/682 2667/739/681 2698/768/712 2699/770/713
f 2655/743/669 3431/771/1445 2686/772/700
f 2682/744/696 2681/740/695 2712/769/726 2713/773/727
f 2669/745/683 2668/741/682 2699/770/713 2700/774/714
f 2656/746/670 2655/743/669 2686/772/700 2687/775/701
f 2683/747/697 2682/744/696 2713/773/727 2714/776/728
f 2670/748/684 2669/745/683 2700/774/714 2701/777/715
f 2657/749/671 2656/746/670 2687/775/701 2688/778/702
f 2684/750/698 2683/747/697 2714/776/728 2715/779/729
f 2671/751/685 2670/748/684 2701/777/715 2702/780/716
f 2658/752/672 2657/749/671 2688/778/702 2689/781/703
f 2685/753/699 2684/750/698 2715/779/729 2716/782/730
f 2672/754/686 2671/751/685 2702/780/716 2703/783/717
f 2659/755/673 2658/752/672 2689/781/703 2690/784/704
f 2965/785/979 2685/753/699 2716/782/730
f 2673/757/687 2672/754/686 2703/783/717 2704/786/718
f 2660/725/674 2659/755/673 2690/784/704 2691/787/705
f 2674/727/688 2673/757/687 2704/786/718 2705/788/719
f 2661/726/675 2660/725/674 2691/787/705 2692/789/706
f 2675/728/689 2674/727/688 2705/788/719 2706/790/720
f 2662/729/676 2661/726/675 2692/789/706 2693/758/707
f 2676/730/690 2675/728/689 2706/790/720 2707/760/721
f 2696/764/710 2695/762/709 2726/791/740 2727/792/741
f 2710/765/724 2709/763/723 2740/793/754 2741/794/755
f 2697/766/711 2696/764/710 2727/792/741 2728/795/742
f 2711/767/725 2710/765/724 2741/794/755 2742/796/756
f 2698/768/712 2697/766/711 2728/795/742 2729/797/743
f 2712/769/726 2711/767/725 2742/796/756 2743/798/757
f 2699/770/713 2698/768/712 2729/797/743 2730/799/744
f 2686/772/700 3431/800/1445 2717/801/731
f 2713/773/727 2712/769/726 2743/798/757 2744/802/758
f 2700/774/714 2699/770/713 2730/799/744 2731/803/745
f 2687/775/701 2686/772/700 2717/801/731 2718/804/732
f 2714/776/728 2713/773/727 2744/802/758 2745/805/759
f 2701/777/715 2700/774/714 2731/803/745 2732/806/746
f 2688/778/702 2687/775/701 2718/804/732 2719/807/733
f 2715/779/729 2714/776/728 2745/805/759 2746/808/760
f 2702/780/716 2701/777/715 2732/806/746 2733/809/747
f 2689/781/703 2688/778/702 2719/807/733 2720/810/734
f 2716/782/730 2715/779/729 2746/808/760 2747/811/761
f 2703/783/717 2702/780/716 2733/809/747 2734/812/748
f 2690/784/704 2689/781/703 2720/810/734 2721/813/735
f 2965/814/979 2716/782/730 2747/811/761
f 2704/786/718 2703/783/717 2734/812/748 2735/815/749
f 2691/787/705 2690/784/704 2721/813/735 2722/816/736
f 2705/788/719 2704/786/718 2735/815/749 2736/817/750
f 2692/789/706 2691/787/705 2722/816/736 2723/818/737
f 2706/790/720 2705/788/719 2736/817/750 2737/819/751
f 2693/758/707 2692/789/706 2723/818/737 2724/820/738
f 2707/760/721 2706/790/720 2737/819/751 2738/821/752
f 2694/759/708 2693/758/707 2724/820/738 2725/822/739
f 2708/761/722 2707/760/721 2738/821/752 2739/823/753
f 2695/762/709 2694/759/708 2725/822/739 2726/791/740
f 2709/763/723 2708/761/722 2739/823/753 2740/793/754
f 2729/797/743 2728/795/742 2759/824/773 2760/825/774
f 2743/798/757 2742/796/756 2773/826/787 2774/827/788
f 2730/799/744 2729/797/743 2760/825/774 2761/828/775
f 2717/801/731 3431/829/1445 2748/830/762
f 2744/802/758 2743/798/757 2774/827/788 2775/831/789
f 2731/803/745 2730/799/744 2761/828/775 2762/832/776
f 2718/804/732 2717/801/731 2748/830/762 2749/833/763
f 2745/805/759 2744/802/758 2775/831/789 2776/834/790
f 2732/806/746 2731/803/745 2762/832/776 2763/835/777
f 2719/807/733 2718/804/732 2749/833/763 2750/836/764
f 2746/808/760 2745/805/759 2776/834/790 2777/837/791
f 2733/809/747 2732/806/746 2763/835/777 2764/838/778
f 2720/810/734 2719/807/733 2750/836/764 2751/839/765
f 2747/811/761 2746/808/760 2777/837/791 2778/840/792
f 2734/812/748 2733/809/747 2764/838/778 2765/841/779
f 2721/813/735 2720/810/734 2751/839/765 2752/842/766
f 2965/843/979 2747/811/761 2778/840/792
f 2735/815/749 2734/812/748 2765/841/779 2766/844/780
f 2722/816/736 2721/813/735 2752/842/766 2753/845/767
f 2736/817/750 2735/815/749 2766/844/780 2767/846/781
f 2723/818/737 2722/816/736 2753/845/767 2754/847/768
f 2737/819/751 2736/817/750 2767/846/781 2768/848/782
f 2724/820/738 2723/818/737 2754/847/768 2755/849/769
f 2738/821/752 2737/819/751 2768/848/782 2769/850/783
f 2725/822/739 2724/820/738 2755/849/769 2756/851/770
f 2739/823/753 2738/821/752 2769/850/783 2770/852/784
f 2726/791/740 2725/822/739 2756/851/770 2757/853/771
f 2740/793/754 2739/823/753 2770/852/784 2771/854/785
f 2727/792/741 2726/791/740 2757/853/771 2758/855/772
f 2741/794/755 2740/793/754 2771/854/785 2772/856/786
f 2728/795/742 2727/792/741 2758/855/772 2759/824/773
f 2742/796/756 2741/794/755 2772/856/786 2773/826/787
f 2762/832/776 2761/828/775 2792/857/806 2793/858/807
f 2749/833/763 2748/830/762 2779/859/793 2780/860/794
f 2776/834/790 2775/831/789 2806/861/820 2807/862/821
f 2763/835/777 2762/832/776 2793/858/807 2794/863/808
f 2750/836/764 2749/833/763 2780/860/794 2781/864/795
f 2777/837/791 2776/834/790 2807/862/821 2808/865/822
f 2764/838/778 2763/835/777 2794/863/808 2795/866/809
f 2751/839/765 2750/836/764 2781/864/795 2782/867/796
f 2778/840/792 2777/837/791 2808/865/822 2809/868/823
f 2765/841/779 2764/838/778 2795/866/809 2796/869/810
f 2752/842/766 2751/839/765 2782/867/796 2783/870/797
f 2965/871/979 2778/840/792 2809/868/823
f 2766/844/780 2765/841/779 2796/869/810 2797/872/811
f 2753/845/767 2752/842/766 2783/870/797 2784/873/798
f 2767/846/781 2766/844/780 2797/872/811 2798/874/812
f 2754/847/768 2753/845/767 2784/873/798 2785/875/799
f 2768/848/782 2767/846/781 2798/874/812 2799/876/813
f 2755/849/769 2754/847/768 2785/875/799 2786/877/800
f 2769/850/783 2768/848/782 2799/876/813 2800/878/814
f 2756/851/770 2755/849/769 2786/877/800 2787/879/801
f 2770/852/784 2769/850/783 2800/878/814 2801/880/815
f 2757/853/771 2756/851/770 2787/879/801 2788/881/802
f 2771/854/785 2770/852/784 2801/880/815 2802/882/816
f 2758/855/772 2757/853/771 2788/881/802 2789/883/803
f 2772/856/786 2771/854/785 2802/882/816 2803/884/817
f 2759/824/773 2758/855/772 2789/883/803 2790/885/804
f 2773/826/787 2772/856/786 2803/884/817 2804/886/818
f 2760/825/774 2759/824/773 2790/885/804 2791/887/805
f 2774/827/788 2773/826/787 2804/886/818 2805/888/819
f 2761/828/775 2760/825/774 2791/887/805 2792/857/806
f 2748/830/762 3431/889/1445 2779/859/793
f 2775/831/789 2774/827/788 2805/888/819 2806/861/820
f 2798/874/812 2797/872/811 2828/890/842 2829/891/843
f 2785/875/799 2784/873/798 2815/892/829 2816/893/830
f 2799/876/813 2798/874/812 2829/891/843 2830/894/844
f 2786/877/800 2785/875/799 2816/893/830 2817/895/831
f 2800/878/814 2799/876/813 2830/894/844 2831/896/845
f 2787/879/801 2786/877/800 2817/895/831 2818/897/832
f 2801/880/815 2800/878/814 2831/896/845 2832/898/846
f 2788/881/802 2787/879/801 2818/897/832 2819/899/833
f 2802/882/816 2801/880/815 2832/898/846 2833/900/847
f 2789/883/803 2788/881/802 2819/899/833 2820/901/834
f 2803/884/817 2802/882/816 2833/900/847 2834/902/848
f 2790/885/804 2789/883/803 2820/901/834 2821/903/835
f 2804/886/818 2803/884/817 2834/902/848 2835/904/849
f 2791/887/805 2790/885/804 2821/903/835 2822/905/836
f 2805/888/819 2804/886/818 2835/904/849 2836/906/850
f 2792/857/806 2791/887/805 2822/905/836 2823/907/837
f 2779/859/793 3431/908/1445 2810/909/824
f 2806/861/820 2805/888/819 2836/906/850 2837/910/851
f 2793/858/807 2792/857/806 2823/907/837 2824/911/838
f 2780/860/794 2779/859/793 2810/909/824 2811/912/825
f 2807/862/821 2806/861/820 2837/910/851 2838/913/852
f 2794/863/808 2793/858/807 2824/911/838 2825/914/839
f 2781/864/795 2780/860/794 2811/912/825 2812/915/826
f 2808/865/822 2807/862/821 2838/913/852 2839/916/853
f 2795/866/809 2794/863/808 2825/914/839 2826/917/840
f 2782/867/796 2781/864/795 2812/915/826 2813/918/827
f 2809/868/823 2808/865/822 2839/916/853 2840/919/854
f 2796/869/810 2795/866/809 2826/917/840 2827/920/841
f 2783/870/797 2782/867/796 2813/918/827 2814/921/828
f 2965/922/979 2809/868/823 2840/919/854
f 2797/872/811 2796/869/810 2827/920/841 2828/890/842
f 2784/873/798 2783/870/797 2814/921/828 2815/892/829
f 2831/896/845 2830/894/844 2861/923/875 2862/924/876
f 2818/897/832 2817/895/831 2848/925/862 2849/926/863
f 2832/898/846 2831/896/845 2862/924/876 2863/927/877
f 2819/899/833 2818/897/832 2849/926/863 2850/928/864
f 2833/900/847 2832/898/846 2863/927/877 2864/929/878
f 2820/901/834 2819/899/833 2850/928/864 2851/930/865
f 2834/902/848 2833/900/847 2864/929/878 2865/931/879
f 2821/903/835 2820/901/834 2851/930/865 2852/932/866
f 2835/904/849 2834/902/848 2865/931/879 2866/933/880
f 2822/905/836 2821/903/835 2852/932/866 2853/934/867
f 2836/906/850 2835/904/849 2866/933/880 2867/935/881
f 2823/907/837 2822/905/836 2853/934/867 2854/936/868
f 2810/909/824 3431/937/1445 2841/938/855
f 2837/910/851 2836/906/850 2867/935/881 2868/939/882
f 2824/911/838 2823/907/837 2854/936/868 2855/940/869
f 2811/912/825 2810/909/824 2841/938/855 2842/941/856
f 2838/913/852 2837/910/851 2868/939/882 2869/942/883
f 2825/914/839 2824/911/838 2855/940/869 2856/943/870
f 2812/915/826 2811/912/825 2842/941/856 2843/944/857
f 2839/916/853 2838/913/852 2869/942/883 2870/945/884
f 2826/917/840 2825/914/839 2856/943/870 2857/946/871
f 2813/918/827 2812/915/826 2843/944/857 2844/947/858
f 2840/919/854 2839/916/853 2870/945/884 2871/948/885
f 2827/920/841 2826/917/840 2857/946/871 2858/949/872
f 2814/921/828 2813/918/827 2844/947/858 2845/950/859
f 2965/951/979 2840/919/854 2871/948/885
f 2828/890/842 2827/920/841 2858/949/872 2859/952/873
f 2815/892/829 2814/921/828 2845/950/859 2846/953/860
f 2829/891/843 2828/890/842 2859/952/873 2860/954/874
f 2816/893/830 2815/892/829 2846/953/860 2847/955/861
f 2830/894/844 2829/891/843 2860/954/874 2861/923/875
f 2817/895/831 2816/893/830 2847/955/861 2848/925/862
f 2864/929/878 2863/927/877 2894/956/908 2895/957/909
f 2851/930/865 2850/928/864 2881/958/895 2882/959/896
f 2865/931/879 2864/929/878 2895/957/909 2896/960/910
f 2852/932/866 2851/930/865 2882/959/896 2883/961/897
f 2866/933/880 2865/931/879 2896/960/910 2897/962/911
f 2853/934/867 2852/932/866 2883/961/897 2884/963/898
f 2867/935/881 2866/933/880 2897/962/911 2898/964/912
f 2854/936/868 2853/934/867 2884/963/898 2885/965/899
f 2841/938/855 3431/966/1445 2872/967/886
f 2868/939/882 2867/935/881 2898/964/912 2899/968/913
f 2855/940/869 2854/936/868 2885/965/899 2886/969/900
f 2842/941/856 2841/938/855 2872/967/886 2873/970/887
f 2869/942/883 2868/939/882 2899/968/913 2900/971/914
f 2856/943/870 2855/940/869 2886/969/900 2887/972/901
f 2843/944/857 2842/941/856 2873/970/887 2874/973/888
f 2870/945/884 2869/942/883 2900/971/914 2901/974/915
f 2857/946/871 2856/943/870 2887/972/901 2888/975/902
f 2844/947/858 2843/944/857 2874/973/888 2875/976/889
f 2871/948/885 2870/945/884 2901/974/915 2902/977/916
f 2858/949/872 2857/946/871 2888/975/902 2889/978/903
f 2845/950/859 2844/947/858 2875/976/889 2876/979/890
f 2965/980/979 2871/948/885 2902/977/916
f 2859/952/873 2858/949/872 2889/978/903 2890/981/904
f 2846/953/860 2845/950/859 2876/979/890 2877/982/891
f 2860/954/874 2859/952/873 2890/981/904 2891/983/905
f 2847/955/861 2846/953/860 2877/982/891 2878/984/892
f 2861/923/875 2860/954/874 2891/983/905 2892/985/906
f 2848/925/862 2847/955/861 2878/984/892 2879/986/893
f 2862/924/876 2861/923/875 2892/985/906 2893/987/907
f 2849/926/863 2848/925/862 2879/986/893 2880/988/894
f 2863/927/877 2862/924/876 2893/987/907 2894/956/908
f 2850/928/864 2849/926/863 2880/988/894 2881/958/895
f 2897/962/911 2896/960/910 2927/989/941 2928/990/942
f 2884/963/898 2883/961/897 2914/991/928 2915/992/929
f 2898/964/912 2897/962/911 2928/990/942 2929/993/943
f 2885/965/899 2884/963/898 2915/992/929 2916/994/930
f 2872/967/886 3431/995/1445 2903/996/917
f 2899/968/913 2898/964/912 2929/993/943 2930/997/944
f 2886/969/900 2885/965/899 2916/994/930 2917/998/931
f 2873/970/887 2872/967/886 2903/996/917 2904/999/918
f 2900/971/914 2899/968/913 2930/997/944 2931/1000/945
f 2887/972/901 2886/969/900 2917/998/931 2918/1001/932
f 2874/973/888 2873/970/887 2904/999/918 2905/1002/919
f 2901/974/915 2900/971/914 2931/1000/945 2932/1003/946
f 2888/975/902 2887/972/901 2918/1001/932 2919/1004/933
f 2875/976/889 2874/973/888 2905/1002/919 2906/1005/920
f 2902/977/916 2901/974/915 2932/1003/946 2933/1006/947
f 2889/978/903 2888/975/902 2919/1004/933 2920/1007/934
f 2876/979/890 2875/976/889 2906/1005/920 2907/1008/921
f 2965/1009/979 2902/977/916 2933/1006/947
f 2890/981/904 2889/978/903 2920/1007/934 2921/1010/935
f 2877/982/891 2876/979/890 2907/1008/921 2908/1011/922
f 2891/983/905 2890/981/904 2921/1010/935 2922/1012/936
f 2878/984/892 2877/982/891 2908/1011/922 2909/1013/923
f 2892/985/906 2891/983/905 2922/1012/936 2923/1014/937
f 2879/986/893 2878/984/892 2909/1013/923 2910/1015/924
f 2893/987/907 2892/985/906 2923/1014/937 2924/1016/938
f 2880/988/894 2879/986/893 2910/1015/924 2911/1017/925
f 2894/956/908 2893/987/907 2924/1016/938 2925/1018/939
f 2881/958/895 2880/988/894 2911/1017/925 2912/1019/926
f 2895/957/909 2894/956/908 2925/1018/939 2926/1020/940
f 2882/959/896 2881/958/895 2912/1019/926 2913/1021/927
f 2896/960/910 2895/957/909 2926/1020/940 2927/989/941
f 2883/961/897 2882/959/896 2913/1021/927 2914/991/928
f 2903/996/917 3431/1022/1445 2934/1023/948
f 2930/997/944 2929/993/943 2960/1024/974 2961/1025/975
f 2917/998/931 2916/994/930 2947/1026/961 2948/1027/962
f 2904/999/918 2903/996/917 2934/1023/948 2935/1028/949
f 2931/1000/945 2930/997/944 2961/1025/975 2962/1029/976
f 2918/1001/932 2917/998/931 2948/1027/962 2949/1030/963
f 2905/1002/919 2904/999/918 2935/1028/949 2936/1031/950
f 2932/1003/946 2931/1000/945 2962/1029/976 2963/1032/977
f 2919/1004/933 2918/1001/932 2949/1030/963 2950/1033/964
f 2906/1005/920 2905/1002/919 2936/1031/950 2937/1034/951
f 2933/1006/947 2932/1003/946 2963/1032/977 2964/1035/978
f 2920/1007/934 2919/1004/933 2950/1033/964 2951/1036/965
f 2907/1008/921 2906/1005/920 2937/1034/951 2938/1037/952
f 2965/1038/979 2933/1006/947 2964/1035/978
f 2921/1010/935 2920/1007/934 2951/1036/965 2952/1039/966
f 2908/1011/922 2907/1008/921 2938/1037/952 2939/1040/953
f 2922/1012/936 2921/1010/935 2952/1039/966 2953/1041/967
f 2909/1013/923 2908/1011/922 2939/1040/953 2940/1042/954
f 2923/1014/937 2922/1012/936 2953/1041/967 2954/1043/968
f 2910/1015/924 2909/1013/923 2940/1042/954 2941/1044/955
f 2924/1016/938 2923/1014/937 2954/1043/968 2955/1045/969
f 2911/1017/925 2910/1015/924 2941/1044/955 2942/1046/956
f 2925/1018/939 2924/1016/938 2955/1045/969 2956/1047/970
f 2912/1019/926 2911/1017/925 2942/1046/956 2943/1048/957
f 2926/1020/940 2925/1018/939 2956/1047/970 2957/1049/971
f 2913/1021/927 2912/1019/926 2943/1048/957 2944/1050/958
f 2927/989/941 2926/1020/940 2957/1049/971 2958/1051/972
f 2914/991/928 2913/1021/927 2944/1050/958 2945/1052/959
f 2928/990/942 2927/989/941 2958/1051/972 2959/1053/973
f 2915/992/929 2914/991/928 2945/1052/959 2946/1054/960
f 2929/993/943 2928/990/942 2959/1053/973 2960/1024/974
f 2916/994/930 2915/992/929 2946/1054/960 2947/1026/961
f 2936/1031/950 2935/1028/949 2967/1055/981 2968/1056/982
f 2963/1032/977 2962/1029/976 2994/1057/1008 2995/1058/1009
f 2950/1033/964 2949/1030/963 2981/1059/995 2982/1060/996
f 2937/1034/951 2936/1031/950 2968/1056/982 2969/1061/983
f 2964/1035/978 2963/1032/977 2995/1058/1009 2996/1062/1010
f 2951/1036/965 2950/1033/964 2982/1060/996 2983/1063/997
f 2938/1037/952 2937/1034/951 2969/1061/983 2970/1064/984
f 2965/1065/979 2964/1035/978 2996/1062/1010
f 2952/1039/966 2951/1036/965 2983/1063/997 2984/1066/998
f 2939/1040/953 2938/1037/952 2970/1064/984 2971/1067/985
f 2953/1041/967 2952/1039/966 2984/1066/998 2985/1068/999
f 2940/1042/954 2939/1040/953 2971/1067/985 2972/1069/986
f 2954/1043/968 2953/1041/967 2985/1068/999 2986/1070/1000
f 2941/1044/955 2940/1042/954 2972/1069/986 2973/1071/987
f 2955/1045/969 2954/1043/968 2986/1070/1000 2987/1072/1001
f 2942/1046/956 2941/1044/955 2973/1071/987 2974/1073/988
f 2956/1047/970 2955/1045/969 2987/1072/1001 2988/1074/1002
f 2943/1048/957 2942/1046/956 2974/1073/988 2975/1075/989
f 2957/1049/971 2956/1047/970 2988/1074/1002 2989/1076/1003
f 2944/1050/958 2943/1048/957 2975/1075/989 2976/1077/990
f 2958/1051/972 2957/1049/971 2989/1076/1003 2990/1078/1004
f 2945/1052/959 2944/1050/958 2976/1077/990 2977/1079/991
f 2959/1053/973 2958/1051/972 2990/1078/1004 2991/1080/1005
f 2946/1054/960 2945/1052/959 2977/1079/991 2978/1081/992
f 2960/1024/974 2959/1053/973 2991/1080/1005 2992/1082/1006
f 2947/1026/961 2946/1054/960 2978/1081/992 2979/1083/993
f 2934/1023/948 3431/1084/1445 2966/1085/980
f 2961/1025/975 2960/1024/974 2992/1082/1006 2993/1086/1007
f 2948/1027/962 2947/1026/961 2979/1083/993 2980/1087/994
f 2935/1028/949 2934/1023/948 2966/1085/980 2967/1055/981
f 2962/1029/976 2961/1025/975 2993/1086/1007 2994/1057/1008
f 2949/1030/963 2948/1027/962 2980/1087/994 2981/1059/995
f 2970/1064/984 2969/1061/983 3000/1088/1014 3001/1089/1015
f 2965/1090/979 2996/1062/1010 3027/1091/1041
f 2984/1066/998 2983/1063/997 3014/1092/1028 3015/1093/1029
f 2971/1067/985 2970/1064/984 3001/1089/1015 3002/1094/1016
f 2985/1068/999 2984/1066/998 3015/1093/1029 3016/1095/1030
f 2972/1069/986 2971/1067/985 3002/1094/1016 3003/1096/1017
f 2986/1070/1000 2985/1068/999 3016/1095/1030 3017/1097/1031
f 2973/1071/987 2972/1069/986 3003/1096/1017 3004/1098/1018
f 2987/1072/1001 2986/1070/1000 3017/1097/1031 3018/1099/1032
f 2974/1073/988 2973/1071/987 3004/1098/1018 3005/1100/1019
f 2988/1074/1002 2987/1072/1001 3018/1099/1032 3019/1101/1033
f 2975/1075/989 2974/1073/988 3005/1100/1019 3006/1102/1020
f 2989/1076/1003 2988/1074/1002 3019/1101/1033 3020/1103/1034
f 2976/1077/990 2975/1075/989 3006/1102/1020 3007/1104/1021
f 2990/1078/1004 2989/1076/1003 3020/1103/1034 3021/1105/1035
f 2977/1079/991 2976/1077/990 3007/1104/1021 3008/1106/1022
f 2991/1080/1005 2990/1078/1004 3021/1105/1035 3022/1107/1036
f 2978/1081/992 2977/1079/991 3008/1106/1022 3009/1108/1023
f 2992/1082/1006 2991/1080/1005 3022/1107/1036 3023/1109/1037
f 2979/1083/993 2978/1081/992 3009/1108/1023 3010/1110/1024
f 2966/1085/980 3431/1111/1445 2997/1112/1011
f 2993/1086/1007 2992/1082/1006 3023/1109/1037 3024/1113/1038
f 2980/1087/994 2979/1083/993 3010/1110/1024 3011/1114/1025
f 2967/1055/981 2966/1085/980 2997/1112/1011 2998/1115/1012
f 2994/1057/1008 2993/1086/1007 3024/1113/1038 3025/1116/1039
f 2981/1059/995 2980/1087/994 3011/1114/1025 3012/1117/1026
f 2968/1056/982 2967/1055/981 2998/1115/1012 2999/1118/1013
f 2995/1058/1009 2994/1057/1008 3025/1116/1039 3026/1119/1040
f 2982/1060/996 2981/1059/995 3012/1117/1026 3013/1120/1027
f 2969/1061/983 2968/1056/982 2999/1118/1013 3000/1088/1014
f 2996/1062/1010 2995/1058/1009 3026/1119/1040 3027/1091/1041
f 2983/1063/997 2982/1060/996 3013/1120/1027 3014/1092/1028
f 3003/1096/1017 3002/1094/1016 3033/1121/1047 3034/1122/1048
f 3017/1097/1031 3016/1095/1030 3047/1123/1061 3048/1124/1062
f 3004/1098/1018 3003/1096/1017 3034/1122/1048 3035/1125/1049
f 3018/1099/1032 3017/1097/1031 3048/1124/1062 3049/1126/1063
f 3005/1100/1019 3004/1098/1018 3035/1125/1049 3036/1127/1050
f 3019/1101/1033 3018/1099/1032 3049/1126/1063 3050/1128/1064
f 3006/1102/1020 3005/1100/1019 3036/1127/1050 3037/1129/1051
f 3020/1103/1034 3019/1101/1033 3050/1128/1064 3051/1130/1065
f 3007/1104/1021 3006/1102/1020 3037/1129/1051 3038/1131/1052
f 3021/1105/1035 3020/1103/1034 3051/1130/1065 3052/1132/1066
f 3008/1106/1022 3007/1104/1021 3038/1131/1052 3039/1133/1053
f 3022/1107/1036 3021/1105/1035 3052/1132/1066 3053/1134/1067
f 3009/1108/1023 3008/1106/1022 3039/1133/1053 3040/1135/1054
f 3023/1109/1037 3022/1107/1036 3053/1134/1067 3054/1136/1068
f 3010/1110/1024 3009/1108/1023 3040/1135/1054 3041/1137/1055
f 2997/1112/1011 3431/1138/1445 3028/1139/1042
f 3024/1113/1038 3023/1109/1037 3054/1136/1068 3055/1140/1069
f 3011/1114/1025 3010/1110/1024 3041/1137/1055 3042/1141/1056
f 2998/1115/1012 2997/1112/1011 3028/1139/1042 3029/1142/1043
f 3025/1116/1039 3024/1113/1038 3055/1140/1069 3056/1143/1070
f 3012/1117/1026 3011/1114/1025 3042/1141/1056 3043/1144/1057
f 2999/1118/1013 2998/1115/1012 3029/1142/1043 3030/1145/1044
f 3026/1119/1040 3025/1116/1039 3056/1143/1070 3057/1146/1071
f 3013/1120/1027 3012/1117/1026 3043/1144/1057 3044/1147/1058
f 3000/1088/1014 2999/1118/1013 3030/1145/1044 3031/1148/1045
f 3027/1091/1041 3026/1119/1040 3057/1146/1071 3058/1149/1072
f 3014/1092/1028 3013/1120/1027 3044/1147/1058 3045/1150/1059
f 3001/1089/1015 3000/1088/1014 3031/1148/1045 3032/1151/1046
f 2965/1152/979 3027/1091/1041 3058/1149/1072
f 3015/1093/1029 3014/1092/1028 3045/1150/1059 3046/1153/1060
f 3002/1094/1016 3001/1089/1015 3032/1151/1046 3033/1121/1047
f 3016/1095/1030 3015/1093/1029 3046/1153/1060 3047/1123/1061
f 3036/1127/1050 3035/1125/1049 3066/1154/1080 3067/1155/1081
f 3050/1128/1064 3049/1126/1063 3080/1156/1094 3081/1157/1095
f 3037/1129/1051 3036/1127/1050 3067/1155/1081 3068/1158/1082
f 3051/1130/1065 3050/1128/1064 3081/1157/1095 3082/1159/1096
f 3038/1131/1052 3037/1129/1051 3068/1158/1082 3069/1160/1083
f 3052/1132/1066 3051/1130/1065 3082/1159/1096 3083/1161/1097
f 3039/1133/1053 3038/1131/1052 3069/1160/1083 3070/1162/1084
f 3053/1134/1067 3052/1132/1066 3083/1161/1097 3084/1163/1098
f 3040/1135/1054 3039/1133/1053 3070/1162/1084 3071/1164/1085
f 3054/1136/1068 3053/1134/1067 3084/1163/1098 3085/1165/1099
f 3041/1137/1055 3040/1135/1054 3071/1164/1085 3072/1166/1086
f 3028/1139/1042 3431/1167/1445 3059/1168/1073
f 3055/1140/1069 3054/1136/1068 3085/1165/1099 3086/1169/1100
f 3042/1141/1056 3041/1137/1055 3072/1166/1086 3073/1170/1087
f 3029/1142/1043 3028/1139/1042 3059/1168/1073 3060/1171/1074
f 3056/1143/1070 3055/1140/1069 3086/1169/1100 3087/1172/1101
f 3043/1144/1057 3042/1141/1056 3073/1170/1087 3074/1173/1088
f 3030/1145/1044 3029/1142/1043 3060/1171/1074 3061/1174/1075
f 3057/1146/1071 3056/1143/1070 3087/1172/1101 3088/1175/1102
f 3044/1147/1058 3043/1144/1057 3074/1173/1088 3075/1176/1089
f 3031/1148/1045 3030/1145/1044 3061/1174/1075 3062/1177/1076
f 3058/1149/1072 3057/1146/1071 3088/1175/1102 3089/1178/1103
f 3045/1150/1059 3044/1147/1058 3075/1176/1089 3076/1179/1090
f 3032/1151/1046 3031/1148/1045 3062/1177/1076 3063/1180/1077
f 2965/1181/979 3058/1149/1072 3089/1178/1103
f 3046/1153/1060 3045/1150/1059 3076/1179/1090 3077/1182/1091
f 3033/1121/1047 3032/1151/1046 3063/1180/1077 3064/1183/1078
f 3047/1123/1061 3046/1153/1060 3077/1182/1091 3078/1184/1092
f 3034/1122/1048 3033/1121/1047 3064/1183/1078 3065/1185/1079
f 3048/1124/1062 3047/1123/1061 3078/1184/1092 3079/1186/1093
f 3035/1125/1049 3034/1122/1048 3065/1185/1079 3066/1154/1080
f 3049/1126/1063 3048/1124/1062 3079/1186/1093 3080/1156/1094
f 3069/1160/1083 3068/1158/1082 3099/1187/1113 3100/1188/1114
f 3083/1161/1097 3082/1159/1096 3113/1189/1127 3114/1190/1128
f 3070/1162/1084 3069/1160/1083 3100/1188/1114 3101/1191/1115
f 3084/1163/1098 3083/1161/1097 3114/1190/1128 3115/1192/1129
f 3071/1164/1085 3070/1162/1084 3101/1191/1115 3102/1193/1116
f 3085/1165/1099 3084/1163/1098 3115/1192/1129 3116/1194/1130
f 3072/1166/1086 3071/1164/1085 3102/1193/1116 3103/1195/1117
f 3059/1168/1073 3431/1196/1445 3090/1197/1104
f 3086/1169/1100 3085/1165/1099 3116/1194/1130 3117/1198/1131
f 3073/1170/1087 3072/1166/1086 3103/1195/1117 3104/1199/1118
f 3060/1171/1074 3059/1168/1073 3090/1197/1104 3091/1200/1105
f 3087/1172/1101 3086/1169/1100 3117/1198/1131 3118/1201/1132
f 3074/1173/1088 3073/1170/1087 3104/1199/1118 3105/1202/1119
f 3061/1174/1075 3060/1171/1074 3091/1200/1105 3092/1203/1106
f 3088/1175/1102 3087/1172/1101 3118/1201/1132 3119/1204/1133
f 3075/1176/1089 3074/1173/1088 3105/1202/1119 3106/1205/1120
f 3062/1177/1076 3061/1174/1075 3092/1203/1106 3093/1206/1107
f 3089/1178/1103 3088/1175/1102 3119/1204/1133 3120/1207/1134
f 3076/1179/1090 3075/1176/1089 3106/1205/1120 3107/1208/1121
f 3063/1180/1077 3062/1177/1076 3093/1206/1107 3094/1209/1108
f 2965/1210/979 3089/1178/1103 3120/1207/1134
f 3077/1182/1091 3076/1179/1090 3107/1208/1121 3108/1211/1122
f 3064/1183/1078 3063/1180/1077 3094/1209/1108 3095/1212/1109
f 3078/1184/1092 3077/1182/1091 3108/1211/1122 3109/1213/1123
f 3065/1185/1079 3064/1183/1078 3095/1212/1109 3096/1214/1110
f 3079/1186/1093 3078/1184/1092 3109/1213/1123 3110/1215/1124
f 3066/1154/1080 3065/1185/1079 3096/1214/1110 3097/1216/1111
f 3080/1156/1094 3079/1186/1093 3110/1215/1124 3111/1217/1125
f 3067/1155/1081 3066/1154/1080 3097/1216/1111 3098/1218/1112
f 3081/1157/1095 3080/1156/1094 3111/1217/1125 3112/1219/1126
f 3068/1158/1082 3067/1155/1081 3098/1218/1112 3099/1187/1113
f 3082/1159/1096 3081/1157/1095 3112/1219/1126 3113/1189/1127
f 3102/1193/1116 3101/1191/1115 3132/1220/1146 3133/1221/1147
f 3116/1194/1130 3115/1192/1129 3146/1222/1160 3147/1223/1161
f 3103/1195/1117 3102/1193/1116 3133/1221/1147 3134/1224/1148
f 3090/1197/1104 3431/1225/1445 3121/1226/1135
f 3117/1198/1131 3116/1194/1130 3147/1223/1161 3148/1227/1162
f 3104/1199/1118 3103/1195/1117 3134/1224/1148 3135/1228/1149
f 3091/1200/1105 3090/1197/1104 3121/1226/1135 3122/1229/1136
f 3118/1201/1132 3117/1198/1131 3148/1227/1162 3149/1230/1163
f 3105/1202/1119 3104/1199/1118 3135/1228/1149 3136/1231/1150
f 3092/1203/1106 3091/1200/1105 3122/1229/1136 3123/1232/1137
f 3119/1204/1133 3118/1201/1132 3149/1230/1163 3150/1233/1164
f 3106/1205/1120 3105/1202/1119 3136/1231/1150 3137/1234/1151
f 3093/1206/1107 3092/1203/1106 3123/1232/1137 3124/1235/1138
f 3120/1207/1134 3119/1204/1133 3150/1233/1164 3151/1236/1165
f 3107/1208/1121 3106/1205/1120 3137/1234/1151 3138/1237/1152
f 3094/1209/1108 3093/1206/1107 3124/1235/1138 3125/1238/1139
f 2965/1239/979 3120/1207/1134 3151/1236/1165
f 3108/1211/1122 3107/1208/1121 3138/1237/1152 3139/1240/1153
f 3095/1212/1109 3094/1209/1108 3125/1238/1139 3126/1241/1140
f 3109/1213/1123 3108/1211/1122 3139/1240/1153 3140/1242/1154
f 3096/1214/1110 3095/1212/1109 3126/1241/1140 3127/1243/1141
f 3110/1215/1124 3109/1213/1123 3140/1242/1154 3141/1244/1155
f 3097/1216/1111 3096/1214/1110 3127/1243/1141 3128/1245/1142
f 3111/1217/1125 3110/1215/1124 3141/1244/1155 3142/1246/1156
f 3098/1218/1112 3097/1216/1111 3128/1245/1142 3129/1247/1143
f 3112/1219/1126 3111/1217/1125 3142/1246/1156 3143/1248/1157
f 3099/1187/1113 3098/1218/1112 3129/1247/1143 3130/1249/1144
f 3113/1189/1127 3112/1219/1126 3143/1248/1157 3144/1250/1158
f 3100/1188/1114 3099/1187/1113 3130/1249/1144 3131/1251/1145
f 3114/1190/1128 3113/1189/1127 3144/1250/1158 3145/1252/1159
f 3101/1191/1115 3100/1188/1114 3131/1251/1145 3132/1220/1146
f 3115/1192/1129 3114/1190/1128 3145/1252/1159 3146/1222/1160
f 3135/1228/1149 3134/1224/1148 3165/1253/1179 3166/1254/1180
f 3122/1229/1136 3121/1226/1135 3152/1255/1166 3153/1256/1167
f 3149/1230/1163 3148/1227/1162 3179/1257/1193 3180/1258/1194
f 3136/1231/1150 3135/1228/1149 3166/1254/1180 3167/1259/1181
f 3123/1232/1137 3122/1229/1136 3153/1256/1167 3154/1260/1168
f 3150/1233/1164 3149/1230/1163 3180/1258/1194 3181/1261/1195
f 3137/1234/1151 3136/1231/1150 3167/1259/1181 3168/1262/1182
f 3124/1235/1138 3123/1232/1137 3154/1260/1168 3155/1263/1169
f 3151/1236/1165 3150/1233/1164 3181/1261/1195 3182/1264/1196
f 3138/1237/1152 3137/1234/1151 3168/1262/1182 3169/1265/1183
f 3125/1238/1139 3124/1235/1138 3155/1263/1169 3156/1266/1170
f 2965/1267/979 3151/1236/1165 3182/1264/1196
f 3139/1240/1153 3138/1237/1152 3169/1265/1183 3170/1268/1184
f 3126/1241/1140 3125/1238/1139 3156/1266/1170 3157/1269/1171
f 3140/1242/1154 3139/1240/1153 3170/1268/1184 3171/1270/1185
f 3127/1243/1141 3126/1241/1140 3157/1269/1171 3158/1271/1172
f 3141/1244/1155 3140/1242/1154 3171/1270/1185 3172/1272/1186
f 3128/1245/1142 3127/1243/1141 3158/1271/1172 3159/1273/1173
f 3142/1246/1156 3141/1244/1155 3172/1272/1186 3173/1274/1187
f 3129/1247/1143 3128/1245/1142 3159/1273/1173 3160/1275/1174
f 3143/1248/1157 3142/1246/1156 3173/1274/1187 3174/1276/1188
f 3130/1249/1144 3129/1247/1143 3160/1275/1174 3161/1277/1175
f 3144/1250/1158 3143/1248/1157 3174/1276/1188 3175/1278/1189
f 3131/1251/1145 3130/1249/1144 3161/1277/1175 3162/1279/1176
f 3145/1252/1159 3144/1250/1158 3175/1278/1189 3176/1280/1190
f 3132/1220/1146 3131/1251/1145 3162/1279/1176 3163/1281/1177
f 3146/1222/1160 3145/1252/1159 3176/1280/1190 3177/1282/1191
f 3133/1221/1147 3132/1220/1146 3163/1281/1177 3164/1283/1178
f 3147/1223/1161 3146/1222/1160 3177/1282/1191 3178/1284/1192
f 3134/1224/1148 3133/1221/1147 3164/1283/1178 3165/1253/1179
f 3121/1226/1135 3431/1285/1445 3152/1255/1166
f 3148/1227/1162 3147/1223/1161 3178/1284/1192 3179/1257/1193
f 3168/1262/1182 3167/1259/1181 3198/1286/1212 3199/1287/1213
f 3155/1263/1169 3154/1260/1168 3185/1288/1199 3186/1289/1200
f 3182/1264/1196 3181/1261/1195 3212/1290/1226 3213/1291/1227
f 3169/1265/1183 3168/1262/1182 3199/1287/1213 3200/1292/1214
f 3156/1266/1170 3155/1263/1169 3186/1289/1200 3187/1293/1201
f 2965/1294/979 3182/1264/1196 3213/1291/1227
f 3170/1268/1184 3169/1265/1183 3200/1292/1214 3201/1295/1215
f 3157/1269/1171 3156/1266/1170 3187/1293/1201 3188/1296/1202
f 3171/1270/1185 3170/1268/1184 3201/1295/1215 3202/1297/1216
f 3158/1271/1172 3157/1269/1171 3188/1296/1202 3189/1298/1203
f 3172/1272/1186 3171/1270/1185 3202/1297/1216 3203/1299/1217
f 3159/1273/1173 3158/1271/1172 3189/1298/1203 3190/1300/1204
f 3173/1274/1187 3172/1272/1186 3203/1299/1217 3204/1301/1218
f 3160/1275/1174 3159/1273/1173 3190/1300/1204 3191/1302/1205
f 3174/1276/1188 3173/1274/1187 3204/1301/1218 3205/1303/1219
f 3161/1277/1175 3160/1275/1174 3191/1302/1205 3192/1304/1206
f 3175/1278/1189 3174/1276/1188 3205/1303/1219 3206/1305/1220
f 3162/1279/1176 3161/1277/1175 3192/1304/1206 3193/1306/1207
f 3176/1280/1190 3175/1278/1189 3206/1305/1220 3207/1307/1221
f 3163/1281/1177 3162/1279/1176 3193/1306/1207 3194/1308/1208
f 3177/1282/1191 3176/1280/1190 3207/1307/1221 3208/1309/1222
f 3164/1283/1178 3163/1281/1177 3194/1308/1208 3195/1310/1209
f 3178/1284/1192 3177/1282/1191 3208/1309/1222 3209/1311/1223
f 3165/1253/1179 3164/1283/1178 3195/1310/1209 3196/1312/1210
f 3152/1255/1166 3431/1313/1445 3183/1314/1197
f 3179/1257/1193 3178/1284/1192 3209/1311/1223 3210/1315/1224
f 3166/1254/1180 3165/1253/1179 3196/1312/1210 3197/1316/1211
f 3153/1256/1167 3152/1255/1166 3183/1314/1197 3184/1317/1198
f 3180/1258/1194 3179/1257/1193 3210/1315/1224 3211/1318/1225
f 3167/1259/1181 3166/1254/1180 3197/1316/1211 3198/1286/1212
f 3154/1260/1168 3153/1256/1167 3184/1317/1198 3185/1288/1199
f 3181/1261/1195 3180/1258/1194 3211/1318/1225 3212/1290/1226
f 3201/1295/1215 3200/1292/1214 3231/1319/1245 3232/1320/1246
f 3188/1296/1202 3187/1293/1201 3218/1321/1232 3219/1322/1233
f 3202/1297/1216 3201/1295/1215 3232/1320/1246 3233/1323/1247
f 3189/1298/1203 3188/1296/1202 3219/1322/1233 3220/1324/1234
f 3203/1299/1217 3202/1297/1216 3233/1323/1247 3234/1325/1248
f 3190/1300/1204 3189/1298/1203 3220/1324/1234 3221/1326/1235
f 3204/1301/1218 3203/1299/1217 3234/1325/1248 3235/1327/1249
f 3191/1302/1205 3190/1300/1204 3221/1326/1235 3222/1328/1236
f 3205/1303/1219 3204/1301/1218 3235/1327/1249 3236/1329/1250
f 3192/1304/1206 3191/1302/1205 3222/1328/1236 3223/1330/1237
f 3206/1305/1220 3205/1303/1219 3236/1329/1250 3237/1331/1251
f 3193/1306/1207 3192/1304/1206 3223/1330/1237 3224/1332/1238
f 3207/1307/1221 3206/1305/1220 3237/1331/1251 3238/1333/1252
f 3194/1308/1208 3193/1306/1207 3224/1332/1238 3225/1334/1239
f 3208/1309/1222 3207/1307/1221 3238/1333/1252 3239/1335/1253
f 3195/1310/1209 3194/1308/1208 3225/1334/1239 3226/1336/1240
f 3209/1311/1223 3208/1309/1222 3239/1335/1253 3240/1337/1254
f 3196/1312/1210 3195/1310/1209 3226/1336/1240 3227/1338/1241
f 3183/1314/1197 3431/1339/1445 3214/1340/1228
f 3210/1315/1224 3209/1311/1223 3240/1337/1254 3241/1341/1255
f 3197/1316/1211 3196/1312/1210 3227/1338/1241 3228/1342/1242
f 3184/1317/1198 3183/1314/1197 3214/1340/1228 3215/1343/1229
f 3211/1318/1225 3210/1315/1224 3241/1341/1255 3242/1344/1256
f 3198/1286/1212 3197/1316/1211 3228/1342/1242 3229/1345/1243
f 3185/1288/1199 3184/1317/1198 3215/1343/1229 3216/1346/1230
f 3212/1290/1226 3211/1318/1225 3242/1344/1256 3243/1347/1257
f 3199/1287/1213 3198/1286/1212 3229/1345/1243 3230/1348/1244
f 3186/1289/1200 3185/1288/1199 3216/1346/1230 3217/1349/1231
f 3213/1291/1227 3212/1290/1226 3243/1347/1257 3244/1350/1258
f 3200/1292/1214 3199/1287/1213 3230/1348/1244 3231/1319/1245
f 3187/1293/1201 3186/1289/1200 3217/1349/1231 3218/1321/1232
f 2965/1351/979 3213/1291/1227 3244/1350/1258
f 3234/1325/1248 3233/1323/1247 3264/1352/1278 3265/1353/1279
f 3221/1326/1235 3220/1324/1234 3251/1354/1265 3252/1355/1266
f 3235/1327/1249 3234/1325/1248 3265/1353/1279 3266/1356/1280
f 3222/1328/1236 3221/1326/1235 3252/1355/1266 3253/1357/1267
f 3236/1329/1250 3235/1327/1249 3266/1356/1280 3267/1358/1281
f 3223/1330/1237 3222/1328/1236 3253/1357/1267 3254/1359/1268
f 3237/1331/1251 3236/1329/1250 3267/1358/1281 3268/1360/1282
f 3224/1332/1238 3223/1330/1237 3254/1359/1268 3255/1361/1269
f 3238/1333/1252 3237/1331/1251 3268/1360/1282 3269/1362/1283
f 3225/1334/1239 3224/1332/1238 3255/1361/1269 3256/1363/1270
f 3239/1335/1253 3238/1333/1252 3269/1362/1283 3270/1364/1284
f 3226/1336/1240 3225/1334/1239 3256/1363/1270 3257/1365/1271
f 3240/1337/1254 3239/1335/1253 3270/1364/1284 3271/1366/1285
f 3227/1338/1241 3226/1336/1240 3257/1365/1271 3258/1367/1272
f 3214/1340/1228 3431/1368/1445 3245/1369/1259
f 3241/1341/1255 3240/1337/1254 3271/1366/1285 3272/1370/1286
f 3228/1342/1242 3227/1338/1241 3258/1367/1272 3259/1371/1273
f 3215/1343/1229 3214/1340/1228 3245/1369/1259 3246/1372/1260
f 3242/1344/1256 3241/1341/1255 3272/1370/1286 3273/1373/1287
f 3229/1345/1243 3228/1342/1242 3259/1371/1273 3260/1374/1274
f 3216/1346/1230 3215/1343/1229 3246/1372/1260 3247/1375/1261
f 3243/1347/1257 3242/1344/1256 3273/1373/1287 3274/1376/1288
f 3230/1348/1244 3229/1345/1243 3260/1374/1274 3261/1377/1275
f 3217/1349/1231 3216/1346/1230 3247/1375/1261 3248/1378/1262
f 3244/1350/1258 3243/1347/1257 3274/1376/1288 3275/1379/1289
f 3231/1319/1245 3230/1348/1244 3261/1377/1275 3262/1380/1276
f 3218/1321/1232 3217/1349/1231 3248/1378/1262 3249/1381/1263
f 2965/1382/979 3244/1350/1258 3275/1379/1289
f 3232/1320/1246 3231/1319/1245 3262/1380/1276 3263/1383/1277
f 3219/1322/1233 3218/1321/1232 3249/1381/1263 3250/1384/1264
f 3233/1323/1247 3232/1320/1246 3263/1383/1277 3264/1352/1278
f 3220/1324/1234 3219/1322/1233 3250/1384/1264 3251/1354/1265
f 3267/1358/1281 3266/1356/1280 3297/1385/1311 3298/1386/1312
f 3254/1359/1268 3253/1357/1267 3284/1387/1298 3285/1388/1299
f 3268/1360/1282 3267/1358/1281 3298/1386/1312 3299/1389/1313
f 3255/1361/1269 3254/1359/1268 3285/1388/1299 3286/1390/1300
f 3269/1362/1283 3268/1360/1282 3299/1389/1313 3300/1391/1314
f 3256/1363/1270 3255/1361/1269 3286/1390/1300 3287/1392/1301
f 3270/1364/1284 3269/1362/1283 3300/1391/1314 3301/1393/1315
f 3257/1365/1271 3256/1363/1270 3287/1392/1301 3288/1394/1302
f 3271/1366/1285 3270/1364/1284 3301/1393/1315 3302/1395/1316
f 3258/1367/1272 3257/1365/1271 3288/1394/1302 3289/1396/1303
f 3245/1369/1259 3431/1397/1445 3276/1398/1290
f 3272/1370/1286 3271/1366/1285 3302/1395/1316 3303/1399/1317
f 3259/1371/1273 3258/1367/1272 3289/1396/1303 3290/1400/1304
f 3246/1372/1260 3245/1369/1259 3276/1398/1290 3277/1401/1291
f 3273/1373/1287 3272/1370/1286 3303/1399/1317 3304/1402/1318
f 3260/1374/1274 3259/1371/1273 3290/1400/1304 3291/1403/1305
f 3247/1375/1261 3246/1372/1260 3277/1401/1291 3278/1404/1292
f 3274/1376/1288 3273/1373/1287 3304/1402/1318 3305/1405/1319
f 3261/1377/1275 3260/1374/1274 3291/1403/1305 3292/1406/1306
f 3248/1378/1262 3247/1375/1261 3278/1404/1292 3279/1407/1293
f 3275/1379/1289 3274/1376/1288 3305/1405/1319 3306/1408/1320
f 3262/1380/1276 3261/1377/1275 3292/1406/1306 3293/1409/1307
f 3249/1381/1263 3248/1378/1262 3279/1407/1293 3280/1410/1294
f 2965/1411/979 3275/1379/1289 3306/1408/1320
f 3263/1383/1277 3262/1380/1276 3293/1409/1307 3294/1412/1308
f 3250/1384/1264 3249/1381/1263 3280/1410/1294 3281/1413/1295
f 3264/1352/1278 3263/1383/1277 3294/1412/1308 3295/1414/1309
f 3251/1354/1265 3250/1384/1264 3281/1413/1295 3282/1415/1296
f 3265/1353/1279 3264/1352/1278 3295/1414/1309 3296/1416/1310
f 3252/1355/1266 3251/1354/1265 3282/1415/1296 3283/1417/1297
f 3266/1356/1280 3265/1353/1279 3296/1416/1310 3297/1385/1311
f 3253/1357/1267 3252/1355/1266 3283/1417/1297 3284/1387/1298
f 3300/1391/1314 3299/1389/1313 3330/1418/1344 3331/1419/1345
f 3287/1392/1301 3286/1390/1300 3317/1420/1331 3318/1421/1332
f 3301/1393/1315 3300/1391/1314 3331/1419/1345 3332/1422/1346
f 3288/1394/1302 3287/1392/1301 3318/1421/1332 3319/1423/1333
f 3302/1395/1316 3301/1393/1315 3332/1422/1346 3333/1424/1347
f 3289/1396/1303 3288/1394/1302 3319/1423/1333 3320/1425/1334
f 3276/1398/1290 3431/1426/1445 3307/1427/1321
f 3303/1399/1317 3302/1395/1316 3333/1424/1347 3334/1428/1348
f 3290/1400/1304 3289/1396/1303 3320/1425/1334 3321/1429/1335
f 3277/1401/1291 3276/1398/1290 3307/1427/1321 3308/1430/1322
f 3304/1402/1318 3303/1399/1317 3334/1428/1348 3335/1431/1349
f 3291/1403/1305 3290/1400/1304 3321/1429/1335 3322/1432/1336
f 3278/1404/1292 3277/1401/1291 3308/1430/1322 3309/1433/1323
f 3305/1405/1319 3304/1402/1318 3335/1431/1349 3336/1434/1350
f 3292/1406/1306 3291/1403/1305 3322/1432/1336 3323/1435/1337
f 3279/1407/1293 3278/1404/1292 3309/1433/1323 3310/1436/1324
f 3306/1408/1320 3305/1405/1319 3336/1434/1350 3337/1437/1351
f 3293/1409/1307 3292/1406/1306 3323/1435/1337 3324/1438/1338
f 3280/1410/1294 3279/1407/1293 3310/1436/1324 3311/1439/1325
f 2965/1440/979 3306/1408/1320 3337/1437/1351
f 3294/1412/1308 3293/1409/1307 3324/1438/1338 3325/1441/1339
f 3281/1413/1295 3280/1410/1294 3311/1439/1325 3312/1442/1326
f 3295/1414/1309 3294/1412/1308 3325/1441/1339 3326/1443/1340
f 3282/1415/1296 3281/1413/1295 3312/1442/1326 3313/1444/1327
f 3296/1416/1310 3295/1414/1309 3326/1443/1340 3327/1445/1341
f 3283/1417/1297 3282/1415/1296 3313/1444/1327 3314/1446/1328
f 3297/1385/1311 3296/1416/1310 3327/1445/1341 3328/1447/1342
f 3284/1387/1298 3283/1417/1297 3314/1446/1328 3315/1448/1329
f 3298/1386/1312 3297/1385/1311 3328/1447/1342 3329/1449/1343
f 3285/1388/1299 3284/1387/1298 3315/1448/1329 3316/1450/1330
f 3299/1389/1313 3298/1386/1312 3329/1449/1343 3330/1418/1344
f 3286/1390/1300 3285/1388/1299 3316/1450/1330 3317/1420/1331
f 3333/1424/1347 3332/1422/1346 3363/1451/1377 3364/1452/1378
f 3320/1425/1334 3319/1423/1333 3350/1453/1364 3351/1454/1365
f 3307/1427/1321 3431/1455/1445 3338/1456/1352
f 3334/1428/1348 3333/1424/1347 3364/1452/1378 3365/1457/1379
f 3321/1429/1335 3320/1425/1334 3351/1454/1365 3352/1458/1366
f 3308/1430/1322 3307/1427/1321 3338/1456/1352 3339/1459/1353
f 3335/1431/1349 3334/1428/1348 3365/1457/1379 3366/1460/1380
f 3322/1432/1336 3321/1429/1335 3352/1458/1366 3353/1461/1367
f 3309/1433/1323 3308/1430/1322 3339/1459/1353 3340/1462/1354
f 3336/1434/1350 3335/1431/1349 3366/1460/1380 3367/1463/1381
f 3323/1435/1337 3322/1432/1336 3353/1461/1367 3354/1464/1368
f 3310/1436/1324 3309/1433/1323 3340/1462/1354 3341/1465/1355
f 3337/1437/1351 3336/1434/1350 3367/1463/1381 3368/1466/1382
f 3324/1438/1338 3323/1435/1337 3354/1464/1368 3355/1467/1369
f 3311/1439/1325 3310/1436/1324 3341/1465/1355 3342/1468/1356
f 2965/1469/979 3337/1437/1351 3368/1466/1382
f 3325/1441/1339 3324/1438/1338 3355/1467/1369 3356/1470/1370
f 3312/1442/1326 3311/1439/1325 3342/1468/1356 3343/1471/1357
f 3326/1443/1340 3325/1441/1339 3356/1470/1370 3357/1472/1371
f 3313/1444/1327 3312/1442/1326 3343/1471/1357 3344/1473/1358
f 3327/1445/1341 3326/1443/1340 3357/1472/1371 3358/1474/1372
f 3314/1446/1328 3313/1444/1327 3344/1473/1358 3345/1475/1359
f 3328/1447/1342 3327/1445/1341 3358/1474/1372 3359/1476/1373
f 3315/1448/1329 3314/1446/1328 3345/1475/1359 3346/1477/1360
f 3329/1449/1343 3328/1447/1342 3359/1476/1373 3360/1478/1374
f 3316/1450/1330 3315/1448/1329 3346/1477/1360 3347/1479/1361
f 3330/1418/1344 3329/1449/1343 3360/1478/1374 3361/1480/1375
f 3317/1420/1331 3316/1450/1330 3347/1479/1361 3348/1481/1362
f 3331/1419/1345 3330/1418/1344 3361/1480/1375 3362/1482/1376
f 3318/1421/1332 3317/1420/1331 3348/1481/1362 3349/1483/1363
f 3332/1422/1346 3331/1419/1345 3362/1482/1376 3363/1451/1377
f 3319/1423/1333 3318/1421/1332 3349/1483/1363 3350/1453/1364
f 3366/1460/1380 3365/1457/1379 3396/1484/1410 3397/1485/1411
f 3353/1461/1367 3352/1458/1366 3383/1486/1397 3384/1487/1398
f 3340/1462/1354 3339/1459/1353 3370/1488/1384 3371/1489/1385
f 3367/1463/1381 3366/1460/1380 3397/1485/1411 3398/1490/1412
f 3354/1464/1368 3353/1461/1367 3384/1487/1398 3385/1491/1399
f 3341/1465/1355 3340/1462/1354 3371/1489/1385 3372/1492/1386
f 3368/1466/1382 3367/1463/1381 3398/1490/1412 3399/1493/1413
f 3355/1467/1369 3354/1464/1368 3385/1491/1399 3386/1494/1400
f 3342/1468/1356 3341/1465/1355 3372/1492/1386 3373/1495/1387
f 2965/1496/979 3368/1466/1382 3399/1493/1413
f 3356/1470/1370 3355/1467/1369 3386/1494/1400 3387/1497/1401
f 3343/1471/1357 3342/1468/1356 3373/1495/1387 3374/1498/1388
f 3357/1472/1371 3356/1470/1370 3387/1497/1401 3388/1499/1402
f 3344/1473/1358 3343/1471/1357 3374/1498/1388 3375/1500/1389
f 3358/1474/1372 3357/1472/1371 3388/1499/1402 3389/1501/1403
f 3345/1475/1359 3344/1473/1358 3375/1500/1389 3376/1502/1390
f 3359/1476/1373 3358/1474/1372 3389/1501/1403 3390/1503/1404
f 3346/1477/1360 3345/1475/1359 3376/1502/1390 3377/1504/1391
f 3360/1478/1374 3359/1476/1373 3390/1503/1404 3391/1505/1405
f 3347/1479/1361 3346/1477/1360 3377/1504/1391 3378/1506/1392
f 3361/1480/1375 3360/1478/1374 3391/1505/1405 3392/1507/1406
f 3348/1481/1362 3347/1479/1361 3378/1506/1392 3379/1508/1393
f 3362/1482/1376 3361/1480/1375 3392/1507/1406 3393/1509/1407
f 3349/1483/1363 3348/1481/1362 3379/1508/1393 3380/1510/1394
f 3363/1451/1377 3362/1482/1376 3393/1509/1407 3394/1511/1408
f 3350/1453/1364 3349/1483/1363 3380/1510/1394 3381/1512/1395
f 3364/1452/1378 3363/1451/1377 3394/1511/1408 3395/1513/1409
f 3351/1454/1365 3350/1453/1364 3381/1512/1395 3382/1514/1396
f 3338/1456/1352 3431/1515/1445 3369/1516/1383
f 3365/1457/1379 3364/1452/1378 3395/1513/1409 3396/1484/1410
f 3352/1458/1366 3351/1454/1365 3382/1514/1396 3383/1486/1397
f 3339/1459/1353 3338/1456/1352 3369/1516/1383 3370/1488/1384
f 3399/1493/1413 3398/1490/1412 3429/1517/1443 3430/1518/1444
f 3386/1494/1400 3385/1491/1399 3416/1519/1430 3417/1520/1431
f 3373/1495/1387 3372/1492/1386 3403/1521/1417 3404/1522/1418
f 2965/1523/979 3399/1493/1413 3430/1518/1444
f 3387/1497/1401 3386/1494/1400 3417/1520/1431 3418/1524/1432
f 3374/1498/1388 3373/1495/1387 3404/1522/1418 3405/1525/1419
f 3388/1499/1402 3387/1497/1401 3418/1524/1432 3419/1526/1433
f 3375/1500/1389 3374/1498/1388 3405/1525/1419 3406/1527/1420
f 3389/1501/1403 3388/1499/1402 3419/1526/1433 3420/1528/1434
f 3376/1502/1390 3375/1500/1389 3406/1527/1420 3407/1529/1421
f 3390/1503/1404 3389/1501/1403 3420/1528/1434 3421/1530/1435
f 3377/1504/1391 3376/1502/1390 3407/1529/1421 3408/1531/1422
f 3391/1505/1405 3390/1503/1404 3421/1530/1435 3422/1532/1436
f 3378/1506/1392 3377/1504/1391 3408/1531/1422 3409/1533/1423
f 3392/1507/1406 3391/1505/1405 3422/1532/1436 3423/1534/1437
f 3379/1508/1393 3378/1506/1392 3409/1533/1423 3410/1535/1424
f 3393/1509/1407 3392/1507/1406 3423/1534/1437 3424/1536/1438
f 3380/1510/1394 3379/1508/1393 3410/1535/1424 3411/1537/1425
f 3394/1511/1408 3393/1509/1407 3424/1536/1438 3425/1538/1439
f 3381/1512/1395 3380/1510/1394 3411/1537/1425 3412/1539/1426
f 3395/1513/1409 3394/1511/1408 3425/1538/1439 3426/1540/1440
f 3382/1514/1396 3381/1512/1395 3412/1539/1426 3413/1541/1427
f 3369/1516/1383 3431/1542/1445 3400/1543/1414
f 3396/1484/1410 3395/1513/1409 3426/1540/1440 3427/1544/1441
f 3383/1486/1397 3382/1514/1396 3413/1541/1427 3414/1545/1428
f 3370/1488/1384 3369/1516/1383 3400/1543/1414 3401/1546/1415
f 3397/1485/1411 3396/1484/1410 3427/1544/1441 3428/1547/1442
f 3384/1487/1398 3383/1486/1397 3414/1545/1428 3415/1548/1429
f 3371/1489/1385 3370/1488/1384 3401/1546/1415 3402/1549/1416
f 3398/1490/1412 3397/1485/1411 3428/1547/1442 3429/1517/1443
f 3385/1491/1399 3384/1487/1398 3415/1548/1429 3416/1519/1430
f 3372/1492/1386 3371/1489/1385 3402/1549/1416 3403/1521/1417
f 3419/1526/1433 3418/1524/1432 3450/1550/1464 3451/1551/1465
f 3406/1527/1420 3405/1525/1419 3437/1552/1451 3438/1553/1452
f 3420/1528/1434 3419/1526/1433 3451/1551/1465 3452/1554/1466
f 3407/1529/1421 3406/1527/1420 3438/1553/1452 3439/1555/1453
f 3421/1530/1435 3420/1528/1434 3452/1554/1466 3453/1556/1467
f 3408/1531/1422 3407/1529/1421 3439/1555/1453 3440/1557/1454
f 3422/1532/1436 3421/1530/1435 3453/1556/1467 3454/1558/1468
f 3409/1533/1423 3408/1531/1422 3440/1557/1454 3441/1559/1455
f 3423/1534/1437 3422/1532/1436 3454/1558/1468 3455/1560/1469
f 3410/1535/1424 3409/1533/1423 3441/1559/1455 3442/1561/1456
f 3424/1536/1438 3423/1534/1437 3455/1560/1469 3456/1562/1470
f 3411/1537/1425 3410/1535/1424 3442/1561/1456 3443/1563/1457
f 3425/1538/1439 3424/1536/1438 3456/1562/1470 3457/1564/1471
f 3412/1539/1426 3411/1537/1425 3443/1563/1457 3444/1565/1458
f 3426/1540/1440 3425/1538/1439 3457/1564/1471 3458/1566/1472
f 3413/1541/1427 3412/1539/1426 3444/1565/1458 3445/1567/1459
f 3400/1543/1414 3431/1568/1445 3432/1569/1446
f 3427/1544/1441 3426/1540/1440 3458/1566/1472 3459/1570/1473
f 3414/1545/1428 3413/1541/1427 3445/1567/1459 3446/1571/1460
f 3401/1546/1415 3400/1543/1414 3432/1569/1446 3433/1572/1447
f 3428/1547/1442 3427/1544/1441 3459/1570/1473 3460/1573/1474
f 3415/1548/1429 3414/1545/1428 3446/1571/1460 3447/1574/1461
f 3402/1549/1416 3401/1546/1415 3433/1572/1447 3434/1575/1448
f 3429/1517/1443 3428/1547/1442 3460/1573/1474 3461/1576/1475
f 3416/1519/1430 3415/1548/1429 3447/1574/1461 3448/1577/1462
f 3403/1521/1417 3402/1549/1416 3434/1575/1448 3435/1578/1449
f 3430/1518/1444 3429/1517/1443 3461/1576/1475 3462/1579/1476
f 3417/1520/1431 3416/1519/1430 3448/1577/1462 3449/1580/1463
f 3404/1522/1418 3403/1521/1417 3435/1578/1449 3436/1581/1450
f 2965/1582/979 3430/1518/1444 3462/1579/1476
f 3418/1524/1432 3417/1520/1431 3449/1580/1463 3450/1550/1464
f 3405/1525/1419 3404/1522/1418 3436/1581/1450 3437/1552/1451
f 3453/1556/1467 3452/1554/1466 3483/1583/1497 3484/1584/1498
f 3440/1557/1454 3439/1555/1453 3470/1585/1484 3471/1586/1485
f 3454/1558/1468 3453/1556/1467 3484/1584/1498 3485/1587/1499
f 3441/1559/1455 3440/1557/1454 3471/1586/1485 3472/1588/1486
f 3455/1560/1469 3454/1558/1468 3485/1587/1499 3486/1589/1500
f 3442/1561/1456 3441/1559/1455 3472/1588/1486 3473/1590/1487
f 3456/1562/1470 3455/1560/1469 3486/1589/1500 3487/1591/1501
f 3443/1563/1457 3442/1561/1456 3473/1590/1487 3474/1592/1488
f 3457/1564/1471 3456/1562/1470 3487/1591/1501 3488/1593/1502
f 3444/1565/1458 3443/1563/1457 3474/1592/1488 3475/1594/1489
f 3458/1566/1472 3457/1564/1471 3488/1593/1502 3489/1595/1503
f 3445/1567/1459 3444/1565/1458 3475/1594/1489 3476/1596/1490
f 3432/1569/1446 3431/1597/1445 3463/1598/1477
f 3459/1570/1473 3458/1566/1472 3489/1595/1503 3490/1599/1504
f 3446/1571/1460 3445/1567/1459 3476/1596/1490 3477/1600/1491
f 3433/1572/1447 3432/1569/1446 3463/1598/1477 3464/1601/1478
f 3460/1573/1474 3459/1570/1473 3490/1599/1504 3491/1602/1505
f 3447/1574/1461 3446/1571/1460 3477/1600/1491 3478/1603/1492
f 3434/1575/1448 3433/1572/1447 3464/1601/1478 3465/1604/1479
f 3461/1576/1475 3460/1573/1474 3491/1602/1505 3492/1605/1506
f 3448/1577/1462 3447/1574/1461 3478/1603/1492 3479/1606/1493
f 3435/1578/1449 3434/1575/1448 3465/1604/1479 3466/1607/1480
f 3462/1579/1476 3461/1576/1475 3492/1605/1506 3493/1608/1507
f 3449/1580/1463 3448/1577/1462 3479/1606/1493 3480/1609/1494
f 3436/1581/1450 3435/1578/1449 3466/1607/1480 3467/1610/1481
f 2965/1611/979 3462/1579/1476 3493/1608/1507
f 3450/1550/1464 3449/1580/1463 3480/1609/1494 3481/1612/1495
f 3437/1552/1451 3436/1581/1450 3467/1610/1481 3468/1613/1482
f 3451/1551/1465 3450/1550/1464 3481/1612/1495 3482/1614/1496
f 3438/1553/1452 3437/1552/1451 3468/1613/1482 3469/1615/1483
f 3452/1554/1466 3451/1551/1465 3482/1614/1496 3483/1583/1497
f 3439/1555/1453 3438/1553/1452 3469/1615/1483 3470/1585/1484
f 3486/1616/1500 3485/1617/1499 3516/1618/1530 3517/1619/1531
f 3473/1620/1487 3472/1621/1486 3503/1622/1517 3504/1623/1518
f 3487/1624/1501 3486/1616/1500 3517/1619/1531 3518/1625/1532
f 3474/1626/1488 3473/1620/1487 3504/1623/1518 3505/1627/1519
f 3488/1628/1502 3487/1624/1501 3518/1625/1532 3519/1629/1533
f 3475/1630/1489 3474/1626/1488 3505/1627/1519 3506/1631/1520
f 3489/1632/1503 3488/1628/1502 3519/1629/1533 3520/1633/1534
f 3476/1634/1490 3475/1630/1489 3506/1631/1520 3507/1635/1521
f 3463/1636/1477 3431/1637/1445 3494/1638/1508
f 3490/1639/1504 3489/1632/1503 3520/1633/1534 3521/1640/1535
f 3477/1641/1491 3476/1634/1490 3507/1635/1521 3508/1642/1522
f 3464/1643/1478 3463/1636/1477 3494/1638/1508 3495/1644/1509
f 3491/1645/1505 3490/1639/1504 3521/1640/1535 3522/1646/1536
f 3478/1647/1492 3477/1641/1491 3508/1642/1522 3509/1648/1523
f 3465/1649/1479 3464/1643/1478 3495/1644/1509 3496/1650/1510
f 3492/1651/1506 3491/1645/1505 3522/1646/1536 3523/1652/1537
f 3479/1653/1493 3478/1647/1492 3509/1648/1523 3510/1654/1524
f 3466/1655/1480 3465/1649/1479 3496/1650/1510 3497/1656/1511
f 3493/1657/1507 3492/1651/1506 3523/1652/1537 3524/1658/1538
f 3480/1659/1494 3479/1653/1493 3510/1654/1524 3511/1660/1525
f 3467/1661/1481 3466/1655/1480 3497/1656/1511 3498/1662/1512
f 2965/1663/979 3493/1657/1507 3524/1658/1538
f 3481/1664/1495 3480/1659/1494 3511/1660/1525 3512/1665/1526
f 3468/1666/1482 3467/1661/1481 3498/1662/1512 3499/1667/1513
f 3482/1668/1496 3481/1664/1495 3512/1665/1526 3513/1669/1527
f 3469/1670/1483 3468/1666/1482 3499/1667/1513 3500/1671/1514
f 3483/1672/1497 3482/1668/1496 3513/1669/1527 3514/1673/1528
f 3470/1674/1484 3469/1670/1483 3500/1671/1514 3501/1675/1515
f 3484/1676/1498 3483/1672/1497 3514/1673/1528 3515/1677/1529
f 3471/1678/1485 3470/1674/1484 3501/1675/1515 3502/1679/1516
f 3485/1617/1499 3484/1676/1498 3515/1677/1529 3516/1618/1530
f 3472/1621/1486 3471/1678/1485 3502/1679/1516 3503/1622/1517
f 3519/1629/1533 3518/1625/1532 3549/1680/1563 3550/1681/1564
f 3506/1631/1520 3505/1627/1519 3536/1682/1550 3537/1683/1551
f 3520/1633/1534 3519/1629/1533 3550/1681/1564 3551/1684/1565
f 3507/1635/1521 3506/1631/1520 3537/1683/1551 3538/1685/1552
f 3494/1638/1508 3431/1686/1445 3525/1687/1539
f 3521/1640/1535 3520/1633/1534 3551/1684/1565 3552/1688/1566
f 3508/1642/1522 3507/1635/1521 3538/1685/1552 3539/1689/1553
f 3495/1644/1509 3494/1638/1508 3525/1687/1539 3526/1690/1540
f 3522/1646/1536 3521/1640/1535 3552/1688/1566 3553/1691/1567
f 3509/1648/1523 3508/1642/1522 3539/1689/1553 3540/1692/1554
f 3496/1650/1510 3495/1644/1509 3526/1690/1540 3527/1693/1541
f 3523/1652/1537 3522/1646/1536 3553/1691/1567 3554/1694/1568
f 3510/1654/1524 3509/1648/1523 3540/1692/1554 3541/1695/1555
f 3497/1656/1511 3496/1650/1510 3527/1693/1541 3528/1696/1542
f 3524/1658/1538 3523/1652/1537 3554/1694/1568 3555/1697/1569
f 3511/1660/1525 3510/1654/1524 3541/1695/1555 3542/1698/1556
f 3498/1662/1512 3497/1656/1511 3528/1696/1542 3529/1699/1543
f 2965/1700/979 3524/1658/1538 3555/1697/1569
f 3512/1665/1526 3511/1660/1525 3542/1698/1556 3543/1701/1557
f 3499/1667/1513 3498/1662/1512 3529/1699/1543 3530/1702/1544
f 3513/1669/1527 3512/1665/1526 3543/1701/1557 3544/1703/1558
f 3500/1671/1514 3499/1667/1513 3530/1702/1544 3531/1704/1545
f 3514/1673/1528 3513/1669/1527 3544/1703/1558 3545/1705/1559
f 3501/1675/1515 3500/1671/1514 3531/1704/1545 3532/1706/1546
f 3515/1677/1529 3514/1673/1528 3545/1705/1559 3546/1707/1560
f 3502/1679/1516 3501/1675/1515 3532/1706/1546 3533/1708/1547
f 3516/1618/1530 3515/1677/1529 3546/1707/1560 3547/1709/1561
f 3503/1622/1517 3502/1679/1516 3533/1708/1547 3534/1710/1548
f 3517/1619/1531 3516/1618/1530 3547/1709/1561 3548/1711/1562
f 3504/1623/1518 3503/1622/1517 3534/1710/1548 3535/1712/1549
f 3518/1625/1532 3517/1619/1531 3548/1711/1562 3549/1680/1563
f 3505/1627/1519 3504/1623/1518 3535/1712/1549 3536/1682/1550
f 3525/1687/1539 3431/1713/1445 3556/1714/1570
f 3552/1688/1566 3551/1684/1565 3582/1715/1596 3583/1716/1597
f 3539/1689/1553 3538/1685/1552 3569/1717/1583 3570/1718/1584
f 3526/1690/1540 3525/1687/1539 3556/1714/1570 3557/1719/1571
f 3553/1691/1567 3552/1688/1566 3583/1716/1597 3584/1720/1598
f 3540/1692/1554 3539/1689/1553 3570/1718/1584 3571/1721/1585
f 3527/1693/1541 3526/1690/1540 3557/1719/1571 3558/1722/1572
f 3554/1694/1568 3553/1691/1567 3584/1720/1598 3585/1723/1599
f 3541/1695/1555 3540/1692/1554 3571/1721/1585 3572/1724/1586
f 3528/1696/1542 3527/1693/1541 3558/1722/1572 3559/1725/1573
f 3555/1697/1569 3554/1694/1568 3585/1723/1599 3586/1726/1600
f 3542/1698/1556 3541/1695/1555 3572/1724/1586 3573/1727/1587
f 3529/1699/1543 3528/1696/1542 3559/1725/1573 3560/1728/1574
f 2965/1729/979 3555/1697/1569 3586/1726/1600
f 3543/1701/1557 3542/1698/1556 3573/1727/1587 3574/1730/1588
f 3530/1702/1544 3529/1699/1543 3560/1728/1574 3561/1731/1575
f 3544/1703/1558 3543/1701/1557 3574/1730/1588 3575/1732/1589
f 3531/1704/1545 3530/1702/1544 3561/1731/1575 3562/1733/1576
f 3545/1705/1559 3544/1703/1558 3575/1732/1589 3576/1734/1590
f 3532/1706/1546 3531/1704/1545 3562/1733/1576 3563/1735/1577
f 3546/1707/1560 3545/1705/1559 3576/1734/1590 3577/1736/1591
f 3533/1708/1547 3532/1706/1546 3563/1735/1577 3564/1737/1578
f 3547/1709/1561 3546/1707/1560 3577/1736/1591 3578/1738/1592
f 3534/1710/1548 3533/1708/1547 3564/1737/1578 3565/1739/1579
f 3548/1711/1562 3547/1709/1561 3578/1738/1592 3579/1740/1593
f 3535/1712/1549 3534/1710/1548 3565/1739/1579 3566/1741/1580
f 3549/1680/1563 3548/1711/1562 3579/1740/1593 3580/1742/1594
f 3536/1682/1550 3535/1712/1549 3566/1741/1580 3567/1743/1581
f 3550/1681/1564 3549/1680/1563 3580/1742/1594 3581/1744/1595
f 3537/1683/1551 3536/1682/1550 3567/1743/1581 3568/1745/1582
f 3551/1684/1565 3550/1681/1564 3581/1744/1595 3582/1715/1596
f 3538/1685/1552 3537/1683/1551 3568/1745/1582 3569/1717/1583
f 3568/1745/1582 3567/1743/1581 3598/1746/1612 3599/1747/1613
f 3582/1715/1596 3581/1744/1595 3612/1748/1626 3613/1749/1627
f 3569/1717/1583 3568/1745/1582 3599/1747/1613 3600/1750/1614
f 3556/1714/1570 3431/1751/1445 3587/1752/1601
f 3583/1716/1597 3582/1715/1596 3613/1749/1627 3614/1753/1628
f 3570/1718/1584 3569/1717/1583 3600/1750/1614 3601/1754/1615
f 3557/1719/1571 3556/1714/1570 3587/1752/1601 3588/1755/1602
f 3584/1720/1598 3583/1716/1597 3614/1753/1628 3615/1756/1629
f 3571/1721/1585 3570/1718/1584 3601/1754/1615 3602/1757/1616
f 3558/1722/1572 3557/1719/1571 3588/1755/1602 3589/1758/1603
f 3585/1723/1599 3584/1720/1598 3615/1756/1629 3616/1759/1630
f 3572/1724/1586 3571/1721/1585 3602/1757/1616 3603/1760/1617
f 3559/1725/1573 3558/1722/1572 3589/1758/1603 3590/1761/1604
f 3586/1726/1600 3585/1723/1599 3616/1759/1630 3617/1762/1631
f 3573/1727/1587 3572/1724/1586 3603/1760/1617 3604/1763/1618
f 3560/1728/1574 3559/1725/1573 3590/1761/1604 3591/1764/1605
f 2965/1765/979 3586/1726/1600 3617/1762/1631
f 3574/1730/1588 3573/1727/1587 3604/1763/1618 3605/1766/1619
f 3561/1731/1575 3560/1728/1574 3591/1764/1605 3592/1767/1606
f 3575/1732/1589 3574/1730/1588 3605/1766/1619 3606/1768/1620
f 3562/1733/1576 3561/1731/1575 3592/1767/1606 3593/1769/1607
f 3576/1734/1590 3575/1732/1589 3606/1768/1620 3607/1770/1621
f 3563/1735/1577 3562/1733/1576 3593/1769/1607 3594/1771/1608
f 3577/1736/1591 3576/1734/1590 3607/1770/1621 3608/1772/1622
f 3564/1737/1578 3563/1735/1577 3594/1771/1608 3595/1773/1609
f 3578/1738/1592 3577/1736/1591 3608/1772/1622 3609/1774/1623
f 3565/1739/1579 3564/1737/1578 3595/1773/1609 3596/1775/1610
f 3579/1740/1593 3578/1738/1592 3609/1774/1623 3610/1776/1624
f 3566/1741/1580 3565/1739/1579 3596/1775/1610 3597/1777/1611
f 3580/1742/1594 3579/1740/1593 3610/1776/1624 3611/1778/1625
f 3567/1743/1581 3566/1741/1580 3597/1777/1611 3598/1746/1612
f 3581/1744/1595 3580/1742/1594 3611/1778/1625 3612/1748/1626
f 3601/1754/1615 3600/1750/1614 3631/1779/1645 3632/1780/1646
f 3588/1755/1602 3587/1752/1601 3618/1781/1632 3619/1782/1633
f 3615/1756/1629 3614/1753/1628 3645/1783/1659 3646/1784/1660
f 3602/1757/1616 3601/1754/1615 3632/1780/1646 3633/1785/1647
f 3589/1758/1603 3588/1755/1602 3619/1782/1633 3620/1786/1634
f 3616/1759/1630 3615/1756/1629 3646/1784/1660 3647/1787/1661
f 3603/1760/1617 3602/1757/1616 3633/1785/1647 3634/1788/1648
f 3590/1761/1604 3589/1758/1603 3620/1786/1634 3621/1789/1635
f 3617/1762/1631 3616/1759/1630 3647/1787/1661 3648/1790/1662
f 3604/1763/1618 3603/1760/1617 3634/1788/1648 3635/1791/1649
f 3591/1764/1605 3590/1761/1604 3621/1789/1635 3622/1792/1636
f 2965/1793/979 3617/1762/1631 3648/1790/1662
f 3605/1766/1619 3604/1763/1618 3635/1791/1649 3636/1794/1650
f 3592/1767/1606 3591/1764/1605 3622/1792/1636 3623/1795/1637
f 3606/1768/1620 3605/1766/1619 3636/1794/1650 3637/1796/1651
f 3593/1769/1607 3592/1767/1606 3623/1795/1637 3624/1797/1638
f 3607/1770/1621 3606/1768/1620 3637/1796/1651 3638/1798/1652
f 3594/1771/1608 3593/1769/1607 3624/1797/1638 3625/1799/1639
f 3608/1772/1622 3607/1770/1621 3638/1798/1652 3639/1800/1653
f 3595/1773/1609 3594/1771/1608 3625/1799/1639 3626/1801/1640
f 3609/1774/1623 3608/1772/1622 3639/1800/1653 3640/1802/1654
f 3596/1775/1610 3595/1773/1609 3626/1801/1640 3627/1803/1641
f 3610/1776/1624 3609/1774/1623 3640/1802/1654 3641/1804/1655
f 3597/1777/1611 3596/1775/1610 3627/1803/1641 3628/1805/1642
f 3611/1778/1625 3610/1776/1624 3641/1804/1655 3642/1806/1656
f 3598/1746/1612 3597/1777/1611 3628/1805/1642 3629/1807/1643
f 3612/1748/1626 3611/1778/1625 3642/1806/1656 3643/1808/1657
f 3599/1747/1613 3598/1746/1612 3629/1807/1643 3630/1809/1644
f 3613/1749/1627 3612/1748/1626 3643/1808/1657 3644/1810/1658
f 3600/1750/1614 3599/1747/1613 3630/1809/1644 3631/1779/1645
f 3587/1752/1601 3431/1811/1445 3618/1781/1632
f 3614/1753/1628 3613/1749/1627 3644/1810/1658 3645/1783/1659
f 3634/1788/1648 3633/1785/1647 3664/1812/1678 3665/1813/1679
f 3621/1789/1635 3620/1786/1634 3651/1814/1665 3652/1815/1666
f 3648/1790/1662 3647/1787/1661 3678/1816/1692 3679/1817/1693
f 3635/1791/1649 3634/1788/1648 3665/1813/1679 3666/1818/1680
f 3622/1792/1636 3621/1789/1635 3652/1815/1666 3653/1819/1667
f 2965/1820/979 3648/1790/1662 3679/1817/1693
f 3636/1794/1650 3635/1791/1649 3666/1818/1680 3667/1821/1681
f 3623/1795/1637 3622/1792/1636 3653/1819/1667 3654/1822/1668
f 3637/1796/1651 3636/1794/1650 3667/1821/1681 3668/1823/1682
f 3624/1797/1638 3623/1795/1637 3654/1822/1668 3655/1824/1669
f 3638/1798/1652 3637/1796/1651 3668/1823/1682 3669/1825/1683
f 3625/1799/1639 3624/1797/1638 3655/1824/1669 3656/1826/1670
f 3639/1800/1653 3638/1798/1652 3669/1825/1683 3670/1827/1684
f 3626/1801/1640 3625/1799/1639 3656/1826/1670 3657/1828/1671
f 3640/1802/1654 3639/1800/1653 3670/1827/1684 3671/1829/1685
f 3627/1803/1641 3626/1801/1640 3657/1828/1671 3658/1830/1672
f 3641/1804/1655 3640/1802/1654 3671/1829/1685 3672/1831/1686
f 3628/1805/1642 3627/1803/1641 3658/1830/1672 3659/1832/1673
f 3642/1806/1656 3641/1804/1655 3672/1831/1686 3673/1833/1687
f 3629/1807/1643 3628/1805/1642 3659/1832/1673 3660/1834/1674
f 3643/1808/1657 3642/1806/1656 3673/1833/1687 3674/1835/1688
f 3630/1809/1644 3629/1807/1643 3660/1834/1674 3661/1836/1675
f 3644/1810/1658 3643/1808/1657 3674/1835/1688 3675/1837/1689
f 3631/1779/1645 3630/1809/1644 3661/1836/1675 3662/1838/1676
f 3618/1781/1632 3431/1839/1445 3649/1840/1663
f 3645/1783/1659 3644/1810/1658 3675/1837/1689 3676/1841/1690
f 3632/1780/1646 3631/1779/1645 3662/1838/1676 3663/1842/1677
f 3619/1782/1633 3618/1781/1632 3649/1840/1663 3650/1843/1664
f 3646/1784/1660 3645/1783/1659 3676/1841/1690 3677/1844/1691
f 3633/1785/1647 3632/1780/1646 3663/1842/1677 3664/1812/1678
f 3620/1786/1634 3619/1782/1633 3650/1843/1664 3651/1814/1665
f 3647/1787/1661 3646/1784/1660 3677/1844/1691 3678/1816/1692
f 3667/1821/1681 3666/1818/1680 3697/1845/1711 3698/1846/1712
f 3654/1822/1668 3653/1819/1667 3684/1847/1698 3685/1848/1699
f 3668/1823/1682 3667/1821/1681 3698/1846/1712 3699/1849/1713
f 3655/1824/1669 3654/1822/1668 3685/1848/1699 3686/1850/1700
f 3669/1825/1683 3668/1823/1682 3699/1849/1713 3700/1851/1714
f 3656/1826/1670 3655/1824/1669 3686/1850/1700 3687/1852/1701
f 3670/1827/1684 3669/1825/1683 3700/1851/1714 3701/1853/1715
f 3657/1828/1671 3656/1826/1670 3687/1852/1701 3688/1854/1702
f 3671/1829/1685 3670/1827/1684 3701/1853/1715 3702/1855/1716
f 3658/1830/1672 3657/1828/1671 3688/1854/1702 3689/1856/1703
f 3672/1831/1686 3671/1829/1685 3702/1855/1716 3703/1857/1717
f 3659/1832/1673 3658/1830/1672 3689/1856/1703 3690/1858/1704
f 3673/1833/1687 3672/1831/1686 3703/1857/1717 3704/1859/1718
f 3660/1834/1674 3659/1832/1673 3690/1858/1704 3691/1860/1705
f 3674/1835/1688 3673/1833/1687 3704/1859/1718 3705/1861/1719
f 3661/1836/1675 3660/1834/1674 3691/1860/1705 3692/1862/1706
f 3675/1837/1689 3674/1835/1688 3705/1861/1719 3706/1863/1720
f 3662/1838/1676 3661/1836/1675 3692/1862/1706 3693/1864/1707
f 3649/1840/1663 3431/1865/1445 3680/1866/1694
f 3676/1841/1690 3675/1837/1689 3706/1863/1720 3707/1867/1721
f 3663/1842/1677 3662/1838/1676 3693/1864/1707 3694/1868/1708
f 3650/1843/1664 3649/1840/1663 3680/1866/1694 3681/1869/1695
f 3677/1844/1691 3676/1841/1690 3707/1867/1721 3708/1870/1722
f 3664/1812/1678 3663/1842/1677 3694/1868/1708 3695/1871/1709
f 3651/1814/1665 3650/1843/1664 3681/1869/1695 3682/1872/1696
f 3678/1816/1692 3677/1844/1691 3708/1870/1722 3709/1873/1723
f 3665/1813/1679 3664/1812/1678 3695/1871/1709 3696/1874/1710
f 3652/1815/1666 3651/1814/1665 3682/1872/1696 3683/1875/1697
f 3679/1817/1693 3678/1816/1692 3709/1873/1723 3710/1876/1724
f 3666/1818/1680 3665/1813/1679 3696/1874/1710 3697/1845/1711
f 3653/1819/1667 3652/1815/1666 3683/1875/1697 3684/1847/1698
f 2965/1877/979 3679/1817/1693 3710/1876/1724
f 3700/1851/1714 3699/1849/1713 3730/1878/1744 3731/1879/1745
f 3687/1852/1701 3686/1850/1700 3717/1880/1731 3718/1881/1732
f 3701/1853/1715 3700/1851/1714 3731/1879/1745 3732/1882/1746
f 3688/1854/1702 3687/1852/1701 3718/1881/1732 3719/1883/1733
f 3702/1855/1716 3701/1853/1715 3732/1882/1746 3733/1884/1747
f 3689/1856/1703 3688/1854/1702 3719/1883/1733 3720/1885/1734
f 3703/1857/1717 3702/1855/1716 3733/1884/1747 3734/1886/1748
f 3690/1858/1704 3689/1856/1703 3720/1885/1734 3721/1887/1735
f 3704/1859/1718 3703/1857/1717 3734/1886/1748 3735/1888/1749
f 3691/1860/1705 3690/1858/1704 3721/1887/1735 3722/1889/1736
f 3705/1861/1719 3704/1859/1718 3735/1888/1749 3736/1890/1750
f 3692/1862/1706 3691/1860/1705 3722/1889/1736 3723/1891/1737
f 3706/1863/1720 3705/1861/1719 3736/1890/1750 3737/1892/1751
f 3693/1864/1707 3692/1862/1706 3723/1891/1737 3724/1893/1738
f 3680/1866/1694 3431/1894/1445 3711/1895/1725
f 3707/1867/1721 3706/1863/1720 3737/1892/1751 3738/1896/1752
f 3694/1868/1708 3693/1864/1707 3724/1893/1738 3725/1897/1739
f 3681/1869/1695 3680/1866/1694 3711/1895/1725 3712/1898/1726
f 3708/1870/1722 3707/1867/1721 3738/1896/1752 3739/1899/1753
f 3695/1871/1709 3694/1868/1708 3725/1897/1739 3726/1900/1740
f 3682/1872/1696 3681/1869/1695 3712/1898/1726 3713/1901/1727
f 3709/1873/1723 3708/1870/1722 3739/1899/1753 3740/1902/1754
f 3696/1874/1710 3695/1871/1709 3726/1900/1740 3727/1903/1741
f 3683/1875/1697 3682/1872/1696 3713/1901/1727 3714/1904/1728
f 3710/1876/1724 3709/1873/1723 3740/1902/1754 3741/1905/1755
f 3697/1845/1711 3696/1874/1710 3727/1903/1741 3728/1906/1742
f 3684/1847/1698 3683/1875/1697 3714/1904/1728 3715/1907/1729
f 2965/1908/979 3710/1876/1724 3741/1905/1755
f 3698/1846/1712 3697/1845/1711 3728/1906/1742 3729/1909/1743
f 3685/1848/1699 3684/1847/1698 3715/1907/1729 3716/1910/1730
f 3699/1849/1713 3698/1846/1712 3729/1909/1743 3730/1878/1744
f 3686/1850/1700 3685/1848/1699 3716/1910/1730 3717/1880/1731
f 3733/1884/1747 3732/1882/1746 3763/1911/1777 3764/1912/1778
f 3720/1885/1734 3719/1883/1733 3750/1913/1764 3751/1914/1765
f 3734/1886/1748 3733/1884/1747 3764/1912/1778 3765/1915/1779
f 3721/1887/1735 3720/1885/1734 3751/1914/1765 3752/1916/1766
f 3735/1888/1749 3734/1886/1748 3765/1915/1779 3766/1917/1780
f 3722/1889/1736 3721/1887/1735 3752/1916/1766 3753/1918/1767
f 3736/1890/1750 3735/1888/1749 3766/1917/1780 3767/1919/1781
f 3723/1891/1737 3722/1889/1736 3753/1918/1767 3754/1920/1768
f 3737/1892/1751 3736/1890/1750 3767/1919/1781 3768/1921/1782
f 3724/1893/1738 3723/1891/1737 3754/1920/1768 3755/1922/1769
f 3711/1895/1725 3431/1923/1445 3742/1924/1756
f 3738/1896/1752 3737/1892/1751 3768/1921/1782 3769/1925/1783
f 3725/1897/1739 3724/1893/1738 3755/1922/1769 3756/1926/1770
f 3712/1898/1726 3711/1895/1725 3742/1924/1756 3743/1927/1757
f 3739/1899/1753 3738/1896/1752 3769/1925/1783 3770/1928/1784
f 3726/1900/1740 3725/1897/1739 3756/1926/1770 3757/1929/1771
f 3713/1901/1727 3712/1898/1726 3743/1927/1757 3744/1930/1758
f 3740/1902/1754 3739/1899/1753 3770/1928/1784 3771/1931/1785
f 3727/1903/1741 3726/1900/1740 3757/1929/1771 3758/1932/1772
f 3714/1904/1728 3713/1901/1727 3744/1930/1758 3745/1933/1759
f 3741/1905/1755 3740/1902/1754 3771/1931/1785 3772/1934/1786
f 3728/1906/1742 3727/1903/1741 3758/1932/1772 3759/1935/1773
f 3715/1907/1729 3714/1904/1728 3745/1933/1759 3746/1936/1760
f 2965/1937/979 3741/1905/1755 3772/1934/1786
f 3729/1909/1743 3728/1906/1742 3759/1935/1773 3760/1938/1774
f 3716/1910/1730 3715/1907/1729 3746/1936/1760 3747/1939/1761
f 3730/1878/1744 3729/1909/1743 3760/1938/1774 3761/1940/1775
f 3717/1880/1731 3716/1910/1730 3747/1939/1761 3748/1941/1762
f 3731/1879/1745 3730/1878/1744 3761/1940/1775 3762/1942/1776
f 3718/1881/1732 3717/1880/1731 3748/1941/1762 3749/1943/1763
f 3732/1882/1746 3731/1879/1745 3762/1942/1776 3763/1911/1777
f 3719/1883/1733 3718/1881/1732 3749/1943/1763 3750/1913/1764
f 3766/1917/1780 3765/1915/1779 3796/1944/1810 3797/1945/1811
f 3753/1918/1767 3752/1916/1766 3783/1946/1797 3784/1947/1798
f 3767/1919/1781 3766/1917/1780 3797/1945/1811 3798/1948/1812
f 3754/1920/1768 3753/1918/1767 3784/1947/1798 3785/1949/1799
f 3768/1921/1782 3767/1919/1781 3798/1948/1812 3799/1950/1813
f 3755/1922/1769 3754/1920/1768 3785/1949/1799 3786/1951/1800
f 3742/1924/1756 3431/1952/1445 3773/1953/1787
f 3769/1925/1783 3768/1921/1782 3799/1950/1813 3800/1954/1814
f 3756/1926/1770 3755/1922/1769 3786/1951/1800 3787/1955/1801
f 3743/1927/1757 3742/1924/1756 3773/1953/1787 3774/1956/1788
f 3770/1928/1784 3769/1925/1783 3800/1954/1814 3801/1957/1815
f 3757/1929/1771 3756/1926/1770 3787/1955/1801 3788/1958/1802
f 3744/1930/1758 3743/1927/1757 3774/1956/1788 3775/1959/1789
f 3771/1931/1785 3770/1928/1784 3801/1957/1815 3802/1960/1816
f 3758/1932/1772 3757/1929/1771 3788/1958/1802 3789/1961/1803
f 3745/1933/1759 3744/1930/1758 3775/1959/1789 3776/1962/1790
f 3772/1934/1786 3771/1931/1785 3802/1960/1816 3803/1963/1817
f 3759/1935/1773 3758/1932/1772 3789/1961/1803 3790/1964/1804
f 3746/1936/1760 3745/1933/1759 3776/1962/1790 3777/1965/1791
f 2965/1966/979 3772/1934/1786 3803/1963/1817
f 3760/1938/1774 3759/1935/1773 3790/1964/1804 3791/1967/1805
f 3747/1939/1761 3746/1936/1760 3777/1965/1791 3778/1968/1792
f 3761/1940/1775 3760/1938/1774 3791/1967/1805 3792/1969/1806
f 3748/1941/1762 3747/1939/1761 3778/1968/1792 3779/1970/1793
f 3762/1942/1776 3761/1940/1775 3792/1969/1806 3793/1971/1807
f 3749/1943/1763 3748/1941/1762 3779/1970/1793 3780/1972/1794
f 3763/1911/1777 3762/1942/1776 3793/1971/1807 3794/1973/1808
f 3750/1913/1764 3749/1943/1763 3780/1972/1794 3781/1974/1795
f 3764/1912/1778 3763/1911/1777 3794/1973/1808 3795/1975/1809
f 3751/1914/1765 3750/1913/1764 3781/1974/1795 3782/1976/1796
f 3765/1915/1779 3764/1912/1778 3795/1975/1809 3796/1944/1810
f 3752/1916/1766 3751/1914/1765 3782/1976/1796 3783/1946/1797
f 3799/1950/1813 3798/1948/1812 3829/1977/1843 3830/1978/1844
f 3786/1951/1800 3785/1949/1799 3816/1979/1830 3817/1980/1831
f 3773/1953/1787 3431/1981/1445 3804/1982/1818
f 3800/1954/1814 3799/1950/1813 3830/1978/1844 3831/1983/1845
f 3787/1955/1801 3786/1951/1800 3817/1980/1831 3818/1984/1832
f 3774/1956/1788 3773/1953/1787 3804/1982/1818 3805/1985/1819
f 3801/1957/1815 3800/1954/1814 3831/1983/1845 3832/1986/1846
f 3788/1958/1802 3787/1955/1801 3818/1984/1832 3819/1987/1833
f 3775/1959/1789 3774/1956/1788 3805/1985/1819 3806/1988/1820
f 3802/1960/1816 3801/1957/1815 3832/1986/1846 3833/1989/1847
f 3789/1961/1803 3788/1958/1802 3819/1987/1833 3820/1990/1834
f 3776/1962/1790 3775/1959/1789 3806/1988/1820 3807/1991/1821
f 3803/1963/1817 3802/1960/1816 3833/1989/1847 3834/1992/1848
f 3790/1964/1804 3789/1961/1803 3820/1990/1834 3821/1993/1835
f 3777/1965/1791 3776/1962/1790 3807/1991/1821 3808/1994/1822
f 2965/1995/979 3803/1963/1817 3834/1992/1848
f 3791/1967/1805 3790/1964/1804 3821/1993/1835 3822/1996/1836
f 3778/1968/1792 3777/1965/1791 3808/1994/1822 3809/1997/1823
f 3792/1969/1806 3791/1967/1805 3822/1996/1836 3823/1998/1837
f 3779/1970/1793 3778/1968/1792 3809/1997/1823 3810/1999/1824
f 3793/1971/1807 3792/1969/1806 3823/1998/1837 3824/2000/1838
f 3780/1972/1794 3779/1970/1793 3810/1999/1824 3811/2001/1825
f 3794/1973/1808 3793/1971/1807 3824/2000/1838 3825/2002/1839
f 3781/1974/1795 3780/1972/1794 3811/2001/1825 3812/2003/1826
f 3795/1975/1809 3794/1973/1808 3825/2002/1839 3826/2004/1840
f 3782/1976/1796 3781/1974/1795 3812/2003/1826 3813/2005/1827
f 3796/1944/1810 3795/1975/1809 3826/2004/1840 3827/2006/1841
f 3783/1946/1797 3782/1976/1796 3813/2005/1827 3814/2007/1828
f 3797/1945/1811 3796/1944/1810 3827/2006/1841 3828/2008/1842
f 3784/1947/1798 3783/1946/1797 3814/2007/1828 3815/2009/1829
f 3798/1948/1812 3797/1945/1811 3828/2008/1842 3829/1977/1843
f 3785/1949/1799 3784/1947/1798 3815/2009/1829 3816/1979/1830
f 3832/1986/1846 3831/1983/1845 3862/2010/1876 3863/2011/1877
f 3819/1987/1833 3818/1984/1832 3849/2012/1863 3850/2013/1864
f 3806/1988/1820 3805/1985/1819 3836/2014/1850 3837/2015/1851
f 3833/1989/1847 3832/1986/1846 3863/2011/1877 3864/2016/1878
f 3820/1990/1834 3819/1987/1833 3850/2013/1864 3851/2017/1865
f 3807/1991/1821 3806/1988/1820 3837/2015/1851 3838/2018/1852
f 3834/1992/1848 3833/1989/1847 3864/2016/1878 3865/2019/1879
f 3821/1993/1835 3820/1990/1834 3851/2017/1865 3852/2020/1866
f 3808/1994/1822 3807/1991/1821 3838/2018/1852 3839/2021/1853
f 2965/2022/979 3834/1992/1848 3865/2019/1879
f 3822/1996/1836 3821/1993/1835 3852/2020/1866 3853/2023/1867
f 3809/1997/1823 3808/1994/1822 3839/2021/1853 3840/2024/1854
f 3823/1998/1837 3822/1996/1836 3853/2023/1867 3854/2025/1868
f 3810/1999/1824 3809/1997/1823 3840/2024/1854 3841/2026/1855
f 3824/2000/1838 3823/1998/1837 3854/2025/1868 3855/2027/1869
f 3811/2001/1825 3810/1999/1824 3841/2026/1855 3842/2028/1856
f 3825/2002/1839 3824/2000/1838 3855/2027/1869 3856/2029/1870
f 3812/2003/1826 3811/2001/1825 3842/2028/1856 3843/2030/1857
f 3826/2004/1840 3825/2002/1839 3856/2029/1870 3857/2031/1871
f 3813/2005/1827 3812/2003/1826 3843/2030/1857 3844/2032/1858
f 3827/2006/1841 3826/2004/1840 3857/2031/1871 3858/2033/1872
f 3814/2007/1828 3813/2005/1827 3844/2032/1858 3845/2034/1859
f 3828/2008/1842 3827/2006/1841 3858/2033/1872 3859/2035/1873
f 3815/2009/1829 3814/2007/1828 3845/2034/1859 3846/2036/1860
f 3829/1977/1843 3828/2008/1842 3859/2035/1873 3860/2037/1874
f 3816/1979/1830 3815/2009/1829 3846/2036/1860 3847/2038/1861
f 3830/1978/1844 3829/1977/1843 3860/2037/1874 3861/2039/1875
f 3817/1980/1831 3816/1979/1830 3847/2038/1861 3848/2040/1862
f 3804/1982/1818 3431/2041/1445 3835/2042/1849
f 3831/1983/1845 3830/1978/1844 3861/2039/1875 3862/2010/1876
f 3818/1984/1832 3817/1980/1831 3848/2040/1862 3849/2012/1863
f 3805/1985/1819 3804/1982/1818 3835/2042/1849 3836/2014/1850
f 3865/2019/1879 3864/2016/1878 3895/2043/1909 3896/2044/1910
f 3852/2020/1866 3851/2017/1865 3882/2045/1896 3883/2046/1897
f 3839/2021/1853 3838/2018/1852 3869/2047/1883 3870/2048/1884
f 2965/2049/979 3865/2019/1879 3896/2044/1910
f 3853/2023/1867 3852/2020/1866 3883/2046/1897 3884/2050/1898
f 3840/2024/1854 3839/2021/1853 3870/2048/1884 3871/2051/1885
f 3854/2025/1868 3853/2023/1867 3884/2050/1898 3885/2052/1899
f 3841/2026/1855 3840/2024/1854 3871/2051/1885 3872/2053/1886
f 3855/2027/1869 3854/2025/1868 3885/2052/1899 3886/2054/1900
f 3842/2028/1856 3841/2026/1855 3872/2053/1886 3873/2055/1887
f 3856/2029/1870 3855/2027/1869 3886/2054/1900 3887/2056/1901
f 3843/2030/1857 3842/2028/1856 3873/2055/1887 3874/2057/1888
f 3857/2031/1871 3856/2029/1870 3887/2056/1901 3888/2058/1902
f 3844/2032/1858 3843/2030/1857 3874/2057/1888 3875/2059/1889
f 3858/2033/1872 3857/2031/1871 3888/2058/1902 3889/2060/1903
f 3845/2034/1859 3844/2032/1858 3875/2059/1889 3876/2061/1890
f 3859/2035/1873 3858/2033/1872 3889/2060/1903 3890/2062/1904
f 3846/2036/1860 3845/2034/1859 3876/2061/1890 3877/2063/1891
f 3860/2037/1874 3859/2035/1873 3890/2062/1904 3891/2064/1905
f 3847/2038/1861 3846/2036/1860 3877/2063/1891 3878/2065/1892
f 3861/2039/1875 3860/2037/1874 3891/2064/1905 3892/2066/1906
f 3848/2040/1862 3847/2038/1861 3878/2065/1892 3879/2067/1893
f 3835/2042/1849 3431/2068/1445 3866/2069/1880
f 3862/2010/1876 3861/2039/1875 3892/2066/1906 3893/2070/1907
f 3849/2012/1863 3848/2040/1862 3879/2067/1893 3880/2071/1894
f 3836/2014/1850 3835/2042/1849 3866/2069/1880 3867/2072/1881
f 3863/2011/1877 3862/2010/1876 3893/2070/1907 3894/2073/1908
f 3850/2013/1864 3849/2012/1863 3880/2071/1894 3881/2074/1895
f 3837/2015/1851 3836/2014/1850 3867/2072/1881 3868/2075/1882
f 3864/2016/1878 3863/2011/1877 3894/2073/1908 3895/2043/1909
f 3851/2017/1865 3850/2013/1864 3881/2074/1895 3882/2045/1896
f 3838/2018/1852 3837/2015/1851 3868/2075/1882 3869/2047/1883
f 3885/2052/1899 3884/2050/1898 3915/2076/1929 3916/2077/1930
f 3872/2053/1886 3871/2051/1885 3902/2078/1916 3903/2079/1917
f 3886/2054/1900 3885/2052/1899 3916/2077/1930 3917/2080/1931
f 3873/2055/1887 3872/2053/1886 3903/2079/1917 3904/2081/1918
f 3887/2056/1901 3886/2054/1900 3917/2080/1931 3918/2082/1932
f 3874/2057/1888 3873/2055/1887 3904/2081/1918 3905/2083/1919
f 3888/2058/1902 3887/2056/1901 3918/2082/1932 3919/2084/1933
f 3875/2059/1889 3874/2057/1888 3905/2083/1919 3906/2085/1920
f 3889/2060/1903 3888/2058/1902 3919/2084/1933 3920/2086/1934
f 3876/2061/1890 3875/2059/1889 3906/2085/1920 3907/2087/1921
f 3890/2062/1904 3889/2060/1903 3920/2086/1934 3921/2088/1935
f 3877/2063/1891 3876/2061/1890 3907/2087/1921 3908/2089/1922
f 3891/2064/1905 3890/2062/1904 3921/2088/1935 3922/2090/1936
f 3878/2065/1892 3877/2063/1891 3908/2089/1922 3909/2091/1923
f 3892/2066/1906 3891/2064/1905 3922/2090/1936 3923/2092/1937
f 3879/2067/1893 3878/2065/1892 3909/2091/1923 3910/2093/1924
f 3866/2069/1880 3431/2094/1445 3897/2095/1911
f 3893/2070/1907 3892/2066/1906 3923/2092/1937 3924/2096/1938
f 3880/2071/1894 3879/2067/1893 3910/2093/1924 3911/2097/1925
f 3867/2072/1881 3866/2069/1880 3897/2095/1911 3898/2098/1912
f 3894/2073/1908 3893/2070/1907 3924/2096/1938 3925/2099/1939
f 3881/2074/1895 3880/2071/1894 3911/2097/1925 3912/2100/1926
f 3868/2075/1882 3867/2072/1881 3898/2098/1912 3899/2101/1913
f 3895/2043/1909 3894/2073/1908 3925/2099/1939 3926/2102/1940
f 3882/2045/1896 3881/2074/1895 3912/2100/1926 3913/2103/1927
f 3869/2047/1883 3868/2075/1882 3899/2101/1913 3900/2104/1914
f 3896/2044/1910 3895/2043/1909 3926/2102/1940 3927/2105/1941
f 3883/2046/1897 3882/2045/1896 3913/2103/1927 3914/2106/1928
f 3870/2048/1884 3869/2047/1883 3900/2104/1914 3901/2107/1915
f 2965/2108/979 3896/2044/1910 3927/2105/1941
f 3884/2050/1898 3883/2046/1897 3914/2106/1928 3915/2076/1929
f 3871/2051/1885 3870/2048/1884 3901/2107/1915 3902/2078/1916
f 3918/2082/1932 3917/2080/1931 3948/2109/1962 3949/2110/1963
f 3905/2083/1919 3904/2081/1918 3935/2111/1949 3936/2112/1950
f 3919/2084/1933 3918/2082/1932 3949/2110/1963 3950/2113/1964
f 3906/2085/1920 3905/2083/1919 3936/2112/1950 3937/2114/1951
f 3920/2086/1934 3919/2084/1933 3950/2113/1964 3951/2115/1965
f 3907/2087/1921 3906/2085/1920 3937/2114/1951 3938/2116/1952
f 3921/2088/1935 3920/2086/1934 3951/2115/1965 3952/2117/1966
f 3908/2089/1922 3907/2087/1921 3938/2116/1952 3939/2118/1953
f 3922/2090/1936 3921/2088/1935 3952/2117/1966 3953/2119/1967
f 3909/2091/1923 3908/2089/1922 3939/2118/1953 3940/2120/1954
f 3923/2092/1937 3922/2090/1936 3953/2119/1967 3954/2121/1968
f 3910/2093/1924 3909/2091/1923 3940/2120/1954 3941/2122/1955
f 3897/2095/1911 3431/2123/1445 3928/2124/1942
f 3924/2096/1938 3923/2092/1937 3954/2121/1968 3955/2125/1969
f 3911/2097/1925 3910/2093/1924 3941/2122/1955 3942/2126/1956
f 3898/2098/1912 3897/2095/1911 3928/2124/1942 3929/2127/1943
f 3925/2099/1939 3924/2096/1938 3955/2125/1969 3956/2128/1970
f 3912/2100/1926 3911/2097/1925 3942/2126/1956 3943/2129/1957
f 3899/2101/1913 3898/2098/1912 3929/2127/1943 3930/2130/1944
f 3926/2102/1940 3925/2099/1939 3956/2128/1970 3957/2131/1971
f 3913/2103/1927 3912/2100/1926 3943/2129/1957 3944/2132/1958
f 3900/2104/1914 3899/2101/1913 3930/2130/1944 3931/2133/1945
f 3927/2105/1941 3926/2102/1940 3957/2131/1971 3958/2134/1972
f 3914/2106/1928 3913/2103/1927 3944/2132/1958 3945/2135/1959
f 3901/2107/1915 3900/2104/1914 3931/2133/1945 3932/2136/1946
f 2965/2137/979 3927/2105/1941 3958/2134/1972
f 3915/2076/1929 3914/2106/1928 3945/2135/1959 3946/2138/1960
f 3902/2078/1916 3901/2107/1915 3932/2136/1946 3933/2139/1947
f 3916/2077/1930 3915/2076/1929 3946/2138/1960 3947/2140/1961
f 3903/2079/1917 3902/2078/1916 3933/2139/1947 3934/2141/1948
f 3917/2080/1931 3916/2077/1930 3947/2140/1961 3948/2109/1962
f 3904/2081/1918 3903/2079/1917 3934/2141/1948 3935/2111/1949
f 3951/2115/1965 3950/2113/1964 3968/57/1982 3969/61/1983
f 3938/2116/1952 3937/2114/1951 3962/59/1976 1993/63/7
f 3952/2117/1966 3951/2115/1965 3969/61/1983 2000/2/14
f 3939/2118/1953 3938/2116/1952 1993/63/7 3963/6/1977
f 3953/2119/1967 3952/2117/1966 2000/2/14 3970/1/1984
f 3940/2120/1954 3939/2118/1953 3963/6/1977 1994/5/8
f 3954/2121/1968 3953/2119/1967 3970/1/1984 3971/9/1985
f 3941/2122/1955 3940/2120/1954 1994/5/8 1995/11/9
f 3928/2124/1942 3431/2142/1445 1987/13/1
f 3955/2125/1969 3954/2121/1968 3971/9/1985 2001/16/15
f 3942/2126/1956 3941/2122/1955 1995/11/9 1996/18/10
f 3929/2127/1943 3928/2124/1942 1987/13/1 3959/20/1973
f 3956/2128/1970 3955/2125/1969 2001/16/15 2002/22/16
f 3943/2129/1957 3942/2126/1956 1996/18/10 1997/24/11
f 3930/2130/1944 3929/2127/1943 3959/20/1973 1988/26/2
f 3957/2131/1971 3956/2128/1970 2002/22/16 3972/28/1986
f 3944/2132/1958 3943/2129/1957 1997/24/11 1998/30/12
f 3931/2133/1945 3930/2130/1944 1988/26/2 1989/32/3
f 3958/2134/1972 3957/2131/1971 3972/28/1986 2003/34/17
f 3945/2135/1959 3944/2132/1958 1998/30/12 3964/36/1978
f 3932/2136/1946 3931/2133/1945 1989/32/3 3960/38/1974
f 2965/2143/979 3958/2134/1972 2003/34/17
f 3946/2138/1960 3945/2135/1959 3964/36/1978 3965/41/1979
f 3933/2139/1947 3932/2136/1946 3960/38/1974 3961/43/1975
f 3947/2140/1961 3946/2138/1960 3965/41/1979 1999/45/13
f 3934/2141/1948 3933/2139/1947 3961/43/1975 1990/47/4
f 3948/2109/1962 3947/2140/1961 1999/45/13 3966/49/1980
f 3935/2111/1949 3934/2141/1948 1990/47/4 1991/51/5
f 3949/2110/1963 3948/2109/1962 3966/49/1980 3967/53/1981
f 3936/2112/1950 3935/2111/1949 1991/51/5 1992/55/6
f 3950/2113/1964 3949/2110/1963 3967/53/1981 3968/57/1982
f 3937/2114/1951 3936/2112/1950 1992/55/6 3962/59/1976
usemtl Earth_Atmosphere
f 5956/1/1984 3986/2/14 4014/3/42 4015/4/43
f 3980/5/8 5949/6/1977 4001/7/29 4002/8/30
f 5957/9/1985 5956/1/1984 4015/4/43 4016/10/44
f 3981/11/9 3980/5/8 4002/8/30 4003/12/31
f 3973/13/1 5417/14/1445 3990/15/18
f 3987/16/15 5957/9/1985 4016/10/44 4017/17/45
f 3982/18/10 3981/11/9 4003/12/31 4004/19/32
f 5945/20/1973 3973/13/1 3990/15/18 3991/21/19
f 3988/22/16 3987/16/15 4017/17/45 4018/23/46
f 3983/24/11 3982/18/10 4004/19/32 4005/25/33
f 3974/26/2 5945/20/1973 3991/21/19 3992/27/20
f 5958/28/1986 3988/22/16 4018/23/46 4019/29/47
f 3984/30/12 3983/24/11 4005/25/33 4006/31/34
f 3975/32/3 3974/26/2 3992/27/20 3993/33/21
f 3989/34/17 5958/28/1986 4019/29/47 4020/35/1988
f 5950/36/1978 3984/30/12 4006/31/34 4007/37/35
f 5946/38/1974 3975/32/3 3993/33/21 3994/39/22
f 4951/40/979 3989/34/17 4020/35/1988
f 5951/41/1979 5950/36/1978 4007/37/35 4008/42/36
f 5947/43/1975 5946/38/1974 3994/39/22 3995/44/23
f 3985/45/13 5951/41/1979 4008/42/36 4009/46/37
f 3976/47/4 5947/43/1975 3995/44/23 3996/48/24
f 5952/49/1980 3985/45/13 4009/46/37 4010/50/38
f 3977/51/5 3976/47/4 3996/48/24 3997/52/25
f 5953/53/1981 5952/49/1980 4010/50/38 4011/54/39
f 3978/55/6 3977/51/5 3997/52/25 3998/56/26
f 5954/57/1982 5953/53/1981 4011/54/39 4012/58/40
f 5948/59/1976 3978/55/6 3998/56/26 3999/60/27
f 5955/61/1983 5954/57/1982 4012/58/40 4013/62/41
f 3979/63/7 5948/59/1976 3999/60/27 4000/64/28
f 3986/2/14 5955/61/1983 4013/62/41 4014/3/42
f 5949/6/1977 3979/63/7 4000/64/28 4001/7/29
f 4010/50/38 4009/46/37 4040/65/68 4041/66/69
f 3997/52/25 3996/48/24 4027/67/55 4028/68/56
f 4011/54/39 4010/50/38 4041/66/69 4042/69/70
f 3998/56/26 3997/52/25 4028/68/56 4029/70/57
f 4012/58/40 4011/54/39 4042/69/70 4043/71/71
f 3999/60/27 3998/56/26 4029/70/57 4030/72/58
f 4013/62/41 4012/58/40 4043/71/71 4044/73/72
f 4000/64/28 3999/60/27 4030/72/58 4031/74/59
f 4014/3/42 4013/62/41 4044/73/72 4045/75/73
f 4001/7/29 4000/64/28 4031/74/59 4032/76/60
f 4015/4/43 4014/3/42 4045/75/73 4046/77/74
f 4002/8/30 4001/7/29 4032/76/60 4033/78/61
f 4016/10/44 4015/4/43 4046/77/74 4047/79/75
f 4003/12/31 4002/8/30 4033/78/61 4034/80/62
f 3990/15/18 5417/81/1445 4021/82/49
f 4017/17/45 4016/10/44 4047/79/75 4048/83/76
f 4004/19/32 4003/12/31 4034/80/62 4035/84/63
f 3991/21/19 3990/15/18 4021/82/49 4022/85/50
f 4018/23/46 4017/17/45 4048/83/76 4049/86/77
f 4005/25/33 4004/19/32 4035/84/63 4036/87/64
f 3992/27/20 3991/21/19 4022/85/50 4023/88/51
f 4019/29/47 4018/23/46 4049/86/77 4050/89/78
f 4006/31/34 4005/25/33 4036/87/64 4037/90/65
f 3993/33/21 3992/27/20 4023/88/51 4024/91/52
f 4020/35/1988 4019/29/47 4050/89/78 4051/92/79
f 4007/37/35 4006/31/34 4037/90/65 4038/93/66
f 3994/39/22 3993/33/21 4024/91/52 4025/94/53
f 4951/95/979 4020/35/1988 4051/92/79
f 4008/42/36 4007/37/35 4038/93/66 4039/96/67
f 3995/44/23 3994/39/22 4025/94/53 4026/97/54
f 4009/46/37 4008/42/36 4039/96/67 4040/65/68
f 3996/48/24 3995/44/23 4026/97/54 4027/67/55
f 4043/71/71 4042/69/70 4073/98/101 4074/99/102
f 4030/72/58 4029/70/57 4060/100/88 4061/101/89
f 4044/73/72 4043/71/71 4074/99/102 4075/102/103
f 4031/74/59 4030/72/58 4061/101/89 4062/103/90
f 4045/75/73 4044/73/72 4075/102/103 4076/104/104
f 4032/76/60 4031/74/59 4062/103/90 4063/105/91
f 4046/77/74 4045/75/73 4076/104/104 4077/106/105
f 4033/78/61 4032/76/60 4063/105/91 4064/107/92
f 4047/79/75 4046/77/74 4077/106/105 4078/108/106
f 4034/80/62 4033/78/61 4064/107/92 4065/109/93
f 4021/82/49 5417/110/1445 4052/111/80
f 4048/83/76 4047/79/75 4078/108/106 4079/112/107
f 4035/84/63 4034/80/62 4065/109/93 4066/113/94
f 4022/85/50 4021/82/49 4052/111/80 4053/114/81
f 4049/86/77 4048/83/76 4079/112/107 4080/115/108
f 4036/87/64 4035/84/63 4066/113/94 4067/116/95
f 4023/88/51 4022/85/50 4053/114/81 4054/117/82
f 4050/89/78 4049/86/77 4080/115/108 4081/118/109
f 4037/90/65 4036/87/64 4067/116/95 4068/119/96
f 4024/91/52 4023/88/51 4054/117/82 4055/120/83
f 4051/92/79 4050/89/78 4081/118/109 4082/121/110
f 4038/93/66 4037/90/65 4068/119/96 4069/122/97
f 4025/94/53 4024/91/52 4055/120/83 4056/123/84
f 4951/124/979 4051/92/79 4082/121/110
f 4039/96/67 4038/93/66 4069/122/97 4070/125/98
f 4026/97/54 4025/94/53 4056/123/84 4057/126/85
f 4040/65/68 4039/96/67 4070/125/98 4071/127/99
f 4027/67/55 4026/97/54 4057/126/85 4058/128/86
f 4041/66/69 4040/65/68 4071/127/99 4072/129/100
f 4028/68/56 4027/67/55 4058/128/86 4059/130/87
f 4042/69/70 4041/66/69 4072/129/100 4073/98/101
f 4029/70/57 4028/68/56 4059/130/87 4060/100/88
f 4076/104/104 4075/102/103 4106/131/134 4107/132/135
f 4063/105/91 4062/103/90 4093/133/121 4094/134/122
f 4077/106/105 4076/104/104 4107/132/135 4108/135/136
f 4064/107/92 4063/105/91 4094/134/122 4095/136/123
f 4078/108/106 4077/106/105 4108/135/136 4109/137/137
f 4065/109/93 4064/107/92 4095/136/123 4096/138/124
f 4052/111/80 5417/139/1445 4083/140/111
f 4079/112/107 4078/108/106 4109/137/137 4110/141/138
f 4066/113/94 4065/109/93 4096/138/124 4097/142/125
f 4053/114/81 4052/111/80 4083/140/111 4084/143/112
f 4080/115/108 4079/112/107 4110/141/138 4111/144/139
f 4067/116/95 4066/113/94 4097/142/125 4098/145/126
f 4054/117/82 4053/114/81 4084/143/112 4085/146/113
f 4081/118/109 4080/115/108 4111/144/139 4112/147/140
f 4068/119/96 4067/116/95 4098/145/126 4099/148/127
f 4055/120/83 4054/117/82 4085/146/113 4086/149/114
f 4082/121/110 4081/118/109 4112/147/140 4113/150/141
f 4069/122/97 4068/119/96 4099/148/127 4100/151/128
f 4056/123/84 4055/120/83 4086/149/114 4087/152/115
f 4951/153/979 4082/121/110 4113/150/141
f 4070/125/98 4069/122/97 4100/151/128 4101/154/129
f 4057/126/85 4056/123/84 4087/152/115 4088/155/116
f 4071/127/99 4070/125/98 4101/154/129 4102/156/130
f 4058/128/86 4057/126/85 4088/155/116 4089/157/117
f 4072/129/100 4071/127/99 4102/156/130 4103/158/131
f 4059/130/87 4058/128/86 4089/157/117 4090/159/118
f 4073/98/101 4072/129/100 4103/158/131 4104/160/132
f 4060/100/88 4059/130/87 4090/159/118 4091/161/119
f 4074/99/102 4073/98/101 4104/160/132 4105/162/133
f 4061/101/89 4060/100/88 4091/161/119 4092/163/120
f 4075/102/103 4074/99/102 4105/162/133 4106/131/134
f 4062/103/90 4061/101/89 4092/163/120 4093/133/121
f 4109/137/137 4108/135/136 4139/164/167 4140/165/168
f 4096/138/124 4095/136/123 4126/166/154 4127/167/155
f 4083/140/111 5417/168/1445 4114/169/142
f 4110/141/138 4109/137/137 4140/165/168 4141/170/169
f 4097/142/125 4096/138/124 4127/167/155 4128/171/156
f 4084/143/112 4083/140/111 4114/169/142 4115/172/143
f 4111/144/139 4110/141/138 4141/170/169 4142/173/170
f 4098/145/126 4097/142/125 4128/171/156 4129/174/157
f 4085/146/113 4084/143/112 4115/172/143 4116/175/144
f 4112/147/140 4111/144/139 4142/173/170 4143/176/171
f 4099/148/127 4098/145/126 4129/174/157 4130/177/158
f 4086/149/114 4085/146/113 4116/175/144 4117/178/145
f 4113/150/141 4112/147/140 4143/176/171 4144/179/172
f 4100/151/128 4099/148/127 4130/177/158 4131/180/159
f 4087/152/115 4086/149/114 4117/178/145 4118/181/146
f 4951/182/979 4113/150/141 4144/179/172
f 4101/154/129 4100/151/128 4131/180/159 4132/183/160
f 4088/155/116 4087/152/115 4118/181/146 4119/184/147
f 4102/156/130 4101/154/129 4132/183/160 4133/185/161
f 4089/157/117 4088/155/116 4119/184/147 4120/186/148
f 4103/158/131 4102/156/130 4133/185/161 4134/187/162
f 4090/159/118 4089/157/117 4120/186/148 4121/188/149
f 4104/160/132 4103/158/131 4134/187/162 4135/189/163
f 4091/161/119 4090/159/118 4121/188/149 4122/190/150
f 4105/162/133 4104/160/132 4135/189/163 4136/191/164
f 4092/163/120 4091/161/119 4122/190/150 4123/192/151
f 4106/131/134 4105/162/133 4136/191/164 4137/193/165
f 4093/133/121 4092/163/120 4123/192/151 4124/194/152
f 4107/132/135 4106/131/134 4137/193/165 4138/195/166
f 4094/134/122 4093/133/121 4124/194/152 4125/196/153
f 4108/135/136 4107/132/135 4138/195/166 4139/164/167
f 4095/136/123 4094/134/122 4125/196/153 4126/166/154
f 4115/172/143 4114/169/142 4145/197/173 4146/198/174
f 4142/173/170 4141/170/169 4172/199/200 4173/200/201
f 4129/174/157 4128/171/156 4159/201/187 4160/202/188
f 4116/175/144 4115/172/143 4146/198/174 4147/203/175
f 4143/176/171 4142/173/170 4173/200/201 4174/204/202
f 4130/177/158 4129/174/157 4160/202/188 4161/205/189
f 4117/178/145 4116/175/144 4147/203/175 4148/206/176
f 4144/179/172 4143/176/171 4174/204/202 4175/207/203
f 4131/180/159 4130/177/158 4161/205/189 4162/208/190
f 4118/181/146 4117/178/145 4148/206/176 4149/209/177
f 4951/210/979 4144/179/172 4175/207/203
f 4132/183/160 4131/180/159 4162/208/190 4163/211/191
f 4119/184/147 4118/181/146 4149/209/177 4150/212/178
f 4133/185/161 4132/183/160 4163/211/191 4164/213/192
f 4120/186/148 4119/184/147 4150/212/178 4151/214/179
f 4134/187/162 4133/185/161 4164/213/192 4165/215/193
f 4121/188/149 4120/186/148 4151/214/179 4152/216/180
f 4135/189/163 4134/187/162 4165/215/193 4166/217/194
f 4122/190/150 4121/188/149 4152/216/180 4153/218/181
f 4136/191/164 4135/189/163 4166/217/194 4167/219/195
f 4123/192/151 4122/190/150 4153/218/181 4154/220/182
f 4137/193/165 4136/191/164 4167/219/195 4168/221/196
f 4124/194/152 4123/192/151 4154/220/182 4155/222/183
f 4138/195/166 4137/193/165 4168/221/196 4169/223/197
f 4125/196/153 4124/194/152 4155/222/183 4156/224/184
f 4139/164/167 4138/195/166 4169/223/197 4170/225/198
f 4126/166/154 4125/196/153 4156/224/184 4157/226/185
f 4140/165/168 4139/164/167 4170/225/198 4171/227/199
f 4127/167/155 4126/166/154 4157/226/185 4158/228/186
f 4114/169/142 5417/229/1445 4145/197/173
f 4141/170/169 4140/165/168 4171/227/199 4172/199/200
f 4128/171/156 4127/167/155 4158/228/186 4159/201/187
f 4148/206/176 4147/203/175 4178/230/206 4179/231/207
f 4175/207/203 4174/204/202 4205/232/233 4206/233/234
f 4162/208/190 4161/205/189 4192/234/220 4193/235/221
f 4149/209/177 4148/206/176 4179/231/207 4180/236/208
f 4951/237/979 4175/207/203 4206/233/234
f 4163/211/191 4162/208/190 4193/235/221 4194/238/222
f 4150/212/178 4149/209/177 4180/236/208 4181/239/209
f 4164/213/192 4163/211/191 4194/238/222 4195/240/223
f 4151/214/179 4150/212/178 4181/239/209 4182/241/210
f 4165/215/193 4164/213/192 4195/240/223 4196/242/224
f 4152/216/180 4151/214/179 4182/241/210 4183/243/211
f 4166/217/194 4165/215/193 4196/242/224 4197/244/225
f 4153/218/181 4152/216/180 4183/243/211 4184/245/212
f 4167/219/195 4166/217/194 4197/244/225 4198/246/226
f 4154/220/182 4153/218/181 4184/245/212 4185/247/213
f 4168/221/196 4167/219/195 4198/246/226 4199/248/227
f 4155/222/183 4154/220/182 4185/247/213 4186/249/214
f 4169/223/197 4168/221/196 4199/248/227 4200/250/228
f 4156/224/184 4155/222/183 4186/249/214 4187/251/215
f 4170/225/198 4169/223/197 4200/250/228 4201/252/229
f 4157/226/185 4156/224/184 4187/251/215 4188/253/216
f 4171/227/199 4170/225/198 4201/252/229 4202/254/230
f 4158/228/186 4157/226/185 4188/253/216 4189/255/217
f 4145/197/173 5417/256/1445 4176/257/204
f 4172/199/200 4171/227/199 4202/254/230 4203/258/231
f 4159/201/187 4158/228/186 4189/255/217 4190/259/218
f 4146/198/174 4145/197/173 4176/257/204 4177/260/205
f 4173/200/201 4172/199/200 4203/258/231 4204/261/232
f 4160/202/188 4159/201/187 4190/259/218 4191/262/219
f 4147/203/175 4146/198/174 4177/260/205 4178/230/206
f 4174/204/202 4173/200/201 4204/261/232 4205/232/233
f 4161/205/189 4160/202/188 4191/262/219 4192/234/220
f 4181/239/209 4180/236/208 4211/263/239 4212/264/240
f 4195/240/223 4194/238/222 4225/265/1990 4226/266/254
f 4182/241/210 4181/239/209 4212/264/240 4213/267/241
f 4196/242/224 4195/240/223 4226/266/254 4227/268/255
f 4183/243/211 4182/241/210 4213/267/241 4214/269/242
f 4197/244/225 4196/242/224 4227/268/255 4228/270/256
f 4184/245/212 4183/243/211 4214/269/242 4215/271/243
f 4198/246/226 4197/244/225 4228/270/256 4229/272/257
f 4185/247/213 4184/245/212 4215/271/243 4216/273/244
f 4199/248/227 4198/246/226 4229/272/257 4230/274/258
f 4186/249/214 4185/247/213 4216/273/244 4217/275/245
f 4200/250/228 4199/248/227 4230/274/258 4231/276/259
f 4187/251/215 4186/249/214 4217/275/245 4218/277/246
f 4201/252/229 4200/250/228 4231/276/259 4232/278/260
f 4188/253/216 4187/251/215 4218/277/246 4219/279/1989
f 4202/254/230 4201/252/229 4232/278/260 4233/280/261
f 4189/255/217 4188/253/216 4219/279/1989 4220/281/248
f 4176/257/204 5417/282/1445 4207/283/235
f 4203/258/231 4202/254/230 4233/280/261 4234/284/262
f 4190/259/218 4189/255/217 4220/281/248 4221/285/249
f 4177/260/205 4176/257/204 4207/283/235 4208/286/236
f 4204/261/232 4203/258/231 4234/284/262 4235/287/263
f 4191/262/219 4190/259/218 4221/285/249 4222/288/250
f 4178/230/206 4177/260/205 4208/286/236 4209/289/237
f 4205/232/233 4204/261/232 4235/287/263 4236/290/264
f 4192/234/220 4191/262/219 4222/288/250 4223/291/251
f 4179/231/207 4178/230/206 4209/289/237 4210/292/238
f 4206/233/234 4205/232/233 4236/290/264 4237/293/265
f 4193/235/221 4192/234/220 4223/291/251 4224/294/252
f 4180/236/208 4179/231/207 4210/292/238 4211/263/239
f 4951/295/979 4206/233/234 4237/293/265
f 4194/238/222 4193/235/221 4224/294/252 4225/265/1990
f 4214/269/242 4213/267/241 4244/296/272 4245/297/273
f 4228/270/256 4227/268/255 4258/298/286 4259/299/287
f 4215/271/243 4214/269/242 4245/297/273 4246/300/274
f 4229/272/257 4228/270/256 4259/299/287 4260/301/288
f 4216/273/244 4215/271/243 4246/300/274 4247/302/275
f 4230/274/258 4229/272/257 4260/301/288 4261/303/289
f 4217/275/245 4216/273/244 4247/302/275 4248/304/276
f 4231/276/259 4230/274/258 4261/303/289 4262/305/290
f 4218/277/246 4217/275/245 4248/304/276 4249/306/277
f 4232/278/260 4231/276/259 4262/305/290 4263/307/291
f 4219/279/1989 4218/277/246 4249/306/277 4250/308/278
f 4233/280/261 4232/278/260 4263/307/291 4264/309/292
f 4220/281/248 4219/279/1989 4250/308/278 4251/310/279
f 4207/283/235 5417/311/1445 4238/312/266
f 4234/284/262 4233/280/261 4264/309/292 4265/313/293
f 4221/285/249 4220/281/248 4251/310/279 4252/314/280
f 4208/286/236 4207/283/235 4238/312/266 4239/315/267
f 4235/287/263 4234/284/262 4265/313/293 4266/316/294
f 4222/288/250 4221/285/249 4252/314/280 4253/317/281
f 4209/289/237 4208/286/236 4239/315/267 4240/318/268
f 4236/290/264 4235/287/263 4266/316/294 4267/319/295
f 4223/291/251 4222/288/250 4253/317/281 4254/320/282
f 4210/292/238 4209/289/237 4240/318/268 4241/321/269
f 4237/293/265 4236/290/264 4267/319/295 4268/322/296
f 4224/294/252 4223/291/251 4254/320/282 4255/323/283
f 4211/263/239 4210/292/238 4241/321/269 4242/324/270
f 4951/325/979 4237/293/265 4268/322/296
f 4225/265/1990 4224/294/252 4255/323/283 4256/326/284
f 4212/264/240 4211/263/239 4242/324/270 4243/327/271
f 4226/266/254 4225/265/1990 4256/326/284 4257/328/285
f 4213/267/241 4212/264/240 4243/327/271 4244/296/272
f 4227/268/255 4226/266/254 4257/328/285 4258/298/286
f 4247/302/275 4246/300/274 4277/329/305 4278/330/306
f 4261/303/289 4260/301/288 4291/331/319 4292/332/320
f 4248/304/276 4247/302/275 4278/330/306 4279/333/307
f 4262/305/290 4261/303/289 4292/332/320 4293/334/321
f 4249/306/277 4248/304/276 4279/333/307 4280/335/308
f 4263/307/291 4262/305/290 4293/334/321 4294/336/322
f 4250/308/278 4249/306/277 4280/335/308 4281/337/309
f 4264/309/292 4263/307/291 4294/336/322 4295/338/323
f 4251/310/279 4250/308/278 4281/337/309 4282/339/310
f 4238/312/266 5417/340/1445 4269/341/297
f 4265/313/293 4264/309/292 4295/338/323 4296/342/324
f 4252/314/280 4251/310/279 4282/339/310 4283/343/311
f 4239/315/267 4238/312/266 4269/341/297 4270/344/298
f 4266/316/294 4265/313/293 4296/342/324 4297/345/325
f 4253/317/281 4252/314/280 4283/343/311 4284/346/312
f 4240/318/268 4239/315/267 4270/344/298 4271/347/299
f 4267/319/295 4266/316/294 4297/345/325 4298/348/326
f 4254/320/282 4253/317/281 4284/346/312 4285/349/313
f 4241/321/269 4240/318/268 4271/347/299 4272/350/300
f 4268/322/296 4267/319/295 4298/348/326 4299/351/327
f 4255/323/283 4254/320/282 4285/349/313 4286/352/314
f 4242/324/270 4241/321/269 4272/350/300 4273/353/301
f 4951/354/979 4268/322/296 4299/351/327
f 4256/326/284 4255/323/283 4286/352/314 4287/355/315
f 4243/327/271 4242/324/270 4273/353/301 4274/356/302
f 4257/328/285 4256/326/284 4287/355/315 4288/357/316
f 4244/296/272 4243/327/271 4274/356/302 4275/358/303
f 4258/298/286 4257/328/285 4288/357/316 4289/359/317
f 4245/297/273 4244/296/272 4275/358/303 4276/360/304
f 4259/299/287 4258/298/286 4289/359/317 4290/361/318
f 4246/300/274 4245/297/273 4276/360/304 4277/329/305
f 4260/301/288 4259/299/287 4290/361/318 4291/331/319
f 4280/335/308 4279/333/307 4310/362/338 4311/363/339
f 4294/336/322 4293/334/321 4324/364/352 4325/365/353
f 4281/337/309 4280/335/308 4311/363/339 4312/366/340
f 4295/338/323 4294/336/322 4325/365/353 4326/367/354
f 4282/339/310 4281/337/309 4312/366/340 4313/368/341
f 4269/341/297 5417/369/1445 4300/370/328
f 4296/342/324 4295/338/323 4326/367/354 4327/371/355
f 4283/343/311 4282/339/310 4313/368/341 4314/372/342
f 4270/344/298 4269/341/297 4300/370/328 4301/373/329
f 4297/345/325 4296/342/324 4327/371/355 4328/374/356
f 4284/346/312 4283/343/311 4314/372/342 4315/375/343
f 4271/347/299 4270/344/298 4301/373/329 4302/376/330
f 4298/348/326 4297/345/325 4328/374/356 4329/377/357
f 4285/349/313 4284/346/312 4315/375/343 4316/378/344
f 4272/350/300 4271/347/299 4302/376/330 4303/379/331
f 4299/351/327 4298/348/326 4329/377/357 4330/380/358
f 4286/352/314 4285/349/313 4316/378/344 4317/381/345
f 4273/353/301 4272/350/300 4303/379/331 4304/382/332
f 4951/383/979 4299/351/327 4330/380/358
f 4287/355/315 4286/352/314 4317/381/345 4318/384/346
f 4274/356/302 4273/353/301 4304/382/332 4305/385/333
f 4288/357/316 4287/355/315 4318/384/346 4319/386/347
f 4275/358/303 4274/356/302 4305/385/333 4306/387/334
f 4289/359/317 4288/357/316 4319/386/347 4320/388/348
f 4276/360/304 4275/358/303 4306/387/334 4307/389/335
f 4290/361/318 4289/359/317 4320/388/348 4321/390/349
f 4277/329/305 4276/360/304 4307/389/335 4308/391/336
f 4291/331/319 4290/361/318 4321/390/349 4322/392/350
f 4278/330/306 4277/329/305 4308/391/336 4309/393/337
f 4292/332/320 4291/331/319 4322/392/350 4323/394/351
f 4279/333/307 4278/330/306 4309/393/337 4310/362/338
f 4293/334/321 4292/332/320 4323/394/351 4324/364/352
f 4313/368/341 4312/366/340 4343/395/371 4344/396/372
f 4300/370/328 5417/397/1445 4331/398/359
f 4327/371/355 4326/367/354 4357/399/385 4358/400/386
f 4314/372/342 4313/368/341 4344/396/372 4345/401/373
f 4301/373/329 4300/370/328 4331/398/359 4332/402/360
f 4328/374/356 4327/371/355 4358/400/386 4359/403/387
f 4315/375/343 4314/372/342 4345/401/373 4346/404/374
f 4302/376/330 4301/373/329 4332/402/360 4333/405/361
f 4329/377/357 4328/374/356 4359/403/387 4360/406/388
f 4316/378/344 4315/375/343 4346/404/374 4347/407/375
f 4303/379/331 4302/376/330 4333/405/361 4334/408/362
f 4330/380/358 4329/377/357 4360/406/388 4361/409/389
f 4317/381/345 4316/378/344 4347/407/375 4348/410/376
f 4304/382/332 4303/379/331 4334/408/362 4335/411/363
f 4951/412/979 4330/380/358 4361/409/389
f 4318/384/346 4317/381/345 4348/410/376 4349/413/377
f 4305/385/333 4304/382/332 4335/411/363 4336/414/364
f 4319/386/347 4318/384/346 4349/413/377 4350/415/378
f 4306/387/334 4305/385/333 4336/414/364 4337/416/365
f 4320/388/348 4319/386/347 4350/415/378 4351/417/379
f 4307/389/335 4306/387/334 4337/416/365 4338/418/366
f 4321/390/349 4320/388/348 4351/417/379 4352/419/380
f 4308/391/336 4307/389/335 4338/418/366 4339/420/367
f 4322/392/350 4321/390/349 4352/419/380 4353/421/381
f 4309/393/337 4308/391/336 4339/420/367 4340/422/368
f 4323/394/351 4322/392/350 4353/421/381 4354/423/382
f 4310/362/338 4309/393/337 4340/422/368 4341/424/369
f 4324/364/352 4323/394/351 4354/423/382 4355/425/383
f 4311/363/339 4310/362/338 4341/424/369 4342/426/370
f 4325/365/353 4324/364/352 4355/425/383 4356/427/384
f 4312/366/340 4311/363/339 4342/426/370 4343/395/371
f 4326/367/354 4325/365/353 4356/427/384 4357/399/385
f 4346/404/374 4345/401/373 4376/428/404 4377/429/405
f 4333/405/361 4332/402/360 4363/430/391 4364/431/392
f 4360/406/388 4359/403/387 4390/432/418 4391/433/419
f 4347/407/375 4346/404/374 4377/429/405 4378/434/406
f 4334/408/362 4333/405/361 4364/431/392 4365/435/393
f 4361/409/389 4360/406/388 4391/433/419 4392/436/420
f 4348/410/376 4347/407/375 4378/434/406 4379/437/407
f 4335/411/363 4334/408/362 4365/435/393 4366/438/394
f 4951/439/979 4361/409/389 4392/436/420
f 4349/413/377 4348/410/376 4379/437/407 4380/440/408
f 4336/414/364 4335/411/363 4366/438/394 4367/441/395
f 4350/415/378 4349/413/377 4380/440/408 4381/442/409
f 4337/416/365 4336/414/364 4367/441/395 4368/443/396
f 4351/417/379 4350/415/378 4381/442/409 4382/444/410
f 4338/418/366 4337/416/365 4368/443/396 4369/445/397
f 4352/419/380 4351/417/379 4382/444/410 4383/446/411
f 4339/420/367 4338/418/366 4369/445/397 4370/447/398
f 4353/421/381 4352/419/380 4383/446/411 4384/448/412
f 4340/422/368 4339/420/367 4370/447/398 4371/449/399
f 4354/423/382 4353/421/381 4384/448/412 4385/450/413
f 4341/424/369 4340/422/368 4371/449/399 4372/451/400
f 4355/425/383 4354/423/382 4385/450/413 4386/452/414
f 4342/426/370 4341/424/369 4372/451/400 4373/453/401
f 4356/427/384 4355/425/383 4386/452/414 4387/454/415
f 4343/395/371 4342/426/370 4373/453/401 4374/455/402
f 4357/399/385 4356/427/384 4387/454/415 4388/456/416
f 4344/396/372 4343/395/371 4374/455/402 4375/457/403
f 4331/398/359 5417/458/1445 4362/459/390
f 4358/400/386 4357/399/385 4388/456/416 4389/460/417
f 4345/401/373 4344/396/372 4375/457/403 4376/428/404
f 4332/402/360 4331/398/359 4362/459/390 4363/430/391
f 4359/403/387 4358/400/386 4389/460/417 4390/432/418
f 4379/437/407 4378/434/406 4409/461/437 4410/462/438
f 4366/438/394 4365/435/393 4396/463/424 4397/464/425
f 4951/465/979 4392/436/420 4423/466/451
f 4380/440/408 4379/437/407 4410/462/438 4411/467/439
f 4367/441/395 4366/438/394 4397/464/425 4398/468/426
f 4381/442/409 4380/440/408 4411/467/439 4412/469/440
f 4368/443/396 4367/441/395 4398/468/426 4399/470/427
f 4382/444/410 4381/442/409 4412/469/440 4413/471/441
f 4369/445/397 4368/443/396 4399/470/427 4400/472/428
f 4383/446/411 4382/444/410 4413/471/441 4414/473/442
f 4370/447/398 4369/445/397 4400/472/428 4401/474/429
f 4384/448/412 4383/446/411 4414/473/442 4415/475/443
f 4371/449/399 4370/447/398 4401/474/429 4402/476/430
f 4385/450/413 4384/448/412 4415/475/443 4416/477/444
f 4372/451/400 4371/449/399 4402/476/430 4403/478/431
f 4386/452/414 4385/450/413 4416/477/444 4417/479/445
f 4373/453/401 4372/451/400 4403/478/431 4404/480/432
f 4387/454/415 4386/452/414 4417/479/445 4418/481/446
f 4374/455/402 4373/453/401 4404/480/432 4405/482/433
f 4388/456/416 4387/454/415 4418/481/446 4419/483/447
f 4375/457/403 4374/455/402 4405/482/433 4406/484/434
f 4362/459/390 5417/485/1445 4393/486/421
f 4389/460/417 4388/456/416 4419/483/447 4420/487/448
f 4376/428/404 4375/457/403 4406/484/434 4407/488/435
f 4363/430/391 4362/459/390 4393/486/421 4394/489/422
f 4390/432/418 4389/460/417 4420/487/448 4421/490/449
f 4377/429/405 4376/428/404 4407/488/435 4408/491/436
f 4364/431/392 4363/430/391 4394/489/422 4395/492/423
f 4391/433/419 4390/432/418 4421/490/449 4422/493/450
f 4378/434/406 4377/429/405 4408/491/436 4409/461/437
f 4365/435/393 4364/431/392 4395/492/423 4396/463/424
f 4392/436/420 4391/433/419 4422/493/450 4423/466/451
f 4412/469/440 4411/467/439 4442/494/470 4443/495/471
f 4399/470/427 4398/468/426 4429/496/457 4430/497/458
f 4413/471/441 4412/469/440 4443/495/471 4444/498/472
f 4400/472/428 4399/470/427 4430/497/458 4431/499/459
f 4414/473/442 4413/471/441 4444/498/472 4445/500/473
f 4401/474/429 4400/472/428 4431/499/459 4432/501/460
f 4415/475/443 4414/473/442 4445/500/473 4446/502/474
f 4402/476/430 4401/474/429 4432/501/460 4433/503/461
f 4416/477/444 4415/475/443 4446/502/474 4447/504/475
f 4403/478/431 4402/476/430 4433/503/461 4434/505/462
f 4417/479/445 4416/477/444 4447/504/475 4448/506/476
f 4404/480/432 4403/478/431 4434/505/462 4435/507/463
f 4418/481/446 4417/479/445 4448/506/476 4449/508/477
f 4405/482/433 4404/480/432 4435/507/463 4436/509/464
f 4419/483/447 4418/481/446 4449/508/477 4450/510/478
f 4406/484/434 4405/482/433 4436/509/464 4437/511/465
f 4393/486/421 5417/512/1445 4424/513/452
f 4420/487/448 4419/483/447 4450/510/478 4451/514/479
f 4407/488/435 4406/484/434 4437/511/465 4438/515/466
f 4394/489/422 4393/486/421 4424/513/452 4425/516/453
f 4421/490/449 4420/487/448 4451/514/479 4452/517/480
f 4408/491/436 4407/488/435 4438/515/466 4439/518/467
f 4395/492/423 4394/489/422 4425/516/453 4426/519/454
f 4422/493/450 4421/490/449 4452/517/480 4453/520/481
f 4409/461/437 4408/491/436 4439/518/467 4440/521/468
f 4396/463/424 4395/492/423 4426/519/454 4427/522/455
f 4423/466/451 4422/493/450 4453/520/481 4454/523/482
f 4410/462/438 4409/461/437 4440/521/468 4441/524/469
f 4397/464/425 4396/463/424 4427/522/455 4428/525/456
f 4951/526/979 4423/466/451 4454/523/482
f 4411/467/439 4410/462/438 4441/524/469 4442/494/470
f 4398/468/426 4397/464/425 4428/525/456 4429/496/457
f 4445/500/473 4444/498/472 4475/527/503 4476/528/504
f 4432/501/460 4431/499/459 4462/529/490 4463/530/491
f 4446/502/474 4445/500/473 4476/528/504 4477/531/505
f 4433/503/461 4432/501/460 4463/530/491 4464/532/492
f 4447/504/475 4446/502/474 4477/531/505 4478/533/506
f 4434/505/462 4433/503/461 4464/532/492 4465/534/493
f 4448/506/476 4447/504/475 4478/533/506 4479/535/507
f 4435/507/463 4434/505/462 4465/534/493 4466/536/494
f 4449/508/477 4448/506/476 4479/535/507 4480/537/508
f 4436/509/464 4435/507/463 4466/536/494 4467/538/495
f 4450/510/478 4449/508/477 4480/537/508 4481/539/509
f 4437/511/465 4436/509/464 4467/538/495 4468/540/496
f 4424/513/452 5417/541/1445 4455/542/483
f 4451/514/479 4450/510/478 4481/539/509 4482/543/510
f 4438/515/466 4437/511/465 4468/540/496 4469/544/497
f 4425/516/453 4424/513/452 4455/542/483 4456/545/484
f 4452/517/480 4451/514/479 4482/543/510 4483/546/511
f 4439/518/467 4438/515/466 4469/544/497 4470/547/498
f 4426/519/454 4425/516/453 4456/545/484 4457/548/485
f 4453/520/481 4452/517/480 4483/546/511 4484/549/512
f 4440/521/468 4439/518/467 4470/547/498 4471/550/499
f 4427/522/455 4426/519/454 4457/548/485 4458/551/486
f 4454/523/482 4453/520/481 4484/549/512 4485/552/513
f 4441/524/469 4440/521/468 4471/550/499 4472/553/500
f 4428/525/456 4427/522/455 4458/551/486 4459/554/487
f 4951/555/979 4454/523/482 4485/552/513
f 4442/494/470 4441/524/469 4472/553/500 4473/556/501
f 4429/496/457 4428/525/456 4459/554/487 4460/557/488
f 4443/495/471 4442/494/470 4473/556/501 4474/558/502
f 4430/497/458 4429/496/457 4460/557/488 4461/559/489
f 4444/498/472 4443/495/471 4474/558/502 4475/527/503
f 4431/499/459 4430/497/458 4461/559/489 4462/529/490
f 4478/533/506 4477/531/505 4508/560/536 4509/561/537
f 4465/534/493 4464/532/492 4495/562/523 4496/563/524
f 4479/535/507 4478/533/506 4509/561/537 4510/564/538
f 4466/536/494 4465/534/493 4496/563/524 4497/565/525
f 4480/537/508 4479/535/507 4510/564/538 4511/566/539
f 4467/538/495 4466/536/494 4497/565/525 4498/567/526
f 4481/539/509 4480/537/508 4511/566/539 4512/568/540
f 4468/540/496 4467/538/495 4498/567/526 4499/569/527
f 4455/542/483 5417/570/1445 4486/571/514
f 4482/543/510 4481/539/509 4512/568/540 4513/572/541
f 4469/544/497 4468/540/496 4499/569/527 4500/573/528
f 4456/545/484 4455/542/483 4486/571/514 4487/574/515
f 4483/546/511 4482/543/510 4513/572/541 4514/575/542
f 4470/547/498 4469/544/497 4500/573/528 4501/576/529
f 4457/548/485 4456/545/484 4487/574/515 4488/577/516
f 4484/549/512 4483/546/511 4514/575/542 4515/578/543
f 4471/550/499 4470/547/498 4501/576/529 4502/579/530
f 4458/551/486 4457/548/485 4488/577/516 4489/580/517
f 4485/552/513 4484/549/512 4515/578/543 4516/581/544
f 4472/553/500 4471/550/499 4502/579/530 4503/582/531
f 4459/554/487 4458/551/486 4489/580/517 4490/583/518
f 4951/584/979 4485/552/513 4516/581/544
f 4473/556/501 4472/553/500 4503/582/531 4504/585/532
f 4460/557/488 4459/554/487 4490/583/518 4491/586/519
f 4474/558/502 4473/556/501 4504/585/532 4505/587/533
f 4461/559/489 4460/557/488 4491/586/519 4492/588/520
f 4475/527/503 4474/558/502 4505/587/533 4506/589/534
f 4462/529/490 4461/559/489 4492/588/520 4493/590/521
f 4476/528/504 4475/527/503 4506/589/534 4507/591/535
f 4463/530/491 4462/529/490 4493/590/521 4494/592/522
f 4477/531/505 4476/528/504 4507/591/535 4508/560/536
f 4464/532/492 4463/530/491 4494/592/522 4495/562/523
f 4511/566/539 4510/564/538 4541/593/569 4542/594/570
f 4498/567/526 4497/565/525 4528/595/556 4529/596/557
f 4512/568/540 4511/566/539 4542/594/570 4543/597/571
f 4499/569/527 4498/567/526 4529/596/557 4530/598/558
f 4486/571/514 5417/599/1445 4517/600/545
f 4513/572/541 4512/568/540 4543/597/571 4544/601/572
f 4500/573/528 4499/569/527 4530/598/558 4531/602/559
f 4487/574/515 4486/571/514 4517/600/545 4518/603/546
f 4514/575/542 4513/572/541 4544/601/572 4545/604/573
f 4501/576/529 4500/573/528 4531/602/559 4532/605/560
f 4488/577/516 4487/574/515 4518/603/546 4519/606/547
f 4515/578/543 4514/575/542 4545/604/573 4546/607/574
f 4502/579/530 4501/576/529 4532/605/560 4533/608/561
f 4489/580/517 4488/577/516 4519/606/547 4520/609/548
f 4516/581/544 4515/578/543 4546/607/574 4547/610/575
f 4503/582/531 4502/579/530 4533/608/561 4534/611/562
f 4490/583/518 4489/580/517 4520/609/548 4521/612/549
f 4951/613/979 4516/581/544 4547/610/575
f 4504/585/532 4503/582/531 4534/611/562 4535/614/563
f 4491/586/519 4490/583/518 4521/612/549 4522/615/550
f 4505/587/533 4504/585/532 4535/614/563 4536/616/564
f 4492/588/520 4491/586/519 4522/615/550 4523/617/551
f 4506/589/534 4505/587/533 4536/616/564 4537/618/565
f 4493/590/521 4492/588/520 4523/617/551 4524/619/552
f 4507/591/535 4506/589/534 4537/618/565 4538/620/566
f 4494/592/522 4493/590/521 4524/619/552 4525/621/553
f 4508/560/536 4507/591/535 4538/620/566 4539/622/567
f 4495/562/523 4494/592/522 4525/621/553 4526/623/554
f 4509/561/537 4508/560/536 4539/622/567 4540/624/568
f 4496/563/524 4495/562/523 4526/623/554 4527/625/555
f 4510/564/538 4509/561/537 4540/624/568 4541/593/569
f 4497/565/525 4496/563/524 4527/625/555 4528/595/556
f 4517/600/545 5417/626/1445 4548/627/576
f 4544/601/572 4543/597/571 4574/628/602 4575/629/603
f 4531/602/559 4530/598/558 4561/630/589 4562/631/590
f 4518/603/546 4517/600/545 4548/627/576 4549/632/577
f 4545/604/573 4544/601/572 4575/629/603 4576/633/604
f 4532/605/560 4531/602/559 4562/631/590 4563/634/591
f 4519/606/547 4518/603/546 4549/632/577 4550/635/578
f 4546/607/574 4545/604/573 4576/633/604 4577/636/605
f 4533/608/561 4532/605/560 4563/634/591 4564/637/592
f 4520/609/548 4519/606/547 4550/635/578 4551/638/579
f 4547/610/575 4546/607/574 4577/636/605 4578/639/606
f 4534/611/562 4533/608/561 4564/637/592 4565/640/593
f 4521/612/549 4520/609/548 4551/638/579 4552/641/580
f 4951/642/979 4547/610/575 4578/639/606
f 4535/614/563 4534/611/562 4565/640/593 4566/643/594
f 4522/615/550 4521/612/549 4552/641/580 4553/644/581
f 4536/616/564 4535/614/563 4566/643/594 4567/645/595
f 4523/617/551 4522/615/550 4553/644/581 4554/646/582
f 4537/618/565 4536/616/564 4567/645/595 4568/647/596
f 4524/619/552 4523/617/551 4554/646/582 4555/648/583
f 4538/620/566 4537/618/565 4568/647/596 4569/649/597
f 4525/621/553 4524/619/552 4555/648/583 4556/650/584
f 4539/622/567 4538/620/566 4569/649/597 4570/651/598
f 4526/623/554 4525/621/553 4556/650/584 4557/652/585
f 4540/624/568 4539/622/567 4570/651/598 4571/653/599
f 4527/625/555 4526/623/554 4557/652/585 4558/654/586
f 4541/593/569 4540/624/568 4571/653/599 4572/655/600
f 4528/595/556 4527/625/555 4558/654/586 4559/656/587
f 4542/594/570 4541/593/569 4572/655/600 4573/657/601
f 4529/596/557 4528/595/556 4559/656/587 4560/658/588
f 4543/597/571 4542/594/570 4573/657/601 4574/628/602
f 4530/598/558 4529/596/557 4560/658/588 4561/630/589
f 4550/635/578 4549/632/577 4580/659/608 4581/660/609
f 4577/636/605 4576/633/604 4607/661/635 4608/662/636
f 4564/637/592 4563/634/591 4594/663/622 4595/664/623
f 4551/638/579 4550/635/578 4581/660/609 4582/665/610
f 4578/639/606 4577/636/605 4608/662/636 4609/666/637
f 4565/640/593 4564/637/592 4595/664/623 4596/667/624
f 4552/641/580 4551/638/579 4582/665/610 4583/668/611
f 4951/669/979 4578/639/606 4609/666/637
f 4566/643/594 4565/640/593 4596/667/624 4597/670/625
f 4553/644/581 4552/641/580 4583/668/611 4584/671/612
f 4567/645/595 4566/643/594 4597/670/625 4598/672/626
f 4554/646/582 4553/644/581 4584/671/612 4585/673/613
f 4568/647/596 4567/645/595 4598/672/626 4599/674/627
f 4555/648/583 4554/646/582 4585/673/613 4586/675/614
f 4569/649/597 4568/647/596 4599/674/627 4600/676/628
f 4556/650/584 4555/648/583 4586/675/614 4587/677/615
f 4570/651/598 4569/649/597 4600/676/628 4601/678/629
f 4557/652/585 4556/650/584 4587/677/615 4588/679/616
f 4571/653/599 4570/651/598 4601/678/629 4602/680/630
f 4558/654/586 4557/652/585 4588/679/616 4589/681/617
f 4572/655/600 4571/653/599 4602/680/630 4603/682/631
f 4559/656/587 4558/654/586 4589/681/617 4590/683/618
f 4573/657/601 4572/655/600 4603/682/631 4604/684/632
f 4560/658/588 4559/656/587 4590/683/618 4591/685/619
f 4574/628/602 4573/657/601 4604/684/632 4605/686/633
f 4561/630/589 4560/658/588 4591/685/619 4592/687/620
f 4548/627/576 5417/688/1445 4579/689/607
f 4575/629/603 4574/628/602 4605/686/633 4606/690/634
f 4562/631/590 4561/630/589 4592/687/620 4593/691/621
f 4549/632/577 4548/627/576 4579/689/607 4580/659/608
f 4576/633/604 4575/629/603 4606/690/634 4607/661/635
f 4563/634/591 4562/631/590 4593/691/621 4594/663/622
f 4583/668/611 4582/665/610 4613/692/641 4614/693/642
f 4951/694/979 4609/666/637 4640/695/668
f 4597/670/625 4596/667/624 4627/696/655 4628/697/656
f 4584/671/612 4583/668/611 4614/693/642 4615/698/643
f 4598/672/626 4597/670/625 4628/697/656 4629/699/657
f 4585/673/613 4584/671/612 4615/698/643 4616/700/644
f 4599/674/627 4598/672/626 4629/699/657 4630/701/658
f 4586/675/614 4585/673/613 4616/700/644 4617/702/645
f 4600/676/628 4599/674/627 4630/701/658 4631/703/659
f 4587/677/615 4586/675/614 4617/702/645 4618/704/646
f 4601/678/629 4600/676/628 4631/703/659 4632/705/660
f 4588/679/616 4587/677/615 4618/704/646 4619/706/647
f 4602/680/630 4601/678/629 4632/705/660 4633/707/661
f 4589/681/617 4588/679/616 4619/706/647 4620/708/648
f 4603/682/631 4602/680/630 4633/707/661 4634/709/662
f 4590/683/618 4589/681/617 4620/708/648 4621/710/649
f 4604/684/632 4603/682/631 4634/709/662 4635/711/663
f 4591/685/619 4590/683/618 4621/710/649 4622/712/650
f 4605/686/633 4604/684/632 4635/711/663 4636/713/664
f 4592/687/620 4591/685/619 4622/712/650 4623/714/651
f 4579/689/607 5417/715/1445 4610/716/638
f 4606/690/634 4605/686/633 4636/713/664 4637/717/665
f 4593/691/621 4592/687/620 4623/714/651 4624/718/652
f 4580/659/608 4579/689/607 4610/716/638 4611/719/639
f 4607/661/635 4606/690/634 4637/717/665 4638/720/666
f 4594/663/622 4593/691/621 4624/718/652 4625/721/653
f 4581/660/609 4580/659/608 4611/719/639 4612/722/640
f 4608/662/636 4607/661/635 4638/720/666 4639/723/667
f 4595/664/623 4594/663/622 4625/721/653 4626/724/654
f 4582/665/610 4581/660/609 4612/722/640 4613/692/641
f 4609/666/637 4608/662/636 4639/723/667 4640/695/668
f 4596/667/624 4595/664/623 4626/724/654 4627/696/655
f 4616/700/644 4615/698/643 4646/725/674 4647/726/675
f 4630/701/658 4629/699/657 4660/727/688 4661/728/689
f 4617/702/645 4616/700/644 4647/726/675 4648/729/676
f 4631/703/659 4630/701/658 4661/728/689 4662/730/690
f 4618/704/646 4617/702/645 4648/729/676 4649/731/677
f 4632/705/660 4631/703/659 4662/730/690 4663/732/691
f 4619/706/647 4618/704/646 4649/731/677 4650/733/678
f 4633/707/661 4632/705/660 4663/732/691 4664/734/692
f 4620/708/648 4619/706/647 4650/733/678 4651/735/679
f 4634/709/662 4633/707/661 4664/734/692 4665/736/693
f 4621/710/649 4620/708/648 4651/735/679 4652/737/680
f 4635/711/663 4634/709/662 4665/736/693 4666/738/694
f 4622/712/650 4621/710/649 4652/737/680 4653/739/681
f 4636/713/664 4635/711/663 4666/738/694 4667/740/695
f 4623/714/651 4622/712/650 4653/739/681 4654/741/682
f 4610/716/638 5417/742/1445 4641/743/669
f 4637/717/665 4636/713/664 4667/740/695 4668/744/696
f 4624/718/652 4623/714/651 4654/741/682 4655/745/683
f 4611/719/639 4610/716/638 4641/743/669 4642/746/670
f 4638/720/666 4637/717/665 4668/744/696 4669/747/697
f 4625/721/653 4624/718/652 4655/745/683 4656/748/684
f 4612/722/640 4611/719/639 4642/746/670 4643/749/671
f 4639/723/667 4638/720/666 4669/747/697 4670/750/698
f 4626/724/654 4625/721/653 4656/748/684 4657/751/685
f 4613/692/641 4612/722/640 4643/749/671 4644/752/672
f 4640/695/668 4639/723/667 4670/750/698 4671/753/699
f 4627/696/655 4626/724/654 4657/751/685 4658/754/686
f 4614/693/642 4613/692/641 4644/752/672 4645/755/673
f 4951/756/979 4640/695/668 4671/753/699
f 4628/697/656 4627/696/655 4658/754/686 4659/757/687
f 4615/698/643 4614/693/642 4645/755/673 4646/725/674
f 4629/699/657 4628/697/656 4659/757/687 4660/727/688
f 4649/731/677 4648/729/676 4679/758/707 4680/759/708
f 4663/732/691 4662/730/690 4693/760/721 4694/761/722
f 4650/733/678 4649/731/677 4680/759/708 4681/762/709
f 4664/734/692 4663/732/691 4694/761/722 4695/763/723
f 4651/735/679 4650/733/678 4681/762/709 4682/764/710
f 4665/736/693 4664/734/692 4695/763/723 4696/765/724
f 4652/737/680 4651/735/679 4682/764/710 4683/766/711
f 4666/738/694 4665/736/693 4696/765/724 4697/767/725
f 4653/739/681 4652/737/680 4683/766/711 4684/768/712
f 4667/740/695 4666/738/694 4697/767/725 4698/769/726
f 4654/741/682 4653/739/681 4684/768/712 4685/770/713
f 4641/743/669 5417/771/1445 4672/772/700
f 4668/744/696 4667/740/695 4698/769/726 4699/773/727
f 4655/745/683 4654/741/682 4685/770/713 4686/774/714
f 4642/746/670 4641/743/669 4672/772/700 4673/775/701
f 4669/747/697 4668/744/696 4699/773/727 4700/776/728
f 4656/748/684 4655/745/683 4686/774/714 4687/777/715
f 4643/749/671 4642/746/670 4673/775/701 4674/778/702
f 4670/750/698 4669/747/697 4700/776/728 4701/779/729
f 4657/751/685 4656/748/684 4687/777/715 4688/780/716
f 4644/752/672 4643/749/671 4674/778/702 4675/781/703
f 4671/753/699 4670/750/698 4701/779/729 4702/782/730
f 4658/754/686 4657/751/685 4688/780/716 4689/783/717
f 4645/755/673 4644/752/672 4675/781/703 4676/784/704
f 4951/785/979 4671/753/699 4702/782/730
f 4659/757/687 4658/754/686 4689/783/717 4690/786/718
f 4646/725/674 4645/755/673 4676/784/704 4677/787/705
f 4660/727/688 4659/757/687 4690/786/718 4691/788/719
f 4647/726/675 4646/725/674 4677/787/705 4678/789/706
f 4661/728/689 4660/727/688 4691/788/719 4692/790/720
f 4648/729/676 4647/726/675 4678/789/706 4679/758/707
f 4662/730/690 4661/728/689 4692/790/720 4693/760/721
f 4682/764/710 4681/762/709 4712/791/740 4713/792/741
f 4696/765/724 4695/763/723 4726/793/754 4727/794/755
f 4683/766/711 4682/764/710 4713/792/741 4714/795/742
f 4697/767/725 4696/765/724 4727/794/755 4728/796/756
f 4684/768/712 4683/766/711 4714/795/742 4715/797/743
f 4698/769/726 4697/767/725 4728/796/756 4729/798/757
f 4685/770/713 4684/768/712 4715/797/743 4716/799/744
f 4672/772/700 5417/800/1445 4703/801/731
f 4699/773/727 4698/769/726 4729/798/757 4730/802/758
f 4686/774/714 4685/770/713 4716/799/744 4717/803/745
f 4673/775/701 4672/772/700 4703/801/731 4704/804/732
f 4700/776/728 4699/773/727 4730/802/758 4731/805/759
f 4687/777/715 4686/774/714 4717/803/745 4718/806/746
f 4674/778/702 4673/775/701 4704/804/732 4705/807/733
f 4701/779/729 4700/776/728 4731/805/759 4732/808/760
f 4688/780/716 4687/777/715 4718/806/746 4719/809/747
f 4675/781/703 4674/778/702 4705/807/733 4706/810/734
f 4702/782/730 4701/779/729 4732/808/760 4733/811/761
f 4689/783/717 4688/780/716 4719/809/747 4720/812/748
f 4676/784/704 4675/781/703 4706/810/734 4707/813/735
f 4951/814/979 4702/782/730 4733/811/761
f 4690/786/718 4689/783/717 4720/812/748 4721/815/749
f 4677/787/705 4676/784/704 4707/813/735 4708/816/736
f 4691/788/719 4690/786/718 4721/815/749 4722/817/750
f 4678/789/706 4677/787/705 4708/816/736 4709/818/737
f 4692/790/720 4691/788/719 4722/817/750 4723/819/751
f 4679/758/707 4678/789/706 4709/818/737 4710/820/738
f 4693/760/721 4692/790/720 4723/819/751 4724/821/752
f 4680/759/708 4679/758/707 4710/820/738 4711/822/739
f 4694/761/722 4693/760/721 4724/821/752 4725/823/753
f 4681/762/709 4680/759/708 4711/822/739 4712/791/740
f 4695/763/723 4694/761/722 4725/823/753 4726/793/754
f 4715/797/743 4714/795/742 4745/824/773 4746/825/774
f 4729/798/757 4728/796/756 4759/826/787 4760/827/788
f 4716/799/744 4715/797/743 4746/825/774 4747/828/775
f 4703/801/731 5417/829/1445 4734/830/762
f 4730/802/758 4729/798/757 4760/827/788 4761/831/789
f 4717/803/745 4716/799/744 4747/828/775 4748/832/776
f 4704/804/732 4703/801/731 4734/830/762 4735/833/763
f 4731/805/759 4730/802/758 4761/831/789 4762/834/790
f 4718/806/746 4717/803/745 4748/832/776 4749/835/777
f 4705/807/733 4704/804/732 4735/833/763 4736/836/764
f 4732/808/760 4731/805/759 4762/834/790 4763/837/791
f 4719/809/747 4718/806/746 4749/835/777 4750/838/778
f 4706/810/734 4705/807/733 4736/836/764 4737/839/765
f 4733/811/761 4732/808/760 4763/837/791 4764/840/792
f 4720/812/748 4719/809/747 4750/838/778 4751/841/779
f 4707/813/735 4706/810/734 4737/839/765 4738/842/766
f 4951/843/979 4733/811/761 4764/840/792
f 4721/815/749 4720/812/748 4751/841/779 4752/844/780
f 4708/816/736 4707/813/735 4738/842/766 4739/845/767
f 4722/817/750 4721/815/749 4752/844/780 4753/846/781
f 4709/818/737 4708/816/736 4739/845/767 4740/847/768
f 4723/819/751 4722/817/750 4753/846/781 4754/848/782
f 4710/820/738 4709/818/737 4740/847/768 4741/849/769
f 4724/821/752 4723/819/751 4754/848/782 4755/850/783
f 4711/822/739 4710/820/738 4741/849/769 4742/851/770
f 4725/823/753 4724/821/752 4755/850/783 4756/852/784
f 4712/791/740 4711/822/739 4742/851/770 4743/853/771
f 4726/793/754 4725/823/753 4756/852/784 4757/854/785
f 4713/792/741 4712/791/740 4743/853/771 4744/855/772
f 4727/794/755 4726/793/754 4757/854/785 4758/856/786
f 4714/795/742 4713/792/741 4744/855/772 4745/824/773
f 4728/796/756 4727/794/755 4758/856/786 4759/826/787
f 4748/832/776 4747/828/775 4778/857/806 4779/858/807
f 4735/833/763 4734/830/762 4765/859/793 4766/860/794
f 4762/834/790 4761/831/789 4792/861/820 4793/862/821
f 4749/835/777 4748/832/776 4779/858/807 4780/863/808
f 4736/836/764 4735/833/763 4766/860/794 4767/864/795
f 4763/837/791 4762/834/790 4793/862/821 4794/865/822
f 4750/838/778 4749/835/777 4780/863/808 4781/866/809
f 4737/839/765 4736/836/764 4767/864/795 4768/867/796
f 4764/840/792 4763/837/791 4794/865/822 4795/868/823
f 4751/841/779 4750/838/778 4781/866/809 4782/869/810
f 4738/842/766 4737/839/765 4768/867/796 4769/870/797
f 4951/871/979 4764/840/792 4795/868/823
f 4752/844/780 4751/841/779 4782/869/810 4783/872/811
f 4739/845/767 4738/842/766 4769/870/797 4770/873/798
f 4753/846/781 4752/844/780 4783/872/811 4784/874/812
f 4740/847/768 4739/845/767 4770/873/798 4771/875/799
f 4754/848/782 4753/846/781 4784/874/812 4785/876/813
f 4741/849/769 4740/847/768 4771/875/799 4772/877/800
f 4755/850/783 4754/848/782 4785/876/813 4786/878/814
f 4742/851/770 4741/849/769 4772/877/800 4773/879/801
f 4756/852/784 4755/850/783 4786/878/814 4787/880/815
f 4743/853/771 4742/851/770 4773/879/801 4774/881/802
f 4757/854/785 4756/852/784 4787/880/815 4788/882/816
f 4744/855/772 4743/853/771 4774/881/802 4775/883/803
f 4758/856/786 4757/854/785 4788/882/816 4789/884/817
f 4745/824/773 4744/855/772 4775/883/803 4776/885/804
f 4759/826/787 4758/856/786 4789/884/817 4790/886/818
f 4746/825/774 4745/824/773 4776/885/804 4777/887/805
f 4760/827/788 4759/826/787 4790/886/818 4791/888/819
f 4747/828/775 4746/825/774 4777/887/805 4778/857/806
f 4734/830/762 5417/889/1445 4765/859/793
f 4761/831/789 4760/827/788 4791/888/819 4792/861/820
f 4784/874/812 4783/872/811 4814/890/842 4815/891/843
f 4771/875/799 4770/873/798 4801/892/829 4802/893/830
f 4785/876/813 4784/874/812 4815/891/843 4816/894/844
f 4772/877/800 4771/875/799 4802/893/830 4803/895/831
f 4786/878/814 4785/876/813 4816/894/844 4817/896/845
f 4773/879/801 4772/877/800 4803/895/831 4804/897/832
f 4787/880/815 4786/878/814 4817/896/845 4818/898/846
f 4774/881/802 4773/879/801 4804/897/832 4805/899/833
f 4788/882/816 4787/880/815 4818/898/846 4819/900/847
f 4775/883/803 4774/881/802 4805/899/833 4806/901/834
f 4789/884/817 4788/882/816 4819/900/847 4820/902/848
f 4776/885/804 4775/883/803 4806/901/834 4807/903/835
f 4790/886/818 4789/884/817 4820/902/848 4821/904/849
f 4777/887/805 4776/885/804 4807/903/835 4808/905/836
f 4791/888/819 4790/886/818 4821/904/849 4822/906/850
f 4778/857/806 4777/887/805 4808/905/836 4809/907/837
f 4765/859/793 5417/908/1445 4796/909/824
f 4792/861/820 4791/888/819 4822/906/850 4823/910/851
f 4779/858/807 4778/857/806 4809/907/837 4810/911/838
f 4766/860/794 4765/859/793 4796/909/824 4797/912/825
f 4793/862/821 4792/861/820 4823/910/851 4824/913/852
f 4780/863/808 4779/858/807 4810/911/838 4811/914/839
f 4767/864/795 4766/860/794 4797/912/825 4798/915/826
f 4794/865/822 4793/862/821 4824/913/852 4825/916/853
f 4781/866/809 4780/863/808 4811/914/839 4812/917/840
f 4768/867/796 4767/864/795 4798/915/826 4799/918/827
f 4795/868/823 4794/865/822 4825/916/853 4826/919/854
f 4782/869/810 4781/866/809 4812/917/840 4813/920/841
f 4769/870/797 4768/867/796 4799/918/827 4800/921/828
f 4951/922/979 4795/868/823 4826/919/854
f 4783/872/811 4782/869/810 4813/920/841 4814/890/842
f 4770/873/798 4769/870/797 4800/921/828 4801/892/829
f 4817/896/845 4816/894/844 4847/923/875 4848/924/876
f 4804/897/832 4803/895/831 4834/925/862 4835/926/863
f 4818/898/846 4817/896/845 4848/924/876 4849/927/877
f 4805/899/833 4804/897/832 4835/926/863 4836/928/864
f 4819/900/847 4818/898/846 4849/927/877 4850/929/878
f 4806/901/834 4805/899/833 4836/928/864 4837/930/865
f 4820/902/848 4819/900/847 4850/929/878 4851/931/879
f 4807/903/835 4806/901/834 4837/930/865 4838/932/866
f 4821/904/849 4820/902/848 4851/931/879 4852/933/880
f 4808/905/836 4807/903/835 4838/932/866 4839/934/867
f 4822/906/850 4821/904/849 4852/933/880 4853/935/881
f 4809/907/837 4808/905/836 4839/934/867 4840/936/868
f 4796/909/824 5417/937/1445 4827/938/855
f 4823/910/851 4822/906/850 4853/935/881 4854/939/882
f 4810/911/838 4809/907/837 4840/936/868 4841/940/869
f 4797/912/825 4796/909/824 4827/938/855 4828/941/856
f 4824/913/852 4823/910/851 4854/939/882 4855/942/883
f 4811/914/839 4810/911/838 4841/940/869 4842/943/870
f 4798/915/826 4797/912/825 4828/941/856 4829/944/857
f 4825/916/853 4824/913/852 4855/942/883 4856/945/884
f 4812/917/840 4811/914/839 4842/943/870 4843/946/871
f 4799/918/827 4798/915/826 4829/944/857 4830/947/858
f 4826/919/854 4825/916/853 4856/945/884 4857/948/885
f 4813/920/841 4812/917/840 4843/946/871 4844/949/872
f 4800/921/828 4799/918/827 4830/947/858 4831/950/859
f 4951/951/979 4826/919/854 4857/948/885
f 4814/890/842 4813/920/841 4844/949/872 4845/952/873
f 4801/892/829 4800/921/828 4831/950/859 4832/953/860
f 4815/891/843 4814/890/842 4845/952/873 4846/954/874
f 4802/893/830 4801/892/829 4832/953/860 4833/955/861
f 4816/894/844 4815/891/843 4846/954/874 4847/923/875
f 4803/895/831 4802/893/830 4833/955/861 4834/925/862
f 4850/929/878 4849/927/877 4880/956/908 4881/957/909
f 4837/930/865 4836/928/864 4867/958/895 4868/959/896
f 4851/931/879 4850/929/878 4881/957/909 4882/960/910
f 4838/932/866 4837/930/865 4868/959/896 4869/961/897
f 4852/933/880 4851/931/879 4882/960/910 4883/962/911
f 4839/934/867 4838/932/866 4869/961/897 4870/963/898
f 4853/935/881 4852/933/880 4883/962/911 4884/964/912
f 4840/936/868 4839/934/867 4870/963/898 4871/965/899
f 4827/938/855 5417/966/1445 4858/967/886
f 4854/939/882 4853/935/881 4884/964/912 4885/968/913
f 4841/940/869 4840/936/868 4871/965/899 4872/969/900
f 4828/941/856 4827/938/855 4858/967/886 4859/970/887
f 4855/942/883 4854/939/882 4885/968/913 4886/971/914
f 4842/943/870 4841/940/869 4872/969/900 4873/972/901
f 4829/944/857 4828/941/856 4859/970/887 4860/973/888
f 4856/945/884 4855/942/883 4886/971/914 4887/974/915
f 4843/946/871 4842/943/870 4873/972/901 4874/975/902
f 4830/947/858 4829/944/857 4860/973/888 4861/976/889
f 4857/948/885 4856/945/884 4887/974/915 4888/977/916
f 4844/949/872 4843/946/871 4874/975/902 4875/978/903
f 4831/950/859 4830/947/858 4861/976/889 4862/979/890
f 4951/980/979 4857/948/885 4888/977/916
f 4845/952/873 4844/949/872 4875/978/903 4876/981/904
f 4832/953/860 4831/950/859 4862/979/890 4863/982/891
f 4846/954/874 4845/952/873 4876/981/904 4877/983/905
f 4833/955/861 4832/953/860 4863/982/891 4864/984/892
f 4847/923/875 4846/954/874 4877/983/905 4878/985/906
f 4834/925/862 4833/955/861 4864/984/892 4865/986/893
f 4848/924/876 4847/923/875 4878/985/906 4879/987/907
f 4835/926/863 4834/925/862 4865/986/893 4866/988/894
f 4849/927/877 4848/924/876 4879/987/907 4880/956/908
f 4836/928/864 4835/926/863 4866/988/894 4867/958/895
f 4883/962/911 4882/960/910 4913/989/941 4914/990/942
f 4870/963/898 4869/961/897 4900/991/928 4901/992/929
f 4884/964/912 4883/962/911 4914/990/942 4915/993/943
f 4871/965/899 4870/963/898 4901/992/929 4902/994/930
f 4858/967/886 5417/995/1445 4889/996/917
f 4885/968/913 4884/964/912 4915/993/943 4916/997/944
f 4872/969/900 4871/965/899 4902/994/930 4903/998/931
f 4859/970/887 4858/967/886 4889/996/917 4890/999/918
f 4886/971/914 4885/968/913 4916/997/944 4917/1000/945
f 4873/972/901 4872/969/900 4903/998/931 4904/1001/932
f 4860/973/888 4859/970/887 4890/999/918 4891/1002/919
f 4887/974/915 4886/971/914 4917/1000/945 4918/1003/946
f 4874/975/902 4873/972/901 4904/1001/932 4905/1004/933
f 4861/976/889 4860/973/888 4891/1002/919 4892/1005/920
f 4888/977/916 4887/974/915 4918/1003/946 4919/1006/947
f 4875/978/903 4874/975/902 4905/1004/933 4906/1007/934
f 4862/979/890 4861/976/889 4892/1005/920 4893/1008/921
f 4951/1009/979 4888/977/916 4919/1006/947
f 4876/981/904 4875/978/903 4906/1007/934 4907/1010/935
f 4863/982/891 4862/979/890 4893/1008/921 4894/1011/922
f 4877/983/905 4876/981/904 4907/1010/935 4908/1012/936
f 4864/984/892 4863/982/891 4894/1011/922 4895/1013/923
f 4878/985/906 4877/983/905 4908/1012/936 4909/1014/937
f 4865/986/893 4864/984/892 4895/1013/923 4896/1015/924
f 4879/987/907 4878/985/906 4909/1014/937 4910/1016/938
f 4866/988/894 4865/986/893 4896/1015/924 4897/1017/925
f 4880/956/908 4879/987/907 4910/1016/938 4911/1018/939
f 4867/958/895 4866/988/894 4897/1017/925 4898/1019/926
f 4881/957/909 4880/956/908 4911/1018/939 4912/1020/940
f 4868/959/896 4867/958/895 4898/1019/926 4899/1021/927
f 4882/960/910 4881/957/909 4912/1020/940 4913/989/941
f 4869/961/897 4868/959/896 4899/1021/927 4900/991/928
f 4889/996/917 5417/1022/1445 4920/1023/948
f 4916/997/944 4915/993/943 4946/1024/974 4947/1025/975
f 4903/998/931 4902/994/930 4933/1026/961 4934/1027/962
f 4890/999/918 4889/996/917 4920/1023/948 4921/1028/949
f 4917/1000/945 4916/997/944 4947/1025/975 4948/1029/976
f 4904/1001/932 4903/998/931 4934/1027/962 4935/1030/963
f 4891/1002/919 4890/999/918 4921/1028/949 4922/1031/950
f 4918/1003/946 4917/1000/945 4948/1029/976 4949/1032/977
f 4905/1004/933 4904/1001/932 4935/1030/963 4936/1033/964
f 4892/1005/920 4891/1002/919 4922/1031/950 4923/1034/951
f 4919/1006/947 4918/1003/946 4949/1032/977 4950/1035/978
f 4906/1007/934 4905/1004/933 4936/1033/964 4937/1036/965
f 4893/1008/921 4892/1005/920 4923/1034/951 4924/1037/952
f 4951/1038/979 4919/1006/947 4950/1035/978
f 4907/1010/935 4906/1007/934 4937/1036/965 4938/1039/966
f 4894/1011/922 4893/1008/921 4924/1037/952 4925/1040/953
f 4908/1012/936 4907/1010/935 4938/1039/966 4939/1041/967
f 4895/1013/923 4894/1011/922 4925/1040/953 4926/1042/954
f 4909/1014/937 4908/1012/936 4939/1041/967 4940/1043/968
f 4896/1015/924 4895/1013/923 4926/1042/954 4927/1044/955
f 4910/1016/938 4909/1014/937 4940/1043/968 4941/1045/969
f 4897/1017/925 4896/1015/924 4927/1044/955 4928/1046/956
f 4911/1018/939 4910/1016/938 4941/1045/969 4942/1047/970
f 4898/1019/926 4897/1017/925 4928/1046/956 4929/1048/957
f 4912/1020/940 4911/1018/939 4942/1047/970 4943/1049/971
f 4899/1021/927 4898/1019/926 4929/1048/957 4930/1050/958
f 4913/989/941 4912/1020/940 4943/1049/971 4944/1051/972
f 4900/991/928 4899/1021/927 4930/1050/958 4931/1052/959
f 4914/990/942 4913/989/941 4944/1051/972 4945/1053/973
f 4901/992/929 4900/991/928 4931/1052/959 4932/1054/960
f 4915/993/943 4914/990/942 4945/1053/973 4946/1024/974
f 4902/994/930 4901/992/929 4932/1054/960 4933/1026/961
f 4922/1031/950 4921/1028/949 4953/1055/981 4954/1056/982
f 4949/1032/977 4948/1029/976 4980/1057/1008 4981/1058/1009
f 4936/1033/964 4935/1030/963 4967/1059/995 4968/1060/996
f 4923/1034/951 4922/1031/950 4954/1056/982 4955/1061/983
f 4950/1035/978 4949/1032/977 4981/1058/1009 4982/1062/1010
f 4937/1036/965 4936/1033/964 4968/1060/996 4969/1063/997
f 4924/1037/952 4923/1034/951 4955/1061/983 4956/1064/984
f 4951/1065/979 4950/1035/978 4982/1062/1010
f 4938/1039/966 4937/1036/965 4969/1063/997 4970/1066/998
f 4925/1040/953 4924/1037/952 4956/1064/984 4957/1067/985
f 4939/1041/967 4938/1039/966 4970/1066/998 4971/1068/999
f 4926/1042/954 4925/1040/953 4957/1067/985 4958/1069/986
f 4940/1043/968 4939/1041/967 4971/1068/999 4972/1070/1000
f 4927/1044/955 4926/1042/954 4958/1069/986 4959/1071/987
f 4941/1045/969 4940/1043/968 4972/1070/1000 4973/1072/1001
f 4928/1046/956 4927/1044/955 4959/1071/987 4960/1073/988
f 4942/1047/970 4941/1045/969 4973/1072/1001 4974/1074/1002
f 4929/1048/957 4928/1046/956 4960/1073/988 4961/1075/989
f 4943/1049/971 4942/1047/970 4974/1074/1002 4975/1076/1003
f 4930/1050/958 4929/1048/957 4961/1075/989 4962/1077/990
f 4944/1051/972 4943/1049/971 4975/1076/1003 4976/1078/1004
f 4931/1052/959 4930/1050/958 4962/1077/990 4963/1079/991
f 4945/1053/973 4944/1051/972 4976/1078/1004 4977/1080/1005
f 4932/1054/960 4931/1052/959 4963/1079/991 4964/1081/992
f 4946/1024/974 4945/1053/973 4977/1080/1005 4978/1082/1006
f 4933/1026/961 4932/1054/960 4964/1081/992 4965/1083/993
f 4920/1023/948 5417/1084/1445 4952/1085/980
f 4947/1025/975 4946/1024/974 4978/1082/1006 4979/1086/1007
f 4934/1027/962 4933/1026/961 4965/1083/993 4966/1087/994
f 4921/1028/949 4920/1023/948 4952/1085/980 4953/1055/981
f 4948/1029/976 4947/1025/975 4979/1086/1007 4980/1057/1008
f 4935/1030/963 4934/1027/962 4966/1087/994 4967/1059/995
f 4956/1064/984 4955/1061/983 4986/1088/1014 4987/1089/1015
f 4951/1090/979 4982/1062/1010 5013/1091/1041
f 4970/1066/998 4969/1063/997 5000/1092/1028 5001/1093/1029
f 4957/1067/985 4956/1064/984 4987/1089/1015 4988/1094/1016
f 4971/1068/999 4970/1066/998 5001/1093/1029 5002/1095/1030
f 4958/1069/986 4957/1067/985 4988/1094/1016 4989/1096/1017
f 4972/1070/1000 4971/1068/999 5002/1095/1030 5003/1097/1031
f 4959/1071/987 4958/1069/986 4989/1096/1017 4990/1098/1018
f 4973/1072/1001 4972/1070/1000 5003/1097/1031 5004/1099/1032
f 4960/1073/988 4959/1071/987 4990/1098/1018 4991/1100/1019
f 4974/1074/1002 4973/1072/1001 5004/1099/1032 5005/1101/1033
f 4961/1075/989 4960/1073/988 4991/1100/1019 4992/1102/1020
f 4975/1076/1003 4974/1074/1002 5005/1101/1033 5006/1103/1034
f 4962/1077/990 4961/1075/989 4992/1102/1020 4993/1104/1021
f 4976/1078/1004 4975/1076/1003 5006/1103/1034 5007/1105/1035
f 4963/1079/991 4962/1077/990 4993/1104/1021 4994/1106/1022
f 4977/1080/1005 4976/1078/1004 5007/1105/1035 5008/1107/1036
f 4964/1081/992 4963/1079/991 4994/1106/1022 4995/1108/1023
f 4978/1082/1006 4977/1080/1005 5008/1107/1036 5009/1109/1037
f 4965/1083/993 4964/1081/992 4995/1108/1023 4996/1110/1024
f 4952/1085/980 5417/1111/1445 4983/1112/1011
f 4979/1086/1007 4978/1082/1006 5009/1109/1037 5010/1113/1038
f 4966/1087/994 4965/1083/993 4996/1110/1024 4997/1114/1025
f 4953/1055/981 4952/1085/980 4983/1112/1011 4984/1115/1012
f 4980/1057/1008 4979/1086/1007 5010/1113/1038 5011/1116/1039
f 4967/1059/995 4966/1087/994 4997/1114/1025 4998/1117/1026
f 4954/1056/982 4953/1055/981 4984/1115/1012 4985/1118/1013
f 4981/1058/1009 4980/1057/1008 5011/1116/1039 5012/1119/1040
f 4968/1060/996 4967/1059/995 4998/1117/1026 4999/1120/1027
f 4955/1061/983 4954/1056/982 4985/1118/1013 4986/1088/1014
f 4982/1062/1010 4981/1058/1009 5012/1119/1040 5013/1091/1041
f 4969/1063/997 4968/1060/996 4999/1120/1027 5000/1092/1028
f 4989/1096/1017 4988/1094/1016 5019/1121/1047 5020/1122/1048
f 5003/1097/1031 5002/1095/1030 5033/1123/1061 5034/1124/1062
f 4990/1098/1018 4989/1096/1017 5020/1122/1048 5021/1125/1049
f 5004/1099/1032 5003/1097/1031 5034/1124/1062 5035/1126/1063
f 4991/1100/1019 4990/1098/1018 5021/1125/1049 5022/1127/1050
f 5005/1101/1033 5004/1099/1032 5035/1126/1063 5036/1128/1064
f 4992/1102/1020 4991/1100/1019 5022/1127/1050 5023/1129/1051
f 5006/1103/1034 5005/1101/1033 5036/1128/1064 5037/1130/1065
f 4993/1104/1021 4992/1102/1020 5023/1129/1051 5024/1131/1052
f 5007/1105/1035 5006/1103/1034 5037/1130/1065 5038/1132/1066
f 4994/1106/1022 4993/1104/1021 5024/1131/1052 5025/1133/1053
f 5008/1107/1036 5007/1105/1035 5038/1132/1066 5039/1134/1067
f 4995/1108/1023 4994/1106/1022 5025/1133/1053 5026/1135/1054
f 5009/1109/1037 5008/1107/1036 5039/1134/1067 5040/1136/1068
f 4996/1110/1024 4995/1108/1023 5026/1135/1054 5027/1137/1055
f 4983/1112/1011 5417/1138/1445 5014/1139/1042
f 5010/1113/1038 5009/1109/1037 5040/1136/1068 5041/1140/1069
f 4997/1114/1025 4996/1110/1024 5027/1137/1055 5028/1141/1056
f 4984/1115/1012 4983/1112/1011 5014/1139/1042 5015/1142/1043
f 5011/1116/1039 5010/1113/1038 5041/1140/1069 5042/1143/1070
f 4998/1117/1026 4997/1114/1025 5028/1141/1056 5029/1144/1057
f 4985/1118/1013 4984/1115/1012 5015/1142/1043 5016/1145/1044
f 5012/1119/1040 5011/1116/1039 5042/1143/1070 5043/1146/1071
f 4999/1120/1027 4998/1117/1026 5029/1144/1057 5030/1147/1058
f 4986/1088/1014 4985/1118/1013 5016/1145/1044 5017/1148/1045
f 5013/1091/1041 5012/1119/1040 5043/1146/1071 5044/1149/1072
f 5000/1092/1028 4999/1120/1027 5030/1147/1058 5031/1150/1059
f 4987/1089/1015 4986/1088/1014 5017/1148/1045 5018/1151/1046
f 4951/1152/979 5013/1091/1041 5044/1149/1072
f 5001/1093/1029 5000/1092/1028 5031/1150/1059 5032/1153/1060
f 4988/1094/1016 4987/1089/1015 5018/1151/1046 5019/1121/1047
f 5002/1095/1030 5001/1093/1029 5032/1153/1060 5033/1123/1061
f 5022/1127/1050 5021/1125/1049 5052/1154/1080 5053/1155/1081
f 5036/1128/1064 5035/1126/1063 5066/1156/1094 5067/1157/1095
f 5023/1129/1051 5022/1127/1050 5053/1155/1081 5054/1158/1082
f 5037/1130/1065 5036/1128/1064 5067/1157/1095 5068/1159/1096
f 5024/1131/1052 5023/1129/1051 5054/1158/1082 5055/1160/1083
f 5038/1132/1066 5037/1130/1065 5068/1159/1096 5069/1161/1097
f 5025/1133/1053 5024/1131/1052 5055/1160/1083 5056/1162/1084
f 5039/1134/1067 5038/1132/1066 5069/1161/1097 5070/1163/1098
f 5026/1135/1054 5025/1133/1053 5056/1162/1084 5057/1164/1085
f 5040/1136/1068 5039/1134/1067 5070/1163/1098 5071/1165/1099
f 5027/1137/1055 5026/1135/1054 5057/1164/1085 5058/1166/1086
f 5014/1139/1042 5417/1167/1445 5045/1168/1073
f 5041/1140/1069 5040/1136/1068 5071/1165/1099 5072/1169/1100
f 5028/1141/1056 5027/1137/1055 5058/1166/1086 5059/1170/1087
f 5015/1142/1043 5014/1139/1042 5045/1168/1073 5046/1171/1074
f 5042/1143/1070 5041/1140/1069 5072/1169/1100 5073/1172/1101
f 5029/1144/1057 5028/1141/1056 5059/1170/1087 5060/1173/1088
f 5016/1145/1044 5015/1142/1043 5046/1171/1074 5047/1174/1075
f 5043/1146/1071 5042/1143/1070 5073/1172/1101 5074/1175/1102
f 5030/1147/1058 5029/1144/1057 5060/1173/1088 5061/1176/1089
f 5017/1148/1045 5016/1145/1044 5047/1174/1075 5048/1177/1076
f 5044/1149/1072 5043/1146/1071 5074/1175/1102 5075/1178/1103
f 5031/1150/1059 5030/1147/1058 5061/1176/1089 5062/1179/1090
f 5018/1151/1046 5017/1148/1045 5048/1177/1076 5049/1180/1077
f 4951/1181/979 5044/1149/1072 5075/1178/1103
f 5032/1153/1060 5031/1150/1059 5062/1179/1090 5063/1182/1091
f 5019/1121/1047 5018/1151/1046 5049/1180/1077 5050/1183/1078
f 5033/1123/1061 5032/1153/1060 5063/1182/1091 5064/1184/1092
f 5020/1122/1048 5019/1121/1047 5050/1183/1078 5051/1185/1079
f 5034/1124/1062 5033/1123/1061 5064/1184/1092 5065/1186/1093
f 5021/1125/1049 5020/1122/1048 5051/1185/1079 5052/1154/1080
f 5035/1126/1063 5034/1124/1062 5065/1186/1093 5066/1156/1094
f 5055/1160/1083 5054/1158/1082 5085/1187/1113 5086/1188/1114
f 5069/1161/1097 5068/1159/1096 5099/1189/1127 5100/1190/1128
f 5056/1162/1084 5055/1160/1083 5086/1188/1114 5087/1191/1115
f 5070/1163/1098 5069/1161/1097 5100/1190/1128 5101/1192/1129
f 5057/1164/1085 5056/1162/1084 5087/1191/1115 5088/1193/1116
f 5071/1165/1099 5070/1163/1098 5101/1192/1129 5102/1194/1130
f 5058/1166/1086 5057/1164/1085 5088/1193/1116 5089/1195/1117
f 5045/1168/1073 5417/1196/1445 5076/1197/1104
f 5072/1169/1100 5071/1165/1099 5102/1194/1130 5103/1198/1131
f 5059/1170/1087 5058/1166/1086 5089/1195/1117 5090/1199/1118
f 5046/1171/1074 5045/1168/1073 5076/1197/1104 5077/1200/1105
f 5073/1172/1101 5072/1169/1100 5103/1198/1131 5104/1201/1132
f 5060/1173/1088 5059/1170/1087 5090/1199/1118 5091/1202/1119
f 5047/1174/1075 5046/1171/1074 5077/1200/1105 5078/1203/1106
f 5074/1175/1102 5073/1172/1101 5104/1201/1132 5105/1204/1133
f 5061/1176/1089 5060/1173/1088 5091/1202/1119 5092/1205/1120
f 5048/1177/1076 5047/1174/1075 5078/1203/1106 5079/1206/1107
f 5075/1178/1103 5074/1175/1102 5105/1204/1133 5106/1207/1134
f 5062/1179/1090 5061/1176/1089 5092/1205/1120 5093/1208/1121
f 5049/1180/1077 5048/1177/1076 5079/1206/1107 5080/1209/1108
f 4951/1210/979 5075/1178/1103 5106/1207/1134
f 5063/1182/1091 5062/1179/1090 5093/1208/1121 5094/1211/1122
f 5050/1183/1078 5049/1180/1077 5080/1209/1108 5081/1212/1109
f 5064/1184/1092 5063/1182/1091 5094/1211/1122 5095/1213/1123
f 5051/1185/1079 5050/1183/1078 5081/1212/1109 5082/1214/1110
f 5065/1186/1093 5064/1184/1092 5095/1213/1123 5096/1215/1124
f 5052/1154/1080 5051/1185/1079 5082/1214/1110 5083/1216/1111
f 5066/1156/1094 5065/1186/1093 5096/1215/1124 5097/1217/1125
f 5053/1155/1081 5052/1154/1080 5083/1216/1111 5084/1218/1112
f 5067/1157/1095 5066/1156/1094 5097/1217/1125 5098/1219/1126
f 5054/1158/1082 5053/1155/1081 5084/1218/1112 5085/1187/1113
f 5068/1159/1096 5067/1157/1095 5098/1219/1126 5099/1189/1127
f 5088/1193/1116 5087/1191/1115 5118/1220/1146 5119/1221/1147
f 5102/1194/1130 5101/1192/1129 5132/1222/1160 5133/1223/1161
f 5089/1195/1117 5088/1193/1116 5119/1221/1147 5120/1224/1148
f 5076/1197/1104 5417/1225/1445 5107/1226/1135
f 5103/1198/1131 5102/1194/1130 5133/1223/1161 5134/1227/1162
f 5090/1199/1118 5089/1195/1117 5120/1224/1148 5121/1228/1149
f 5077/1200/1105 5076/1197/1104 5107/1226/1135 5108/1229/1136
f 5104/1201/1132 5103/1198/1131 5134/1227/1162 5135/1230/1163
f 5091/1202/1119 5090/1199/1118 5121/1228/1149 5122/1231/1150
f 5078/1203/1106 5077/1200/1105 5108/1229/1136 5109/1232/1137
f 5105/1204/1133 5104/1201/1132 5135/1230/1163 5136/1233/1164
f 5092/1205/1120 5091/1202/1119 5122/1231/1150 5123/1234/1151
f 5079/1206/1107 5078/1203/1106 5109/1232/1137 5110/1235/1138
f 5106/1207/1134 5105/1204/1133 5136/1233/1164 5137/1236/1165
f 5093/1208/1121 5092/1205/1120 5123/1234/1151 5124/1237/1152
f 5080/1209/1108 5079/1206/1107 5110/1235/1138 5111/1238/1139
f 4951/1239/979 5106/1207/1134 5137/1236/1165
f 5094/1211/1122 5093/1208/1121 5124/1237/1152 5125/1240/1153
f 5081/1212/1109 5080/1209/1108 5111/1238/1139 5112/1241/1140
f 5095/1213/1123 5094/1211/1122 5125/1240/1153 5126/1242/1154
f 5082/1214/1110 5081/1212/1109 5112/1241/1140 5113/1243/1141
f 5096/1215/1124 5095/1213/1123 5126/1242/1154 5127/1244/1155
f 5083/1216/1111 5082/1214/1110 5113/1243/1141 5114/1245/1142
f 5097/1217/1125 5096/1215/1124 5127/1244/1155 5128/1246/1156
f 5084/1218/1112 5083/1216/1111 5114/1245/1142 5115/1247/1143
f 5098/1219/1126 5097/1217/1125 5128/1246/1156 5129/1248/1157
f 5085/1187/1113 5084/1218/1112 5115/1247/1143 5116/1249/1144
f 5099/1189/1127 5098/1219/1126 5129/1248/1157 5130/1250/1158
f 5086/1188/1114 5085/1187/1113 5116/1249/1144 5117/1251/1145
f 5100/1190/1128 5099/1189/1127 5130/1250/1158 5131/1252/1159
f 5087/1191/1115 5086/1188/1114 5117/1251/1145 5118/1220/1146
f 5101/1192/1129 5100/1190/1128 5131/1252/1159 5132/1222/1160
f 5121/1228/1149 5120/1224/1148 5151/1253/1179 5152/1254/1180
f 5108/1229/1136 5107/1226/1135 5138/1255/1166 5139/1256/1167
f 5135/1230/1163 5134/1227/1162 5165/1257/1193 5166/1258/1194
f 5122/1231/1150 5121/1228/1149 5152/1254/1180 5153/1259/1181
f 5109/1232/1137 5108/1229/1136 5139/1256/1167 5140/1260/1168
f 5136/1233/1164 5135/1230/1163 5166/1258/1194 5167/1261/1195
f 5123/1234/1151 5122/1231/1150 5153/1259/1181 5154/1262/1182
f 5110/1235/1138 5109/1232/1137 5140/1260/1168 5141/1263/1169
f 5137/1236/1165 5136/1233/1164 5167/1261/1195 5168/1264/1196
f 5124/1237/1152 5123/1234/1151 5154/1262/1182 5155/1265/1183
f 5111/1238/1139 5110/1235/1138 5141/1263/1169 5142/1266/1170
f 4951/1267/979 5137/1236/1165 5168/1264/1196
f 5125/1240/1153 5124/1237/1152 5155/1265/1183 5156/1268/1184
f 5112/1241/1140 5111/1238/1139 5142/1266/1170 5143/1269/1171
f 5126/1242/1154 5125/1240/1153 5156/1268/1184 5157/1270/1185
f 5113/1243/1141 5112/1241/1140 5143/1269/1171 5144/1271/1172
f 5127/1244/1155 5126/1242/1154 5157/1270/1185 5158/1272/1186
f 5114/1245/1142 5113/1243/1141 5144/1271/1172 5145/1273/1173
f 5128/1246/1156 5127/1244/1155 5158/1272/1186 5159/1274/1187
f 5115/1247/1143 5114/1245/1142 5145/1273/1173 5146/1275/1174
f 5129/1248/1157 5128/1246/1156 5159/1274/1187 5160/1276/1188
f 5116/1249/1144 5115/1247/1143 5146/1275/1174 5147/1277/1175
f 5130/1250/1158 5129/1248/1157 5160/1276/1188 5161/1278/1189
f 5117/1251/1145 5116/1249/1144 5147/1277/1175 5148/1279/1176
f 5131/1252/1159 5130/1250/1158 5161/1278/1189 5162/1280/1190
f 5118/1220/1146 5117/1251/1145 5148/1279/1176 5149/1281/1177
f 5132/1222/1160 5131/1252/1159 5162/1280/1190 5163/1282/1191
f 5119/1221/1147 5118/1220/1146 5149/1281/1177 5150/1283/1178
f 5133/1223/1161 5132/1222/1160 5163/1282/1191 5164/1284/1192
f 5120/1224/1148 5119/1221/1147 5150/1283/1178 5151/1253/1179
f 5107/1226/1135 5417/1285/1445 5138/1255/1166
f 5134/1227/1162 5133/1223/1161 5164/1284/1192 5165/1257/1193
f 5154/1262/1182 5153/1259/1181 5184/1286/1212 5185/1287/1213
f 5141/1263/1169 5140/1260/1168 5171/1288/1199 5172/1289/1200
f 5168/1264/1196 5167/1261/1195 5198/1290/1226 5199/1291/1227
f 5155/1265/1183 5154/1262/1182 5185/1287/1213 5186/1292/1214
f 5142/1266/1170 5141/1263/1169 5172/1289/1200 5173/1293/1201
f 4951/1294/979 5168/1264/1196 5199/1291/1227
f 5156/1268/1184 5155/1265/1183 5186/1292/1214 5187/1295/1215
f 5143/1269/1171 5142/1266/1170 5173/1293/1201 5174/1296/1202
f 5157/1270/1185 5156/1268/1184 5187/1295/1215 5188/1297/1216
f 5144/1271/1172 5143/1269/1171 5174/1296/1202 5175/1298/1203
f 5158/1272/1186 5157/1270/1185 5188/1297/1216 5189/1299/1217
f 5145/1273/1173 5144/1271/1172 5175/1298/1203 5176/1300/1204
f 5159/1274/1187 5158/1272/1186 5189/1299/1217 5190/1301/1218
f 5146/1275/1174 5145/1273/1173 5176/1300/1204 5177/1302/1205
f 5160/1276/1188 5159/1274/1187 5190/1301/1218 5191/1303/1219
f 5147/1277/1175 5146/1275/1174 5177/1302/1205 5178/1304/1206
f 5161/1278/1189 5160/1276/1188 5191/1303/1219 5192/1305/1220
f 5148/1279/1176 5147/1277/1175 5178/1304/1206 5179/1306/1207
f 5162/1280/1190 5161/1278/1189 5192/1305/1220 5193/1307/1221
f 5149/1281/1177 5148/1279/1176 5179/1306/1207 5180/1308/1208
f 5163/1282/1191 5162/1280/1190 5193/1307/1221 5194/1309/1222
f 5150/1283/1178 5149/1281/1177 5180/1308/1208 5181/1310/1209
f 5164/1284/1192 5163/1282/1191 5194/1309/1222 5195/1311/1223
f 5151/1253/1179 5150/1283/1178 5181/1310/1209 5182/1312/1210
f 5138/1255/1166 5417/1313/1445 5169/1314/1197
f 5165/1257/1193 5164/1284/1192 5195/1311/1223 5196/1315/1224
f 5152/1254/1180 5151/1253/1179 5182/1312/1210 5183/1316/1211
f 5139/1256/1167 5138/1255/1166 5169/1314/1197 5170/1317/1198
f 5166/1258/1194 5165/1257/1193 5196/1315/1224 5197/1318/1225
f 5153/1259/1181 5152/1254/1180 5183/1316/1211 5184/1286/1212
f 5140/1260/1168 5139/1256/1167 5170/1317/1198 5171/1288/1199
f 5167/1261/1195 5166/1258/1194 5197/1318/1225 5198/1290/1226
f 5187/1295/1215 5186/1292/1214 5217/1319/1245 5218/1320/1991
f 5174/1296/1202 5173/1293/1201 5204/1321/1232 5205/1322/1233
f 5188/1297/1216 5187/1295/1215 5218/1320/1991 5219/1323/1247
f 5175/1298/1203 5174/1296/1202 5205/1322/1233 5206/1324/1234
f 5189/1299/1217 5188/1297/1216 5219/1323/1247 5220/1325/1248
f 5176/1300/1204 5175/1298/1203 5206/1324/1234 5207/1326/1235
f 5190/1301/1218 5189/1299/1217 5220/1325/1248 5221/1327/1249
f 5177/1302/1205 5176/1300/1204 5207/1326/1235 5208/1328/1236
f 5191/1303/1219 5190/1301/1218 5221/1327/1249 5222/1329/1250
f 5178/1304/1206 5177/1302/1205 5208/1328/1236 5209/1330/1237
f 5192/1305/1220 5191/1303/1219 5222/1329/1250 5223/1331/1251
f 5179/1306/1207 5178/1304/1206 5209/1330/1237 5210/1332/1238
f 5193/1307/1221 5192/1305/1220 5223/1331/1251 5224/1333/1252
f 5180/1308/1208 5179/1306/1207 5210/1332/1238 5211/1334/1239
f 5194/1309/1222 5193/1307/1221 5224/1333/1252 5225/1335/1253
f 5181/1310/1209 5180/1308/1208 5211/1334/1239 5212/1336/1240
f 5195/1311/1223 5194/1309/1222 5225/1335/1253 5226/1337/1254
f 5182/1312/1210 5181/1310/1209 5212/1336/1240 5213/1338/1241
f 5169/1314/1197 5417/1339/1445 5200/1340/1228
f 5196/1315/1224 5195/1311/1223 5226/1337/1254 5227/1341/1255
f 5183/1316/1211 5182/1312/1210 5213/1338/1241 5214/1342/1242
f 5170/1317/1198 5169/1314/1197 5200/1340/1228 5201/1343/1229
f 5197/1318/1225 5196/1315/1224 5227/1341/1255 5228/1344/1256
f 5184/1286/1212 5183/1316/1211 5214/1342/1242 5215/1345/1243
f 5171/1288/1199 5170/1317/1198 5201/1343/1229 5202/1346/1230
f 5198/1290/1226 5197/1318/1225 5228/1344/1256 5229/1347/1257
f 5185/1287/1213 5184/1286/1212 5215/1345/1243 5216/1348/1244
f 5172/1289/1200 5171/1288/1199 5202/1346/1230 5203/1349/1231
f 5199/1291/1227 5198/1290/1226 5229/1347/1257 5230/1350/1258
f 5186/1292/1214 5185/1287/1213 5216/1348/1244 5217/1319/1245
f 5173/1293/1201 5172/1289/1200 5203/1349/1231 5204/1321/1232
f 4951/1351/979 5199/1291/1227 5230/1350/1258
f 5220/1325/1248 5219/1323/1247 5250/1352/1278 5251/1353/1279
f 5207/1326/1235 5206/1324/1234 5237/1354/1265 5238/1355/1266
f 5221/1327/1249 5220/1325/1248 5251/1353/1279 5252/1356/1280
f 5208/1328/1236 5207/1326/1235 5238/1355/1266 5239/1357/1267
f 5222/1329/1250 5221/1327/1249 5252/1356/1280 5253/1358/1281
f 5209/1330/1237 5208/1328/1236 5239/1357/1267 5240/1359/1268
f 5223/1331/1251 5222/1329/1250 5253/1358/1281 5254/1360/1282
f 5210/1332/1238 5209/1330/1237 5240/1359/1268 5241/1361/1269
f 5224/1333/1252 5223/1331/1251 5254/1360/1282 5255/1362/1283
f 5211/1334/1239 5210/1332/1238 5241/1361/1269 5242/1363/1270
f 5225/1335/1253 5224/1333/1252 5255/1362/1283 5256/1364/1284
f 5212/1336/1240 5211/1334/1239 5242/1363/1270 5243/1365/1271
f 5226/1337/1254 5225/1335/1253 5256/1364/1284 5257/1366/1285
f 5213/1338/1241 5212/1336/1240 5243/1365/1271 5244/1367/1272
f 5200/1340/1228 5417/1368/1445 5231/1369/1259
f 5227/1341/1255 5226/1337/1254 5257/1366/1285 5258/1370/1286
f 5214/1342/1242 5213/1338/1241 5244/1367/1272 5245/1371/1273
f 5201/1343/1229 5200/1340/1228 5231/1369/1259 5232/1372/1260
f 5228/1344/1256 5227/1341/1255 5258/1370/1286 5259/1373/1287
f 5215/1345/1243 5214/1342/1242 5245/1371/1273 5246/1374/1274
f 5202/1346/1230 5201/1343/1229 5232/1372/1260 5233/1375/1261
f 5229/1347/1257 5228/1344/1256 5259/1373/1287 5260/1376/1288
f 5216/1348/1244 5215/1345/1243 5246/1374/1274 5247/1377/1275
f 5203/1349/1231 5202/1346/1230 5233/1375/1261 5234/1378/1262
f 5230/1350/1258 5229/1347/1257 5260/1376/1288 5261/1379/1289
f 5217/1319/1245 5216/1348/1244 5247/1377/1275 5248/1380/1276
f 5204/1321/1232 5203/1349/1231 5234/1378/1262 5235/1381/1263
f 4951/1382/979 5230/1350/1258 5261/1379/1289
f 5218/1320/1991 5217/1319/1245 5248/1380/1276 5249/1383/1277
f 5205/1322/1233 5204/1321/1232 5235/1381/1263 5236/1384/1264
f 5219/1323/1247 5218/1320/1991 5249/1383/1277 5250/1352/1278
f 5206/1324/1234 5205/1322/1233 5236/1384/1264 5237/1354/1265
f 5253/1358/1281 5252/1356/1280 5283/1385/1311 5284/1386/1312
f 5240/1359/1268 5239/1357/1267 5270/1387/1298 5271/1388/1299
f 5254/1360/1282 5253/1358/1281 5284/1386/1312 5285/1389/1313
f 5241/1361/1269 5240/1359/1268 5271/1388/1299 5272/1390/1300
f 5255/1362/1283 5254/1360/1282 5285/1389/1313 5286/1391/1314
f 5242/1363/1270 5241/1361/1269 5272/1390/1300 5273/1392/1301
f 5256/1364/1284 5255/1362/1283 5286/1391/1314 5287/1393/1315
f 5243/1365/1271 5242/1363/1270 5273/1392/1301 5274/1394/1302
f 5257/1366/1285 5256/1364/1284 5287/1393/1315 5288/1395/1316
f 5244/1367/1272 5243/1365/1271 5274/1394/1302 5275/1396/1303
f 5231/1369/1259 5417/1397/1445 5262/1398/1290
f 5258/1370/1286 5257/1366/1285 5288/1395/1316 5289/1399/1317
f 5245/1371/1273 5244/1367/1272 5275/1396/1303 5276/1400/1304
f 5232/1372/1260 5231/1369/1259 5262/1398/1290 5263/1401/1291
f 5259/1373/1287 5258/1370/1286 5289/1399/1317 5290/1402/1318
f 5246/1374/1274 5245/1371/1273 5276/1400/1304 5277/1403/1305
f 5233/1375/1261 5232/1372/1260 5263/1401/1291 5264/1404/1292
f 5260/1376/1288 5259/1373/1287 5290/1402/1318 5291/1405/1319
f 5247/1377/1275 5246/1374/1274 5277/1403/1305 5278/1406/1306
f 5234/1378/1262 5233/1375/1261 5264/1404/1292 5265/1407/1293
f 5261/1379/1289 5260/1376/1288 5291/1405/1319 5292/1408/1320
f 5248/1380/1276 5247/1377/1275 5278/1406/1306 5279/1409/1307
f 5235/1381/1263 5234/1378/1262 5265/1407/1293 5266/1410/1294
f 4951/1411/979 5261/1379/1289 5292/1408/1320
f 5249/1383/1277 5248/1380/1276 5279/1409/1307 5280/1412/1308
f 5236/1384/1264 5235/1381/1263 5266/1410/1294 5267/1413/1295
f 5250/1352/1278 5249/1383/1277 5280/1412/1308 5281/1414/1309
f 5237/1354/1265 5236/1384/1264 5267/1413/1295 5268/1415/1296
f 5251/1353/1279 5250/1352/1278 5281/1414/1309 5282/1416/1310
f 5238/1355/1266 5237/1354/1265 5268/1415/1296 5269/1417/1297
f 5252/1356/1280 5251/1353/1279 5282/1416/1310 5283/1385/1311
f 5239/1357/1267 5238/1355/1266 5269/1417/1297 5270/1387/1298
f 5286/1391/1314 5285/1389/1313 5316/1418/1344 5317/1419/1345
f 5273/1392/1301 5272/1390/1300 5303/1420/1331 5304/1421/1332
f 5287/1393/1315 5286/1391/1314 5317/1419/1345 5318/1422/1346
f 5274/1394/1302 5273/1392/1301 5304/1421/1332 5305/1423/1333
f 5288/1395/1316 5287/1393/1315 5318/1422/1346 5319/1424/1347
f 5275/1396/1303 5274/1394/1302 5305/1423/1333 5306/1425/1334
f 5262/1398/1290 5417/1426/1445 5293/1427/1321
f 5289/1399/1317 5288/1395/1316 5319/1424/1347 5320/1428/1348
f 5276/1400/1304 5275/1396/1303 5306/1425/1334 5307/1429/1335
f 5263/1401/1291 5262/1398/1290 5293/1427/1321 5294/1430/1322
f 5290/1402/1318 5289/1399/1317 5320/1428/1348 5321/1431/1349
f 5277/1403/1305 5276/1400/1304 5307/1429/1335 5308/1432/1336
f 5264/1404/1292 5263/1401/1291 5294/1430/1322 5295/1433/1323
f 5291/1405/1319 5290/1402/1318 5321/1431/1349 5322/1434/1350
f 5278/1406/1306 5277/1403/1305 5308/1432/1336 5309/1435/1337
f 5265/1407/1293 5264/1404/1292 5295/1433/1323 5296/1436/1324
f 5292/1408/1320 5291/1405/1319 5322/1434/1350 5323/1437/1351
f 5279/1409/1307 5278/1406/1306 5309/1435/1337 5310/1438/1338
f 5266/1410/1294 5265/1407/1293 5296/1436/1324 5297/1439/1325
f 4951/1440/979 5292/1408/1320 5323/1437/1351
f 5280/1412/1308 5279/1409/1307 5310/1438/1338 5311/1441/1339
f 5267/1413/1295 5266/1410/1294 5297/1439/1325 5298/1442/1326
f 5281/1414/1309 5280/1412/1308 5311/1441/1339 5312/1443/1340
f 5268/1415/1296 5267/1413/1295 5298/1442/1326 5299/1444/1327
f 5282/1416/1310 5281/1414/1309 5312/1443/1340 5313/1445/1341
f 5269/1417/1297 5268/1415/1296 5299/1444/1327 5300/1446/1328
f 5283/1385/1311 5282/1416/1310 5313/1445/1341 5314/1447/1342
f 5270/1387/1298 5269/1417/1297 5300/1446/1328 5301/1448/1329
f 5284/1386/1312 5283/1385/1311 5314/1447/1342 5315/1449/1343
f 5271/1388/1299 5270/1387/1298 5301/1448/1329 5302/1450/1330
f 5285/1389/1313 5284/1386/1312 5315/1449/1343 5316/1418/1344
f 5272/1390/1300 5271/1388/1299 5302/1450/1330 5303/1420/1331
f 5319/1424/1347 5318/1422/1346 5349/1451/1377 5350/1452/1378
f 5306/1425/1334 5305/1423/1333 5336/1453/1364 5337/1454/1365
f 5293/1427/1321 5417/1455/1445 5324/1456/1352
f 5320/1428/1348 5319/1424/1347 5350/1452/1378 5351/1457/1379
f 5307/1429/1335 5306/1425/1334 5337/1454/1365 5338/1458/1366
f 5294/1430/1322 5293/1427/1321 5324/1456/1352 5325/1459/1353
f 5321/1431/1349 5320/1428/1348 5351/1457/1379 5352/1460/1380
f 5308/1432/1336 5307/1429/1335 5338/1458/1366 5339/1461/1367
f 5295/1433/1323 5294/1430/1322 5325/1459/1353 5326/1462/1354
f 5322/1434/1350 5321/1431/1349 5352/1460/1380 5353/1463/1381
f 5309/1435/1337 5308/1432/1336 5339/1461/1367 5340/1464/1368
f 5296/1436/1324 5295/1433/1323 5326/1462/1354 5327/1465/1355
f 5323/1437/1351 5322/1434/1350 5353/1463/1381 5354/1466/1382
f 5310/1438/1338 5309/1435/1337 5340/1464/1368 5341/1467/1369
f 5297/1439/1325 5296/1436/1324 5327/1465/1355 5328/1468/1356
f 4951/1469/979 5323/1437/1351 5354/1466/1382
f 5311/1441/1339 5310/1438/1338 5341/1467/1369 5342/1470/1370
f 5298/1442/1326 5297/1439/1325 5328/1468/1356 5329/1471/1357
f 5312/1443/1340 5311/1441/1339 5342/1470/1370 5343/1472/1371
f 5299/1444/1327 5298/1442/1326 5329/1471/1357 5330/1473/1358
f 5313/1445/1341 5312/1443/1340 5343/1472/1371 5344/1474/1372
f 5300/1446/1328 5299/1444/1327 5330/1473/1358 5331/1475/1359
f 5314/1447/1342 5313/1445/1341 5344/1474/1372 5345/1476/1373
f 5301/1448/1329 5300/1446/1328 5331/1475/1359 5332/1477/1360
f 5315/1449/1343 5314/1447/1342 5345/1476/1373 5346/1478/1374
f 5302/1450/1330 5301/1448/1329 5332/1477/1360 5333/1479/1361
f 5316/1418/1344 5315/1449/1343 5346/1478/1374 5347/1480/1375
f 5303/1420/1331 5302/1450/1330 5333/1479/1361 5334/1481/1362
f 5317/1419/1345 5316/1418/1344 5347/1480/1375 5348/1482/1376
f 5304/1421/1332 5303/1420/1331 5334/1481/1362 5335/1483/1363
f 5318/1422/1346 5317/1419/1345 5348/1482/1376 5349/1451/1377
f 5305/1423/1333 5304/1421/1332 5335/1483/1363 5336/1453/1364
f 5352/1460/1380 5351/1457/1379 5382/1484/1410 5383/1485/1411
f 5339/1461/1367 5338/1458/1366 5369/1486/1397 5370/1487/1398
f 5326/1462/1354 5325/1459/1353 5356/1488/1384 5357/1489/1385
f 5353/1463/1381 5352/1460/1380 5383/1485/1411 5384/1490/1412
f 5340/1464/1368 5339/1461/1367 5370/1487/1398 5371/1491/1399
f 5327/1465/1355 5326/1462/1354 5357/1489/1385 5358/1492/1386
f 5354/1466/1382 5353/1463/1381 5384/1490/1412 5385/1493/1413
f 5341/1467/1369 5340/1464/1368 5371/1491/1399 5372/1494/1400
f 5328/1468/1356 5327/1465/1355 5358/1492/1386 5359/1495/1387
f 4951/1496/979 5354/1466/1382 5385/1493/1413
f 5342/1470/1370 5341/1467/1369 5372/1494/1400 5373/1497/1401
f 5329/1471/1357 5328/1468/1356 5359/1495/1387 5360/1498/1388
f 5343/1472/1371 5342/1470/1370 5373/1497/1401 5374/1499/1402
f 5330/1473/1358 5329/1471/1357 5360/1498/1388 5361/1500/1389
f 5344/1474/1372 5343/1472/1371 5374/1499/1402 5375/1501/1403
f 5331/1475/1359 5330/1473/1358 5361/1500/1389 5362/1502/1390
f 5345/1476/1373 5344/1474/1372 5375/1501/1403 5376/1503/1404
f 5332/1477/1360 5331/1475/1359 5362/1502/1390 5363/1504/1391
f 5346/1478/1374 5345/1476/1373 5376/1503/1404 5377/1505/1405
f 5333/1479/1361 5332/1477/1360 5363/1504/1391 5364/1506/1392
f 5347/1480/1375 5346/1478/1374 5377/1505/1405 5378/1507/1406
f 5334/1481/1362 5333/1479/1361 5364/1506/1392 5365/1508/1393
f 5348/1482/1376 5347/1480/1375 5378/1507/1406 5379/1509/1407
f 5335/1483/1363 5334/1481/1362 5365/1508/1393 5366/1510/1394
f 5349/1451/1377 5348/1482/1376 5379/1509/1407 5380/1511/1408
f 5336/1453/1364 5335/1483/1363 5366/1510/1394 5367/1512/1395
f 5350/1452/1378 5349/1451/1377 5380/1511/1408 5381/1513/1409
f 5337/1454/1365 5336/1453/1364 5367/1512/1395 5368/1514/1396
f 5324/1456/1352 5417/1515/1445 5355/1516/1992
f 5351/1457/1379 5350/1452/1378 5381/1513/1409 5382/1484/1410
f 5338/1458/1366 5337/1454/1365 5368/1514/1396 5369/1486/1397
f 5325/1459/1353 5324/1456/1352 5355/1516/1992 5356/1488/1384
f 5385/1493/1413 5384/1490/1412 5415/1517/1443 5416/1518/1444
f 5372/1494/1400 5371/1491/1399 5402/1519/1430 5403/1520/1431
f 5359/1495/1387 5358/1492/1386 5389/1521/1417 5390/1522/1418
f 4951/1523/979 5385/1493/1413 5416/1518/1444
f 5373/1497/1401 5372/1494/1400 5403/1520/1431 5404/1524/1432
f 5360/1498/1388 5359/1495/1387 5390/1522/1418 5391/1525/1419
f 5374/1499/1402 5373/1497/1401 5404/1524/1432 5405/1526/1433
f 5361/1500/1389 5360/1498/1388 5391/1525/1419 5392/1527/1420
f 5375/1501/1403 5374/1499/1402 5405/1526/1433 5406/1528/1434
f 5362/1502/1390 5361/1500/1389 5392/1527/1420 5393/1529/1421
f 5376/1503/1404 5375/1501/1403 5406/1528/1434 5407/1530/1435
f 5363/1504/1391 5362/1502/1390 5393/1529/1421 5394/1531/1422
f 5377/1505/1405 5376/1503/1404 5407/1530/1435 5408/1532/1436
f 5364/1506/1392 5363/1504/1391 5394/1531/1422 5395/1533/1423
f 5378/1507/1406 5377/1505/1405 5408/1532/1436 5409/1534/1437
f 5365/1508/1393 5364/1506/1392 5395/1533/1423 5396/1535/1424
f 5379/1509/1407 5378/1507/1406 5409/1534/1437 5410/1536/1438
f 5366/1510/1394 5365/1508/1393 5396/1535/1424 5397/1537/1425
f 5380/1511/1408 5379/1509/1407 5410/1536/1438 5411/1538/1439
f 5367/1512/1395 5366/1510/1394 5397/1537/1425 5398/1539/1426
f 5381/1513/1409 5380/1511/1408 5411/1538/1439 5412/1540/1440
f 5368/1514/1396 5367/1512/1395 5398/1539/1426 5399/1541/1427
f 5355/1516/1992 5417/1542/1445 5386/1543/1414
f 5382/1484/1410 5381/1513/1409 5412/1540/1440 5413/1544/1441
f 5369/1486/1397 5368/1514/1396 5399/1541/1427 5400/1545/1428
f 5356/1488/1384 5355/1516/1992 5386/1543/1414 5387/1546/1415
f 5383/1485/1411 5382/1484/1410 5413/1544/1441 5414/1547/1442
f 5370/1487/1398 5369/1486/1397 5400/1545/1428 5401/1548/1429
f 5357/1489/1385 5356/1488/1384 5387/1546/1415 5388/1549/1416
f 5384/1490/1412 5383/1485/1411 5414/1547/1442 5415/1517/1443
f 5371/1491/1399 5370/1487/1398 5401/1548/1429 5402/1519/1430
f 5358/1492/1386 5357/1489/1385 5388/1549/1416 5389/1521/1417
f 5405/1526/1433 5404/1524/1432 5436/1550/1464 5437/1551/1465
f 5392/1527/1420 5391/1525/1419 5423/1552/1451 5424/1553/1452
f 5406/1528/1434 5405/1526/1433 5437/1551/1465 5438/1554/1466
f 5393/1529/1421 5392/1527/1420 5424/1553/1452 5425/1555/1453
f 5407/1530/1435 5406/1528/1434 5438/1554/1466 5439/1556/1467
f 5394/1531/1422 5393/1529/1421 5425/1555/1453 5426/1557/1454
f 5408/1532/1436 5407/1530/1435 5439/1556/1467 5440/1558/1468
f 5395/1533/1423 5394/1531/1422 5426/1557/1454 5427/1559/1455
f 5409/1534/1437 5408/1532/1436 5440/1558/1468 5441/1560/1469
f 5396/1535/1424 5395/1533/1423 5427/1559/1455 5428/1561/1456
f 5410/1536/1438 5409/1534/1437 5441/1560/1469 5442/1562/1470
f 5397/1537/1425 5396/1535/1424 5428/1561/1456 5429/1563/1457
f 5411/1538/1439 5410/1536/1438 5442/1562/1470 5443/1564/1471
f 5398/1539/1426 5397/1537/1425 5429/1563/1457 5430/1565/1458
f 5412/1540/1440 5411/1538/1439 5443/1564/1471 5444/1566/1472
f 5399/1541/1427 5398/1539/1426 5430/1565/1458 5431/1567/1459
f 5386/1543/1414 5417/1568/1445 5418/1569/1446
f 5413/1544/1441 5412/1540/1440 5444/1566/1472 5445/1570/1473
f 5400/1545/1428 5399/1541/1427 5431/1567/1459 5432/1571/1460
f 5387/1546/1415 5386/1543/1414 5418/1569/1446 5419/1572/1447
f 5414/1547/1442 5413/1544/1441 5445/1570/1473 5446/1573/1474
f 5401/1548/1429 5400/1545/1428 5432/1571/1460 5433/1574/1461
f 5388/1549/1416 5387/1546/1415 5419/1572/1447 5420/1575/1448
f 5415/1517/1443 5414/1547/1442 5446/1573/1474 5447/1576/1475
f 5402/1519/1430 5401/1548/1429 5433/1574/1461 5434/1577/1462
f 5389/1521/1417 5388/1549/1416 5420/1575/1448 5421/1578/1449
f 5416/1518/1444 5415/1517/1443 5447/1576/1475 5448/1579/1476
f 5403/1520/1431 5402/1519/1430 5434/1577/1462 5435/1580/1463
f 5390/1522/1418 5389/1521/1417 5421/1578/1449 5422/1581/1450
f 4951/1582/979 5416/1518/1444 5448/1579/1476
f 5404/1524/1432 5403/1520/1431 5435/1580/1463 5436/1550/1464
f 5391/1525/1419 5390/1522/1418 5422/1581/1450 5423/1552/1451
f 5439/1556/1467 5438/1554/1466 5469/1583/1497 5470/1584/1498
f 5426/1557/1454 5425/1555/1453 5456/1585/1484 5457/1586/1485
f 5440/1558/1468 5439/1556/1467 5470/1584/1498 5471/1587/1499
f 5427/1559/1455 5426/1557/1454 5457/1586/1485 5458/1588/1486
f 5441/1560/1469 5440/1558/1468 5471/1587/1499 5472/1589/1500
f 5428/1561/1456 5427/1559/1455 5458/1588/1486 5459/1590/1487
f 5442/1562/1470 5441/1560/1469 5472/1589/1500 5473/1591/1501
f 5429/1563/1457 5428/1561/1456 5459/1590/1487 5460/1592/1488
f 5443/1564/1471 5442/1562/1470 5473/1591/1501 5474/1593/1502
f 5430/1565/1458 5429/1563/1457 5460/1592/1488 5461/1594/1489
f 5444/1566/1472 5443/1564/1471 5474/1593/1502 5475/1595/1503
f 5431/1567/1459 5430/1565/1458 5461/1594/1489 5462/1596/1490
f 5418/1569/1446 5417/1597/1445 5449/1598/1477
f 5445/1570/1473 5444/1566/1472 5475/1595/1503 5476/1599/1504
f 5432/1571/1460 5431/1567/1459 5462/1596/1490 5463/1600/1491
f 5419/1572/1447 5418/1569/1446 5449/1598/1477 5450/1601/1478
f 5446/1573/1474 5445/1570/1473 5476/1599/1504 5477/1602/1505
f 5433/1574/1461 5432/1571/1460 5463/1600/1491 5464/1603/1492
f 5420/1575/1448 5419/1572/1447 5450/1601/1478 5451/1604/1479
f 5447/1576/1475 5446/1573/1474 5477/1602/1505 5478/1605/1506
f 5434/1577/1462 5433/1574/1461 5464/1603/1492 5465/1606/1493
f 5421/1578/1449 5420/1575/1448 5451/1604/1479 5452/1607/1480
f 5448/1579/1476 5447/1576/1475 5478/1605/1506 5479/1608/1507
f 5435/1580/1463 5434/1577/1462 5465/1606/1493 5466/1609/1494
f 5422/1581/1450 5421/1578/1449 5452/1607/1480 5453/1610/1481
f 4951/1611/979 5448/1579/1476 5479/1608/1507
f 5436/1550/1464 5435/1580/1463 5466/1609/1494 5467/1612/1495
f 5423/1552/1451 5422/1581/1450 5453/1610/1481 5454/1613/1482
f 5437/1551/1465 5436/1550/1464 5467/1612/1495 5468/1614/1496
f 5424/1553/1452 5423/1552/1451 5454/1613/1482 5455/1615/1483
f 5438/1554/1466 5437/1551/1465 5468/1614/1496 5469/1583/1497
f 5425/1555/1453 5424/1553/1452 5455/1615/1483 5456/1585/1484
f 5472/1616/1500 5471/1617/1499 5502/1618/1530 5503/1619/1531
f 5459/1620/1487 5458/1621/1486 5489/1622/1517 5490/1623/1518
f 5473/1624/1501 5472/1616/1500 5503/1619/1531 5504/1625/1532
f 5460/1626/1488 5459/1620/1487 5490/1623/1518 5491/1627/1519
f 5474/1628/1502 5473/1624/1501 5504/1625/1532 5505/1629/1533
f 5461/1630/1489 5460/1626/1488 5491/1627/1519 5492/1631/1520
f 5475/1632/1503 5474/1628/1502 5505/1629/1533 5506/1633/1534
f 5462/1634/1490 5461/1630/1489 5492/1631/1520 5493/1635/1521
f 5449/1636/1477 5417/1637/1445 5480/1638/1508
f 5476/1639/1504 5475/1632/1503 5506/1633/1534 5507/1640/1535
f 5463/1641/1491 5462/1634/1490 5493/1635/1521 5494/1642/1522
f 5450/1643/1478 5449/1636/1477 5480/1638/1508 5481/1644/1509
f 5477/1645/1505 5476/1639/1504 5507/1640/1535 5508/1646/1536
f 5464/1647/1492 5463/1641/1491 5494/1642/1522 5495/1648/1523
f 5451/1649/1479 5450/1643/1478 5481/1644/1509 5482/1650/1510
f 5478/1651/1506 5477/1645/1505 5508/1646/1536 5509/1652/1537
f 5465/1653/1493 5464/1647/1492 5495/1648/1523 5496/1654/1524
f 5452/1655/1480 5451/1649/1479 5482/1650/1510 5483/1656/1511
f 5479/1657/1507 5478/1651/1506 5509/1652/1537 5510/1658/1538
f 5466/1659/1494 5465/1653/1493 5496/1654/1524 5497/1660/1525
f 5453/1661/1481 5452/1655/1480 5483/1656/1511 5484/1662/1512
f 4951/1663/979 5479/1657/1507 5510/1658/1538
f 5467/1664/1495 5466/1659/1494 5497/1660/1525 5498/1665/1526
f 5454/1666/1482 5453/1661/1481 5484/1662/1512 5485/1667/1513
f 5468/1668/1496 5467/1664/1495 5498/1665/1526 5499/1669/1527
f 5455/1670/1483 5454/1666/1482 5485/1667/1513 5486/1671/1514
f 5469/1672/1497 5468/1668/1496 5499/1669/1527 5500/1673/1528
f 5456/1674/1484 5455/1670/1483 5486/1671/1514 5487/1675/1515
f 5470/1676/1498 5469/1672/1497 5500/1673/1528 5501/1677/1529
f 5457/1678/1485 5456/1674/1484 5487/1675/1515 5488/1679/1516
f 5471/1617/1499 5470/1676/1498 5501/1677/1529 5502/1618/1530
f 5458/1621/1486 5457/1678/1485 5488/1679/1516 5489/1622/1517
f 5505/1629/1533 5504/1625/1532 5535/1680/1563 5536/1681/1564
f 5492/1631/1520 5491/1627/1519 5522/1682/1550 5523/1683/1551
f 5506/1633/1534 5505/1629/1533 5536/1681/1564 5537/1684/1565
f 5493/1635/1521 5492/1631/1520 5523/1683/1551 5524/1685/1552
f 5480/1638/1508 5417/1686/1445 5511/1687/1539
f 5507/1640/1535 5506/1633/1534 5537/1684/1565 5538/1688/1566
f 5494/1642/1522 5493/1635/1521 5524/1685/1552 5525/1689/1553
f 5481/1644/1509 5480/1638/1508 5511/1687/1539 5512/1690/1540
f 5508/1646/1536 5507/1640/1535 5538/1688/1566 5539/1691/1567
f 5495/1648/1523 5494/1642/1522 5525/1689/1553 5526/1692/1554
f 5482/1650/1510 5481/1644/1509 5512/1690/1540 5513/1693/1541
f 5509/1652/1537 5508/1646/1536 5539/1691/1567 5540/1694/1568
f 5496/1654/1524 5495/1648/1523 5526/1692/1554 5527/1695/1555
f 5483/1656/1511 5482/1650/1510 5513/1693/1541 5514/1696/1542
f 5510/1658/1538 5509/1652/1537 5540/1694/1568 5541/1697/1569
f 5497/1660/1525 5496/1654/1524 5527/1695/1555 5528/1698/1556
f 5484/1662/1512 5483/1656/1511 5514/1696/1542 5515/1699/1543
f 4951/1700/979 5510/1658/1538 5541/1697/1569
f 5498/1665/1526 5497/1660/1525 5528/1698/1556 5529/1701/1557
f 5485/1667/1513 5484/1662/1512 5515/1699/1543 5516/1702/1544
f 5499/1669/1527 5498/1665/1526 5529/1701/1557 5530/1703/1558
f 5486/1671/1514 5485/1667/1513 5516/1702/1544 5517/1704/1545
f 5500/1673/1528 5499/1669/1527 5530/1703/1558 5531/1705/1559
f 5487/1675/1515 5486/1671/1514 5517/1704/1545 5518/1706/1546
f 5501/1677/1529 5500/1673/1528 5531/1705/1559 5532/1707/1560
f 5488/1679/1516 5487/1675/1515 5518/1706/1546 5519/1708/1547
f 5502/1618/1530 5501/1677/1529 5532/1707/1560 5533/1709/1561
f 5489/1622/1517 5488/1679/1516 5519/1708/1547 5520/1710/1548
f 5503/1619/1531 5502/1618/1530 5533/1709/1561 5534/1711/1562
f 5490/1623/1518 5489/1622/1517 5520/1710/1548 5521/1712/1549
f 5504/1625/1532 5503/1619/1531 5534/1711/1562 5535/1680/1563
f 5491/1627/1519 5490/1623/1518 5521/1712/1549 5522/1682/1550
f 5511/1687/1539 5417/1713/1445 5542/1714/1570
f 5538/1688/1566 5537/1684/1565 5568/1715/1596 5569/1716/1597
f 5525/1689/1553 5524/1685/1552 5555/1717/1583 5556/1718/1584
f 5512/1690/1540 5511/1687/1539 5542/1714/1570 5543/1719/1571
f 5539/1691/1567 5538/1688/1566 5569/1716/1597 5570/1720/1598
f 5526/1692/1554 5525/1689/1553 5556/1718/1584 5557/1721/1585
f 5513/1693/1541 5512/1690/1540 5543/1719/1571 5544/1722/1572
f 5540/1694/1568 5539/1691/1567 5570/1720/1598 5571/1723/1599
f 5527/1695/1555 5526/1692/1554 5557/1721/1585 5558/1724/1586
f 5514/1696/1542 5513/1693/1541 5544/1722/1572 5545/1725/1573
f 5541/1697/1569 5540/1694/1568 5571/1723/1599 5572/1726/1600
f 5528/1698/1556 5527/1695/1555 5558/1724/1586 5559/1727/1587
f 5515/1699/1543 5514/1696/1542 5545/1725/1573 5546/1728/1574
f 4951/1729/979 5541/1697/1569 5572/1726/1600
f 5529/1701/1557 5528/1698/1556 5559/1727/1587 5560/1730/1588
f 5516/1702/1544 5515/1699/1543 5546/1728/1574 5547/1731/1575
f 5530/1703/1558 5529/1701/1557 5560/1730/1588 5561/1732/1589
f 5517/1704/1545 5516/1702/1544 5547/1731/1575 5548/1733/1576
f 5531/1705/1559 5530/1703/1558 5561/1732/1589 5562/1734/1590
f 5518/1706/1546 5517/1704/1545 5548/1733/1576 5549/1735/1577
f 5532/1707/1560 5531/1705/1559 5562/1734/1590 5563/1736/1591
f 5519/1708/1547 5518/1706/1546 5549/1735/1577 5550/1737/1578
f 5533/1709/1561 5532/1707/1560 5563/1736/1591 5564/1738/1592
f 5520/1710/1548 5519/1708/1547 5550/1737/1578 5551/1739/1579
f 5534/1711/1562 5533/1709/1561 5564/1738/1592 5565/1740/1593
f 5521/1712/1549 5520/1710/1548 5551/1739/1579 5552/1741/1580
f 5535/1680/1563 5534/1711/1562 5565/1740/1593 5566/1742/1594
f 5522/1682/1550 5521/1712/1549 5552/1741/1580 5553/1743/1581
f 5536/1681/1564 5535/1680/1563 5566/1742/1594 5567/1744/1595
f 5523/1683/1551 5522/1682/1550 5553/1743/1581 5554/1745/1582
f 5537/1684/1565 5536/1681/1564 5567/1744/1595 5568/1715/1596
f 5524/1685/1552 5523/1683/1551 5554/1745/1582 5555/1717/1583
f 5554/1745/1582 5553/1743/1581 5584/1746/1612 5585/1747/1613
f 5568/1715/1596 5567/1744/1595 5598/1748/1626 5599/1749/1627
f 5555/1717/1583 5554/1745/1582 5585/1747/1613 5586/1750/1614
f 5542/1714/1570 5417/1751/1445 5573/1752/1601
f 5569/1716/1597 5568/1715/1596 5599/1749/1627 5600/1753/1628
f 5556/1718/1584 5555/1717/1583 5586/1750/1614 5587/1754/1615
f 5543/1719/1571 5542/1714/1570 5573/1752/1601 5574/1755/1602
f 5570/1720/1598 5569/1716/1597 5600/1753/1628 5601/1756/1629
f 5557/1721/1585 5556/1718/1584 5587/1754/1615 5588/1757/1616
f 5544/1722/1572 5543/1719/1571 5574/1755/1602 5575/1758/1603
f 5571/1723/1599 5570/1720/1598 5601/1756/1629 5602/1759/1630
f 5558/1724/1586 5557/1721/1585 5588/1757/1616 5589/1760/1617
f 5545/1725/1573 5544/1722/1572 5575/1758/1603 5576/1761/1604
f 5572/1726/1600 5571/1723/1599 5602/1759/1630 5603/1762/1631
f 5559/1727/1587 5558/1724/1586 5589/1760/1617 5590/1763/1618
f 5546/1728/1574 5545/1725/1573 5576/1761/1604 5577/1764/1605
f 4951/1765/979 5572/1726/1600 5603/1762/1631
f 5560/1730/1588 5559/1727/1587 5590/1763/1618 5591/1766/1619
f 5547/1731/1575 5546/1728/1574 5577/1764/1605 5578/1767/1606
f 5561/1732/1589 5560/1730/1588 5591/1766/1619 5592/1768/1620
f 5548/1733/1576 5547/1731/1575 5578/1767/1606 5579/1769/1607
f 5562/1734/1590 5561/1732/1589 5592/1768/1620 5593/1770/1621
f 5549/1735/1577 5548/1733/1576 5579/1769/1607 5580/1771/1608
f 5563/1736/1591 5562/1734/1590 5593/1770/1621 5594/1772/1622
f 5550/1737/1578 5549/1735/1577 5580/1771/1608 5581/1773/1609
f 5564/1738/1592 5563/1736/1591 5594/1772/1622 5595/1774/1623
f 5551/1739/1579 5550/1737/1578 5581/1773/1609 5582/1775/1610
f 5565/1740/1593 5564/1738/1592 5595/1774/1623 5596/1776/1624
f 5552/1741/1580 5551/1739/1579 5582/1775/1610 5583/1777/1611
f 5566/1742/1594 5565/1740/1593 5596/1776/1624 5597/1778/1625
f 5553/1743/1581 5552/1741/1580 5583/1777/1611 5584/1746/1612
f 5567/1744/1595 5566/1742/1594 5597/1778/1625 5598/1748/1626
f 5587/1754/1615 5586/1750/1614 5617/1779/1645 5618/1780/1646
f 5574/1755/1602 5573/1752/1601 5604/1781/1632 5605/1782/1633
f 5601/1756/1629 5600/1753/1628 5631/1783/1659 5632/1784/1660
f 5588/1757/1616 5587/1754/1615 5618/1780/1646 5619/1785/1647
f 5575/1758/1603 5574/1755/1602 5605/1782/1633 5606/1786/1634
f 5602/1759/1630 5601/1756/1629 5632/1784/1660 5633/1787/1661
f 5589/1760/1617 5588/1757/1616 5619/1785/1647 5620/1788/1648
f 5576/1761/1604 5575/1758/1603 5606/1786/1634 5607/1789/1635
f 5603/1762/1631 5602/1759/1630 5633/1787/1661 5634/1790/1662
f 5590/1763/1618 5589/1760/1617 5620/1788/1648 5621/1791/1649
f 5577/1764/1605 5576/1761/1604 5607/1789/1635 5608/1792/1636
f 4951/1793/979 5603/1762/1631 5634/1790/1662
f 5591/1766/1619 5590/1763/1618 5621/1791/1649 5622/1794/1650
f 5578/1767/1606 5577/1764/1605 5608/1792/1636 5609/1795/1637
f 5592/1768/1620 5591/1766/1619 5622/1794/1650 5623/1796/1651
f 5579/1769/1607 5578/1767/1606 5609/1795/1637 5610/1797/1638
f 5593/1770/1621 5592/1768/1620 5623/1796/1651 5624/1798/1652
f 5580/1771/1608 5579/1769/1607 5610/1797/1638 5611/1799/1639
f 5594/1772/1622 5593/1770/1621 5624/1798/1652 5625/1800/1653
f 5581/1773/1609 5580/1771/1608 5611/1799/1639 5612/1801/1640
f 5595/1774/1623 5594/1772/1622 5625/1800/1653 5626/1802/1654
f 5582/1775/1610 5581/1773/1609 5612/1801/1640 5613/1803/1641
f 5596/1776/1624 5595/1774/1623 5626/1802/1654 5627/1804/1655
f 5583/1777/1611 5582/1775/1610 5613/1803/1641 5614/1805/1642
f 5597/1778/1625 5596/1776/1624 5627/1804/1655 5628/1806/1656
f 5584/1746/1612 5583/1777/1611 5614/1805/1642 5615/1807/1643
f 5598/1748/1626 5597/1778/1625 5628/1806/1656 5629/1808/1657
f 5585/1747/1613 5584/1746/1612 5615/1807/1643 5616/1809/1644
f 5599/1749/1627 5598/1748/1626 5629/1808/1657 5630/1810/1658
f 5586/1750/1614 5585/1747/1613 5616/1809/1644 5617/1779/1645
f 5573/1752/1601 5417/1811/1445 5604/1781/1632
f 5600/1753/1628 5599/1749/1627 5630/1810/1658 5631/1783/1659
f 5620/1788/1648 5619/1785/1647 5650/1812/1678 5651/1813/1679
f 5607/1789/1635 5606/1786/1634 5637/1814/1665 5638/1815/1666
f 5634/1790/1662 5633/1787/1661 5664/1816/1692 5665/1817/1693
f 5621/1791/1649 5620/1788/1648 5651/1813/1679 5652/1818/1680
f 5608/1792/1636 5607/1789/1635 5638/1815/1666 5639/1819/1667
f 4951/1820/979 5634/1790/1662 5665/1817/1693
f 5622/1794/1650 5621/1791/1649 5652/1818/1680 5653/1821/1681
f 5609/1795/1637 5608/1792/1636 5639/1819/1667 5640/1822/1668
f 5623/1796/1651 5622/1794/1650 5653/1821/1681 5654/1823/1682
f 5610/1797/1638 5609/1795/1637 5640/1822/1668 5641/1824/1669
f 5624/1798/1652 5623/1796/1651 5654/1823/1682 5655/1825/1683
f 5611/1799/1639 5610/1797/1638 5641/1824/1669 5642/1826/1670
f 5625/1800/1653 5624/1798/1652 5655/1825/1683 5656/1827/1684
f 5612/1801/1640 5611/1799/1639 5642/1826/1670 5643/1828/1671
f 5626/1802/1654 5625/1800/1653 5656/1827/1684 5657/1829/1685
f 5613/1803/1641 5612/1801/1640 5643/1828/1671 5644/1830/1672
f 5627/1804/1655 5626/1802/1654 5657/1829/1685 5658/1831/1686
f 5614/1805/1642 5613/1803/1641 5644/1830/1672 5645/1832/1673
f 5628/1806/1656 5627/1804/1655 5658/1831/1686 5659/1833/1687
f 5615/1807/1643 5614/1805/1642 5645/1832/1673 5646/1834/1674
f 5629/1808/1657 5628/1806/1656 5659/1833/1687 5660/1835/1688
f 5616/1809/1644 5615/1807/1643 5646/1834/1674 5647/1836/1675
f 5630/1810/1658 5629/1808/1657 5660/1835/1688 5661/1837/1689
f 5617/1779/1645 5616/1809/1644 5647/1836/1675 5648/1838/1676
f 5604/1781/1632 5417/1839/1445 5635/1840/1663
f 5631/1783/1659 5630/1810/1658 5661/1837/1689 5662/1841/1690
f 5618/1780/1646 5617/1779/1645 5648/1838/1676 5649/1842/1677
f 5605/1782/1633 5604/1781/1632 5635/1840/1663 5636/1843/1664
f 5632/1784/1660 5631/1783/1659 5662/1841/1690 5663/1844/1691
f 5619/1785/1647 5618/1780/1646 5649/1842/1677 5650/1812/1678
f 5606/1786/1634 5605/1782/1633 5636/1843/1664 5637/1814/1665
f 5633/1787/1661 5632/1784/1660 5663/1844/1691 5664/1816/1692
f 5653/1821/1681 5652/1818/1680 5683/1845/1711 5684/1846/1712
f 5640/1822/1668 5639/1819/1667 5670/1847/1698 5671/1848/1699
f 5654/1823/1682 5653/1821/1681 5684/1846/1712 5685/1849/1713
f 5641/1824/1669 5640/1822/1668 5671/1848/1699 5672/1850/1700
f 5655/1825/1683 5654/1823/1682 5685/1849/1713 5686/1851/1714
f 5642/1826/1670 5641/1824/1669 5672/1850/1700 5673/1852/1701
f 5656/1827/1684 5655/1825/1683 5686/1851/1714 5687/1853/1715
f 5643/1828/1671 5642/1826/1670 5673/1852/1701 5674/1854/1702
f 5657/1829/1685 5656/1827/1684 5687/1853/1715 5688/1855/1716
f 5644/1830/1672 5643/1828/1671 5674/1854/1702 5675/1856/1703
f 5658/1831/1686 5657/1829/1685 5688/1855/1716 5689/1857/1717
f 5645/1832/1673 5644/1830/1672 5675/1856/1703 5676/1858/1704
f 5659/1833/1687 5658/1831/1686 5689/1857/1717 5690/1859/1718
f 5646/1834/1674 5645/1832/1673 5676/1858/1704 5677/1860/1705
f 5660/1835/1688 5659/1833/1687 5690/1859/1718 5691/1861/1719
f 5647/1836/1675 5646/1834/1674 5677/1860/1705 5678/1862/1706
f 5661/1837/1689 5660/1835/1688 5691/1861/1719 5692/1863/1720
f 5648/1838/1676 5647/1836/1675 5678/1862/1706 5679/1864/1707
f 5635/1840/1663 5417/1865/1445 5666/1866/1694
f 5662/1841/1690 5661/1837/1689 5692/1863/1720 5693/1867/1721
f 5649/1842/1677 5648/1838/1676 5679/1864/1707 5680/1868/1708
f 5636/1843/1664 5635/1840/1663 5666/1866/1694 5667/1869/1695
f 5663/1844/1691 5662/1841/1690 5693/1867/1721 5694/1870/1722
f 5650/1812/1678 5649/1842/1677 5680/1868/1708 5681/1871/1709
f 5637/1814/1665 5636/1843/1664 5667/1869/1695 5668/1872/1696
f 5664/1816/1692 5663/1844/1691 5694/1870/1722 5695/1873/1723
f 5651/1813/1679 5650/1812/1678 5681/1871/1709 5682/1874/1710
f 5638/1815/1666 5637/1814/1665 5668/1872/1696 5669/1875/1697
f 5665/1817/1693 5664/1816/1692 5695/1873/1723 5696/1876/1724
f 5652/1818/1680 5651/1813/1679 5682/1874/1710 5683/1845/1711
f 5639/1819/1667 5638/1815/1666 5669/1875/1697 5670/1847/1698
f 4951/1877/979 5665/1817/1693 5696/1876/1724
f 5686/1851/1714 5685/1849/1713 5716/1878/1744 5717/1879/1745
f 5673/1852/1701 5672/1850/1700 5703/1880/1731 5704/1881/1732
f 5687/1853/1715 5686/1851/1714 5717/1879/1745 5718/1882/1746
f 5674/1854/1702 5673/1852/1701 5704/1881/1732 5705/1883/1733
f 5688/1855/1716 5687/1853/1715 5718/1882/1746 5719/1884/1747
f 5675/1856/1703 5674/1854/1702 5705/1883/1733 5706/1885/1734
f 5689/1857/1717 5688/1855/1716 5719/1884/1747 5720/1886/1748
f 5676/1858/1704 5675/1856/1703 5706/1885/1734 5707/1887/1735
f 5690/1859/1718 5689/1857/1717 5720/1886/1748 5721/1888/1749
f 5677/1860/1705 5676/1858/1704 5707/1887/1735 5708/1889/1736
f 5691/1861/1719 5690/1859/1718 5721/1888/1749 5722/1890/1750
f 5678/1862/1706 5677/1860/1705 5708/1889/1736 5709/1891/1737
f 5692/1863/1720 5691/1861/1719 5722/1890/1750 5723/1892/1751
f 5679/1864/1707 5678/1862/1706 5709/1891/1737 5710/1893/1738
f 5666/1866/1694 5417/1894/1445 5697/1895/1725
f 5693/1867/1721 5692/1863/1720 5723/1892/1751 5724/1896/1752
f 5680/1868/1708 5679/1864/1707 5710/1893/1738 5711/1897/1739
f 5667/1869/1695 5666/1866/1694 5697/1895/1725 5698/1898/1726
f 5694/1870/1722 5693/1867/1721 5724/1896/1752 5725/1899/1753
f 5681/1871/1709 5680/1868/1708 5711/1897/1739 5712/1900/1740
f 5668/1872/1696 5667/1869/1695 5698/1898/1726 5699/1901/1727
f 5695/1873/1723 5694/1870/1722 5725/1899/1753 5726/1902/1754
f 5682/1874/1710 5681/1871/1709 5712/1900/1740 5713/1903/1741
f 5669/1875/1697 5668/1872/1696 5699/1901/1727 5700/1904/1728
f 5696/1876/1724 5695/1873/1723 5726/1902/1754 5727/1905/1755
f 5683/1845/1711 5682/1874/1710 5713/1903/1741 5714/1906/1742
f 5670/1847/1698 5669/1875/1697 5700/1904/1728 5701/1907/1729
f 4951/1908/979 5696/1876/1724 5727/1905/1755
f 5684/1846/1712 5683/1845/1711 5714/1906/1742 5715/1909/1993
f 5671/1848/1699 5670/1847/1698 5701/1907/1729 5702/1910/1730
f 5685/1849/1713 5684/1846/1712 5715/1909/1993 5716/1878/1744
f 5672/1850/1700 5671/1848/1699 5702/1910/1730 5703/1880/1731
f 5719/1884/1747 5718/1882/1746 5749/1911/1777 5750/1912/1778
f 5706/1885/1734 5705/1883/1733 5736/1913/1764 5737/1914/1765
f 5720/1886/1748 5719/1884/1747 5750/1912/1778 5751/1915/1779
f 5707/1887/1735 5706/1885/1734 5737/1914/1765 5738/1916/1766
f 5721/1888/1749 5720/1886/1748 5751/1915/1779 5752/1917/1780
f 5708/1889/1736 5707/1887/1735 5738/1916/1766 5739/1918/1767
f 5722/1890/1750 5721/1888/1749 5752/1917/1780 5753/1919/1781
f 5709/1891/1737 5708/1889/1736 5739/1918/1767 5740/1920/1768
f 5723/1892/1751 5722/1890/1750 5753/1919/1781 5754/1921/1782
f 5710/1893/1738 5709/1891/1737 5740/1920/1768 5741/1922/1769
f 5697/1895/1725 5417/1923/1445 5728/1924/1756
f 5724/1896/1752 5723/1892/1751 5754/1921/1782 5755/1925/1783
f 5711/1897/1739 5710/1893/1738 5741/1922/1769 5742/1926/1770
f 5698/1898/1726 5697/1895/1725 5728/1924/1756 5729/1927/1757
f 5725/1899/1753 5724/1896/1752 5755/1925/1783 5756/1928/1784
f 5712/1900/1740 5711/1897/1739 5742/1926/1770 5743/1929/1771
f 5699/1901/1727 5698/1898/1726 5729/1927/1757 5730/1930/1758
f 5726/1902/1754 5725/1899/1753 5756/1928/1784 5757/1931/1785
f 5713/1903/1741 5712/1900/1740 5743/1929/1771 5744/1932/1772
f 5700/1904/1728 5699/1901/1727 5730/1930/1758 5731/1933/1759
f 5727/1905/1755 5726/1902/1754 5757/1931/1785 5758/1934/1786
f 5714/1906/1742 5713/1903/1741 5744/1932/1772 5745/1935/1773
f 5701/1907/1729 5700/1904/1728 5731/1933/1759 5732/1936/1760
f 4951/1937/979 5727/1905/1755 5758/1934/1786
f 5715/1909/1993 5714/1906/1742 5745/1935/1773 5746/1938/1774
f 5702/1910/1730 5701/1907/1729 5732/1936/1760 5733/1939/1761
f 5716/1878/1744 5715/1909/1993 5746/1938/1774 5747/1940/1775
f 5703/1880/1731 5702/1910/1730 5733/1939/1761 5734/1941/1762
f 5717/1879/1745 5716/1878/1744 5747/1940/1775 5748/1942/1776
f 5704/1881/1732 5703/1880/1731 5734/1941/1762 5735/1943/1763
f 5718/1882/1746 5717/1879/1745 5748/1942/1776 5749/1911/1777
f 5705/1883/1733 5704/1881/1732 5735/1943/1763 5736/1913/1764
f 5752/1917/1780 5751/1915/1779 5782/1944/1810 5783/1945/1811
f 5739/1918/1767 5738/1916/1766 5769/1946/1797 5770/1947/1798
f 5753/1919/1781 5752/1917/1780 5783/1945/1811 5784/1948/1812
f 5740/1920/1768 5739/1918/1767 5770/1947/1798 5771/1949/1799
f 5754/1921/1782 5753/1919/1781 5784/1948/1812 5785/1950/1813
f 5741/1922/1769 5740/1920/1768 5771/1949/1799 5772/1951/1800
f 5728/1924/1756 5417/1952/1445 5759/1953/1787
f 5755/1925/1783 5754/1921/1782 5785/1950/1813 5786/1954/1814
f 5742/1926/1770 5741/1922/1769 5772/1951/1800 5773/1955/1801
f 5729/1927/1757 5728/1924/1756 5759/1953/1787 5760/1956/1788
f 5756/1928/1784 5755/1925/1783 5786/1954/1814 5787/1957/1815
f 5743/1929/1771 5742/1926/1770 5773/1955/1801 5774/1958/1802
f 5730/1930/1758 5729/1927/1757 5760/1956/1788 5761/1959/1789
f 5757/1931/1785 5756/1928/1784 5787/1957/1815 5788/1960/1816
f 5744/1932/1772 5743/1929/1771 5774/1958/1802 5775/1961/1803
f 5731/1933/1759 5730/1930/1758 5761/1959/1789 5762/1962/1790
f 5758/1934/1786 5757/1931/1785 5788/1960/1816 5789/1963/1817
f 5745/1935/1773 5744/1932/1772 5775/1961/1803 5776/1964/1804
f 5732/1936/1760 5731/1933/1759 5762/1962/1790 5763/1965/1791
f 4951/1966/979 5758/1934/1786 5789/1963/1817
f 5746/1938/1774 5745/1935/1773 5776/1964/1804 5777/1967/1805
f 5733/1939/1761 5732/1936/1760 5763/1965/1791 5764/1968/1792
f 5747/1940/1775 5746/1938/1774 5777/1967/1805 5778/1969/1806
f 5734/1941/1762 5733/1939/1761 5764/1968/1792 5765/1970/1793
f 5748/1942/1776 5747/1940/1775 5778/1969/1806 5779/1971/1807
f 5735/1943/1763 5734/1941/1762 5765/1970/1793 5766/1972/1794
f 5749/1911/1777 5748/1942/1776 5779/1971/1807 5780/1973/1808
f 5736/1913/1764 5735/1943/1763 5766/1972/1794 5767/1974/1795
f 5750/1912/1778 5749/1911/1777 5780/1973/1808 5781/1975/1809
f 5737/1914/1765 5736/1913/1764 5767/1974/1795 5768/1976/1796
f 5751/1915/1779 5750/1912/1778 5781/1975/1809 5782/1944/1810
f 5738/1916/1766 5737/1914/1765 5768/1976/1796 5769/1946/1797
f 5785/1950/1813 5784/1948/1812 5815/1977/1843 5816/1978/1844
f 5772/1951/1800 5771/1949/1799 5802/1979/1830 5803/1980/1831
f 5759/1953/1787 5417/1981/1445 5790/1982/1818
f 5786/1954/1814 5785/1950/1813 5816/1978/1844 5817/1983/1845
f 5773/1955/1801 5772/1951/1800 5803/1980/1831 5804/1984/1832
f 5760/1956/1788 5759/1953/1787 5790/1982/1818 5791/1985/1819
f 5787/1957/1815 5786/1954/1814 5817/1983/1845 5818/1986/1846
f 5774/1958/1802 5773/1955/1801 5804/1984/1832 5805/1987/1833
f 5761/1959/1789 5760/1956/1788 5791/1985/1819 5792/1988/1820
f 5788/1960/1816 5787/1957/1815 5818/1986/1846 5819/1989/1847
f 5775/1961/1803 5774/1958/1802 5805/1987/1833 5806/1990/1834
f 5762/1962/1790 5761/1959/1789 5792/1988/1820 5793/1991/1821
f 5789/1963/1817 5788/1960/1816 5819/1989/1847 5820/1992/1848
f 5776/1964/1804 5775/1961/1803 5806/1990/1834 5807/1993/1835
f 5763/1965/1791 5762/1962/1790 5793/1991/1821 5794/1994/1822
f 4951/1995/979 5789/1963/1817 5820/1992/1848
f 5777/1967/1805 5776/1964/1804 5807/1993/1835 5808/1996/1836
f 5764/1968/1792 5763/1965/1791 5794/1994/1822 5795/1997/1823
f 5778/1969/1806 5777/1967/1805 5808/1996/1836 5809/1998/1837
f 5765/1970/1793 5764/1968/1792 5795/1997/1823 5796/1999/1824
f 5779/1971/1807 5778/1969/1806 5809/1998/1837 5810/2000/1838
f 5766/1972/1794 5765/1970/1793 5796/1999/1824 5797/2001/1825
f 5780/1973/1808 5779/1971/1807 5810/2000/1838 5811/2002/1839
f 5767/1974/1795 5766/1972/1794 5797/2001/1825 5798/2003/1826
f 5781/1975/1809 5780/1973/1808 5811/2002/1839 5812/2004/1840
f 5768/1976/1796 5767/1974/1795 5798/2003/1826 5799/2005/1827
f 5782/1944/1810 5781/1975/1809 5812/2004/1840 5813/2006/1841
f 5769/1946/1797 5768/1976/1796 5799/2005/1827 5800/2007/1828
f 5783/1945/1811 5782/1944/1810 5813/2006/1841 5814/2008/1842
f 5770/1947/1798 5769/1946/1797 5800/2007/1828 5801/2009/1829
f 5784/1948/1812 5783/1945/1811 5814/2008/1842 5815/1977/1843
f 5771/1949/1799 5770/1947/1798 5801/2009/1829 5802/1979/1830
f 5818/1986/1846 5817/1983/1845 5848/2010/1876 5849/2011/1877
f 5805/1987/1833 5804/1984/1832 5835/2012/1863 5836/2013/1864
f 5792/1988/1820 5791/1985/1819 5822/2014/1850 5823/2015/1851
f 5819/1989/1847 5818/1986/1846 5849/2011/1877 5850/2016/1878
f 5806/1990/1834 5805/1987/1833 5836/2013/1864 5837/2017/1865
f 5793/1991/1821 5792/1988/1820 5823/2015/1851 5824/2018/1852
f 5820/1992/1848 5819/1989/1847 5850/2016/1878 5851/2019/1879
f 5807/1993/1835 5806/1990/1834 5837/2017/1865 5838/2020/1866
f 5794/1994/1822 5793/1991/1821 5824/2018/1852 5825/2021/1853
f 4951/2022/979 5820/1992/1848 5851/2019/1879
f 5808/1996/1836 5807/1993/1835 5838/2020/1866 5839/2023/1867
f 5795/1997/1823 5794/1994/1822 5825/2021/1853 5826/2024/1854
f 5809/1998/1837 5808/1996/1836 5839/2023/1867 5840/2025/1868
f 5796/1999/1824 5795/1997/1823 5826/2024/1854 5827/2026/1855
f 5810/2000/1838 5809/1998/1837 5840/2025/1868 5841/2027/1869
f 5797/2001/1825 5796/1999/1824 5827/2026/1855 5828/2028/1856
f 5811/2002/1839 5810/2000/1838 5841/2027/1869 5842/2029/1870
f 5798/2003/1826 5797/2001/1825 5828/2028/1856 5829/2030/1857
f 5812/2004/1840 5811/2002/1839 5842/2029/1870 5843/2031/1871
f 5799/2005/1827 5798/2003/1826 5829/2030/1857 5830/2032/1858
f 5813/2006/1841 5812/2004/1840 5843/2031/1871 5844/2033/1872
f 5800/2007/1828 5799/2005/1827 5830/2032/1858 5831/2034/1859
f 5814/2008/1842 5813/2006/1841 5844/2033/1872 5845/2035/1873
f 5801/2009/1829 5800/2007/1828 5831/2034/1859 5832/2036/1860
f 5815/1977/1843 5814/2008/1842 5845/2035/1873 5846/2037/1874
f 5802/1979/1830 5801/2009/1829 5832/2036/1860 5833/2038/1861
f 5816/1978/1844 5815/1977/1843 5846/2037/1874 5847/2039/1875
f 5803/1980/1831 5802/1979/1830 5833/2038/1861 5834/2040/1862
f 5790/1982/1818 5417/2041/1445 5821/2042/1849
f 5817/1983/1845 5816/1978/1844 5847/2039/1875 5848/2010/1876
f 5804/1984/1832 5803/1980/1831 5834/2040/1862 5835/2012/1863
f 5791/1985/1819 5790/1982/1818 5821/2042/1849 5822/2014/1850
f 5851/2019/1879 5850/2016/1878 5881/2043/1909 5882/2044/1910
f 5838/2020/1866 5837/2017/1865 5868/2045/1896 5869/2046/1897
f 5825/2021/1853 5824/2018/1852 5855/2047/1883 5856/2048/1884
f 4951/2049/979 5851/2019/1879 5882/2044/1910
f 5839/2023/1867 5838/2020/1866 5869/2046/1897 5870/2050/1898
f 5826/2024/1854 5825/2021/1853 5856/2048/1884 5857/2051/1885
f 5840/2025/1868 5839/2023/1867 5870/2050/1898 5871/2052/1899
f 5827/2026/1855 5826/2024/1854 5857/2051/1885 5858/2053/1886
f 5841/2027/1869 5840/2025/1868 5871/2052/1899 5872/2054/1900
f 5828/2028/1856 5827/2026/1855 5858/2053/1886 5859/2055/1887
f 5842/2029/1870 5841/2027/1869 5872/2054/1900 5873/2056/1901
f 5829/2030/1857 5828/2028/1856 5859/2055/1887 5860/2057/1888
f 5843/2031/1871 5842/2029/1870 5873/2056/1901 5874/2058/1902
f 5830/2032/1858 5829/2030/1857 5860/2057/1888 5861/2059/1889
f 5844/2033/1872 5843/2031/1871 5874/2058/1902 5875/2060/1903
f 5831/2034/1859 5830/2032/1858 5861/2059/1889 5862/2061/1890
f 5845/2035/1873 5844/2033/1872 5875/2060/1903 5876/2062/1904
f 5832/2036/1860 5831/2034/1859 5862/2061/1890 5863/2063/1891
f 5846/2037/1874 5845/2035/1873 5876/2062/1904 5877/2064/1905
f 5833/2038/1861 5832/2036/1860 5863/2063/1891 5864/2065/1892
f 5847/2039/1875 5846/2037/1874 5877/2064/1905 5878/2066/1906
f 5834/2040/1862 5833/2038/1861 5864/2065/1892 5865/2067/1893
f 5821/2042/1849 5417/2068/1445 5852/2069/1880
f 5848/2010/1876 5847/2039/1875 5878/2066/1906 5879/2070/1907
f 5835/2012/1863 5834/2040/1862 5865/2067/1893 5866/2071/1894
f 5822/2014/1850 5821/2042/1849 5852/2069/1880 5853/2072/1881
f 5849/2011/1877 5848/2010/1876 5879/2070/1907 5880/2073/1908
f 5836/2013/1864 5835/2012/1863 5866/2071/1894 5867/2074/1895
f 5823/2015/1851 5822/2014/1850 5853/2072/1881 5854/2075/1882
f 5850/2016/1878 5849/2011/1877 5880/2073/1908 5881/2043/1909
f 5837/2017/1865 5836/2013/1864 5867/2074/1895 5868/2045/1896
f 5824/2018/1852 5823/2015/1851 5854/2075/1882 5855/2047/1883
f 5871/2052/1899 5870/2050/1898 5901/2076/1929 5902/2077/1930
f 5858/2053/1886 5857/2051/1885 5888/2078/1916 5889/2079/1917
f 5872/2054/1900 5871/2052/1899 5902/2077/1930 5903/2080/1931
f 5859/2055/1887 5858/2053/1886 5889/2079/1917 5890/2081/1918
f 5873/2056/1901 5872/2054/1900 5903/2080/1931 5904/2082/1932
f 5860/2057/1888 5859/2055/1887 5890/2081/1918 5891/2083/1919
f 5874/2058/1902 5873/2056/1901 5904/2082/1932 5905/2084/1933
f 5861/2059/1889 5860/2057/1888 5891/2083/1919 5892/2085/1920
f 5875/2060/1903 5874/2058/1902 5905/2084/1933 5906/2086/1934
f 5862/2061/1890 5861/2059/1889 5892/2085/1920 5893/2087/1921
f 5876/2062/1904 5875/2060/1903 5906/2086/1934 5907/2088/1935
f 5863/2063/1891 5862/2061/1890 5893/2087/1921 5894/2089/1922
f 5877/2064/1905 5876/2062/1904 5907/2088/1935 5908/2090/1936
f 5864/2065/1892 5863/2063/1891 5894/2089/1922 5895/2091/1923
f 5878/2066/1906 5877/2064/1905 5908/2090/1936 5909/2092/1937
f 5865/2067/1893 5864/2065/1892 5895/2091/1923 5896/2093/1924
f 5852/2069/1880 5417/2094/1445 5883/2095/1911
f 5879/2070/1907 5878/2066/1906 5909/2092/1937 5910/2096/1938
f 5866/2071/1894 5865/2067/1893 5896/2093/1924 5897/2097/1925
f 5853/2072/1881 5852/2069/1880 5883/2095/1911 5884/2098/1912
f 5880/2073/1908 5879/2070/1907 5910/2096/1938 5911/2099/1939
f 5867/2074/1895 5866/2071/1894 5897/2097/1925 5898/2100/1926
f 5854/2075/1882 5853/2072/1881 5884/2098/1912 5885/2101/1913
f 5881/2043/1909 5880/2073/1908 5911/2099/1939 5912/2102/1940
f 5868/2045/1896 5867/2074/1895 5898/2100/1926 5899/2103/1927
f 5855/2047/1883 5854/2075/1882 5885/2101/1913 5886/2104/1914
f 5882/2044/1910 5881/2043/1909 5912/2102/1940 5913/2105/1941
f 5869/2046/1897 5868/2045/1896 5899/2103/1927 5900/2106/1928
f 5856/2048/1884 5855/2047/1883 5886/2104/1914 5887/2107/1915
f 4951/2108/979 5882/2044/1910 5913/2105/1941
f 5870/2050/1898 5869/2046/1897 5900/2106/1928 5901/2076/1929
f 5857/2051/1885 5856/2048/1884 5887/2107/1915 5888/2078/1916
f 5904/2082/1932 5903/2080/1931 5934/2109/1962 5935/2110/1963
f 5891/2083/1919 5890/2081/1918 5921/2111/1949 5922/2112/1950
f 5905/2084/1933 5904/2082/1932 5935/2110/1963 5936/2113/1964
f 5892/2085/1920 5891/2083/1919 5922/2112/1950 5923/2114/1951
f 5906/2086/1934 5905/2084/1933 5936/2113/1964 5937/2115/1965
f 5893/2087/1921 5892/2085/1920 5923/2114/1951 5924/2116/1952
f 5907/2088/1935 5906/2086/1934 5937/2115/1965 5938/2117/1966
f 5894/2089/1922 5893/2087/1921 5924/2116/1952 5925/2118/1953
f 5908/2090/1936 5907/2088/1935 5938/2117/1966 5939/2119/1967
f 5895/2091/1923 5894/2089/1922 5925/2118/1953 5926/2120/1954
f 5909/2092/1937 5908/2090/1936 5939/2119/1967 5940/2121/1968
f 5896/2093/1924 5895/2091/1923 5926/2120/1954 5927/2122/1955
f 5883/2095/1911 5417/2123/1445 5914/2124/1942
f 5910/2096/1938 5909/2092/1937 5940/2121/1968 5941/2125/1969
f 5897/2097/1925 5896/2093/1924 5927/2122/1955 5928/2126/1956
f 5884/2098/1912 5883/2095/1911 5914/2124/1942 5915/2127/1943
f 5911/2099/1939 5910/2096/1938 5941/2125/1969 5942/2128/1970
f 5898/2100/1926 5897/2097/1925 5928/2126/1956 5929/2129/1957
f 5885/2101/1913 5884/2098/1912 5915/2127/1943 5916/2130/1944
f 5912/2102/1940 5911/2099/1939 5942/2128/1970 5943/2131/1971
f 5899/2103/1927 5898/2100/1926 5929/2129/1957 5930/2132/1958
f 5886/2104/1914 5885/2101/1913 5916/2130/1944 5917/2133/1945
f 5913/2105/1941 5912/2102/1940 5943/2131/1971 5944/2134/1972
f 5900/2106/1928 5899/2103/1927 5930/2132/1958 5931/2135/1959
f 5887/2107/1915 5886/2104/1914 5917/2133/1945 5918/2136/1946
f 4951/2137/979 5913/2105/1941 5944/2134/1972
f 5901/2076/1929 5900/2106/1928 5931/2135/1959 5932/2138/1960
f 5888/2078/1916 5887/2107/1915 5918/2136/1946 5919/2139/1947
f 5902/2077/1930 5901/2076/1929 5932/2138/1960 5933/2140/1961
f 5889/2079/1917 5888/2078/1916 5919/2139/1947 5920/2141/1948
f 5903/2080/1931 5902/2077/1930 5933/2140/1961 5934/2109/1962
f 5890/2081/1918 5889/2079/1917 5920/2141/1948 5921/2111/1949
f 5937/2115/1965 5936/2113/1964 5954/57/1982 5955/61/1983
f 5924/2116/1952 5923/2114/1951 5948/59/1976 3979/63/7
f 5938/2117/1966 5937/2115/1965 5955/61/1983 3986/2/14
f 5925/2118/1953 5924/2116/1952 3979/63/7 5949/6/1977
f 5939/2119/1967 5938/2117/1966 3986/2/14 5956/1/1984
f 5926/2120/1954 5925/2118/1953 5949/6/1977 3980/5/8
f 5940/2121/1968 5939/2119/1967 5956/1/1984 5957/9/1985
f 5927/2122/1955 5926/2120/1954 3980/5/8 3981/11/9
f 5914/2124/1942 5417/2142/1445 3973/13/1
f 5941/2125/1969 5940/2121/1968 5957/9/1985 3987/16/15
f 5928/2126/1956 5927/2122/1955 3981/11/9 3982/18/10
f 5915/2127/1943 5914/2124/1942 3973/13/1 5945/20/1973
f 5942/2128/1970 5941/2125/1969 3987/16/15 3988/22/16
f 5929/2129/1957 5928/2126/1956 3982/18/10 3983/24/11
f 5916/2130/1944 5915/2127/1943 5945/20/1973 3974/26/2
f 5943/2131/1971 5942/2128/1970 3988/22/16 5958/28/1986
f 5930/2132/1958 5929/2129/1957 3983/24/11 3984/30/12
f 5917/2133/1945 5916/2130/1944 3974/26/2 3975/32/3
f 5944/2134/1972 5943/2131/1971 5958/28/1986 3989/34/17
f 5931/2135/1959 5930/2132/1958 3984/30/12 5950/36/1978
f 5918/2136/1946 5917/2133/1945 3975/32/3 5946/38/1974
f 4951/2143/979 5944/2134/1972 3989/34/17
f 5932/2138/1960 5931/2135/1959 5950/36/1978 5951/41/1979
f 5919/2139/1947 5918/2136/1946 5946/38/1974 5947/43/1975
f 5933/2140/1961 5932/2138/1960 5951/41/1979 3985/45/13
f 5920/2141/1948 5919/2139/1947 5947/43/1975 3976/47/4
f 5934/2109/1962 5933/2140/1961 3985/45/13 5952/49/1980
f 5921/2111/1949 5920/2141/1948 3976/47/4 3977/51/5
f 5935/2110/1963 5934/2109/1962 5952/49/1980 5953/53/1981
f 5922/2112/1950 5921/2111/1949 3977/51/5 3978/55/6
f 5936/2113/1964 5935/2110/1963 5953/53/1981 5954/57/1982
f 5923/2114/1951 5922/2112/1950 3978/55/6 5948/59/1976
