# Blender 4.4.3
# www.blender.org
mtllib uranus.mtl
o Uranus
v 0.000000 10.095949 -0.994364
v 0.000000 9.707969 -2.944880
v 0.000000 9.372573 -3.882248
v 0.000000 7.842036 -6.435793
v 0.000000 7.173456 -7.173458
v 0.000000 6.435793 -7.842037
v 0.000000 4.782226 -8.946916
v 0.000000 2.944880 -9.707970
v 0.000000 1.979153 -9.949871
v 0.000000 0.994364 -10.095951
v 0.000000 -0.000000 -10.144801
v 0.000000 -0.994364 -10.095951
v 0.000000 -3.882246 -9.372575
v 0.000000 -7.842036 -6.435793
v 0.000000 -9.372573 -3.882248
v 0.000000 -9.707969 -2.944880
v 0.000000 -10.095949 -0.994364
v 0.097465 10.095949 -0.989576
v 0.193991 9.949870 -1.969622
v 0.288649 9.707969 -2.930700
v 0.380527 9.372573 -3.863554
v 0.468740 8.946916 -4.759198
v 0.552439 8.435093 -5.609010
v 0.630818 7.842036 -6.404804
v 0.703122 7.173456 -7.138915
v 0.768654 6.435793 -7.804276
v 0.826784 5.636149 -8.394476
v 0.876951 4.782226 -8.903833
v 0.918673 3.882247 -9.327443
v 0.951548 2.944880 -9.661223
v 0.975258 1.979153 -9.901959
v 0.989576 0.994364 -10.047337
v 0.994365 -0.000000 -10.095951
v 0.989576 -0.994364 -10.047337
v 0.975258 -1.979152 -9.901959
v 0.951548 -2.944880 -9.661222
v 0.918673 -3.882246 -9.327443
v 0.876951 -4.782224 -8.903834
v 0.826784 -5.636148 -8.394477
v 0.768654 -6.435793 -7.804276
v 0.703122 -7.173456 -7.138915
v 0.630818 -7.842036 -6.404804
v 0.552439 -8.435093 -5.609009
v 0.468740 -8.946915 -4.759200
v 0.380527 -9.372573 -3.863554
v 0.288649 -9.707969 -2.930701
v 0.193991 -9.949871 -1.969622
v 0.097465 -10.095949 -0.989576
v 0.193991 10.095949 -0.975258
v 0.386114 9.949870 -1.941124
v 0.574518 9.707969 -2.888295
v 0.757389 9.372573 -3.807651
v 0.932966 8.946916 -4.690337
v 1.099558 8.435093 -5.527853
v 1.255561 7.842036 -6.312131
v 1.399473 7.173456 -7.035622
v 1.529906 6.435793 -7.691355
v 1.645606 5.636149 -8.273016
v 1.745457 4.782226 -8.775003
v 1.828499 3.882247 -9.192483
v 1.893932 2.944880 -9.521434
v 1.941124 1.979153 -9.758687
v 1.969623 0.994364 -9.901959
v 1.979153 -0.000000 -9.949871
v 1.969623 -0.994364 -9.901959
v 1.941124 -1.979152 -9.758687
v 1.893931 -2.944880 -9.521434
v 1.828499 -3.882246 -9.192484
v 1.745457 -4.782224 -8.775003
v 1.645606 -5.636148 -8.273016
v 1.529906 -6.435793 -7.691355
v 1.399473 -7.173456 -7.035622
v 1.255561 -7.842036 -6.312131
v 1.099558 -8.435093 -5.527852
v 0.932966 -8.946915 -4.690338
v 0.757389 -9.372573 -3.807651
v 0.574518 -9.707969 -2.888296
v 0.386114 -9.949871 -1.941124
v 0.193991 -10.095949 -0.975258
v 0.288649 10.095949 -0.951547
v 0.574518 9.949870 -1.893931
v 0.854854 9.707969 -2.818075
v 1.126957 9.372573 -3.715079
v 1.388207 8.946916 -4.576305
v 1.636088 8.435093 -5.393459
v 1.868213 7.842036 -6.158670
v 2.082345 7.173456 -6.864571
v 2.276424 6.435793 -7.504362
v 2.448579 5.636149 -8.071881
v 2.597153 4.782226 -8.561664
v 2.720715 3.882247 -8.968995
v 2.818076 2.944880 -9.289948
v 2.888296 1.979153 -9.521434
v 2.930701 0.994364 -9.661222
v 2.944880 -0.000000 -9.707969
v 2.930701 -0.994364 -9.661222
v 2.888296 -1.979152 -9.521434
v 2.818075 -2.944880 -9.289948
v 2.720715 -3.882246 -8.968995
v 2.597153 -4.782224 -8.561664
v 2.448579 -5.636148 -8.071882
v 2.276424 -6.435793 -7.504362
v 2.082345 -7.173456 -6.864571
v 1.868213 -7.842036 -6.158670
v 1.636088 -8.435093 -5.393459
v 1.388208 -8.946915 -4.576306
v 1.126957 -9.372573 -3.715079
v 0.854854 -9.707969 -2.818075
v 0.574518 -9.949871 -1.893931
v 0.288649 -10.095949 -0.951547
v 0.380527 10.095949 -0.918673
v 0.757389 9.949870 -1.828499
v 1.126957 9.707969 -2.720714
v 1.485672 9.372573 -3.586728
v 1.830079 8.946916 -4.418200
v 2.156862 8.435093 -5.207123
v 2.462872 7.842036 -5.945898
v 2.745164 7.173456 -6.627410
v 3.001019 6.435793 -7.245098
v 3.227972 5.636149 -7.793010
v 3.423837 4.782226 -8.265871
v 3.586729 3.882247 -8.659130
v 3.715080 2.944880 -8.968995
v 3.807651 1.979153 -9.192482
v 3.863554 0.994364 -9.327443
v 3.882248 -0.000000 -9.372574
v 3.863554 -0.994364 -9.327443
v 3.807651 -1.979152 -9.192482
v 3.715079 -2.944880 -8.968994
v 3.586730 -3.882246 -8.659131
v 3.423837 -4.782224 -8.265872
v 3.227972 -5.636148 -7.793011
v 3.001019 -6.435793 -7.245098
v 2.745164 -7.173456 -6.627410
v 2.462872 -7.842036 -5.945898
v 2.156862 -8.435093 -5.207123
v 1.830080 -8.946915 -4.418201
v 1.485672 -9.372573 -3.586729
v 1.126958 -9.707969 -2.720715
v 0.757389 -9.949871 -1.828498
v 0.380527 -10.095949 -0.918672
v 0.468741 10.095949 -0.876951
v 0.932967 9.949870 -1.745457
v 1.388207 9.707969 -2.597152
v 1.830079 9.372573 -3.423836
v 2.254327 8.946916 -4.217546
v 2.656863 8.435093 -4.970641
v 3.033813 7.842036 -5.675863
v 3.381546 7.173456 -6.326425
v 3.696711 6.435793 -6.916059
v 3.976276 5.636149 -7.439089
v 4.217547 4.782226 -7.890474
v 4.418202 3.882247 -8.265873
v 4.576306 2.944880 -8.561665
v 4.690337 1.979153 -8.775002
v 4.759199 0.994364 -8.903834
v 4.782227 -0.000000 -8.946916
v 4.759199 -0.994364 -8.903834
v 4.690337 -1.979152 -8.775002
v 4.576306 -2.944880 -8.561664
v 4.418202 -3.882246 -8.265873
v 4.217547 -4.782224 -7.890475
v 3.976276 -5.636148 -7.439089
v 3.696712 -6.435793 -6.916060
v 3.381546 -7.173456 -6.326425
v 3.033813 -7.842036 -5.675863
v 2.656863 -8.435093 -4.970641
v 2.254327 -8.946915 -4.217548
v 1.830080 -9.372573 -3.423836
v 1.388208 -9.707969 -2.597153
v 0.932966 -9.949871 -1.745457
v 0.468740 -10.095949 -0.876951
v 0.552440 10.095949 -0.826784
v 1.099559 9.949870 -1.645605
v 1.636089 9.707969 -2.448578
v 2.156862 9.372573 -3.227970
v 2.656863 8.946916 -3.976275
v 3.131278 8.435093 -4.686287
v 3.575536 7.842036 -5.351166
v 3.985360 7.173456 -5.964511
v 4.356803 6.435793 -6.520415
v 4.686288 5.636149 -7.013523
v 4.970640 4.782226 -7.439088
v 5.207124 3.882247 -7.793010
v 5.393460 2.944880 -8.071881
v 5.527853 1.979153 -8.273015
v 5.609010 0.994364 -8.394476
v 5.636150 -0.000000 -8.435093
v 5.609010 -0.994364 -8.394476
v 5.527853 -1.979152 -8.273015
v 5.393459 -2.944880 -8.071880
v 5.207125 -3.882246 -7.793011
v 4.970641 -4.782224 -7.439089
v 4.686288 -5.636148 -7.013524
v 4.356803 -6.435793 -6.520416
v 3.985360 -7.173456 -5.964511
v 3.575536 -7.842036 -5.351166
v 3.131277 -8.435093 -4.686287
v 2.656864 -8.946915 -3.976277
v 2.156862 -9.372573 -3.227970
v 1.636089 -9.707969 -2.448579
v 1.099559 -9.949871 -1.645605
v 0.552440 -10.095949 -0.826783
v 0.630819 10.095949 -0.768654
v 1.255562 9.949870 -1.529906
v 1.868213 9.707969 -2.276423
v 2.462873 9.372573 -3.001017
v 3.033813 8.946916 -3.696710
v 3.575536 8.435093 -4.356803
v 4.082825 7.842036 -4.974936
v 4.550794 7.173456 -5.545157
v 4.974936 6.435793 -6.061976
v 5.351168 5.636149 -6.520415
v 5.675863 4.782226 -6.916059
v 5.945898 3.882247 -7.245098
v 6.158672 2.944880 -7.504362
v 6.312131 1.979153 -7.691353
v 6.404804 0.994364 -7.804276
v 6.435794 -0.000000 -7.842037
v 6.404804 -0.994364 -7.804276
v 6.312131 -1.979152 -7.691353
v 6.158671 -2.944880 -7.504361
v 5.945900 -3.882246 -7.245098
v 5.675864 -4.782224 -6.916059
v 5.351168 -5.636148 -6.520416
v 4.974936 -6.435793 -6.061976
v 4.550794 -7.173456 -5.545157
v 4.082825 -7.842036 -4.974936
v 3.575536 -8.435093 -4.356803
v 3.033813 -8.946915 -3.696712
v 2.462873 -9.372573 -3.001018
v 1.868214 -9.707969 -2.276423
v 1.255562 -9.949871 -1.529906
v 0.630818 -10.095949 -0.768654
v 0.703122 10.095949 -0.703122
v 1.399473 9.949870 -1.399472
v 2.082346 9.707969 -2.082344
v 2.745164 9.372573 -2.745162
v 3.381546 8.946916 -3.381544
v 3.985360 8.435093 -3.985360
v 4.550794 7.842036 -4.550793
v 5.072402 7.173456 -5.072400
v 5.545157 6.435793 -5.545157
v 5.964514 5.636149 -5.964511
v 6.326425 4.782226 -6.326425
v 6.627411 3.882247 -6.627409
v 6.864572 2.944880 -6.864571
v 7.035622 1.979153 -7.035620
v 7.138916 0.994364 -7.138915
v 7.173459 -0.000000 -7.173457
v 7.138916 -0.994364 -7.138915
v 7.035622 -1.979152 -7.035620
v 6.864572 -2.944880 -6.864571
v 6.627412 -3.882246 -6.627410
v 6.326426 -4.782224 -6.326425
v 5.964514 -5.636148 -5.964511
v 5.545158 -6.435793 -5.545157
v 5.072402 -7.173456 -5.072400
v 4.550794 -7.842036 -4.550793
v 3.985360 -8.435093 -3.985360
v 3.381546 -8.946915 -3.381545
v 2.745164 -9.372573 -2.745163
v 2.082346 -9.707969 -2.082345
v 1.399473 -9.949871 -1.399472
v 0.703122 -10.095949 -0.703121
v 0.768655 10.095949 -0.630818
v 1.529907 9.949870 -1.255561
v 2.276424 9.707969 -1.868212
v 3.001018 9.372573 -2.462871
v 3.696712 8.946916 -3.033812
v 4.356803 8.435093 -3.575536
v 4.974936 7.842036 -4.082824
v 5.545159 7.173456 -4.550792
v 6.061977 6.435793 -4.974935
v 6.520417 5.636149 -5.351166
v 6.916059 4.782226 -5.675862
v 7.245098 3.882247 -5.945897
v 7.504364 2.944880 -6.158670
v 7.691354 1.979153 -6.312131
v 7.804276 0.994364 -6.404804
v 7.842038 -0.000000 -6.435793
v 7.804276 -0.994364 -6.404804
v 7.691354 -1.979152 -6.312131
v 7.504363 -2.944880 -6.158670
v 7.245099 -3.882246 -5.945898
v 6.916059 -4.782224 -5.675862
v 6.520417 -5.636148 -5.351166
v 6.061977 -6.435793 -4.974936
v 5.545159 -7.173456 -4.550792
v 4.974936 -7.842036 -4.082824
v 4.356803 -8.435093 -3.575536
v 3.696712 -8.946915 -3.033812
v 3.001019 -9.372573 -2.462871
v 2.276425 -9.707969 -1.868212
v 1.529907 -9.949871 -1.255561
v 0.768654 -10.095949 -0.630817
v 0.826784 10.095949 -0.552439
v 1.645606 9.949870 -1.099558
v 2.448580 9.707969 -1.636087
v 3.227971 9.372573 -2.156860
v 3.976276 8.946916 -2.656862
v 4.686288 8.435093 -3.131277
v 5.351168 7.842036 -3.575535
v 5.964514 7.173456 -3.985358
v 6.520415 6.435793 -4.356802
v 7.013525 5.636149 -4.686286
v 7.439087 4.782226 -4.970640
v 7.793011 3.882247 -5.207122
v 8.071882 2.944880 -5.393459
v 8.273015 1.979153 -5.527852
v 8.394477 0.994364 -5.609009
v 8.435095 -0.000000 -5.636148
v 8.394477 -0.994364 -5.609009
v 8.273015 -1.979152 -5.527852
v 8.071882 -2.944880 -5.393458
v 7.793012 -3.882246 -5.207123
v 7.439088 -4.782224 -4.970640
v 7.013525 -5.636148 -4.686287
v 6.520416 -6.435793 -4.356802
v 5.964514 -7.173456 -3.985358
v 5.351168 -7.842036 -3.575535
v 4.686287 -8.435093 -3.131277
v 3.976277 -8.946915 -2.656862
v 3.227971 -9.372573 -2.156861
v 2.448580 -9.707969 -1.636087
v 1.645606 -9.949871 -1.099558
v 0.826784 -10.095949 -0.552439
v 0.876952 10.095949 -0.468740
v 1.745458 9.949870 -0.932966
v 2.597154 9.707969 -1.388206
v 3.423837 9.372573 -1.830078
v 4.217547 8.946916 -2.254325
v 4.970641 8.435093 -2.656863
v 5.675864 7.842036 -3.033812
v 6.326427 7.173456 -3.381543
v 6.916059 6.435793 -3.696710
v 7.439090 5.636149 -3.976275
v 7.890475 4.782226 -4.217546
v 8.265872 3.882247 -4.418200
v 8.561666 2.944880 -4.576305
v 8.775002 1.979153 -4.690336
v 8.903836 0.994364 -4.759198
v 8.946917 -0.000000 -4.782225
v 8.903836 -0.994364 -4.759198
v 8.775002 -1.979152 -4.690336
v 8.561666 -2.944880 -4.576304
v 8.265874 -3.882246 -4.418200
v 7.890475 -4.782224 -4.217546
v 7.439090 -5.636148 -3.976276
v 6.916059 -6.435793 -3.696710
v 6.326427 -7.173456 -3.381543
v 5.675864 -7.842036 -3.033812
v 4.970641 -8.435093 -2.656863
v 4.217548 -8.946915 -2.254326
v 3.423837 -9.372573 -1.830078
v 2.597154 -9.707969 -1.388206
v 1.745458 -9.949871 -0.932966
v 0.876951 -10.095949 -0.468739
v 0.918674 10.095949 -0.380526
v 1.828500 9.949870 -0.757389
v 2.720716 9.707969 -1.126956
v 3.586729 9.372573 -1.485671
v 4.418201 8.946916 -1.830078
v 5.207124 8.435093 -2.156861
v 5.945899 7.842036 -2.462871
v 6.627411 7.173456 -2.745162
v 7.245097 6.435793 -3.001017
v 7.793012 5.636149 -3.227970
v 8.265871 4.782226 -3.423836
v 8.659130 3.882247 -3.586728
v 8.968995 2.944880 -3.715079
v 9.192481 1.979153 -3.807650
v 9.327444 0.994364 -3.863552
v 9.372574 -0.000000 -3.882246
v 9.327444 -0.994364 -3.863552
v 9.192481 -1.979152 -3.807650
v 8.968994 -2.944880 -3.715079
v 8.659131 -3.882246 -3.586728
v 8.265872 -4.782224 -3.423836
v 7.793012 -5.636148 -3.227970
v 7.245097 -6.435793 -3.001017
v 6.627411 -7.173456 -2.745162
v 5.945899 -7.842036 -2.462871
v 5.207124 -8.435093 -2.156861
v 4.418202 -8.946915 -1.830078
v 3.586729 -9.372573 -1.485671
v 2.720716 -9.707969 -1.126956
v 1.828500 -9.949871 -0.757389
v 0.918673 -10.095949 -0.380526
v 0.951548 10.095949 -0.288648
v 1.893933 9.949870 -0.574517
v 2.818076 9.707969 -0.854853
v 3.715079 9.372573 -1.126956
v 4.576305 8.946916 -1.388206
v 5.393459 8.435093 -1.636088
v 6.158671 7.842036 -1.868212
v 6.864572 7.173456 -2.082343
v 7.504360 6.435793 -2.276422
v 8.071882 5.636149 -2.448578
v 8.561665 4.782226 -2.597152
v 8.968994 3.882247 -2.720714
v 9.289948 2.944880 -2.818075
v 9.521433 1.979153 -2.888295
v 9.661224 0.994364 -2.930699
v 9.707969 -0.000000 -2.944879
v 9.661224 -0.994364 -2.930699
v 9.521433 -1.979152 -2.888295
v 9.289948 -2.944880 -2.818074
v 8.968996 -3.882246 -2.720714
v 8.561666 -4.782224 -2.597152
v 8.071882 -5.636148 -2.448578
v 7.504361 -6.435793 -2.276423
v 6.864572 -7.173456 -2.082343
v 6.158671 -7.842036 -1.868212
v 5.393459 -8.435093 -1.636088
v 4.576306 -8.946915 -1.388207
v 3.715079 -9.372573 -1.126956
v 2.818077 -9.707969 -0.854853
v 1.893932 -9.949871 -0.574517
v 0.951548 -10.095949 -0.288648
v 0.975259 10.095949 -0.193990
v 1.941125 9.949870 -0.386113
v 2.888296 9.707969 -0.574517
v 3.807651 9.372573 -0.757388
v 4.690337 8.946916 -0.932965
v 5.527853 8.435093 -1.099558
v 6.312132 7.842036 -1.255560
v 7.035622 7.173456 -1.399471
v 7.691354 6.435793 -1.529905
v 8.273016 5.636149 -1.645604
v 8.775002 4.782226 -1.745457
v 9.192482 3.882247 -1.828497
v 9.521434 2.944880 -1.893931
v 9.758687 1.979153 -1.941123
v 9.901960 0.994364 -1.969621
v 9.949872 -0.000000 -1.979152
v 9.901960 -0.994364 -1.969621
v 9.758687 -1.979152 -1.941123
v 9.521434 -2.944880 -1.893930
v 9.192485 -3.882246 -1.828498
v 8.775003 -4.782224 -1.745456
v 8.273016 -5.636148 -1.645605
v 7.691354 -6.435793 -1.529905
v 7.035622 -7.173456 -1.399471
v 6.312132 -7.842036 -1.255560
v 5.527853 -8.435093 -1.099558
v 4.690339 -8.946915 -0.932966
v 3.807651 -9.372573 -0.757388
v 2.888297 -9.707969 -0.574517
v 1.941125 -9.949871 -0.386113
v 0.975258 -10.095949 -0.193990
v 0.989577 10.095949 -0.097464
v 1.969624 9.949870 -0.193990
v 2.930701 9.707969 -0.288648
v 3.863553 9.372573 -0.380526
v 4.759199 8.946916 -0.468739
v 5.609011 8.435093 -0.552439
v 6.404804 7.842036 -0.630817
v 7.138916 7.173456 -0.703120
v 7.804275 6.435793 -0.768653
v 8.394477 5.636149 -0.826783
v 8.903833 4.782226 -0.876951
v 9.327442 3.882247 -0.918672
v 9.661223 2.944880 -0.951548
v 9.901960 1.979153 -0.975258
v 10.047338 0.994364 -0.989575
v 10.095950 -0.000000 -0.994364
v 10.047338 -0.994364 -0.989575
v 9.901960 -1.979152 -0.975258
v 9.661222 -2.944880 -0.951547
v 9.327444 -3.882246 -0.918672
v 8.903833 -4.782224 -0.876950
v 8.394477 -5.636148 -0.826784
v 7.804276 -6.435793 -0.768654
v 7.138916 -7.173456 -0.703120
v 6.404804 -7.842036 -0.630817
v 5.609011 -8.435093 -0.552439
v 4.759200 -8.946915 -0.468740
v 3.863553 -9.372573 -0.380526
v 2.930701 -9.707969 -0.288647
v 1.969624 -9.949871 -0.193990
v 0.989577 -10.095949 -0.097464
v 0.994365 10.095949 0.000001
v 1.979154 9.949870 0.000001
v 2.944881 9.707969 0.000001
v 3.882247 9.372573 0.000001
v 4.782226 8.946916 0.000001
v 5.636150 8.435093 0.000000
v 6.435793 7.842036 0.000001
v 7.173459 7.173456 0.000001
v 7.842036 6.435793 0.000001
v 8.435095 5.636149 0.000001
v 8.946915 4.782226 -0.000000
v 9.372574 3.882247 0.000001
v 9.707970 2.944880 -0.000000
v 9.949872 1.979153 0.000000
v 10.095951 0.994364 0.000001
v 10.144801 -0.000000 0.000001
v 10.095951 -0.994364 0.000001
v 9.949872 -1.979152 0.000000
v 9.707969 -2.944880 0.000000
v 9.372576 -3.882246 0.000001
v 8.946916 -4.782224 0.000001
v 8.435095 -5.636148 0.000000
v 7.842037 -6.435793 0.000000
v 7.173459 -7.173456 0.000001
v 6.435793 -7.842036 0.000001
v 5.636150 -8.435093 0.000000
v 4.782227 -8.946915 0.000001
v 3.882247 -9.372573 0.000001
v 2.944882 -9.707969 0.000001
v 1.979154 -9.949871 0.000001
v 0.994365 -10.095949 0.000001
v 0.989577 10.095949 0.097466
v 1.969624 9.949870 0.193992
v 2.930701 9.707969 0.288650
v 3.863553 9.372573 0.380528
v 4.759199 8.946916 0.468741
v 5.609010 8.435093 0.552439
v 6.404803 7.842036 0.630819
v 7.138916 7.173456 0.703123
v 7.804275 6.435793 0.768654
v 8.394477 5.636149 0.826784
v 8.903832 4.782226 0.876951
v 9.327442 3.882247 0.918674
v 9.661223 2.944880 0.951547
v 9.901960 1.979153 0.975258
v 10.047338 0.994364 0.989578
v 10.095950 -0.000000 0.994365
v 10.047338 -0.994364 0.989578
v 9.901960 -1.979152 0.975258
v 9.661222 -2.944880 0.951548
v 9.327444 -3.882246 0.918674
v 8.903833 -4.782224 0.876951
v 8.394477 -5.636148 0.826784
v 7.804276 -6.435793 0.768654
v 7.138916 -7.173456 0.703123
v 6.404803 -7.842036 0.630819
v 5.609010 -8.435093 0.552439
v 4.759200 -8.946915 0.468741
v 3.863553 -9.372573 0.380527
v 2.930701 -9.707969 0.288650
v 1.969624 -9.949871 0.193992
v 0.989577 -10.095949 0.097466
v 0.975259 10.095949 0.193992
v 1.941125 9.949870 0.386115
v 2.888296 9.707969 0.574519
v 3.807650 9.372573 0.757390
v 4.690337 8.946916 0.932967
v 5.527853 8.435093 1.099558
v 6.312131 7.842036 1.255562
v 7.035622 7.173456 1.399474
v 7.691354 6.435793 1.529906
v 8.273017 5.636149 1.645606
v 8.775002 4.782226 1.745456
v 9.192482 3.882247 1.828499
v 9.521434 2.944880 1.893931
v 9.758687 1.979153 1.941124
v 9.901960 0.994364 1.969623
v 9.949871 -0.000000 1.979153
v 9.901960 -0.994364 1.969623
v 9.758687 -1.979152 1.941124
v 9.521434 -2.944880 1.893931
v 9.192485 -3.882246 1.828499
v 8.775002 -4.782224 1.745457
v 8.273017 -5.636148 1.645605
v 7.691354 -6.435793 1.529905
v 7.035622 -7.173456 1.399474
v 6.312131 -7.842036 1.255562
v 5.527853 -8.435093 1.099558
v 4.690338 -8.946915 0.932967
v 3.807650 -9.372573 0.757389
v 2.888296 -9.707969 0.574519
v 1.941125 -9.949871 0.386115
v 0.975258 -10.095949 0.193992
v 0.951548 10.095949 0.288650
v 1.893933 9.949870 0.574519
v 2.818075 9.707969 0.854855
v 3.715078 9.372573 1.126957
v 4.576305 8.946916 1.388208
v 5.393460 8.435093 1.636088
v 6.158670 7.842036 1.868213
v 6.864572 7.173456 2.082346
v 7.504360 6.435793 2.276423
v 8.071882 5.636149 2.448579
v 8.561664 4.782226 2.597152
v 8.968993 3.882247 2.720715
v 9.289948 2.944880 2.818075
v 9.521433 1.979153 2.888295
v 9.661222 0.994364 2.930701
v 9.707969 -0.000000 2.944880
v 9.661222 -0.994364 2.930701
v 9.521433 -1.979152 2.888295
v 9.289948 -2.944880 2.818075
v 8.968996 -3.882246 2.720715
v 8.561664 -4.782224 2.597153
v 8.071882 -5.636148 2.448579
v 7.504361 -6.435793 2.276423
v 6.864572 -7.173456 2.082346
v 6.158670 -7.842036 1.868213
v 5.393460 -8.435093 1.636088
v 4.576306 -8.946915 1.388208
v 3.715078 -9.372573 1.126957
v 2.818076 -9.707969 0.854855
v 1.893933 -9.949871 0.574519
v 0.951548 -10.095949 0.288650
v 0.918674 10.095949 0.380528
v 1.828501 9.949870 0.757390
v 2.720715 9.707969 1.126958
v 3.586728 9.372573 1.485672
v 4.418200 8.946916 1.830079
v 5.207125 8.435093 2.156861
v 5.945897 7.842036 2.462872
v 6.627411 7.173456 2.745165
v 7.245097 6.435793 3.001018
v 7.793011 5.636149 3.227971
v 8.265871 4.782226 3.423835
v 8.659129 3.882247 3.586729
v 8.968995 2.944880 3.715079
v 9.192481 1.979153 3.807651
v 9.327441 0.994364 3.863554
v 9.372574 -0.000000 3.882248
v 9.327441 -0.994364 3.863554
v 9.192481 -1.979152 3.807651
v 8.968994 -2.944880 3.715079
v 8.659130 -3.882246 3.586730
v 8.265871 -4.782224 3.423836
v 7.793011 -5.636148 3.227971
v 7.245097 -6.435793 3.001018
v 6.627411 -7.173456 2.745165
v 5.945897 -7.842036 2.462872
v 5.207125 -8.435093 2.156861
v 4.418202 -8.946915 1.830080
v 3.586728 -9.372573 1.485672
v 2.720716 -9.707969 1.126959
v 1.828500 -9.949871 0.757390
v 0.918673 -10.095949 0.380528
v 0.876952 10.095949 0.468741
v 1.745458 9.949870 0.932968
v 2.597153 9.707969 1.388208
v 3.423835 9.372573 1.830079
v 4.217546 8.946916 2.254326
v 4.970641 8.435093 2.656863
v 5.675863 7.842036 3.033813
v 6.326425 7.173456 3.381546
v 6.916058 6.435793 3.696710
v 7.439088 5.636149 3.976277
v 7.890474 4.782226 4.217546
v 8.265871 3.882247 4.418201
v 8.561666 2.944880 4.576305
v 8.775002 1.979153 4.690337
v 8.903833 0.994364 4.759199
v 8.946916 -0.000000 4.782226
v 8.903833 -0.994364 4.759199
v 8.775002 -1.979152 4.690337
v 8.561665 -2.944880 4.576305
v 8.265873 -3.882246 4.418201
v 7.890474 -4.782224 4.217546
v 7.439089 -5.636148 3.976276
v 6.916059 -6.435793 3.696710
v 6.326425 -7.173456 3.381546
v 5.675863 -7.842036 3.033813
v 4.970641 -8.435093 2.656863
v 4.217547 -8.946915 2.254327
v 3.423835 -9.372573 1.830079
v 2.597153 -9.707969 1.388209
v 1.745458 -9.949871 0.932968
v 0.876951 -10.095949 0.468741
v 0.826784 10.095949 0.552440
v 1.645607 9.949870 1.099560
v 2.448579 9.707969 1.636089
v 3.227969 9.372573 2.156861
v 3.976275 8.946916 2.656863
v 4.686288 8.435093 3.131277
v 5.351166 7.842036 3.575536
v 5.964511 7.173456 3.985361
v 6.520414 6.435793 4.356802
v 7.013525 5.636149 4.686288
v 7.439087 4.782226 4.970638
v 7.793009 3.882247 5.207123
v 8.071882 2.944880 5.393459
v 8.273015 1.979153 5.527852
v 8.394476 0.994364 5.609010
v 8.435093 -0.000000 5.636150
v 8.394476 -0.994364 5.609010
v 8.273015 -1.979152 5.527852
v 8.071881 -2.944880 5.393459
v 7.793011 -3.882246 5.207124
v 7.439087 -4.782224 4.970640
v 7.013525 -5.636148 4.686287
v 6.520415 -6.435793 4.356802
v 5.964511 -7.173456 3.985361
v 5.351166 -7.842036 3.575536
v 4.686288 -8.435093 3.131277
v 3.976276 -8.946915 2.656863
v 3.227969 -9.372573 2.156861
v 2.448579 -9.707969 1.636090
v 1.645607 -9.949871 1.099560
v 0.826784 -10.095949 0.552440
v 0.768655 10.095949 0.630819
v 1.529907 9.949870 1.255563
v 2.276424 9.707969 1.868214
v 3.001016 9.372573 2.462871
v 3.696710 8.946916 3.033812
v 4.356804 8.435093 3.575536
v 4.974936 7.842036 4.082825
v 5.545157 7.173456 4.550795
v 6.061975 6.435793 4.974935
v 6.520416 5.636149 5.351168
v 6.916058 4.782226 5.675861
v 7.245096 3.882247 5.945898
v 7.504362 2.944880 6.158670
v 7.691354 1.979153 6.312131
v 7.804275 0.994364 6.404804
v 7.842036 -0.000000 6.435793
v 7.804275 -0.994364 6.404804
v 7.691354 -1.979152 6.312131
v 7.504361 -2.944880 6.158670
v 7.245098 -3.882246 5.945899
v 6.916058 -4.782224 5.675862
v 6.520417 -5.636148 5.351167
v 6.061976 -6.435793 4.974935
v 5.545157 -7.173456 4.550795
v 4.974936 -7.842036 4.082825
v 4.356804 -8.435093 3.575536
v 3.696711 -8.946915 3.033813
v 3.001017 -9.372573 2.462871
v 2.276424 -9.707969 1.868214
v 1.529907 -9.949871 1.255563
v 0.768654 -10.095949 0.630819
v 0.703122 10.095949 0.703123
v 1.399474 9.949870 1.399474
v 2.082345 9.707969 2.082346
v 2.745162 9.372573 2.745163
v 3.381544 8.946916 3.381545
v 3.985361 8.435093 3.985360
v 4.550793 7.842036 4.550794
v 5.072400 7.173456 5.072402
v 5.545156 6.435793 5.545157
v 5.964511 5.636149 5.964513
v 6.326424 4.782226 6.326423
v 6.627408 3.882247 6.627410
v 6.864572 2.944880 6.864571
v 7.035621 1.979153 7.035621
v 7.138914 0.994364 7.138915
v 7.173457 -0.000000 7.173457
v 7.138914 -0.994364 7.138915
v 7.035621 -1.979152 7.035621
v 6.864571 -2.944880 6.864571
v 6.627410 -3.882246 6.627411
v 6.326423 -4.782224 6.326425
v 5.964513 -5.636148 5.964512
v 5.545157 -6.435793 5.545157
v 5.072400 -7.173456 5.072402
v 4.550793 -7.842036 4.550794
v 3.985361 -8.435093 3.985360
v 3.381545 -8.946915 3.381546
v 2.745162 -9.372573 2.745163
v 2.082346 -9.707969 2.082347
v 1.399474 -9.949871 1.399474
v 0.703122 -10.095949 0.703123
v 0.630819 10.095949 0.768655
v 1.255563 9.949870 1.529908
v 1.868213 9.707969 2.276425
v 2.462870 9.372573 3.001017
v 3.033811 8.946916 3.696711
v 3.575536 8.435093 4.356803
v 4.082824 7.842036 4.974936
v 4.550793 7.173456 5.545159
v 4.974934 6.435793 6.061975
v 5.351166 5.636149 6.520416
v 5.675863 4.782226 6.916057
v 5.945896 3.882247 7.245097
v 6.158670 2.944880 7.504362
v 6.312131 1.979153 7.691354
v 6.404802 0.994364 7.804275
v 6.435792 -0.000000 7.842037
v 6.404802 -0.994364 7.804275
v 6.312131 -1.979152 7.691354
v 6.158670 -2.944880 7.504362
v 5.945897 -3.882246 7.245098
v 5.675862 -4.782224 6.916059
v 5.351168 -5.636148 6.520416
v 4.974935 -6.435793 6.061975
v 4.550793 -7.173456 5.545159
v 4.082824 -7.842036 4.974936
v 3.575536 -8.435093 4.356803
v 3.033812 -8.946915 3.696712
v 2.462870 -9.372573 3.001017
v 1.868213 -9.707969 2.276426
v 1.255563 -9.949871 1.529908
v 0.630818 -10.095949 0.768655
v 0.552440 10.095949 0.826785
v 1.099560 9.949870 1.645607
v 1.636088 9.707969 2.448580
v 2.156860 9.372573 3.227970
v 2.656861 8.946916 3.976276
v 3.131278 8.435093 4.686287
v 3.575535 7.842036 5.351167
v 3.985358 7.173456 5.964514
v 4.356801 6.435793 6.520414
v 4.686287 5.636149 7.013525
v 4.970639 4.782226 7.439085
v 5.207120 3.882247 7.793009
v 5.393459 2.944880 8.071881
v 5.527852 1.979153 8.273016
v 5.609009 0.994364 8.394475
v 5.636147 -0.000000 8.435093
v 5.609009 -0.994364 8.394475
v 5.527852 -1.979152 8.273016
v 5.393458 -2.944880 8.071881
v 5.207122 -3.882246 7.793011
v 4.970639 -4.782224 7.439087
v 4.686288 -5.636148 7.013524
v 4.356802 -6.435793 6.520414
v 3.985358 -7.173456 5.964514
v 3.575535 -7.842036 5.351167
v 3.131278 -8.435093 4.686287
v 2.656862 -8.946915 3.976277
v 2.156860 -9.372573 3.227970
v 1.636089 -9.707969 2.448581
v 1.099560 -9.949871 1.645607
v 0.552439 -10.095949 0.826785
v 0.468740 10.095949 0.876952
v 0.932967 9.949870 1.745459
v 1.388207 9.707969 2.597154
v 1.830078 9.372573 3.423835
v 2.254325 8.946916 4.217546
v 2.656863 8.435093 4.970641
v 3.033811 7.842036 5.675864
v 3.381543 7.173456 6.326427
v 3.696709 6.435793 6.916058
v 3.976275 5.636149 7.439089
v 4.217546 4.782226 7.890472
v 4.418199 3.882247 8.265870
v 4.576305 2.944880 8.561664
v 4.690337 1.979153 8.775002
v 4.759197 0.994364 8.903832
v 4.782224 -0.000000 8.946915
v 4.759197 -0.994364 8.903832
v 4.690337 -1.979152 8.775002
v 4.576304 -2.944880 8.561664
v 4.418200 -3.882246 8.265873
v 4.217546 -4.782224 7.890473
v 3.976276 -5.636148 7.439089
v 3.696710 -6.435793 6.916058
v 3.381543 -7.173456 6.326427
v 3.033811 -7.842036 5.675864
v 2.656863 -8.435093 4.970641
v 2.254326 -8.946915 4.217548
v 1.830078 -9.372573 3.423835
v 1.388207 -9.707969 2.597155
v 0.932967 -9.949871 1.745459
v 0.468740 -10.095949 0.876952
v 0.380527 10.095949 0.918674
v 0.757390 9.949870 1.828501
v 1.126957 9.707969 2.720716
v 1.485671 9.372573 3.586728
v 1.830078 8.946916 4.418200
v 2.156862 8.435093 5.207124
v 2.462871 7.842036 5.945898
v 2.745162 7.173456 6.627411
v 3.001016 6.435793 7.245096
v 3.227970 5.636149 7.793011
v 3.423836 4.782226 8.265869
v 3.586727 3.882247 8.659126
v 3.715079 2.944880 8.968993
v 3.807651 1.979153 9.192481
v 3.863552 0.994364 9.327441
v 3.882246 -0.000000 9.372573
v 3.863552 -0.994364 9.327441
v 3.807651 -1.979152 9.192481
v 3.715078 -2.944880 8.968993
v 3.586728 -3.882246 8.659131
v 3.423835 -4.782224 8.265871
v 3.227972 -5.636148 7.793011
v 3.001017 -6.435793 7.245096
v 2.745162 -7.173456 6.627411
v 2.462871 -7.842036 5.945898
v 2.156862 -8.435093 5.207124
v 1.830079 -8.946915 4.418201
v 1.485671 -9.372573 3.586728
v 1.126957 -9.707969 2.720717
v 0.757390 -9.949871 1.828501
v 0.380527 -10.095949 0.918674
v 0.288649 10.095949 0.951549
v 0.574519 9.949870 1.893933
v 0.854854 9.707969 2.818077
v 1.126956 9.372573 3.715077
v 1.388207 8.946916 4.576304
v 1.636089 8.435093 5.393460
v 1.868212 7.842036 6.158670
v 2.082343 7.173456 6.864572
v 2.276422 6.435793 7.504360
v 2.448578 5.636149 8.071881
v 2.597152 4.782226 8.561662
v 2.720713 3.882247 8.968991
v 2.818074 2.944880 9.289947
v 2.888295 1.979153 9.521433
v 2.930698 0.994364 9.661222
v 2.944878 -0.000000 9.707968
v 2.930698 -0.994364 9.661222
v 2.888295 -1.979152 9.521433
v 2.818074 -2.944880 9.289947
v 2.720714 -3.882246 8.968995
v 2.597152 -4.782224 8.561663
v 2.448580 -5.636148 8.071882
v 2.276423 -6.435793 7.504360
v 2.082343 -7.173456 6.864572
v 1.868212 -7.842036 6.158670
v 1.636089 -8.435093 5.393460
v 1.388207 -8.946915 4.576306
v 1.126957 -9.372573 3.715077
v 0.854854 -9.707969 2.818078
v 0.574518 -9.949871 1.893933
v 0.288649 -10.095949 0.951548
v 0.193991 10.095949 0.975259
v 0.386114 9.949870 1.941126
v 0.574517 9.707969 2.888297
v 0.757388 9.372573 3.807649
v 0.932966 8.946916 4.690336
v 1.099559 8.435093 5.527853
v 1.255560 7.842036 6.312131
v 1.399470 7.173456 7.035623
v 1.529904 6.435793 7.691353
v 1.645605 5.636149 8.273016
v 1.745457 4.782226 8.775001
v 1.828497 3.882247 9.192479
v 1.893931 2.944880 9.521434
v 1.941124 1.979153 9.758686
v 1.969621 0.994364 9.901958
v 1.979151 -0.000000 9.949870
v 1.969621 -0.994364 9.901958
v 1.941124 -1.979152 9.758686
v 1.893930 -2.944880 9.521434
v 1.828498 -3.882246 9.192483
v 1.745456 -4.782224 8.775002
v 1.645606 -5.636148 8.273016
v 1.529905 -6.435793 7.691353
v 1.399470 -7.173456 7.035623
v 1.255560 -7.842036 6.312131
v 1.099559 -8.435093 5.527853
v 0.932966 -8.946915 4.690338
v 0.757389 -9.372573 3.807649
v 0.574518 -9.707969 2.888298
v 0.386114 -9.949871 1.941126
v 0.193991 -10.095949 0.975259
v 0.097465 10.095949 0.989578
v 0.193991 9.949870 1.969625
v 0.288648 9.707969 2.930702
v 0.380527 9.372573 3.863551
v 0.468740 8.946916 4.759197
v 0.552440 8.435093 5.609012
v 0.630817 7.842036 6.404804
v 0.703120 7.173456 7.138916
v 0.768653 6.435793 7.804273
v 0.826783 5.636149 8.394476
v 0.876952 4.782226 8.903831
v 0.918672 3.882247 9.327438
v 0.951547 2.944880 9.661222
v 0.975258 1.979153 9.901958
v 0.989575 0.994364 10.047335
v 0.994363 -0.000000 10.095949
v 0.989575 -0.994364 10.047335
v 0.975258 -1.979152 9.901958
v 0.951547 -2.944880 9.661222
v 0.918672 -3.882246 9.327443
v 0.876950 -4.782224 8.903831
v 0.826785 -5.636148 8.394478
v 0.768654 -6.435793 7.804273
v 0.703120 -7.173456 7.138916
v 0.630817 -7.842036 6.404804
v 0.552440 -8.435093 5.609012
v 0.468740 -8.946915 4.759199
v 0.380527 -9.372573 3.863551
v 0.288648 -9.707969 2.930703
v 0.193991 -9.949871 1.969625
v 0.097465 -10.095949 0.989577
v 0.000000 -10.144800 0.000001
v 0.000000 10.095949 0.994366
v 0.000000 9.949870 1.979155
v -0.000000 9.707969 2.944882
v 0.000000 9.372573 3.882245
v -0.000000 8.946916 4.782225
v 0.000001 8.435093 5.636152
v -0.000001 7.842036 6.435793
v -0.000002 7.173456 7.173459
v -0.000001 6.435793 7.842034
v -0.000000 5.636149 8.435094
v 0.000001 4.782226 8.946913
v -0.000001 3.882247 9.372571
v 0.000000 2.944880 9.707968
v 0.000000 1.979153 9.949871
v -0.000001 0.994364 10.095949
v -0.000002 -0.000000 10.144799
v -0.000001 -0.994364 10.095949
v 0.000000 -1.979152 9.949871
v -0.000001 -2.944880 9.707968
v -0.000001 -3.882246 9.372574
v -0.000001 -4.782224 8.946914
v 0.000001 -5.636148 8.435095
v 0.000000 -6.435793 7.842034
v -0.000002 -7.173456 7.173459
v -0.000001 -7.842036 6.435793
v 0.000001 -8.435093 5.636152
v -0.000000 -8.946915 4.782227
v 0.000000 -9.372573 3.882245
v -0.000001 -9.707969 2.944883
v 0.000000 -9.949871 1.979155
v -0.000000 -10.095949 0.994365
v -0.097465 10.095949 0.989578
v -0.193991 9.949870 1.969625
v -0.288649 9.707969 2.930702
v -0.380527 9.372573 3.863551
v -0.468740 8.946916 4.759197
v -0.552439 8.435093 5.609012
v -0.630819 7.842036 6.404803
v -0.703124 7.173456 7.138916
v -0.768654 6.435793 7.804273
v -0.826784 5.636149 8.394476
v -0.876950 4.782226 8.903831
v -0.918673 3.882247 9.327438
v -0.951547 2.944880 9.661222
v -0.975258 1.979153 9.901958
v -0.989577 0.994364 10.047334
v -0.994366 -0.000000 10.095949
v -0.989577 -0.994364 10.047334
v -0.975258 -1.979152 9.901958
v -0.951548 -2.944880 9.661222
v -0.918674 -3.882246 9.327443
v -0.876951 -4.782224 8.903831
v -0.826783 -5.636148 8.394478
v -0.768654 -6.435793 7.804273
v -0.703124 -7.173456 7.138916
v -0.630819 -7.842036 6.404803
v -0.552439 -8.435093 5.609012
v -0.468740 -8.946915 4.759199
v -0.380526 -9.372573 3.863551
v -0.288650 -9.707969 2.930702
v -0.193991 -9.949871 1.969625
v -0.097465 -10.095949 0.989577
v -0.193991 10.095949 0.975259
v -0.386114 9.949870 1.941126
v -0.574518 9.707969 2.888297
v -0.757388 9.372573 3.807649
v -0.932966 8.946916 4.690336
v -1.099558 8.435093 5.527854
v -1.255562 7.842036 6.312131
v -1.399474 7.173456 7.035623
v -1.529906 6.435793 7.691353
v -1.645605 5.636149 8.273016
v -1.745455 4.782226 8.775000
v -1.828498 3.882247 9.192479
v -1.893931 2.944880 9.521434
v -1.941123 1.979153 9.758686
v -1.969623 0.994364 9.901958
v -1.979153 -0.000000 9.949869
v -1.969623 -0.994364 9.901958
v -1.941123 -1.979152 9.758686
v -1.893931 -2.944880 9.521434
v -1.828499 -3.882246 9.192483
v -1.745457 -4.782224 8.775001
v -1.645605 -5.636148 8.273017
v -1.529905 -6.435793 7.691353
v -1.399474 -7.173456 7.035623
v -1.255562 -7.842036 6.312131
v -1.099558 -8.435093 5.527854
v -0.932966 -8.946915 4.690338
v -0.757388 -9.372573 3.807649
v -0.574519 -9.707969 2.888298
v -0.386114 -9.949871 1.941126
v -0.193991 -10.095949 0.975259
v -0.288649 10.095949 0.951549
v -0.574518 9.949870 1.893933
v -0.854855 9.707969 2.818077
v -1.126956 9.372573 3.715077
v -1.388206 8.946916 4.576304
v -1.636087 8.435093 5.393461
v -1.868213 7.842036 6.158670
v -2.082347 7.173456 6.864572
v -2.276423 6.435793 7.504360
v -2.448579 5.636149 8.071881
v -2.597151 4.782226 8.561662
v -2.720714 3.882247 8.968991
v -2.818074 2.944880 9.289947
v -2.888295 1.979153 9.521433
v -2.930701 0.994364 9.661220
v -2.944881 -0.000000 9.707967
v -2.930701 -0.994364 9.661220
v -2.888295 -1.979152 9.521433
v -2.818075 -2.944880 9.289947
v -2.720715 -3.882246 8.968994
v -2.597152 -4.782224 8.561662
v -2.448578 -5.636148 8.071883
v -2.276423 -6.435793 7.504360
v -2.082347 -7.173456 6.864572
v -1.868213 -7.842036 6.158670
v -1.636087 -8.435093 5.393461
v -1.388207 -8.946915 4.576306
v -1.126956 -9.372573 3.715077
v -0.854855 -9.707969 2.818077
v -0.574518 -9.949871 1.893933
v -0.288649 -10.095949 0.951548
v -0.380527 10.095949 0.918674
v -0.757389 9.949870 1.828501
v -1.126958 9.707969 2.720716
v -1.485671 9.372573 3.586727
v -1.830078 8.946916 4.418200
v -2.156861 8.435093 5.207126
v -2.462872 7.842036 5.945897
v -2.745165 7.173456 6.627411
v -3.001017 6.435793 7.245096
v -3.227971 5.636149 7.793010
v -3.423835 4.782226 8.265868
v -3.586728 3.882247 8.659126
v -3.715079 2.944880 8.968993
v -3.807651 1.979153 9.192481
v -3.863553 0.994364 9.327440
v -3.882248 -0.000000 9.372571
v -3.863553 -0.994364 9.327440
v -3.807651 -1.979152 9.192481
v -3.715079 -2.944880 8.968993
v -3.586730 -3.882246 8.659129
v -3.423836 -4.782224 8.265869
v -3.227970 -5.636148 7.793012
v -3.001017 -6.435793 7.245096
v -2.745165 -7.173456 6.627411
v -2.462872 -7.842036 5.945897
v -2.156861 -8.435093 5.207126
v -1.830079 -8.946915 4.418201
v -1.485670 -9.372573 3.586727
v -1.126958 -9.707969 2.720717
v -0.757389 -9.949871 1.828501
v -0.380527 -10.095949 0.918674
v -0.468740 10.095949 0.876952
v -0.932967 9.949870 1.745459
v -1.388208 9.707969 2.597154
v -1.830077 9.372573 3.423835
v -2.254325 8.946916 4.217546
v -2.656862 8.435093 4.970643
v -3.033812 7.842036 5.675862
v -3.381546 7.173456 6.326425
v -3.696710 6.435793 6.916057
v -3.976276 5.636149 7.439089
v -4.217544 4.782226 7.890471
v -4.418200 3.882247 8.265869
v -4.576305 2.944880 8.561664
v -4.690336 1.979153 8.775002
v -4.759199 0.994364 8.903831
v -4.782226 -0.000000 8.946914
v -4.759199 -0.994364 8.903831
v -4.690336 -1.979152 8.775002
v -4.576306 -2.944880 8.561664
v -4.418202 -3.882246 8.265872
v -4.217546 -4.782224 7.890472
v -3.976275 -5.636148 7.439089
v -3.696709 -6.435793 6.916058
v -3.381546 -7.173456 6.326425
v -3.033812 -7.842036 5.675862
v -2.656862 -8.435093 4.970643
v -2.254326 -8.946915 4.217547
v -1.830077 -9.372573 3.423835
v -1.388209 -9.707969 2.597155
v -0.932967 -9.949871 1.745459
v -0.468740 -10.095949 0.876952
v -0.552439 10.095949 0.826785
v -1.099559 9.949870 1.645608
v -1.636089 9.707969 2.448580
v -2.156859 9.372573 3.227969
v -2.656861 8.946916 3.976274
v -3.131277 8.435093 4.686290
v -3.575536 7.842036 5.351166
v -3.985362 7.173456 5.964511
v -4.356802 6.435793 6.520414
v -4.686288 5.636149 7.013525
v -4.970637 4.782226 7.439085
v -5.207122 3.882247 7.793008
v -5.393459 2.944880 8.071880
v -5.527852 1.979153 8.273015
v -5.609010 0.994364 8.394474
v -5.636150 -0.000000 8.435091
v -5.609010 -0.994364 8.394474
v -5.527852 -1.979152 8.273015
v -5.393459 -2.944880 8.071880
v -5.207125 -3.882246 7.793010
v -4.970639 -4.782224 7.439085
v -4.686287 -5.636148 7.013525
v -4.356801 -6.435793 6.520414
v -3.985362 -7.173456 5.964511
v -3.575536 -7.842036 5.351166
v -3.131277 -8.435093 4.686290
v -2.656862 -8.946915 3.976276
v -2.156859 -9.372573 3.227969
v -1.636090 -9.707969 2.448581
v -1.099559 -9.949871 1.645607
v -0.552439 -10.095949 0.826785
v -0.630818 10.095949 0.768655
v -1.255562 9.949870 1.529908
v -1.868214 9.707969 2.276425
v -2.462870 9.372573 3.001016
v -3.033811 8.946916 3.696710
v -3.575536 8.435093 4.356805
v -4.082824 7.842036 4.974935
v -4.550795 7.173456 5.545157
v -4.974934 6.435793 6.061975
v -5.351168 5.636149 6.520416
v -5.675860 4.782226 6.916057
v -5.945897 3.882247 7.245095
v -6.158670 2.944880 7.504361
v -6.312131 1.979153 7.691353
v -6.404803 0.994364 7.804273
v -6.435793 -0.000000 7.842034
v -6.404803 -0.994364 7.804273
v -6.312131 -1.979152 7.691353
v -6.158671 -2.944880 7.504361
v -5.945900 -3.882246 7.245097
v -5.675862 -4.782224 6.916057
v -5.351167 -5.636148 6.520418
v -4.974934 -6.435793 6.061975
v -4.550795 -7.173456 5.545157
v -4.082824 -7.842036 4.974935
v -3.575536 -8.435093 4.356805
v -3.033812 -8.946915 3.696712
v -2.462869 -9.372573 3.001016
v -1.868214 -9.707969 2.276425
v -1.255562 -9.949871 1.529908
v -0.630818 -10.095949 0.768655
v -0.703122 10.095949 0.703123
v -1.399473 9.949870 1.399475
v -2.082346 9.707969 2.082346
v -2.745161 9.372573 2.745162
v -3.381544 8.946916 3.381544
v -3.985360 8.435093 3.985363
v -4.550793 7.842036 4.550793
v -5.072402 7.173456 5.072400
v -5.545156 6.435793 5.545156
v -5.964513 5.636149 5.964512
v -6.326422 4.782226 6.326422
v -6.627409 3.882247 6.627409
v -6.864572 2.944880 6.864570
v -7.035621 1.979153 7.035621
v -7.138915 0.994364 7.138914
v -7.173457 -0.000000 7.173455
v -7.138915 -0.994364 7.138914
v -7.035621 -1.979152 7.035621
v -6.864572 -2.944880 6.864570
v -6.627412 -3.882246 6.627409
v -6.326423 -4.782224 6.326423
v -5.964512 -5.636148 5.964514
v -5.545156 -6.435793 5.545156
v -5.072402 -7.173456 5.072400
v -4.550793 -7.842036 4.550793
v -3.985360 -8.435093 3.985363
v -3.381545 -8.946915 3.381545
v -2.745161 -9.372573 2.745162
v -2.082347 -9.707969 2.082347
v -1.399473 -9.949871 1.399474
v -0.703122 -10.095949 0.703123
v -0.768654 10.095949 0.630819
v -1.529907 9.949870 1.255563
v -2.276425 9.707969 1.868213
v -3.001015 9.372573 2.462870
v -3.696710 8.946916 3.033812
v -4.356803 8.435093 3.575538
v -4.974936 7.842036 4.082824
v -5.545159 7.173456 4.550793
v -6.061975 6.435793 4.974934
v -6.520417 5.636149 5.351167
v -6.916056 4.782226 5.675861
v -7.245095 3.882247 5.945896
v -7.504362 2.944880 6.158670
v -7.691354 1.979153 6.312131
v -7.804276 0.994364 6.404802
v -7.842037 -0.000000 6.435791
v -7.804276 -0.994364 6.404802
v -7.691354 -1.979152 6.312131
v -7.504363 -2.944880 6.158670
v -7.245099 -3.882246 5.945896
v -6.916057 -4.782224 5.675861
v -6.520416 -5.636148 5.351168
v -6.061975 -6.435793 4.974935
v -5.545159 -7.173456 4.550793
v -4.974936 -7.842036 4.082824
v -4.356803 -8.435093 3.575538
v -3.696711 -8.946915 3.033813
v -3.001015 -9.372573 2.462870
v -2.276425 -9.707969 1.868214
v -1.529907 -9.949871 1.255563
v -0.768654 -10.095949 0.630819
v -0.826784 10.095949 0.552440
v -1.645606 9.949870 1.099560
v -2.448580 9.707969 1.636089
v -3.227968 9.372573 2.156860
v -3.976274 8.946916 2.656862
v -4.686288 8.435093 3.131279
v -5.351167 7.842036 3.575535
v -5.964514 7.173456 3.985359
v -6.520414 6.435793 4.356801
v -7.013525 5.636149 4.686287
v -7.439085 4.782226 4.970638
v -7.793008 3.882247 5.207121
v -8.071882 2.944880 5.393458
v -8.273015 1.979153 5.527852
v -8.394476 0.994364 5.609008
v -8.435093 -0.000000 5.636147
v -8.394476 -0.994364 5.609008
v -8.273015 -1.979152 5.527852
v -8.071882 -2.944880 5.393458
v -7.793011 -3.882246 5.207121
v -7.439087 -4.782224 4.970638
v -7.013525 -5.636148 4.686289
v -6.520414 -6.435793 4.356802
v -5.964514 -7.173456 3.985359
v -5.351167 -7.842036 3.575535
v -4.686288 -8.435093 3.131279
v -3.976276 -8.946915 2.656863
v -3.227968 -9.372573 2.156860
v -2.448580 -9.707969 1.636089
v -1.645606 -9.949871 1.099560
v -0.826784 -10.095949 0.552440
v -0.876951 10.095949 0.468741
v -1.745458 9.949870 0.932968
v -2.597154 9.707969 1.388208
v -3.423834 9.372573 1.830078
v -4.217546 8.946916 2.254325
v -4.970642 8.435093 2.656865
v -5.675863 7.842036 3.033812
v -6.326427 7.173456 3.381544
v -6.916057 6.435793 3.696709
v -7.439089 5.636149 3.976277
v -7.890471 4.782226 4.217546
v -8.265869 3.882247 4.418200
v -8.561665 2.944880 4.576304
v -8.775002 1.979153 4.690337
v -8.903833 0.994364 4.759197
v -8.946916 -0.000000 4.782223
v -8.903833 -0.994364 4.759197
v -8.775002 -1.979152 4.690337
v -8.561666 -2.944880 4.576304
v -8.265872 -3.882246 4.418200
v -7.890473 -4.782224 4.217546
v -7.439088 -5.636148 3.976278
v -6.916057 -6.435793 3.696710
v -6.326427 -7.173456 3.381544
v -5.675863 -7.842036 3.033812
v -4.970642 -8.435093 2.656865
v -4.217547 -8.946915 2.254326
v -3.423834 -9.372573 1.830078
v -2.597154 -9.707969 1.388208
v -1.745458 -9.949871 0.932968
v -0.876951 -10.095949 0.468741
v -0.918673 10.095949 0.380528
v -1.828500 9.949870 0.757391
v -2.720716 9.707969 1.126958
v -3.586726 9.372573 1.485671
v -4.418199 8.946916 1.830078
v -5.207125 8.435093 2.156864
v -5.945898 7.842036 2.462871
v -6.627412 7.173456 2.745162
v -7.245095 6.435793 3.001016
v -7.793012 5.636149 3.227971
v -8.265869 4.782226 3.423835
v -8.659126 3.882247 3.586728
v -8.968993 2.944880 3.715078
v -9.192482 1.979153 3.807651
v -9.327442 0.994364 3.863551
v -9.372573 -0.000000 3.882244
v -9.327442 -0.994364 3.863551
v -9.192482 -1.979152 3.807651
v -8.968994 -2.944880 3.715078
v -8.659129 -3.882246 3.586728
v -8.265870 -4.782224 3.423835
v -7.793011 -5.636148 3.227973
v -7.245095 -6.435793 3.001017
v -6.627412 -7.173456 2.745162
v -5.945898 -7.842036 2.462871
v -5.207125 -8.435093 2.156864
v -4.418201 -8.946915 1.830079
v -3.586726 -9.372573 1.485671
v -2.720716 -9.707969 1.126958
v -1.828500 -9.949871 0.757390
v -0.918673 -10.095949 0.380528
v -0.951548 10.095949 0.288650
v -1.893932 9.949870 0.574520
v -2.818077 9.707969 0.854854
v -3.715075 9.372573 1.126956
v -4.576303 8.946916 1.388207
v -5.393461 8.435093 1.636090
v -6.158670 7.842036 1.868212
v -6.864572 7.173456 2.082343
v -7.504360 6.435793 2.276422
v -8.071882 5.636149 2.448579
v -8.561661 4.782226 2.597152
v -8.968990 3.882247 2.720714
v -9.289947 2.944880 2.818074
v -9.521434 1.979153 2.888295
v -9.661222 0.994364 2.930698
v -9.707969 -0.000000 2.944877
v -9.661222 -0.994364 2.930698
v -9.521434 -1.979152 2.888295
v -9.289948 -2.944880 2.818074
v -8.968993 -3.882246 2.720713
v -8.561663 -4.782224 2.597152
v -8.071882 -5.636148 2.448581
v -7.504360 -6.435793 2.276423
v -6.864572 -7.173456 2.082343
v -6.158670 -7.842036 1.868212
v -5.393461 -8.435093 1.636090
v -4.576305 -8.946915 1.388208
v -3.715075 -9.372573 1.126956
v -2.818077 -9.707969 0.854855
v -1.893932 -9.949871 0.574519
v -0.951548 -10.095949 0.288650
v -0.975258 10.095949 0.193992
v -1.941125 9.949870 0.386115
v -2.888297 9.707969 0.574518
v -3.807647 9.372573 0.757389
v -4.690335 8.946916 0.932966
v -5.527855 8.435093 1.099560
v -6.312131 7.842036 1.255561
v -7.035623 7.173456 1.399471
v -7.691351 6.435793 1.529905
v -8.273017 5.636149 1.645606
v -8.775001 4.782226 1.745456
v -9.192479 3.882247 1.828498
v -9.521433 2.944880 1.893930
v -9.758688 1.979153 1.941124
v -9.901960 0.994364 1.969621
v -9.949869 -0.000000 1.979149
v -9.901960 -0.994364 1.969621
v -9.758688 -1.979152 1.941124
v -9.521434 -2.944880 1.893930
v -9.192481 -3.882246 1.828497
v -8.775002 -4.782224 1.745456
v -8.273017 -5.636148 1.645607
v -7.691351 -6.435793 1.529905
v -7.035623 -7.173456 1.399471
v -6.312131 -7.842036 1.255561
v -5.527855 -8.435093 1.099560
v -4.690337 -8.946915 0.932967
v -3.807647 -9.372573 0.757389
v -2.888297 -9.707969 0.574519
v -1.941125 -9.949871 0.386115
v -0.975258 -10.095949 0.193992
v -0.000001 10.144800 0.000001
v -0.989577 10.095949 0.097466
v -1.969624 9.949870 0.193992
v -2.930702 9.707969 0.288649
v -3.863549 9.372573 0.380527
v -4.759197 8.946916 0.468740
v -5.609013 8.435093 0.552441
v -6.404803 7.842036 0.630818
v -7.138917 7.173456 0.703120
v -7.804273 6.435793 0.768654
v -8.394477 5.636149 0.826785
v -8.903830 4.782226 0.876951
v -9.327438 3.882247 0.918673
v -9.661222 2.944880 0.951546
v -9.901960 1.979153 0.975258
v -10.047336 0.994364 0.989575
v -10.095949 -0.000000 0.994362
v -10.047336 -0.994364 0.989575
v -9.901960 -1.979152 0.975258
v -9.661222 -2.944880 0.951546
v -9.327441 -3.882246 0.918672
v -8.903831 -4.782224 0.876951
v -8.394477 -5.636148 0.826786
v -7.804273 -6.435793 0.768654
v -7.138917 -7.173456 0.703120
v -6.404803 -7.842036 0.630818
v -5.609013 -8.435093 0.552441
v -4.759199 -8.946915 0.468741
v -3.863549 -9.372573 0.380527
v -2.930702 -9.707969 0.288649
v -1.969623 -9.949871 0.193992
v -0.989576 -10.095949 0.097466
v -0.994365 10.095949 0.000001
v -1.979154 9.949870 0.000001
v -2.944882 9.707969 0.000000
v -3.882244 9.372573 0.000000
v -4.782224 8.946916 0.000000
v -5.636153 8.435093 0.000002
v -6.435793 7.842036 -0.000000
v -7.173459 7.173456 -0.000001
v -7.842034 6.435793 -0.000000
v -8.435095 5.636149 0.000001
v -8.946911 4.782226 0.000000
v -9.372570 3.882247 0.000001
v -9.707969 2.944880 -0.000001
v -9.949873 1.979153 0.000000
v -10.095949 0.994364 -0.000001
v -10.144798 -0.000000 -0.000003
v -10.095949 -0.994364 -0.000001
v -9.949873 -1.979152 0.000000
v -9.707969 -2.944880 -0.000001
v -9.372573 -3.882246 -0.000001
v -8.946912 -4.782224 -0.000000
v -8.435096 -5.636148 0.000002
v -7.842034 -6.435793 0.000000
v -7.173459 -7.173456 -0.000001
v -6.435793 -7.842036 -0.000000
v -5.636153 -8.435093 0.000002
v -4.782226 -8.946915 0.000001
v -3.882244 -9.372573 0.000001
v -2.944882 -9.707969 0.000001
v -1.979154 -9.949871 0.000001
v -0.994365 -10.095949 0.000001
v -0.989577 10.095949 -0.097464
v -1.969624 9.949870 -0.193990
v -2.930702 9.707969 -0.288649
v -3.863549 9.372573 -0.380526
v -4.759197 8.946916 -0.468740
v -5.609013 8.435093 -0.552438
v -6.404802 7.842036 -0.630818
v -7.138917 7.173456 -0.703123
v -7.804273 6.435793 -0.768654
v -8.394477 5.636149 -0.826783
v -8.903830 4.782226 -0.876951
v -9.327438 3.882247 -0.918672
v -9.661222 2.944880 -0.951548
v -9.901960 1.979153 -0.975258
v -10.047335 0.994364 -0.989578
v -10.095948 -0.000000 -0.994367
v -10.047335 -0.994364 -0.989578
v -9.901960 -1.979152 -0.975258
v -9.661222 -2.944880 -0.951548
v -9.327441 -3.882246 -0.918674
v -8.903831 -4.782224 -0.876951
v -8.394478 -5.636148 -0.826782
v -7.804273 -6.435793 -0.768653
v -7.138917 -7.173456 -0.703123
v -6.404802 -7.842036 -0.630818
v -5.609013 -8.435093 -0.552438
v -4.759199 -8.946915 -0.468740
v -3.863549 -9.372573 -0.380526
v -2.930702 -9.707969 -0.288648
v -1.969623 -9.949871 -0.193990
v -0.989576 -10.095949 -0.097464
v -0.975258 10.095949 -0.193990
v -1.941125 9.949870 -0.386112
v -2.888297 9.707969 -0.574518
v -3.807647 9.372573 -0.757388
v -4.690335 8.946916 -0.932965
v -5.527855 8.435093 -1.099557
v -6.312130 7.842036 -1.255561
v -7.035623 7.173456 -1.399474
v -7.691352 6.435793 -1.529905
v -8.273017 5.636149 -1.645605
v -8.774999 4.782226 -1.745456
v -9.192479 3.882247 -1.828497
v -9.521433 2.944880 -1.893931
v -9.758688 1.979153 -1.941124
v -9.901958 0.994364 -1.969623
v -9.949868 -0.000000 -1.979154
v -9.901958 -0.994364 -1.969623
v -9.758688 -1.979152 -1.941124
v -9.521434 -2.944880 -1.893931
v -9.192481 -3.882246 -1.828499
v -8.775001 -4.782224 -1.745456
v -8.273018 -5.636148 -1.645604
v -7.691353 -6.435793 -1.529904
v -7.035623 -7.173456 -1.399474
v -6.312130 -7.842036 -1.255561
v -5.527855 -8.435093 -1.099557
v -4.690337 -8.946915 -0.932966
v -3.807647 -9.372573 -0.757388
v -2.888297 -9.707969 -0.574518
v -1.941124 -9.949871 -0.386113
v -0.975258 -10.095949 -0.193990
v -0.951548 10.095949 -0.288648
v -1.893932 9.949870 -0.574517
v -2.818077 9.707969 -0.854854
v -3.715075 9.372573 -1.126955
v -4.576303 8.946916 -1.388206
v -5.393462 8.435093 -1.636087
v -6.158669 7.842036 -1.868212
v -6.864572 7.173456 -2.082346
v -7.504360 6.435793 -2.276423
v -8.071882 5.636149 -2.448578
v -8.561660 4.782226 -2.597151
v -8.968990 3.882247 -2.720712
v -9.289947 2.944880 -2.818075
v -9.521434 1.979153 -2.888295
v -9.661221 0.994364 -2.930701
v -9.707966 -0.000000 -2.944882
v -9.661221 -0.994364 -2.930701
v -9.521434 -1.979152 -2.888295
v -9.289948 -2.944880 -2.818075
v -8.968993 -3.882246 -2.720715
v -8.561661 -4.782224 -2.597152
v -8.071884 -5.636148 -2.448577
v -7.504360 -6.435793 -2.276422
v -6.864572 -7.173456 -2.082346
v -6.158669 -7.842036 -1.868212
v -5.393462 -8.435093 -1.636087
v -4.576305 -8.946915 -1.388206
v -3.715075 -9.372573 -1.126955
v -2.818077 -9.707969 -0.854854
v -1.893932 -9.949871 -0.574517
v -0.951548 -10.095949 -0.288648
v -0.918673 10.095949 -0.380526
v -1.828500 9.949870 -0.757388
v -2.720716 9.707969 -1.126957
v -3.586726 9.372573 -1.485670
v -4.418199 8.946916 -1.830077
v -5.207127 8.435093 -2.156861
v -5.945897 7.842036 -2.462871
v -6.627411 7.173456 -2.745165
v -7.245095 6.435793 -3.001017
v -7.793012 5.636149 -3.227970
v -8.265867 4.782226 -3.423835
v -8.659125 3.882247 -3.586726
v -8.968993 2.944880 -3.715080
v -9.192482 1.979153 -3.807651
v -9.327440 0.994364 -3.863554
v -9.372571 -0.000000 -3.882248
v -9.327440 -0.994364 -3.863554
v -9.192482 -1.979152 -3.807651
v -8.968994 -2.944880 -3.715080
v -8.659129 -3.882246 -3.586729
v -8.265869 -4.782224 -3.423835
v -7.793013 -5.636148 -3.227969
v -7.245096 -6.435793 -3.001016
v -6.627411 -7.173456 -2.745165
v -5.945897 -7.842036 -2.462871
v -5.207127 -8.435093 -2.156861
v -4.418201 -8.946915 -1.830078
v -3.586726 -9.372573 -1.485670
v -2.720716 -9.707969 -1.126957
v -1.828499 -9.949871 -0.757388
v -0.918673 -10.095949 -0.380526
v -0.876951 10.095949 -0.468739
v -1.745458 9.949870 -0.932965
v -2.597154 9.707969 -1.388208
v -3.423834 9.372573 -1.830076
v -4.217545 8.946916 -2.254324
v -4.970644 8.435093 -2.656862
v -5.675863 7.842036 -3.033812
v -6.326426 7.173456 -3.381546
v -6.916057 6.435793 -3.696709
v -7.439090 5.636149 -3.976276
v -7.890471 4.782226 -4.217544
v -8.265869 3.882247 -4.418197
v -8.561665 2.944880 -4.576306
v -8.775002 1.979153 -4.690337
v -8.903831 0.994364 -4.759198
v -8.946912 -0.000000 -4.782227
v -8.903831 -0.994364 -4.759198
v -8.775002 -1.979152 -4.690337
v -8.561665 -2.944880 -4.576306
v -8.265871 -3.882246 -4.418201
v -7.890471 -4.782224 -4.217546
v -7.439091 -5.636148 -3.976274
v -6.916057 -6.435793 -3.696709
v -6.326426 -7.173456 -3.381546
v -5.675863 -7.842036 -3.033812
v -4.970644 -8.435093 -2.656862
v -4.217547 -8.946915 -2.254325
v -3.423834 -9.372573 -1.830076
v -2.597154 -9.707969 -1.388208
v -1.745457 -9.949871 -0.932965
v -0.876951 -10.095949 -0.468740
v -0.826784 10.095949 -0.552439
v -1.645606 9.949870 -1.099558
v -2.448580 9.707969 -1.636089
v -3.227968 9.372573 -2.156859
v -3.976274 8.946916 -2.656861
v -4.686291 8.435093 -3.131277
v -5.351166 7.842036 -3.575535
v -5.964512 7.173456 -3.985361
v -6.520414 6.435793 -4.356801
v -7.013525 5.636149 -4.686287
v -7.439084 4.782226 -4.970637
v -7.793008 3.882247 -5.207119
v -8.071880 2.944880 -5.393460
v -8.273015 1.979153 -5.527852
v -8.394474 0.994364 -5.609009
v -8.435090 -0.000000 -5.636150
v -8.394474 -0.994364 -5.609009
v -8.273015 -1.979152 -5.527852
v -8.071881 -2.944880 -5.393460
v -7.793009 -3.882246 -5.207123
v -7.439085 -4.782224 -4.970638
v -7.013527 -5.636148 -4.686286
v -6.520414 -6.435793 -4.356800
v -5.964512 -7.173456 -3.985361
v -5.351166 -7.842036 -3.575535
v -4.686291 -8.435093 -3.131277
v -3.976276 -8.946915 -2.656862
v -3.227968 -9.372573 -2.156858
v -2.448580 -9.707969 -1.636089
v -1.645606 -9.949871 -1.099558
v -0.826784 -10.095949 -0.552439
v -0.768654 10.095949 -0.630817
v -1.529907 9.949870 -1.255560
v -2.276424 9.707969 -1.868213
v -3.001015 9.372573 -2.462869
v -3.696709 8.946916 -3.033810
v -4.356806 8.435093 -3.575536
v -4.974935 7.842036 -4.082823
v -5.545157 7.173456 -4.550795
v -6.061974 6.435793 -4.974934
v -6.520418 5.636149 -5.351167
v -6.916055 4.782226 -5.675859
v -7.245095 3.882247 -5.945894
v -7.504360 2.944880 -6.158671
v -7.691354 1.979153 -6.312131
v -7.804273 0.994364 -6.404803
v -7.842034 -0.000000 -6.435793
v -7.804273 -0.994364 -6.404803
v -7.691354 -1.979152 -6.312131
v -7.504361 -2.944880 -6.158671
v -7.245096 -3.882246 -5.945898
v -6.916056 -4.782224 -5.675861
v -6.520419 -5.636148 -5.351166
v -6.061975 -6.435793 -4.974933
v -5.545157 -7.173456 -4.550795
v -4.974935 -7.842036 -4.082823
v -4.356806 -8.435093 -3.575536
v -3.696711 -8.946915 -3.033812
v -3.001015 -9.372573 -2.462869
v -2.276425 -9.707969 -1.868213
v -1.529906 -9.949871 -1.255560
v -0.768654 -10.095949 -0.630817
v -0.703122 10.095949 -0.703121
v -1.399473 9.949870 -1.399472
v -2.082345 9.707969 -2.082346
v -2.745161 9.372573 -2.745160
v -3.381543 8.946916 -3.381542
v -3.985363 8.435093 -3.985360
v -4.550793 7.842036 -4.550793
v -5.072401 7.173456 -5.072402
v -5.545155 6.435793 -5.545155
v -5.964514 5.636149 -5.964512
v -6.326421 4.782226 -6.326420
v -6.627408 3.882247 -6.627406
v -6.864570 2.944880 -6.864572
v -7.035621 1.979153 -7.035621
v -7.138914 0.994364 -7.138915
v -7.173453 -0.000000 -7.173456
v -7.138914 -0.994364 -7.138915
v -7.035621 -1.979152 -7.035621
v -6.864571 -2.944880 -6.864572
v -6.627408 -3.882246 -6.627410
v -6.326422 -4.782224 -6.326422
v -5.964515 -5.636148 -5.964512
v -5.545156 -6.435793 -5.545155
v -5.072401 -7.173456 -5.072402
v -4.550793 -7.842036 -4.550793
v -3.985363 -8.435093 -3.985360
v -3.381545 -8.946915 -3.381544
v -2.745161 -9.372573 -2.745160
v -2.082346 -9.707969 -2.082346
v -1.399473 -9.949871 -1.399471
v -0.703122 -10.095949 -0.703121
v -0.630818 10.095949 -0.768653
v -1.255562 9.949870 -1.529905
v -1.868213 9.707969 -2.276424
v -2.462869 9.372573 -3.001014
v -3.033810 8.946916 -3.696708
v -3.575539 8.435093 -4.356803
v -4.082824 7.842036 -4.974935
v -4.550793 7.173456 -5.545159
v -4.974934 6.435793 -6.061974
v -5.351168 5.636149 -6.520416
v -5.675859 4.782226 -6.916054
v -5.945896 3.882247 -7.245093
v -6.158669 2.944880 -7.504362
v -6.312131 1.979153 -7.691354
v -6.404802 0.994364 -7.804275
v -6.435790 -0.000000 -7.842035
v -6.404802 -0.994364 -7.804275
v -6.312131 -1.979152 -7.691354
v -6.158670 -2.944880 -7.504362
v -5.945896 -3.882246 -7.245097
v -5.675860 -4.782224 -6.916057
v -5.351169 -5.636148 -6.520416
v -4.974934 -6.435793 -6.061974
v -4.550793 -7.173456 -5.545159
v -4.082824 -7.842036 -4.974935
v -3.575539 -8.435093 -4.356803
v -3.033813 -8.946915 -3.696710
v -2.462869 -9.372573 -3.001014
v -1.868213 -9.707969 -2.276424
v -1.255561 -9.949871 -1.529905
v -0.630818 -10.095949 -0.768653
v -0.552439 10.095949 -0.826783
v -1.099559 9.949870 -1.645605
v -1.636088 9.707969 -2.448579
v -2.156859 9.372573 -3.227968
v -2.656861 8.946916 -3.976273
v -3.131280 8.435093 -4.686288
v -3.575535 7.842036 -5.351166
v -3.985359 7.173456 -5.964514
v -4.356801 6.435793 -6.520412
v -4.686288 5.636149 -7.013524
v -4.970636 4.782226 -7.439084
v -5.207121 3.882247 -7.793005
v -5.393457 2.944880 -8.071882
v -5.527852 1.979153 -8.273016
v -5.609008 0.994364 -8.394475
v -5.636146 -0.000000 -8.435091
v -5.609008 -0.994364 -8.394475
v -5.527852 -1.979152 -8.273016
v -5.393458 -2.944880 -8.071882
v -5.207120 -3.882246 -7.793009
v -4.970637 -4.782224 -7.439085
v -4.686290 -5.636148 -7.013524
v -4.356801 -6.435793 -6.520412
v -3.985359 -7.173456 -5.964514
v -3.575535 -7.842036 -5.351166
v -3.131280 -8.435093 -4.686288
v -2.656863 -8.946915 -3.976275
v -2.156859 -9.372573 -3.227967
v -1.636088 -9.707969 -2.448580
v -1.099559 -9.949871 -1.645604
v -0.552439 -10.095949 -0.826783
v -0.468740 10.095949 -0.876950
v -0.932967 9.949870 -1.745456
v -1.388207 9.707969 -2.597154
v -1.830077 9.372573 -3.423833
v -2.254325 8.946916 -4.217544
v -2.656866 8.435093 -4.970642
v -3.033811 7.842036 -5.675862
v -3.381544 7.173456 -6.326427
v -3.696709 6.435793 -6.916056
v -3.976277 5.636149 -7.439089
v -4.217544 4.782226 -7.890470
v -4.418200 3.882247 -8.265866
v -4.576303 2.944880 -8.561665
v -4.690337 1.979153 -8.775002
v -4.759196 0.994364 -8.903832
v -4.782222 -0.000000 -8.946913
v -4.759196 -0.994364 -8.903832
v -4.690337 -1.979152 -8.775002
v -4.576304 -2.944880 -8.561665
v -4.418199 -3.882246 -8.265870
v -4.217544 -4.782224 -7.890471
v -3.976279 -5.636148 -7.439089
v -3.696710 -6.435793 -6.916056
v -3.381544 -7.173456 -6.326427
v -3.033811 -7.842036 -5.675862
v -2.656866 -8.435093 -4.970642
v -2.254326 -8.946915 -4.217546
v -1.830077 -9.372573 -3.423833
v -1.388207 -9.707969 -2.597154
v -0.932966 -9.949871 -1.745456
v -0.468740 -10.095949 -0.876950
v -0.380527 10.095949 -0.918672
v -0.757389 9.949870 -1.828498
v -1.126957 9.707969 -2.720716
v -1.485670 9.372573 -3.586725
v -1.830078 8.946916 -4.418197
v -2.156864 8.435093 -5.207125
v -2.462870 7.842036 -5.945898
v -2.745162 7.173456 -6.627411
v -3.001016 6.435793 -7.245094
v -3.227972 5.636149 -7.793011
v -3.423834 4.782226 -8.265867
v -3.586728 3.882247 -8.659123
v -3.715078 2.944880 -8.968994
v -3.807651 1.979153 -9.192481
v -3.863551 0.994364 -9.327440
v -3.882244 -0.000000 -9.372571
v -3.863551 -0.994364 -9.327440
v -3.807651 -1.979152 -9.192481
v -3.715078 -2.944880 -8.968994
v -3.586727 -3.882246 -8.659126
v -3.423834 -4.782224 -8.265868
v -3.227973 -5.636148 -7.793011
v -3.001017 -6.435793 -7.245094
v -2.745162 -7.173456 -6.627411
v -2.462870 -7.842036 -5.945898
v -2.156864 -8.435093 -5.207125
v -1.830079 -8.946915 -4.418200
v -1.485670 -9.372573 -3.586725
v -1.126957 -9.707969 -2.720716
v -0.757389 -9.949871 -1.828498
v -0.380527 -10.095949 -0.918672
v -0.288649 10.095949 -0.951547
v -0.574518 9.949870 -1.893931
v -0.854853 9.707969 -2.818076
v -1.126955 9.372573 -3.715075
v -1.388206 8.946916 -4.576302
v -1.636091 8.435093 -5.393460
v -1.868211 7.842036 -6.158670
v -2.082344 7.173456 -6.864572
v -2.276422 6.435793 -7.504357
v -2.448580 5.636149 -8.071882
v -2.597150 4.782226 -8.561659
v -2.720714 3.882247 -8.968987
v -2.818073 2.944880 -9.289948
v -2.888295 1.979153 -9.521433
v -2.930697 0.994364 -9.661220
v -2.944877 -0.000000 -9.707966
v -2.930697 -0.994364 -9.661220
v -2.888295 -1.979152 -9.521433
v -2.818074 -2.944880 -9.289948
v -2.720713 -3.882246 -8.968991
v -2.597151 -4.782224 -8.561662
v -2.448581 -5.636148 -8.071882
v -2.276423 -6.435793 -7.504358
v -2.082344 -7.173456 -6.864572
v -1.868211 -7.842036 -6.158670
v -1.636091 -8.435093 -5.393460
v -1.388207 -8.946915 -4.576304
v -1.126955 -9.372573 -3.715075
v -0.854853 -9.707969 -2.818076
v -0.574518 -9.949871 -1.893930
v -0.288649 -10.095949 -0.951547
v -0.193991 10.095949 -0.975257
v -0.386114 9.949870 -1.941124
v -0.574517 9.707969 -2.888296
v -0.757387 9.372573 -3.807647
v -0.932965 8.946916 -4.690333
v -1.099561 8.435093 -5.527854
v -1.255560 7.842036 -6.312131
v -1.399470 7.173456 -7.035623
v -1.529904 6.435793 -7.691350
v -1.645606 5.636149 -8.273016
v -1.745455 4.782226 -8.774998
v -1.828499 3.882247 -9.192476
v -1.893929 2.944880 -9.521434
v -1.941123 1.979153 -9.758686
v -1.969620 0.994364 -9.901958
v -1.979149 -0.000000 -9.949867
v -1.969620 -0.994364 -9.901958
v -1.941123 -1.979152 -9.758686
v -1.893930 -2.944880 -9.521434
v -1.828497 -3.882246 -9.192479
v -1.745455 -4.782224 -8.775000
v -1.645607 -5.636148 -8.273016
v -1.529905 -6.435793 -7.691350
v -1.399470 -7.173456 -7.035623
v -1.255560 -7.842036 -6.312131
v -1.099561 -8.435093 -5.527854
v -0.932966 -8.946915 -4.690336
v -0.757388 -9.372573 -3.807647
v -0.574517 -9.707969 -2.888297
v -0.386114 -9.949871 -1.941123
v -0.193991 -10.095949 -0.975257
v -0.097465 10.095949 -0.989576
v -0.193991 9.949870 -1.969622
v -0.288648 9.707969 -2.930701
v -0.380526 9.372573 -3.863549
v -0.468740 8.946916 -4.759194
v -0.552441 8.435093 -5.609013
v -0.630817 7.842036 -6.404803
v -0.703120 7.173456 -7.138916
v -0.768653 6.435793 -7.804271
v -0.826785 5.636149 -8.394478
v -0.876949 4.782226 -8.903828
v -0.918674 3.882247 -9.327436
v -0.951546 2.944880 -9.661222
v -0.975257 1.979153 -9.901958
v -0.989574 0.994364 -10.047334
v -0.994362 -0.000000 -10.095946
v -0.989574 -0.994364 -10.047334
v -0.975257 -1.979152 -9.901958
v -0.951546 -2.944880 -9.661222
v -0.918672 -3.882246 -9.327438
v -0.876949 -4.782224 -8.903831
v -0.826786 -5.636148 -8.394478
v -0.768654 -6.435793 -7.804271
v -0.703120 -7.173456 -7.138916
v -0.630817 -7.842036 -6.404803
v -0.552441 -8.435093 -5.609013
v -0.468740 -8.946915 -4.759197
v -0.380526 -9.372573 -3.863549
v -0.288648 -9.707969 -2.930701
v -0.193991 -9.949871 -1.969622
v -0.097465 -10.095949 -0.989576
v -0.000000 9.949870 -1.979153
v 0.000000 8.946916 -4.782223
v -0.000002 8.435093 -5.636152
v -0.000001 5.636149 -8.435095
v -0.000001 3.882247 -9.372567
v 0.000001 -1.979152 -9.949871
v 0.000001 -2.944880 -9.707969
v 0.000002 -4.782224 -8.946912
v -0.000002 -5.636148 -8.435096
v -0.000000 -6.435793 -7.842033
v 0.000002 -7.173456 -7.173459
v -0.000002 -8.435093 -5.636152
v 0.000000 -8.946915 -4.782225
v -0.000000 -9.949871 -1.979152
v -0.000000 0.000000 -19.534182
v -3.810929 0.000000 -19.158838
v -7.475408 0.000000 -18.047228
v -10.852609 0.000000 -16.242077
v -13.812751 0.000000 -13.812751
v -16.242077 0.000000 -10.852609
v -18.047228 0.000000 -7.475408
v -19.158838 0.000000 -3.810930
v -19.534180 0.000000 0.000000
v -19.158838 0.000000 3.810929
v -18.047230 0.000000 7.475407
v -16.242079 0.000000 10.852609
v -13.812751 0.000000 13.812752
v -10.852609 0.000000 16.242077
v -7.475408 0.000000 18.047228
v -3.810929 0.000000 19.158838
v 0.000001 0.000000 19.534180
v 3.810929 0.000000 19.158838
v 7.475407 0.000000 18.047228
v 10.852610 0.000000 16.242077
v 13.812750 0.000000 13.812752
v 16.242077 0.000000 10.852612
v 18.047228 0.000000 7.475410
v 19.158838 0.000000 3.810931
v 19.534180 0.000000 -0.000000
v 19.158836 0.000000 -3.810931
v 18.047228 0.000000 -7.475409
v 16.242079 0.000000 -10.852608
v 13.812754 0.000000 -13.812750
v 10.852610 0.000000 -16.242077
v 7.475407 0.000000 -18.047230
v 3.810928 0.000000 -19.158838
v -0.000009 0.000000 -17.292242
v -3.373557 0.000000 -16.959976
v -6.617464 0.000000 -15.975948
v -9.607063 0.000000 -14.377975
v -12.227471 0.000000 -12.227462
v -14.377980 0.000000 -9.607055
v -15.975957 0.000000 -6.617455
v -16.959986 0.000000 -3.373549
v -17.292250 0.000000 0.000000
v -16.959986 0.000000 3.373549
v -15.975960 0.000000 6.617454
v -14.377983 0.000000 9.607055
v -12.227471 0.000000 12.227462
v -9.607063 0.000000 14.377976
v -6.617464 0.000000 15.975949
v -3.373557 0.000000 16.959976
v -0.000008 0.000000 17.292242
v 3.373540 0.000000 16.959976
v 6.617447 0.000000 15.975948
v 9.607048 0.000000 14.377975
v 12.227452 0.000000 12.227464
v 14.377963 0.000000 9.607059
v 15.975939 0.000000 6.617457
v 16.959967 0.000000 3.373550
v 17.292233 0.000000 -0.000000
v 16.959969 0.000000 -3.373551
v 15.975939 0.000000 -6.617457
v 14.377967 0.000000 -9.607054
v 12.227455 0.000000 -12.227461
v 9.607048 0.000000 -14.377975
v 6.617446 0.000000 -15.975949
v 3.373540 0.000000 -16.959976
v -2.866258 0.000000 -19.322708
v -1.914677 0.000000 -19.440042
v -0.958490 0.000000 -19.510607
v -6.580858 0.000000 -18.392250
v -5.670452 0.000000 -18.692972
v -4.746404 0.000000 -18.948723
v -10.042558 0.000000 -16.754986
v -9.208314 0.000000 -17.227543
v -8.351915 0.000000 -17.658653
v -13.118328 0.000000 -14.473840
v -12.392303 0.000000 -15.100066
v -11.636468 0.000000 -15.689968
v -15.689968 0.000000 -11.636468
v -15.100066 0.000000 -12.392303
v -14.473837 0.000000 -13.118327
v -17.658653 0.000000 -8.351915
v -17.227543 0.000000 -9.208312
v -16.754986 0.000000 -10.042558
v -18.948725 0.000000 -4.746404
v -18.692972 0.000000 -5.670451
v -18.392248 0.000000 -6.580857
v -19.510609 0.000000 -0.958490
v -19.440042 0.000000 -1.914677
v -19.322706 0.000000 -2.866258
v -19.322708 0.000000 2.866258
v -19.440042 0.000000 1.914677
v -19.510607 0.000000 0.958491
v -18.392250 0.000000 6.580856
v -18.692972 0.000000 5.670451
v -18.948723 0.000000 4.746403
v -16.754986 0.000000 10.042557
v -17.227543 0.000000 9.208312
v -17.658653 0.000000 8.351915
v -14.473840 0.000000 13.118327
v -15.100066 0.000000 12.392303
v -15.689968 0.000000 11.636468
v -11.636468 0.000000 15.689968
v -12.392303 0.000000 15.100066
v -13.118328 0.000000 14.473838
v -8.351916 0.000000 17.658653
v -9.208312 0.000000 17.227543
v -10.042558 0.000000 16.754986
v -4.746404 0.000000 18.948725
v -5.670451 0.000000 18.692972
v -6.580858 0.000000 18.392248
v -0.958489 0.000000 19.510609
v -1.914676 0.000000 19.440042
v -2.866257 0.000000 19.322710
v 2.866258 0.000000 19.322708
v 1.914677 0.000000 19.440042
v 0.958491 0.000000 19.510609
v 6.580856 0.000000 18.392250
v 5.670451 0.000000 18.692972
v 4.746403 0.000000 18.948727
v 10.042558 0.000000 16.754986
v 9.208314 0.000000 17.227543
v 8.351915 0.000000 17.658653
v 13.118328 0.000000 14.473840
v 12.392303 0.000000 15.100064
v 11.636468 0.000000 15.689968
v 15.689965 0.000000 11.636470
v 15.100064 0.000000 12.392307
v 14.473836 0.000000 13.118331
v 17.658653 0.000000 8.351918
v 17.227539 0.000000 9.208316
v 16.754982 0.000000 10.042562
v 18.948725 0.000000 4.746406
v 18.692972 0.000000 5.670454
v 18.392248 0.000000 6.580859
v 19.510609 0.000000 0.958490
v 19.440042 0.000000 1.914678
v 19.322706 0.000000 2.866259
v 19.322708 0.000000 -2.866260
v 19.440042 0.000000 -1.914678
v 19.510607 0.000000 -0.958491
v 18.392250 0.000000 -6.580860
v 18.692972 0.000000 -5.670454
v 18.948723 0.000000 -4.746406
v 16.754988 0.000000 -10.042557
v 17.227543 0.000000 -9.208314
v 17.658653 0.000000 -8.351917
v 14.473840 0.000000 -13.118326
v 15.100067 0.000000 -12.392302
v 15.689970 0.000000 -11.636467
v 11.636470 0.000000 -15.689968
v 12.392307 0.000000 -15.100066
v 13.118331 0.000000 -14.473837
v 8.351916 0.000000 -17.658653
v 9.208314 0.000000 -17.227543
v 10.042559 0.000000 -16.754986
v 4.746402 0.000000 -18.948725
v 5.670450 0.000000 -18.692974
v 6.580857 0.000000 -18.392250
v 0.958489 0.000000 -19.510609
v 1.914676 0.000000 -19.440042
v 2.866256 0.000000 -19.322710
v -2.537306 0.000000 -17.105042
v -1.694938 0.000000 -17.208906
v -0.848493 0.000000 -17.271374
v -5.825581 0.000000 -16.281370
v -5.019662 0.000000 -16.547581
v -4.201667 0.000000 -16.773977
v -8.889981 0.000000 -14.832014
v -8.151484 0.000000 -15.250336
v -7.393376 0.000000 -15.631969
v -11.612746 0.000000 -12.812675
v -10.970048 0.000000 -13.367032
v -10.300959 0.000000 -13.889232
v -13.889238 0.000000 -10.300951
v -13.367040 0.000000 -10.970038
v -12.812684 0.000000 -11.612737
v -15.631976 0.000000 -7.393365
v -15.250344 0.000000 -8.151474
v -14.832025 0.000000 -8.889973
v -16.773987 0.000000 -4.201659
v -16.547586 0.000000 -5.019653
v -16.281380 0.000000 -5.825572
v -17.271381 0.000000 -0.848484
v -17.208916 0.000000 -1.694929
v -17.105047 0.000000 -2.537297
v -17.105047 0.000000 2.537297
v -17.208916 0.000000 1.694930
v -17.271383 0.000000 0.848485
v -16.281380 0.000000 5.825572
v -16.547586 0.000000 5.019653
v -16.773987 0.000000 4.201659
v -14.832025 0.000000 8.889972
v -15.250346 0.000000 8.151473
v -15.631979 0.000000 7.393365
v -12.812685 0.000000 11.612736
v -13.367040 0.000000 10.970037
v -13.889240 0.000000 10.300951
v -10.300958 0.000000 13.889232
v -10.970046 0.000000 13.367031
v -11.612745 0.000000 12.812675
v -7.393374 0.000000 15.631969
v -8.151484 0.000000 15.250337
v -8.889981 0.000000 14.832016
v -4.201667 0.000000 16.773979
v -5.019662 0.000000 16.547581
v -5.825581 0.000000 16.281370
v -0.848492 0.000000 17.271376
v -1.694937 0.000000 17.208908
v -2.537305 0.000000 17.105042
v 2.537288 0.000000 17.105042
v 1.694921 0.000000 17.208906
v 0.848476 0.000000 17.271374
v 5.825564 0.000000 16.281370
v 5.019644 0.000000 16.547581
v 4.201650 0.000000 16.773981
v 8.889966 0.000000 14.832015
v 8.151467 0.000000 15.250337
v 7.393358 0.000000 15.631968
v 11.612728 0.000000 12.812675
v 10.970031 0.000000 13.367032
v 10.300941 0.000000 13.889231
v 13.889220 0.000000 10.300953
v 13.367022 0.000000 10.970040
v 12.812665 0.000000 11.612739
v 15.631960 0.000000 7.393369
v 15.250326 0.000000 8.151477
v 14.832006 0.000000 8.889976
v 16.773970 0.000000 4.201661
v 16.547571 0.000000 5.019655
v 16.281363 0.000000 5.825574
v 17.271368 0.000000 0.848484
v 17.208899 0.000000 1.694930
v 17.105034 0.000000 2.537298
v 17.105032 0.000000 -2.537299
v 17.208899 0.000000 -1.694931
v 17.271366 0.000000 -0.848485
v 16.281363 0.000000 -5.825574
v 16.547571 0.000000 -5.019655
v 16.773972 0.000000 -4.201661
v 14.832009 0.000000 -8.889972
v 15.250329 0.000000 -8.151474
v 15.631961 0.000000 -7.393368
v 12.812669 0.000000 -11.612736
v 13.367024 0.000000 -10.970036
v 13.889225 0.000000 -10.300948
v 10.300942 0.000000 -13.889231
v 10.970034 0.000000 -13.367031
v 11.612731 0.000000 -12.812675
v 7.393358 0.000000 -15.631969
v 8.151467 0.000000 -15.250336
v 8.889966 0.000000 -14.832016
v 4.201650 0.000000 -16.773979
v 5.019644 0.000000 -16.547581
v 5.825564 0.000000 -16.281370
v 0.848475 0.000000 -17.271376
v 1.694920 0.000000 -17.208908
v 2.537288 0.000000 -17.105042
vn -0.0000 0.9950 -0.0995
vn -0.0000 0.9565 -0.2917
vn -0.0000 0.9233 -0.3840
vn -0.0000 0.7723 -0.6353
vn -0.0000 0.7063 -0.7079
vn -0.0000 0.6336 -0.7736
vn -0.0000 0.4708 -0.8823
vn -0.0000 0.2899 -0.9571
vn -0.0000 0.1948 -0.9808
vn -0.0000 0.0979 -0.9952
vn -0.0000 -0.0000 -1.0000
vn -0.0000 -0.0979 -0.9952
vn -0.0000 -0.3821 -0.9241
vn -0.0000 -0.7723 -0.6353
vn -0.0000 -0.9233 -0.3840
vn -0.0000 -0.9565 -0.2917
vn -0.0000 -0.9950 -0.0995
vn 0.0098 0.9950 -0.0991
vn 0.0193 0.9805 -0.1956
vn 0.0286 0.9565 -0.2903
vn 0.0376 0.9233 -0.3821
vn 0.0463 0.8813 -0.4703
vn 0.0546 0.8308 -0.5539
vn 0.0623 0.7723 -0.6322
vn 0.0694 0.7063 -0.7045
vn 0.0758 0.6336 -0.7699
vn 0.0815 0.5549 -0.8279
vn 0.0865 0.4708 -0.8780
vn 0.0906 0.3821 -0.9197
vn 0.0938 0.2899 -0.9525
vn 0.0961 0.1948 -0.9761
vn 0.0975 0.0979 -0.9904
vn 0.0980 -0.0000 -0.9952
vn 0.0975 -0.0979 -0.9904
vn 0.0961 -0.1948 -0.9761
vn 0.0938 -0.2899 -0.9525
vn 0.0906 -0.3821 -0.9197
vn 0.0865 -0.4708 -0.8780
vn 0.0815 -0.5549 -0.8279
vn 0.0758 -0.6336 -0.7699
vn 0.0694 -0.7063 -0.7045
vn 0.0623 -0.7723 -0.6322
vn 0.0546 -0.8308 -0.5539
vn 0.0463 -0.8813 -0.4703
vn 0.0376 -0.9233 -0.3821
vn 0.0286 -0.9565 -0.2903
vn 0.0193 -0.9805 -0.1956
vn 0.0098 -0.9950 -0.0991
vn 0.0194 0.9950 -0.0976
vn 0.0383 0.9805 -0.1928
vn 0.0569 0.9565 -0.2861
vn 0.0749 0.9233 -0.3766
vn 0.0922 0.8813 -0.4635
vn 0.1086 0.8308 -0.5459
vn 0.1239 0.7723 -0.6231
vn 0.1381 0.7063 -0.6943
vn 0.1509 0.6336 -0.7588
vn 0.1623 0.5549 -0.8160
vn 0.1721 0.4708 -0.8653
vn 0.1803 0.3821 -0.9063
vn 0.1867 0.2899 -0.9387
vn 0.1914 0.1948 -0.9620
vn 0.1942 0.0979 -0.9761
vn 0.1951 -0.0000 -0.9808
vn 0.1942 -0.0979 -0.9761
vn 0.1914 -0.1948 -0.9620
vn 0.1867 -0.2899 -0.9387
vn 0.1803 -0.3821 -0.9063
vn 0.1721 -0.4708 -0.8653
vn 0.1623 -0.5549 -0.8160
vn 0.1509 -0.6336 -0.7588
vn 0.1381 -0.7063 -0.6943
vn 0.1239 -0.7723 -0.6231
vn 0.1086 -0.8308 -0.5459
vn 0.0922 -0.8813 -0.4635
vn 0.0749 -0.9233 -0.3766
vn 0.0569 -0.9565 -0.2861
vn 0.0383 -0.9805 -0.1928
vn 0.0194 -0.9950 -0.0976
vn 0.0289 0.9950 -0.0952
vn 0.0571 0.9805 -0.1881
vn 0.0847 0.9565 -0.2791
vn 0.1115 0.9233 -0.3675
vn 0.1372 0.8813 -0.4522
vn 0.1616 0.8308 -0.5327
vn 0.1844 0.7723 -0.6080
vn 0.2055 0.7063 -0.6774
vn 0.2246 0.6336 -0.7403
vn 0.2415 0.5549 -0.7961
vn 0.2561 0.4708 -0.8443
vn 0.2683 0.3821 -0.8843
vn 0.2778 0.2899 -0.9159
vn 0.2847 0.1948 -0.9386
vn 0.2889 0.0979 -0.9523
vn 0.2903 -0.0000 -0.9569
vn 0.2889 -0.0979 -0.9523
vn 0.2847 -0.1948 -0.9386
vn 0.2778 -0.2899 -0.9159
vn 0.2683 -0.3821 -0.8843
vn 0.2561 -0.4708 -0.8443
vn 0.2415 -0.5549 -0.7961
vn 0.2246 -0.6336 -0.7403
vn 0.2055 -0.7063 -0.6774
vn 0.1844 -0.7723 -0.6080
vn 0.1616 -0.8308 -0.5327
vn 0.1372 -0.8813 -0.4522
vn 0.1115 -0.9233 -0.3675
vn 0.0847 -0.9565 -0.2791
vn 0.0571 -0.9805 -0.1881
vn 0.0289 -0.9950 -0.0952
vn 0.0381 0.9950 -0.0920
vn 0.0752 0.9805 -0.1816
vn 0.1116 0.9565 -0.2695
vn 0.1469 0.9233 -0.3548
vn 0.1809 0.8813 -0.4366
vn 0.2130 0.8308 -0.5143
vn 0.2431 0.7723 -0.5869
vn 0.2709 0.7063 -0.6540
vn 0.2961 0.6336 -0.7147
vn 0.3184 0.5549 -0.7686
vn 0.3376 0.4708 -0.8151
vn 0.3536 0.3821 -0.8538
vn 0.3663 0.2899 -0.8842
vn 0.3754 0.1948 -0.9062
vn 0.3808 0.0979 -0.9194
vn 0.3827 -0.0000 -0.9239
vn 0.3808 -0.0979 -0.9194
vn 0.3754 -0.1948 -0.9062
vn 0.3663 -0.2899 -0.8842
vn 0.3536 -0.3821 -0.8538
vn 0.3376 -0.4708 -0.8151
vn 0.3184 -0.5549 -0.7686
vn 0.2961 -0.6336 -0.7147
vn 0.2709 -0.7063 -0.6540
vn 0.2431 -0.7723 -0.5869
vn 0.2130 -0.8308 -0.5143
vn 0.1809 -0.8813 -0.4366
vn 0.1469 -0.9233 -0.3548
vn 0.1116 -0.9565 -0.2695
vn 0.0752 -0.9805 -0.1816
vn 0.0381 -0.9950 -0.0920
vn 0.0469 0.9950 -0.0878
vn 0.0927 0.9805 -0.1734
vn 0.1375 0.9565 -0.2572
vn 0.1810 0.9233 -0.3386
vn 0.2228 0.8813 -0.4168
vn 0.2624 0.8308 -0.4909
vn 0.2995 0.7723 -0.5603
vn 0.3337 0.7063 -0.6243
vn 0.3647 0.6336 -0.6823
vn 0.3922 0.5549 -0.7337
vn 0.4159 0.4708 -0.7781
vn 0.4356 0.3821 -0.8150
vn 0.4512 0.2899 -0.8441
vn 0.4624 0.1948 -0.8650
vn 0.4691 0.0979 -0.8777
vn 0.4714 -0.0000 -0.8819
vn 0.4691 -0.0979 -0.8777
vn 0.4624 -0.1948 -0.8650
vn 0.4512 -0.2899 -0.8441
vn 0.4356 -0.3821 -0.8150
vn 0.4159 -0.4708 -0.7781
vn 0.3922 -0.5549 -0.7337
vn 0.3647 -0.6336 -0.6823
vn 0.3337 -0.7063 -0.6243
vn 0.2995 -0.7723 -0.5603
vn 0.2624 -0.8308 -0.4909
vn 0.2228 -0.8813 -0.4168
vn 0.1810 -0.9233 -0.3386
vn 0.1375 -0.9565 -0.2572
vn 0.0927 -0.9805 -0.1734
vn 0.0469 -0.9950 -0.0878
vn 0.0553 0.9950 -0.0828
vn 0.1092 0.9805 -0.1634
vn 0.1621 0.9565 -0.2425
vn 0.2133 0.9233 -0.3193
vn 0.2626 0.8813 -0.3929
vn 0.3092 0.8308 -0.4628
vn 0.3530 0.7723 -0.5282
vn 0.3933 0.7063 -0.5886
vn 0.4298 0.6336 -0.6432
vn 0.4622 0.5549 -0.6917
vn 0.4902 0.4708 -0.7336
vn 0.5134 0.3821 -0.7684
vn 0.5317 0.2899 -0.7958
vn 0.5449 0.1948 -0.8155
vn 0.5529 0.0979 -0.8275
vn 0.5556 -0.0000 -0.8315
vn 0.5529 -0.0979 -0.8275
vn 0.5449 -0.1948 -0.8155
vn 0.5317 -0.2899 -0.7958
vn 0.5134 -0.3821 -0.7684
vn 0.4902 -0.4708 -0.7336
vn 0.4622 -0.5549 -0.6917
vn 0.4298 -0.6336 -0.6432
vn 0.3933 -0.7063 -0.5886
vn 0.3530 -0.7723 -0.5282
vn 0.3092 -0.8308 -0.4628
vn 0.2626 -0.8813 -0.3929
vn 0.2133 -0.9233 -0.3193
vn 0.1621 -0.9565 -0.2425
vn 0.1092 -0.9805 -0.1634
vn 0.0553 -0.9950 -0.0828
vn 0.0631 0.9950 -0.0769
vn 0.1247 0.9805 -0.1519
vn 0.1850 0.9565 -0.2255
vn 0.2436 0.9233 -0.2968
vn 0.2998 0.8813 -0.3653
vn 0.3531 0.8308 -0.4303
vn 0.4030 0.7723 -0.4911
vn 0.4491 0.7063 -0.5472
vn 0.4908 0.6336 -0.5980
vn 0.5278 0.5549 -0.6431
vn 0.5597 0.4708 -0.6820
vn 0.5862 0.3821 -0.7143
vn 0.6072 0.2899 -0.7398
vn 0.6222 0.1948 -0.7582
vn 0.6313 0.0979 -0.7693
vn 0.6344 -0.0000 -0.7730
vn 0.6313 -0.0979 -0.7693
vn 0.6222 -0.1948 -0.7582
vn 0.6072 -0.2899 -0.7398
vn 0.5862 -0.3821 -0.7143
vn 0.5597 -0.4708 -0.6820
vn 0.5278 -0.5549 -0.6431
vn 0.4908 -0.6336 -0.5980
vn 0.4491 -0.7063 -0.5472
vn 0.4030 -0.7723 -0.4911
vn 0.3531 -0.8308 -0.4303
vn 0.2998 -0.8813 -0.3653
vn 0.2436 -0.9233 -0.2968
vn 0.1850 -0.9565 -0.2255
vn 0.1247 -0.9805 -0.1519
vn 0.0631 -0.9950 -0.0769
vn 0.0704 0.9950 -0.0704
vn 0.1390 0.9805 -0.1390
vn 0.2063 0.9565 -0.2063
vn 0.2715 0.9233 -0.2715
vn 0.3342 0.8813 -0.3342
vn 0.3936 0.8308 -0.3936
vn 0.4492 0.7723 -0.4492
vn 0.5005 0.7063 -0.5005
vn 0.5470 0.6336 -0.5470
vn 0.5883 0.5549 -0.5883
vn 0.6239 0.4708 -0.6239
vn 0.6534 0.3821 -0.6534
vn 0.6768 0.2899 -0.6768
vn 0.6936 0.1948 -0.6936
vn 0.7037 0.0979 -0.7037
vn 0.7071 -0.0000 -0.7071
vn 0.7037 -0.0979 -0.7037
vn 0.6936 -0.1948 -0.6936
vn 0.6767 -0.2899 -0.6768
vn 0.6534 -0.3821 -0.6534
vn 0.6239 -0.4708 -0.6239
vn 0.5883 -0.5549 -0.5883
vn 0.5470 -0.6336 -0.5470
vn 0.5005 -0.7063 -0.5005
vn 0.4492 -0.7723 -0.4492
vn 0.3936 -0.8308 -0.3936
vn 0.3342 -0.8813 -0.3342
vn 0.2715 -0.9233 -0.2715
vn 0.2063 -0.9565 -0.2063
vn 0.1390 -0.9805 -0.1390
vn 0.0704 -0.9950 -0.0704
vn 0.0769 0.9950 -0.0631
vn 0.1519 0.9805 -0.1247
vn 0.2255 0.9565 -0.1850
vn 0.2968 0.9233 -0.2436
vn 0.3653 0.8813 -0.2998
vn 0.4303 0.8308 -0.3531
vn 0.4911 0.7723 -0.4030
vn 0.5472 0.7063 -0.4491
vn 0.5980 0.6336 -0.4908
vn 0.6431 0.5549 -0.5278
vn 0.6820 0.4708 -0.5597
vn 0.7143 0.3821 -0.5862
vn 0.7398 0.2899 -0.6072
vn 0.7582 0.1948 -0.6222
vn 0.7693 0.0979 -0.6313
vn 0.7730 -0.0000 -0.6344
vn 0.7693 -0.0979 -0.6313
vn 0.7582 -0.1948 -0.6222
vn 0.7398 -0.2899 -0.6072
vn 0.7143 -0.3821 -0.5862
vn 0.6820 -0.4708 -0.5597
vn 0.6431 -0.5549 -0.5278
vn 0.5980 -0.6336 -0.4908
vn 0.5472 -0.7063 -0.4491
vn 0.4911 -0.7723 -0.4030
vn 0.4303 -0.8308 -0.3531
vn 0.3653 -0.8813 -0.2998
vn 0.2968 -0.9233 -0.2436
vn 0.2255 -0.9565 -0.1850
vn 0.1519 -0.9805 -0.1247
vn 0.0769 -0.9950 -0.0631
vn 0.0828 0.9950 -0.0553
vn 0.1634 0.9805 -0.1092
vn 0.2425 0.9565 -0.1621
vn 0.3193 0.9233 -0.2133
vn 0.3929 0.8813 -0.2626
vn 0.4628 0.8308 -0.3092
vn 0.5282 0.7723 -0.3530
vn 0.5886 0.7063 -0.3933
vn 0.6432 0.6336 -0.4298
vn 0.6917 0.5549 -0.4622
vn 0.7336 0.4708 -0.4902
vn 0.7684 0.3821 -0.5134
vn 0.7958 0.2899 -0.5317
vn 0.8155 0.1948 -0.5449
vn 0.8275 0.0979 -0.5529
vn 0.8315 -0.0000 -0.5556
vn 0.8275 -0.0979 -0.5529
vn 0.8155 -0.1948 -0.5449
vn 0.7958 -0.2899 -0.5317
vn 0.7684 -0.3821 -0.5134
vn 0.7336 -0.4708 -0.4902
vn 0.6917 -0.5549 -0.4622
vn 0.6432 -0.6336 -0.4298
vn 0.5886 -0.7063 -0.3933
vn 0.5282 -0.7723 -0.3530
vn 0.4628 -0.8308 -0.3092
vn 0.3929 -0.8813 -0.2626
vn 0.3193 -0.9233 -0.2133
vn 0.2425 -0.9565 -0.1621
vn 0.1634 -0.9805 -0.1092
vn 0.0828 -0.9950 -0.0553
vn 0.0878 0.9950 -0.0469
vn 0.1734 0.9805 -0.0927
vn 0.2572 0.9565 -0.1375
vn 0.3386 0.9233 -0.1810
vn 0.4168 0.8813 -0.2228
vn 0.4909 0.8308 -0.2624
vn 0.5603 0.7723 -0.2995
vn 0.6243 0.7063 -0.3337
vn 0.6823 0.6336 -0.3647
vn 0.7337 0.5549 -0.3922
vn 0.7781 0.4708 -0.4159
vn 0.8150 0.3821 -0.4356
vn 0.8441 0.2899 -0.4512
vn 0.8650 0.1948 -0.4624
vn 0.8777 0.0979 -0.4691
vn 0.8819 -0.0000 -0.4714
vn 0.8777 -0.0979 -0.4691
vn 0.8650 -0.1948 -0.4624
vn 0.8441 -0.2899 -0.4512
vn 0.8150 -0.3821 -0.4356
vn 0.7781 -0.4708 -0.4159
vn 0.7337 -0.5549 -0.3922
vn 0.6823 -0.6336 -0.3647
vn 0.6243 -0.7063 -0.3337
vn 0.5603 -0.7723 -0.2995
vn 0.4909 -0.8308 -0.2624
vn 0.4168 -0.8813 -0.2228
vn 0.3386 -0.9233 -0.1810
vn 0.2572 -0.9565 -0.1375
vn 0.1734 -0.9805 -0.0927
vn 0.0878 -0.9950 -0.0469
vn 0.0920 0.9950 -0.0381
vn 0.1816 0.9805 -0.0752
vn 0.2695 0.9565 -0.1116
vn 0.3548 0.9233 -0.1469
vn 0.4366 0.8813 -0.1809
vn 0.5143 0.8308 -0.2130
vn 0.5869 0.7723 -0.2431
vn 0.6540 0.7063 -0.2709
vn 0.7147 0.6336 -0.2961
vn 0.7686 0.5549 -0.3184
vn 0.8151 0.4708 -0.3376
vn 0.8538 0.3821 -0.3536
vn 0.8842 0.2899 -0.3663
vn 0.9062 0.1948 -0.3754
vn 0.9194 0.0979 -0.3808
vn 0.9239 -0.0000 -0.3827
vn 0.9194 -0.0979 -0.3808
vn 0.9062 -0.1948 -0.3754
vn 0.8842 -0.2899 -0.3663
vn 0.8538 -0.3821 -0.3536
vn 0.8151 -0.4708 -0.3376
vn 0.7686 -0.5549 -0.3184
vn 0.7147 -0.6336 -0.2961
vn 0.6540 -0.7063 -0.2709
vn 0.5869 -0.7723 -0.2431
vn 0.5143 -0.8308 -0.2130
vn 0.4366 -0.8813 -0.1809
vn 0.3548 -0.9233 -0.1469
vn 0.2695 -0.9565 -0.1116
vn 0.1816 -0.9805 -0.0752
vn 0.0920 -0.9950 -0.0381
vn 0.0952 0.9950 -0.0289
vn 0.1881 0.9805 -0.0571
vn 0.2791 0.9565 -0.0847
vn 0.3675 0.9233 -0.1115
vn 0.4522 0.8813 -0.1372
vn 0.5327 0.8308 -0.1616
vn 0.6080 0.7723 -0.1844
vn 0.6774 0.7063 -0.2055
vn 0.7403 0.6336 -0.2246
vn 0.7961 0.5549 -0.2415
vn 0.8443 0.4708 -0.2561
vn 0.8843 0.3821 -0.2683
vn 0.9159 0.2899 -0.2778
vn 0.9386 0.1948 -0.2847
vn 0.9523 0.0979 -0.2889
vn 0.9569 -0.0000 -0.2903
vn 0.9523 -0.0979 -0.2889
vn 0.9386 -0.1948 -0.2847
vn 0.9159 -0.2899 -0.2778
vn 0.8843 -0.3821 -0.2683
vn 0.8443 -0.4708 -0.2561
vn 0.7961 -0.5549 -0.2415
vn 0.7403 -0.6336 -0.2246
vn 0.6774 -0.7063 -0.2055
vn 0.6080 -0.7723 -0.1844
vn 0.5327 -0.8308 -0.1616
vn 0.4522 -0.8813 -0.1372
vn 0.3675 -0.9233 -0.1115
vn 0.2791 -0.9565 -0.0847
vn 0.1881 -0.9805 -0.0571
vn 0.0952 -0.9950 -0.0289
vn 0.0976 0.9950 -0.0194
vn 0.1928 0.9805 -0.0383
vn 0.2861 0.9565 -0.0569
vn 0.3766 0.9233 -0.0749
vn 0.4635 0.8813 -0.0922
vn 0.5459 0.8308 -0.1086
vn 0.6231 0.7723 -0.1239
vn 0.6943 0.7063 -0.1381
vn 0.7588 0.6336 -0.1509
vn 0.8160 0.5549 -0.1623
vn 0.8653 0.4708 -0.1721
vn 0.9063 0.3821 -0.1803
vn 0.9387 0.2899 -0.1867
vn 0.9620 0.1948 -0.1914
vn 0.9761 0.0979 -0.1942
vn 0.9808 -0.0000 -0.1951
vn 0.9761 -0.0979 -0.1942
vn 0.9620 -0.1948 -0.1914
vn 0.9387 -0.2899 -0.1867
vn 0.9063 -0.3821 -0.1803
vn 0.8653 -0.4708 -0.1721
vn 0.8160 -0.5549 -0.1623
vn 0.7588 -0.6336 -0.1509
vn 0.6943 -0.7063 -0.1381
vn 0.6231 -0.7723 -0.1239
vn 0.5459 -0.8308 -0.1086
vn 0.4635 -0.8813 -0.0922
vn 0.3766 -0.9233 -0.0749
vn 0.2861 -0.9565 -0.0569
vn 0.1928 -0.9805 -0.0383
vn 0.0976 -0.9950 -0.0194
vn 0.0991 0.9950 -0.0098
vn 0.1956 0.9805 -0.0193
vn 0.2903 0.9565 -0.0286
vn 0.3821 0.9233 -0.0376
vn 0.4703 0.8813 -0.0463
vn 0.5539 0.8308 -0.0546
vn 0.6322 0.7723 -0.0623
vn 0.7045 0.7063 -0.0694
vn 0.7699 0.6336 -0.0758
vn 0.8279 0.5549 -0.0815
vn 0.8780 0.4708 -0.0865
vn 0.9197 0.3821 -0.0906
vn 0.9525 0.2899 -0.0938
vn 0.9761 0.1948 -0.0961
vn 0.9904 0.0979 -0.0975
vn 0.9952 -0.0000 -0.0980
vn 0.9904 -0.0979 -0.0975
vn 0.9761 -0.1948 -0.0961
vn 0.9525 -0.2899 -0.0938
vn 0.9197 -0.3821 -0.0906
vn 0.8780 -0.4708 -0.0865
vn 0.8279 -0.5549 -0.0815
vn 0.7699 -0.6336 -0.0758
vn 0.7045 -0.7063 -0.0694
vn 0.6322 -0.7723 -0.0623
vn 0.5539 -0.8308 -0.0546
vn 0.4703 -0.8813 -0.0463
vn 0.3821 -0.9233 -0.0376
vn 0.2903 -0.9565 -0.0286
vn 0.1956 -0.9805 -0.0193
vn 0.0991 -0.9950 -0.0098
vn 0.0995 0.9950 -0.0000
vn 0.1966 0.9805 -0.0000
vn 0.2917 0.9565 -0.0000
vn 0.3840 0.9233 -0.0000
vn 0.4726 0.8813 -0.0000
vn 0.5566 0.8308 -0.0000
vn 0.6353 0.7723 -0.0000
vn 0.7079 0.7063 -0.0000
vn 0.7736 0.6336 -0.0000
vn 0.8319 0.5549 -0.0000
vn 0.8823 0.4708 -0.0000
vn 0.9241 0.3821 -0.0000
vn 0.9571 0.2899 -0.0000
vn 0.9808 0.1948 -0.0000
vn 0.9952 0.0979 -0.0000
vn 1.0000 -0.0000 -0.0000
vn 0.9952 -0.0979 -0.0000
vn 0.9808 -0.1948 -0.0000
vn 0.9571 -0.2899 -0.0000
vn 0.9241 -0.3821 -0.0000
vn 0.8823 -0.4708 -0.0000
vn 0.8319 -0.5549 -0.0000
vn 0.7736 -0.6336 -0.0000
vn 0.7079 -0.7063 -0.0000
vn 0.6353 -0.7723 -0.0000
vn 0.5566 -0.8308 -0.0000
vn 0.4726 -0.8813 -0.0000
vn 0.3840 -0.9233 -0.0000
vn 0.2917 -0.9565 -0.0000
vn 0.1966 -0.9805 -0.0000
vn 0.0995 -0.9950 -0.0000
vn 0.0991 0.9950 0.0098
vn 0.1956 0.9805 0.0193
vn 0.2903 0.9565 0.0286
vn 0.3821 0.9233 0.0376
vn 0.4703 0.8813 0.0463
vn 0.5539 0.8308 0.0546
vn 0.6322 0.7723 0.0623
vn 0.7045 0.7063 0.0694
vn 0.7699 0.6336 0.0758
vn 0.8279 0.5549 0.0815
vn 0.8780 0.4708 0.0865
vn 0.9197 0.3821 0.0906
vn 0.9525 0.2899 0.0938
vn 0.9761 0.1948 0.0961
vn 0.9904 0.0979 0.0975
vn 0.9952 -0.0000 0.0980
vn 0.9904 -0.0979 0.0975
vn 0.9761 -0.1948 0.0961
vn 0.9525 -0.2899 0.0938
vn 0.9197 -0.3821 0.0906
vn 0.8780 -0.4708 0.0865
vn 0.8279 -0.5549 0.0815
vn 0.7699 -0.6336 0.0758
vn 0.7045 -0.7063 0.0694
vn 0.6322 -0.7723 0.0623
vn 0.5539 -0.8308 0.0546
vn 0.4703 -0.8813 0.0463
vn 0.3821 -0.9233 0.0376
vn 0.2903 -0.9565 0.0286
vn 0.1956 -0.9805 0.0193
vn 0.0991 -0.9950 0.0098
vn 0.0976 0.9950 0.0194
vn 0.1928 0.9805 0.0383
vn 0.2861 0.9565 0.0569
vn 0.3766 0.9233 0.0749
vn 0.4635 0.8813 0.0922
vn 0.5459 0.8308 0.1086
vn 0.6231 0.7723 0.1239
vn 0.6943 0.7063 0.1381
vn 0.7588 0.6336 0.1509
vn 0.8160 0.5549 0.1623
vn 0.8653 0.4708 0.1721
vn 0.9063 0.3821 0.1803
vn 0.9387 0.2899 0.1867
vn 0.9620 0.1948 0.1914
vn 0.9761 0.0979 0.1942
vn 0.9808 -0.0000 0.1951
vn 0.9761 -0.0979 0.1942
vn 0.9620 -0.1948 0.1914
vn 0.9387 -0.2899 0.1867
vn 0.9063 -0.3821 0.1803
vn 0.8653 -0.4708 0.1721
vn 0.8160 -0.5549 0.1623
vn 0.7588 -0.6336 0.1509
vn 0.6943 -0.7063 0.1381
vn 0.6231 -0.7723 0.1239
vn 0.5459 -0.8308 0.1086
vn 0.4635 -0.8813 0.0922
vn 0.3766 -0.9233 0.0749
vn 0.2861 -0.9565 0.0569
vn 0.1928 -0.9805 0.0383
vn 0.0976 -0.9950 0.0194
vn 0.0952 0.9950 0.0289
vn 0.1881 0.9805 0.0571
vn 0.2791 0.9565 0.0847
vn 0.3675 0.9233 0.1115
vn 0.4522 0.8813 0.1372
vn 0.5327 0.8308 0.1616
vn 0.6080 0.7723 0.1844
vn 0.6774 0.7063 0.2055
vn 0.7403 0.6336 0.2246
vn 0.7961 0.5549 0.2415
vn 0.8443 0.4708 0.2561
vn 0.8843 0.3821 0.2683
vn 0.9159 0.2899 0.2778
vn 0.9386 0.1948 0.2847
vn 0.9523 0.0979 0.2889
vn 0.9569 -0.0000 0.2903
vn 0.9523 -0.0979 0.2889
vn 0.9386 -0.1948 0.2847
vn 0.9159 -0.2899 0.2778
vn 0.8843 -0.3821 0.2683
vn 0.8443 -0.4708 0.2561
vn 0.7961 -0.5549 0.2415
vn 0.7403 -0.6336 0.2246
vn 0.6774 -0.7063 0.2055
vn 0.6080 -0.7723 0.1844
vn 0.5327 -0.8308 0.1616
vn 0.4522 -0.8813 0.1372
vn 0.3675 -0.9233 0.1115
vn 0.2791 -0.9565 0.0847
vn 0.1881 -0.9805 0.0571
vn 0.0952 -0.9950 0.0289
vn 0.0920 0.9950 0.0381
vn 0.1816 0.9805 0.0752
vn 0.2695 0.9565 0.1116
vn 0.3548 0.9233 0.1469
vn 0.4366 0.8813 0.1809
vn 0.5143 0.8308 0.2130
vn 0.5869 0.7723 0.2431
vn 0.6540 0.7063 0.2709
vn 0.7147 0.6336 0.2961
vn 0.7686 0.5549 0.3184
vn 0.8151 0.4708 0.3376
vn 0.8538 0.3821 0.3536
vn 0.8842 0.2899 0.3663
vn 0.9062 0.1948 0.3754
vn 0.9194 0.0979 0.3808
vn 0.9239 -0.0000 0.3827
vn 0.9194 -0.0979 0.3808
vn 0.9062 -0.1948 0.3754
vn 0.8842 -0.2899 0.3663
vn 0.8538 -0.3821 0.3536
vn 0.8151 -0.4708 0.3376
vn 0.7686 -0.5549 0.3184
vn 0.7147 -0.6336 0.2961
vn 0.6540 -0.7063 0.2709
vn 0.5869 -0.7723 0.2431
vn 0.5143 -0.8308 0.2130
vn 0.4366 -0.8813 0.1809
vn 0.3548 -0.9233 0.1469
vn 0.2695 -0.9565 0.1116
vn 0.1816 -0.9805 0.0752
vn 0.0920 -0.9950 0.0381
vn 0.0878 0.9950 0.0469
vn 0.1734 0.9805 0.0927
vn 0.2572 0.9565 0.1375
vn 0.3386 0.9233 0.1810
vn 0.4168 0.8813 0.2228
vn 0.4909 0.8308 0.2624
vn 0.5603 0.7723 0.2995
vn 0.6243 0.7063 0.3337
vn 0.6823 0.6336 0.3647
vn 0.7337 0.5549 0.3922
vn 0.7781 0.4708 0.4159
vn 0.8150 0.3821 0.4356
vn 0.8441 0.2899 0.4512
vn 0.8650 0.1948 0.4624
vn 0.8777 0.0979 0.4691
vn 0.8819 -0.0000 0.4714
vn 0.8777 -0.0979 0.4691
vn 0.8650 -0.1948 0.4624
vn 0.8441 -0.2899 0.4512
vn 0.8150 -0.3821 0.4356
vn 0.7781 -0.4708 0.4159
vn 0.7337 -0.5549 0.3922
vn 0.6823 -0.6336 0.3647
vn 0.6243 -0.7063 0.3337
vn 0.5603 -0.7723 0.2995
vn 0.4909 -0.8308 0.2624
vn 0.4168 -0.8813 0.2228
vn 0.3386 -0.9233 0.1810
vn 0.2572 -0.9565 0.1375
vn 0.1734 -0.9805 0.0927
vn 0.0878 -0.9950 0.0469
vn 0.0828 0.9950 0.0553
vn 0.1634 0.9805 0.1092
vn 0.2425 0.9565 0.1621
vn 0.3193 0.9233 0.2133
vn 0.3929 0.8813 0.2626
vn 0.4628 0.8308 0.3092
vn 0.5282 0.7723 0.3530
vn 0.5886 0.7063 0.3933
vn 0.6432 0.6336 0.4298
vn 0.6917 0.5549 0.4622
vn 0.7336 0.4708 0.4902
vn 0.7684 0.3821 0.5134
vn 0.7958 0.2899 0.5317
vn 0.8155 0.1948 0.5449
vn 0.8275 0.0979 0.5529
vn 0.8315 -0.0000 0.5556
vn 0.8275 -0.0979 0.5529
vn 0.8155 -0.1948 0.5449
vn 0.7958 -0.2899 0.5317
vn 0.7684 -0.3821 0.5134
vn 0.7336 -0.4708 0.4902
vn 0.6917 -0.5549 0.4622
vn 0.6432 -0.6336 0.4298
vn 0.5886 -0.7063 0.3933
vn 0.5282 -0.7723 0.3530
vn 0.4628 -0.8308 0.3092
vn 0.3929 -0.8813 0.2626
vn 0.3193 -0.9233 0.2133
vn 0.2425 -0.9565 0.1621
vn 0.1634 -0.9805 0.1092
vn 0.0828 -0.9950 0.0553
vn 0.0769 0.9950 0.0631
vn 0.1519 0.9805 0.1247
vn 0.2255 0.9565 0.1850
vn 0.2968 0.9233 0.2436
vn 0.3653 0.8813 0.2998
vn 0.4303 0.8308 0.3531
vn 0.4911 0.7723 0.4030
vn 0.5472 0.7063 0.4491
vn 0.5980 0.6336 0.4908
vn 0.6431 0.5549 0.5278
vn 0.6820 0.4708 0.5597
vn 0.7143 0.3821 0.5862
vn 0.7398 0.2899 0.6072
vn 0.7582 0.1948 0.6222
vn 0.7693 0.0979 0.6313
vn 0.7730 -0.0000 0.6344
vn 0.7693 -0.0979 0.6313
vn 0.7582 -0.1948 0.6222
vn 0.7398 -0.2899 0.6072
vn 0.7143 -0.3821 0.5862
vn 0.6820 -0.4708 0.5597
vn 0.6431 -0.5549 0.5278
vn 0.5980 -0.6336 0.4908
vn 0.5472 -0.7063 0.4491
vn 0.4911 -0.7723 0.4030
vn 0.4303 -0.8308 0.3531
vn 0.3653 -0.8813 0.2998
vn 0.2968 -0.9233 0.2436
vn 0.2255 -0.9565 0.1850
vn 0.1519 -0.9805 0.1247
vn 0.0769 -0.9950 0.0631
vn 0.0704 0.9950 0.0704
vn 0.1390 0.9805 0.1390
vn 0.2063 0.9565 0.2063
vn 0.2715 0.9233 0.2715
vn 0.3342 0.8813 0.3342
vn 0.3936 0.8308 0.3936
vn 0.4492 0.7723 0.4492
vn 0.5005 0.7063 0.5005
vn 0.5470 0.6336 0.5470
vn 0.5883 0.5549 0.5883
vn 0.6239 0.4708 0.6239
vn 0.6534 0.3821 0.6534
vn 0.6767 0.2899 0.6767
vn 0.6936 0.1948 0.6936
vn 0.7037 0.0979 0.7037
vn 0.7071 -0.0000 0.7071
vn 0.7037 -0.0979 0.7037
vn 0.6936 -0.1948 0.6936
vn 0.6767 -0.2899 0.6768
vn 0.6534 -0.3821 0.6534
vn 0.6239 -0.4708 0.6239
vn 0.5883 -0.5549 0.5883
vn 0.5470 -0.6336 0.5470
vn 0.5005 -0.7063 0.5005
vn 0.4492 -0.7723 0.4492
vn 0.3936 -0.8308 0.3936
vn 0.3342 -0.8813 0.3342
vn 0.2715 -0.9233 0.2715
vn 0.2063 -0.9565 0.2063
vn 0.1390 -0.9805 0.1390
vn 0.0704 -0.9950 0.0704
vn 0.0631 0.9950 0.0769
vn 0.1247 0.9805 0.1519
vn 0.1850 0.9565 0.2255
vn 0.2436 0.9233 0.2968
vn 0.2998 0.8813 0.3653
vn 0.3531 0.8308 0.4303
vn 0.4030 0.7723 0.4911
vn 0.4491 0.7063 0.5472
vn 0.4908 0.6336 0.5980
vn 0.5278 0.5549 0.6431
vn 0.5597 0.4708 0.6820
vn 0.5862 0.3821 0.7143
vn 0.6072 0.2899 0.7398
vn 0.6222 0.1948 0.7582
vn 0.6313 0.0979 0.7693
vn 0.6344 -0.0000 0.7730
vn 0.6313 -0.0979 0.7693
vn 0.6222 -0.1948 0.7582
vn 0.6072 -0.2899 0.7398
vn 0.5862 -0.3821 0.7143
vn 0.5597 -0.4708 0.6820
vn 0.5278 -0.5549 0.6431
vn 0.4908 -0.6336 0.5980
vn 0.4491 -0.7063 0.5472
vn 0.4030 -0.7723 0.4911
vn 0.3531 -0.8308 0.4303
vn 0.2998 -0.8813 0.3653
vn 0.2436 -0.9233 0.2968
vn 0.1850 -0.9565 0.2255
vn 0.1247 -0.9805 0.1519
vn 0.0631 -0.9950 0.0769
vn 0.0553 0.9950 0.0828
vn 0.1092 0.9805 0.1634
vn 0.1621 0.9565 0.2425
vn 0.2133 0.9233 0.3193
vn 0.2626 0.8813 0.3929
vn 0.3092 0.8308 0.4628
vn 0.3530 0.7723 0.5282
vn 0.3933 0.7063 0.5886
vn 0.4298 0.6336 0.6432
vn 0.4622 0.5549 0.6917
vn 0.4902 0.4708 0.7336
vn 0.5134 0.3821 0.7684
vn 0.5317 0.2899 0.7958
vn 0.5449 0.1948 0.8155
vn 0.5529 0.0979 0.8275
vn 0.5556 -0.0000 0.8315
vn 0.5529 -0.0979 0.8275
vn 0.5449 -0.1948 0.8155
vn 0.5317 -0.2899 0.7958
vn 0.5134 -0.3821 0.7684
vn 0.4902 -0.4708 0.7336
vn 0.4622 -0.5549 0.6917
vn 0.4298 -0.6336 0.6432
vn 0.3933 -0.7063 0.5886
vn 0.3530 -0.7723 0.5282
vn 0.3092 -0.8308 0.4628
vn 0.2626 -0.8813 0.3929
vn 0.2133 -0.9233 0.3193
vn 0.1621 -0.9565 0.2425
vn 0.1092 -0.9805 0.1634
vn 0.0553 -0.9950 0.0828
vn 0.0469 0.9950 0.0878
vn 0.0927 0.9805 0.1734
vn 0.1375 0.9565 0.2572
vn 0.1810 0.9233 0.3386
vn 0.2228 0.8813 0.4168
vn 0.2624 0.8308 0.4909
vn 0.2995 0.7723 0.5603
vn 0.3337 0.7063 0.6243
vn 0.3647 0.6336 0.6823
vn 0.3922 0.5549 0.7337
vn 0.4159 0.4708 0.7781
vn 0.4356 0.3821 0.8150
vn 0.4512 0.2899 0.8441
vn 0.4624 0.1948 0.8650
vn 0.4691 0.0979 0.8777
vn 0.4714 -0.0000 0.8819
vn 0.4691 -0.0979 0.8777
vn 0.4624 -0.1948 0.8650
vn 0.4512 -0.2899 0.8441
vn 0.4356 -0.3821 0.8150
vn 0.4159 -0.4708 0.7781
vn 0.3922 -0.5549 0.7337
vn 0.3647 -0.6336 0.6823
vn 0.3337 -0.7063 0.6243
vn 0.2995 -0.7723 0.5603
vn 0.2624 -0.8308 0.4909
vn 0.2228 -0.8813 0.4168
vn 0.1810 -0.9233 0.3386
vn 0.1375 -0.9565 0.2572
vn 0.0927 -0.9805 0.1734
vn 0.0469 -0.9950 0.0878
vn 0.0381 0.9950 0.0920
vn 0.0752 0.9805 0.1816
vn 0.1116 0.9565 0.2695
vn 0.1469 0.9233 0.3548
vn 0.1809 0.8813 0.4366
vn 0.2130 0.8308 0.5143
vn 0.2431 0.7723 0.5869
vn 0.2709 0.7063 0.6540
vn 0.2961 0.6336 0.7147
vn 0.3184 0.5549 0.7686
vn 0.3376 0.4708 0.8151
vn 0.3536 0.3821 0.8538
vn 0.3663 0.2899 0.8842
vn 0.3754 0.1948 0.9062
vn 0.3808 0.0979 0.9194
vn 0.3827 -0.0000 0.9239
vn 0.3808 -0.0979 0.9194
vn 0.3754 -0.1948 0.9062
vn 0.3663 -0.2899 0.8842
vn 0.3536 -0.3821 0.8538
vn 0.3376 -0.4708 0.8151
vn 0.3184 -0.5549 0.7686
vn 0.2961 -0.6336 0.7147
vn 0.2709 -0.7063 0.6540
vn 0.2431 -0.7723 0.5869
vn 0.2130 -0.8308 0.5143
vn 0.1809 -0.8813 0.4366
vn 0.1469 -0.9233 0.3548
vn 0.1116 -0.9565 0.2695
vn 0.0752 -0.9805 0.1816
vn 0.0381 -0.9950 0.0920
vn 0.0289 0.9950 0.0952
vn 0.0571 0.9805 0.1881
vn 0.0847 0.9565 0.2791
vn 0.1115 0.9233 0.3675
vn 0.1372 0.8813 0.4522
vn 0.1616 0.8308 0.5327
vn 0.1844 0.7723 0.6080
vn 0.2055 0.7063 0.6774
vn 0.2246 0.6336 0.7403
vn 0.2415 0.5549 0.7961
vn 0.2561 0.4708 0.8443
vn 0.2683 0.3821 0.8843
vn 0.2778 0.2899 0.9159
vn 0.2847 0.1948 0.9386
vn 0.2889 0.0979 0.9523
vn 0.2903 -0.0000 0.9569
vn 0.2889 -0.0979 0.9523
vn 0.2847 -0.1948 0.9386
vn 0.2778 -0.2899 0.9159
vn 0.2683 -0.3821 0.8843
vn 0.2561 -0.4708 0.8443
vn 0.2415 -0.5549 0.7961
vn 0.2246 -0.6336 0.7403
vn 0.2055 -0.7063 0.6774
vn 0.1844 -0.7723 0.6080
vn 0.1616 -0.8308 0.5327
vn 0.1372 -0.8813 0.4522
vn 0.1115 -0.9233 0.3675
vn 0.0847 -0.9565 0.2791
vn 0.0571 -0.9805 0.1881
vn 0.0289 -0.9950 0.0952
vn 0.0194 0.9950 0.0976
vn 0.0383 0.9805 0.1928
vn 0.0569 0.9565 0.2861
vn 0.0749 0.9233 0.3766
vn 0.0922 0.8813 0.4635
vn 0.1086 0.8308 0.5459
vn 0.1239 0.7723 0.6231
vn 0.1381 0.7063 0.6943
vn 0.1509 0.6336 0.7588
vn 0.1623 0.5549 0.8160
vn 0.1721 0.4708 0.8653
vn 0.1803 0.3821 0.9063
vn 0.1867 0.2899 0.9387
vn 0.1914 0.1948 0.9620
vn 0.1942 0.0979 0.9761
vn 0.1951 -0.0000 0.9808
vn 0.1942 -0.0979 0.9761
vn 0.1914 -0.1948 0.9620
vn 0.1867 -0.2899 0.9387
vn 0.1803 -0.3821 0.9063
vn 0.1721 -0.4708 0.8653
vn 0.1623 -0.5549 0.8160
vn 0.1509 -0.6336 0.7588
vn 0.1381 -0.7063 0.6943
vn 0.1239 -0.7723 0.6231
vn 0.1086 -0.8308 0.5459
vn 0.0922 -0.8813 0.4635
vn 0.0749 -0.9233 0.3766
vn 0.0569 -0.9565 0.2861
vn 0.0383 -0.9805 0.1928
vn 0.0194 -0.9950 0.0976
vn 0.0098 0.9950 0.0991
vn 0.0193 0.9805 0.1956
vn 0.0286 0.9565 0.2903
vn 0.0376 0.9233 0.3821
vn 0.0463 0.8813 0.4703
vn 0.0546 0.8308 0.5539
vn 0.0623 0.7723 0.6322
vn 0.0694 0.7063 0.7045
vn 0.0758 0.6336 0.7699
vn 0.0815 0.5549 0.8279
vn 0.0865 0.4708 0.8780
vn 0.0906 0.3821 0.9197
vn 0.0938 0.2899 0.9525
vn 0.0961 0.1948 0.9761
vn 0.0975 0.0979 0.9904
vn 0.0980 -0.0000 0.9952
vn 0.0975 -0.0979 0.9904
vn 0.0961 -0.1948 0.9761
vn 0.0938 -0.2899 0.9525
vn 0.0906 -0.3821 0.9197
vn 0.0865 -0.4708 0.8780
vn 0.0815 -0.5549 0.8279
vn 0.0758 -0.6336 0.7699
vn 0.0694 -0.7063 0.7045
vn 0.0623 -0.7723 0.6322
vn 0.0546 -0.8308 0.5539
vn 0.0463 -0.8813 0.4703
vn 0.0376 -0.9233 0.3821
vn 0.0286 -0.9565 0.2903
vn 0.0193 -0.9805 0.1956
vn 0.0098 -0.9950 0.0991
vn -0.0000 -1.0000 -0.0000
vn -0.0000 0.9950 0.0995
vn -0.0000 0.9805 0.1966
vn -0.0000 0.9565 0.2917
vn -0.0000 0.9233 0.3840
vn -0.0000 0.8813 0.4726
vn -0.0000 0.8308 0.5566
vn -0.0000 0.7723 0.6353
vn -0.0000 0.7063 0.7079
vn -0.0000 0.6336 0.7736
vn -0.0000 0.5549 0.8319
vn -0.0000 0.4708 0.8823
vn -0.0000 0.3821 0.9241
vn -0.0000 0.2899 0.9571
vn -0.0000 0.1948 0.9808
vn -0.0000 0.0979 0.9952
vn -0.0000 -0.0000 1.0000
vn -0.0000 -0.0979 0.9952
vn -0.0000 -0.1948 0.9808
vn -0.0000 -0.2899 0.9571
vn -0.0000 -0.3821 0.9241
vn -0.0000 -0.4708 0.8823
vn -0.0000 -0.5549 0.8319
vn -0.0000 -0.6336 0.7736
vn -0.0000 -0.7063 0.7079
vn -0.0000 -0.7723 0.6353
vn -0.0000 -0.8308 0.5566
vn -0.0000 -0.8813 0.4726
vn -0.0000 -0.9233 0.3840
vn -0.0000 -0.9565 0.2917
vn -0.0000 -0.9805 0.1966
vn -0.0000 -0.9950 0.0995
vn -0.0098 0.9950 0.0991
vn -0.0193 0.9805 0.1956
vn -0.0286 0.9565 0.2903
vn -0.0376 0.9233 0.3821
vn -0.0463 0.8813 0.4703
vn -0.0546 0.8308 0.5539
vn -0.0623 0.7723 0.6322
vn -0.0694 0.7063 0.7045
vn -0.0758 0.6336 0.7699
vn -0.0815 0.5549 0.8279
vn -0.0865 0.4708 0.8780
vn -0.0906 0.3821 0.9197
vn -0.0938 0.2899 0.9525
vn -0.0961 0.1948 0.9761
vn -0.0975 0.0979 0.9904
vn -0.0980 -0.0000 0.9952
vn -0.0975 -0.0979 0.9904
vn -0.0961 -0.1948 0.9761
vn -0.0938 -0.2899 0.9525
vn -0.0906 -0.3821 0.9197
vn -0.0865 -0.4708 0.8780
vn -0.0815 -0.5549 0.8279
vn -0.0758 -0.6336 0.7699
vn -0.0694 -0.7063 0.7045
vn -0.0623 -0.7723 0.6322
vn -0.0546 -0.8308 0.5539
vn -0.0463 -0.8813 0.4703
vn -0.0376 -0.9233 0.3821
vn -0.0286 -0.9565 0.2903
vn -0.0193 -0.9805 0.1956
vn -0.0098 -0.9950 0.0991
vn -0.0194 0.9950 0.0976
vn -0.0383 0.9805 0.1928
vn -0.0569 0.9565 0.2861
vn -0.0749 0.9233 0.3766
vn -0.0922 0.8813 0.4635
vn -0.1086 0.8308 0.5459
vn -0.1239 0.7723 0.6231
vn -0.1381 0.7063 0.6943
vn -0.1509 0.6336 0.7588
vn -0.1623 0.5549 0.8160
vn -0.1721 0.4708 0.8653
vn -0.1803 0.3821 0.9063
vn -0.1867 0.2899 0.9387
vn -0.1914 0.1948 0.9620
vn -0.1942 0.0979 0.9761
vn -0.1951 -0.0000 0.9808
vn -0.1942 -0.0979 0.9761
vn -0.1914 -0.1948 0.9620
vn -0.1867 -0.2899 0.9387
vn -0.1803 -0.3821 0.9063
vn -0.1721 -0.4708 0.8653
vn -0.1623 -0.5549 0.8160
vn -0.1509 -0.6336 0.7588
vn -0.1381 -0.7063 0.6943
vn -0.1239 -0.7723 0.6231
vn -0.1086 -0.8308 0.5459
vn -0.0922 -0.8813 0.4635
vn -0.0749 -0.9233 0.3766
vn -0.0569 -0.9565 0.2861
vn -0.0383 -0.9805 0.1928
vn -0.0194 -0.9950 0.0976
vn -0.0289 0.9950 0.0952
vn -0.0571 0.9805 0.1881
vn -0.0847 0.9565 0.2791
vn -0.1115 0.9233 0.3675
vn -0.1372 0.8813 0.4522
vn -0.1616 0.8308 0.5327
vn -0.1844 0.7723 0.6080
vn -0.2055 0.7063 0.6774
vn -0.2246 0.6336 0.7403
vn -0.2415 0.5549 0.7961
vn -0.2561 0.4708 0.8443
vn -0.2683 0.3821 0.8843
vn -0.2778 0.2899 0.9159
vn -0.2847 0.1948 0.9386
vn -0.2889 0.0979 0.9523
vn -0.2903 -0.0000 0.9569
vn -0.2889 -0.0979 0.9523
vn -0.2847 -0.1948 0.9386
vn -0.2778 -0.2899 0.9159
vn -0.2683 -0.3821 0.8843
vn -0.2561 -0.4708 0.8443
vn -0.2415 -0.5549 0.7961
vn -0.2246 -0.6336 0.7403
vn -0.2055 -0.7063 0.6774
vn -0.1844 -0.7723 0.6080
vn -0.1616 -0.8308 0.5327
vn -0.1372 -0.8813 0.4522
vn -0.1115 -0.9233 0.3675
vn -0.0847 -0.9565 0.2791
vn -0.0571 -0.9805 0.1881
vn -0.0289 -0.9950 0.0952
vn -0.0381 0.9950 0.0920
vn -0.0752 0.9805 0.1816
vn -0.1116 0.9565 0.2695
vn -0.1469 0.9233 0.3548
vn -0.1809 0.8813 0.4366
vn -0.2130 0.8308 0.5143
vn -0.2431 0.7723 0.5869
vn -0.2709 0.7063 0.6540
vn -0.2961 0.6336 0.7147
vn -0.3184 0.5549 0.7686
vn -0.3376 0.4708 0.8151
vn -0.3536 0.3821 0.8538
vn -0.3663 0.2899 0.8842
vn -0.3754 0.1948 0.9062
vn -0.3808 0.0979 0.9194
vn -0.3827 -0.0000 0.9239
vn -0.3808 -0.0979 0.9194
vn -0.3754 -0.1948 0.9062
vn -0.3663 -0.2899 0.8842
vn -0.3536 -0.3821 0.8538
vn -0.3376 -0.4708 0.8151
vn -0.3184 -0.5549 0.7686
vn -0.2961 -0.6336 0.7147
vn -0.2709 -0.7063 0.6540
vn -0.2431 -0.7723 0.5869
vn -0.2130 -0.8308 0.5143
vn -0.1809 -0.8813 0.4366
vn -0.1469 -0.9233 0.3548
vn -0.1116 -0.9565 0.2695
vn -0.0752 -0.9805 0.1816
vn -0.0381 -0.9950 0.0920
vn -0.0469 0.9950 0.0878
vn -0.0927 0.9805 0.1734
vn -0.1375 0.9565 0.2572
vn -0.1810 0.9233 0.3386
vn -0.2228 0.8813 0.4168
vn -0.2624 0.8308 0.4909
vn -0.2995 0.7723 0.5603
vn -0.3337 0.7063 0.6243
vn -0.3647 0.6336 0.6823
vn -0.3922 0.5549 0.7337
vn -0.4159 0.4708 0.7781
vn -0.4356 0.3821 0.8150
vn -0.4512 0.2899 0.8441
vn -0.4624 0.1948 0.8650
vn -0.4691 0.0979 0.8777
vn -0.4714 -0.0000 0.8819
vn -0.4691 -0.0979 0.8777
vn -0.4624 -0.1948 0.8650
vn -0.4512 -0.2899 0.8441
vn -0.4356 -0.3821 0.8150
vn -0.4159 -0.4708 0.7781
vn -0.3922 -0.5549 0.7337
vn -0.3647 -0.6336 0.6823
vn -0.3337 -0.7063 0.6243
vn -0.2995 -0.7723 0.5603
vn -0.2624 -0.8308 0.4909
vn -0.2228 -0.8813 0.4168
vn -0.1810 -0.9233 0.3386
vn -0.1375 -0.9565 0.2572
vn -0.0927 -0.9805 0.1734
vn -0.0469 -0.9950 0.0878
vn -0.0553 0.9950 0.0828
vn -0.1092 0.9805 0.1634
vn -0.1621 0.9565 0.2425
vn -0.2133 0.9233 0.3193
vn -0.2626 0.8813 0.3929
vn -0.3092 0.8308 0.4628
vn -0.3530 0.7723 0.5282
vn -0.3933 0.7063 0.5886
vn -0.4298 0.6336 0.6432
vn -0.4622 0.5549 0.6917
vn -0.4902 0.4708 0.7336
vn -0.5134 0.3821 0.7684
vn -0.5317 0.2899 0.7958
vn -0.5449 0.1948 0.8155
vn -0.5529 0.0979 0.8275
vn -0.5556 -0.0000 0.8315
vn -0.5529 -0.0979 0.8275
vn -0.5449 -0.1948 0.8155
vn -0.5317 -0.2899 0.7958
vn -0.5134 -0.3821 0.7684
vn -0.4902 -0.4708 0.7336
vn -0.4622 -0.5549 0.6917
vn -0.4298 -0.6336 0.6432
vn -0.3933 -0.7063 0.5886
vn -0.3530 -0.7723 0.5282
vn -0.3092 -0.8308 0.4628
vn -0.2626 -0.8813 0.3929
vn -0.2133 -0.9233 0.3193
vn -0.1621 -0.9565 0.2425
vn -0.1092 -0.9805 0.1634
vn -0.0553 -0.9950 0.0828
vn -0.0631 0.9950 0.0769
vn -0.1247 0.9805 0.1519
vn -0.1850 0.9565 0.2255
vn -0.2436 0.9233 0.2968
vn -0.2998 0.8813 0.3653
vn -0.3531 0.8308 0.4303
vn -0.4030 0.7723 0.4911
vn -0.4491 0.7063 0.5472
vn -0.4908 0.6336 0.5980
vn -0.5278 0.5549 0.6431
vn -0.5597 0.4708 0.6820
vn -0.5862 0.3821 0.7143
vn -0.6072 0.2899 0.7398
vn -0.6222 0.1948 0.7582
vn -0.6313 0.0979 0.7693
vn -0.6344 -0.0000 0.7730
vn -0.6313 -0.0979 0.7693
vn -0.6222 -0.1948 0.7582
vn -0.6072 -0.2899 0.7398
vn -0.5862 -0.3821 0.7143
vn -0.5597 -0.4708 0.6820
vn -0.5278 -0.5549 0.6431
vn -0.4908 -0.6336 0.5980
vn -0.4491 -0.7063 0.5472
vn -0.4030 -0.7723 0.4911
vn -0.3531 -0.8308 0.4303
vn -0.2998 -0.8813 0.3653
vn -0.2436 -0.9233 0.2968
vn -0.1850 -0.9565 0.2255
vn -0.1247 -0.9805 0.1519
vn -0.0631 -0.9950 0.0769
vn -0.0704 0.9950 0.0704
vn -0.1390 0.9805 0.1390
vn -0.2063 0.9565 0.2063
vn -0.2715 0.9233 0.2715
vn -0.3342 0.8813 0.3342
vn -0.3936 0.8308 0.3936
vn -0.4492 0.7723 0.4492
vn -0.5005 0.7063 0.5005
vn -0.5470 0.6336 0.5470
vn -0.5883 0.5549 0.5883
vn -0.6239 0.4708 0.6239
vn -0.6534 0.3821 0.6534
vn -0.6767 0.2899 0.6767
vn -0.6936 0.1948 0.6936
vn -0.7037 0.0979 0.7037
vn -0.7071 -0.0000 0.7071
vn -0.7037 -0.0979 0.7037
vn -0.6936 -0.1948 0.6936
vn -0.6767 -0.2899 0.6768
vn -0.6534 -0.3821 0.6534
vn -0.6239 -0.4708 0.6239
vn -0.5883 -0.5549 0.5883
vn -0.5470 -0.6336 0.5470
vn -0.5005 -0.7063 0.5005
vn -0.4492 -0.7723 0.4492
vn -0.3936 -0.8308 0.3936
vn -0.3342 -0.8813 0.3342
vn -0.2715 -0.9233 0.2715
vn -0.2063 -0.9565 0.2063
vn -0.1390 -0.9805 0.1390
vn -0.0704 -0.9950 0.0704
vn -0.0769 0.9950 0.0631
vn -0.1519 0.9805 0.1247
vn -0.2255 0.9565 0.1850
vn -0.2968 0.9233 0.2436
vn -0.3653 0.8813 0.2998
vn -0.4303 0.8308 0.3531
vn -0.4911 0.7723 0.4030
vn -0.5472 0.7063 0.4491
vn -0.5980 0.6336 0.4908
vn -0.6431 0.5549 0.5278
vn -0.6820 0.4708 0.5597
vn -0.7143 0.3821 0.5862
vn -0.7398 0.2899 0.6072
vn -0.7582 0.1948 0.6222
vn -0.7693 0.0979 0.6313
vn -0.7730 -0.0000 0.6344
vn -0.7693 -0.0979 0.6313
vn -0.7582 -0.1948 0.6222
vn -0.7398 -0.2899 0.6072
vn -0.7143 -0.3821 0.5862
vn -0.6820 -0.4708 0.5597
vn -0.6431 -0.5549 0.5278
vn -0.5980 -0.6336 0.4908
vn -0.5472 -0.7063 0.4491
vn -0.4911 -0.7723 0.4030
vn -0.4303 -0.8308 0.3531
vn -0.3653 -0.8813 0.2998
vn -0.2968 -0.9233 0.2436
vn -0.2255 -0.9565 0.1850
vn -0.1519 -0.9805 0.1247
vn -0.0769 -0.9950 0.0631
vn -0.0828 0.9950 0.0553
vn -0.1634 0.9805 0.1092
vn -0.2425 0.9565 0.1621
vn -0.3193 0.9233 0.2133
vn -0.3929 0.8813 0.2626
vn -0.4628 0.8308 0.3092
vn -0.5282 0.7723 0.3530
vn -0.5886 0.7063 0.3933
vn -0.6432 0.6336 0.4298
vn -0.6917 0.5549 0.4622
vn -0.7336 0.4708 0.4902
vn -0.7684 0.3821 0.5134
vn -0.7958 0.2899 0.5317
vn -0.8155 0.1948 0.5449
vn -0.8275 0.0979 0.5529
vn -0.8315 -0.0000 0.5556
vn -0.8275 -0.0979 0.5529
vn -0.8155 -0.1948 0.5449
vn -0.7958 -0.2899 0.5317
vn -0.7684 -0.3821 0.5134
vn -0.7336 -0.4708 0.4902
vn -0.6917 -0.5549 0.4622
vn -0.6432 -0.6336 0.4298
vn -0.5886 -0.7063 0.3933
vn -0.5282 -0.7723 0.3530
vn -0.4628 -0.8308 0.3092
vn -0.3929 -0.8813 0.2626
vn -0.3193 -0.9233 0.2133
vn -0.2425 -0.9565 0.1621
vn -0.1634 -0.9805 0.1092
vn -0.0828 -0.9950 0.0553
vn -0.0878 0.9950 0.0469
vn -0.1734 0.9805 0.0927
vn -0.2572 0.9565 0.1375
vn -0.3386 0.9233 0.1810
vn -0.4168 0.8813 0.2228
vn -0.4909 0.8308 0.2624
vn -0.5603 0.7723 0.2995
vn -0.6243 0.7063 0.3337
vn -0.6823 0.6336 0.3647
vn -0.7337 0.5549 0.3922
vn -0.7781 0.4708 0.4159
vn -0.8150 0.3821 0.4356
vn -0.8441 0.2899 0.4512
vn -0.8650 0.1948 0.4624
vn -0.8777 0.0979 0.4691
vn -0.8819 -0.0000 0.4714
vn -0.8777 -0.0979 0.4691
vn -0.8650 -0.1948 0.4624
vn -0.8441 -0.2899 0.4512
vn -0.8150 -0.3821 0.4356
vn -0.7781 -0.4708 0.4159
vn -0.7337 -0.5549 0.3922
vn -0.6823 -0.6336 0.3647
vn -0.6243 -0.7063 0.3337
vn -0.5603 -0.7723 0.2995
vn -0.4909 -0.8308 0.2624
vn -0.4168 -0.8813 0.2228
vn -0.3386 -0.9233 0.1810
vn -0.2572 -0.9565 0.1375
vn -0.1734 -0.9805 0.0927
vn -0.0878 -0.9950 0.0469
vn -0.0920 0.9950 0.0381
vn -0.1816 0.9805 0.0752
vn -0.2695 0.9565 0.1116
vn -0.3548 0.9233 0.1469
vn -0.4366 0.8813 0.1809
vn -0.5143 0.8308 0.2130
vn -0.5869 0.7723 0.2431
vn -0.6540 0.7063 0.2709
vn -0.7147 0.6336 0.2961
vn -0.7686 0.5549 0.3184
vn -0.8151 0.4708 0.3376
vn -0.8538 0.3821 0.3536
vn -0.8842 0.2899 0.3663
vn -0.9062 0.1948 0.3754
vn -0.9194 0.0979 0.3808
vn -0.9239 -0.0000 0.3827
vn -0.9194 -0.0979 0.3808
vn -0.9062 -0.1948 0.3754
vn -0.8842 -0.2899 0.3663
vn -0.8538 -0.3821 0.3536
vn -0.8151 -0.4708 0.3376
vn -0.7686 -0.5549 0.3184
vn -0.7147 -0.6336 0.2961
vn -0.6540 -0.7063 0.2709
vn -0.5869 -0.7723 0.2431
vn -0.5143 -0.8308 0.2130
vn -0.4366 -0.8813 0.1809
vn -0.3548 -0.9233 0.1469
vn -0.2695 -0.9565 0.1116
vn -0.1816 -0.9805 0.0752
vn -0.0920 -0.9950 0.0381
vn -0.0952 0.9950 0.0289
vn -0.1881 0.9805 0.0571
vn -0.2791 0.9565 0.0847
vn -0.3675 0.9233 0.1115
vn -0.4522 0.8813 0.1372
vn -0.5327 0.8308 0.1616
vn -0.6080 0.7723 0.1844
vn -0.6774 0.7063 0.2055
vn -0.7403 0.6336 0.2246
vn -0.7961 0.5549 0.2415
vn -0.8443 0.4708 0.2561
vn -0.8843 0.3821 0.2683
vn -0.9159 0.2899 0.2778
vn -0.9386 0.1948 0.2847
vn -0.9523 0.0979 0.2889
vn -0.9569 -0.0000 0.2903
vn -0.9523 -0.0979 0.2889
vn -0.9386 -0.1948 0.2847
vn -0.9159 -0.2899 0.2778
vn -0.8843 -0.3821 0.2683
vn -0.8443 -0.4708 0.2561
vn -0.7961 -0.5549 0.2415
vn -0.7403 -0.6336 0.2246
vn -0.6774 -0.7063 0.2055
vn -0.6080 -0.7723 0.1844
vn -0.5327 -0.8308 0.1616
vn -0.4522 -0.8813 0.1372
vn -0.3675 -0.9233 0.1115
vn -0.2791 -0.9565 0.0847
vn -0.1881 -0.9805 0.0571
vn -0.0952 -0.9950 0.0289
vn -0.0976 0.9950 0.0194
vn -0.1928 0.9805 0.0383
vn -0.2861 0.9565 0.0569
vn -0.3766 0.9233 0.0749
vn -0.4635 0.8813 0.0922
vn -0.5459 0.8308 0.1086
vn -0.6231 0.7723 0.1239
vn -0.6943 0.7063 0.1381
vn -0.7588 0.6336 0.1509
vn -0.8160 0.5549 0.1623
vn -0.8653 0.4708 0.1721
vn -0.9063 0.3821 0.1803
vn -0.9387 0.2899 0.1867
vn -0.9620 0.1948 0.1914
vn -0.9761 0.0979 0.1942
vn -0.9808 -0.0000 0.1951
vn -0.9761 -0.0979 0.1942
vn -0.9620 -0.1948 0.1914
vn -0.9387 -0.2899 0.1867
vn -0.9063 -0.3821 0.1803
vn -0.8653 -0.4708 0.1721
vn -0.8160 -0.5549 0.1623
vn -0.7588 -0.6336 0.1509
vn -0.6943 -0.7063 0.1381
vn -0.6231 -0.7723 0.1239
vn -0.5459 -0.8308 0.1086
vn -0.4635 -0.8813 0.0922
vn -0.3766 -0.9233 0.0749
vn -0.2861 -0.9565 0.0569
vn -0.1928 -0.9805 0.0383
vn -0.0976 -0.9950 0.0194
vn -0.0000 1.0000 -0.0000
vn -0.0991 0.9950 0.0098
vn -0.1956 0.9805 0.0193
vn -0.2903 0.9565 0.0286
vn -0.3821 0.9233 0.0376
vn -0.4703 0.8813 0.0463
vn -0.5539 0.8308 0.0546
vn -0.6322 0.7723 0.0623
vn -0.7045 0.7063 0.0694
vn -0.7699 0.6336 0.0758
vn -0.8279 0.5549 0.0815
vn -0.8780 0.4708 0.0865
vn -0.9197 0.3821 0.0906
vn -0.9525 0.2899 0.0938
vn -0.9761 0.1948 0.0961
vn -0.9904 0.0979 0.0975
vn -0.9952 -0.0000 0.0980
vn -0.9904 -0.0979 0.0975
vn -0.9761 -0.1948 0.0961
vn -0.9525 -0.2899 0.0938
vn -0.9197 -0.3821 0.0906
vn -0.8780 -0.4708 0.0865
vn -0.8279 -0.5549 0.0815
vn -0.7699 -0.6336 0.0758
vn -0.7045 -0.7063 0.0694
vn -0.6322 -0.7723 0.0623
vn -0.5539 -0.8308 0.0546
vn -0.4703 -0.8813 0.0463
vn -0.3821 -0.9233 0.0376
vn -0.2903 -0.9565 0.0286
vn -0.1956 -0.9805 0.0193
vn -0.0991 -0.9950 0.0098
vn -0.0995 0.9950 -0.0000
vn -0.1966 0.9805 -0.0000
vn -0.2917 0.9565 -0.0000
vn -0.3840 0.9233 -0.0000
vn -0.4726 0.8813 -0.0000
vn -0.5566 0.8308 -0.0000
vn -0.6353 0.7723 -0.0000
vn -0.7079 0.7063 -0.0000
vn -0.7736 0.6336 -0.0000
vn -0.8319 0.5549 -0.0000
vn -0.8823 0.4708 -0.0000
vn -0.9241 0.3821 -0.0000
vn -0.9571 0.2899 -0.0000
vn -0.9808 0.1948 -0.0000
vn -0.9952 0.0979 -0.0000
vn -1.0000 -0.0000 -0.0000
vn -0.9952 -0.0979 -0.0000
vn -0.9808 -0.1948 -0.0000
vn -0.9571 -0.2899 -0.0000
vn -0.9241 -0.3821 -0.0000
vn -0.8823 -0.4708 -0.0000
vn -0.8319 -0.5549 -0.0000
vn -0.7736 -0.6336 -0.0000
vn -0.7079 -0.7063 -0.0000
vn -0.6353 -0.7723 -0.0000
vn -0.5566 -0.8308 -0.0000
vn -0.4726 -0.8813 -0.0000
vn -0.3840 -0.9233 -0.0000
vn -0.2917 -0.9565 -0.0000
vn -0.1966 -0.9805 -0.0000
vn -0.0995 -0.9950 -0.0000
vn -0.0991 0.9950 -0.0098
vn -0.1956 0.9805 -0.0193
vn -0.2903 0.9565 -0.0286
vn -0.3821 0.9233 -0.0376
vn -0.4703 0.8813 -0.0463
vn -0.5539 0.8308 -0.0546
vn -0.6322 0.7723 -0.0623
vn -0.7045 0.7063 -0.0694
vn -0.7699 0.6336 -0.0758
vn -0.8279 0.5549 -0.0815
vn -0.8780 0.4708 -0.0865
vn -0.9197 0.3821 -0.0906
vn -0.9525 0.2899 -0.0938
vn -0.9761 0.1948 -0.0961
vn -0.9904 0.0979 -0.0975
vn -0.9952 -0.0000 -0.0980
vn -0.9904 -0.0979 -0.0975
vn -0.9761 -0.1948 -0.0961
vn -0.9525 -0.2899 -0.0938
vn -0.9197 -0.3821 -0.0906
vn -0.8780 -0.4708 -0.0865
vn -0.8279 -0.5549 -0.0815
vn -0.7699 -0.6336 -0.0758
vn -0.7045 -0.7063 -0.0694
vn -0.6322 -0.7723 -0.0623
vn -0.5539 -0.8308 -0.0546
vn -0.4703 -0.8813 -0.0463
vn -0.3821 -0.9233 -0.0376
vn -0.2903 -0.9565 -0.0286
vn -0.1956 -0.9805 -0.0193
vn -0.0991 -0.9950 -0.0098
vn -0.0976 0.9950 -0.0194
vn -0.1928 0.9805 -0.0383
vn -0.2861 0.9565 -0.0569
vn -0.3766 0.9233 -0.0749
vn -0.4635 0.8813 -0.0922
vn -0.5459 0.8308 -0.1086
vn -0.6231 0.7723 -0.1239
vn -0.6943 0.7063 -0.1381
vn -0.7588 0.6336 -0.1509
vn -0.8160 0.5549 -0.1623
vn -0.8653 0.4708 -0.1721
vn -0.9063 0.3821 -0.1803
vn -0.9387 0.2899 -0.1867
vn -0.9620 0.1948 -0.1914
vn -0.9761 0.0979 -0.1942
vn -0.9808 -0.0000 -0.1951
vn -0.9761 -0.0979 -0.1942
vn -0.9620 -0.1948 -0.1914
vn -0.9387 -0.2899 -0.1867
vn -0.9063 -0.3821 -0.1803
vn -0.8653 -0.4708 -0.1721
vn -0.8160 -0.5549 -0.1623
vn -0.7588 -0.6336 -0.1509
vn -0.6943 -0.7063 -0.1381
vn -0.6231 -0.7723 -0.1239
vn -0.5459 -0.8308 -0.1086
vn -0.4635 -0.8813 -0.0922
vn -0.3766 -0.9233 -0.0749
vn -0.2861 -0.9565 -0.0569
vn -0.1928 -0.9805 -0.0383
vn -0.0976 -0.9950 -0.0194
vn -0.0952 0.9950 -0.0289
vn -0.1881 0.9805 -0.0571
vn -0.2791 0.9565 -0.0847
vn -0.3675 0.9233 -0.1115
vn -0.4522 0.8813 -0.1372
vn -0.5327 0.8308 -0.1616
vn -0.6080 0.7723 -0.1844
vn -0.6774 0.7063 -0.2055
vn -0.7403 0.6336 -0.2246
vn -0.7961 0.5549 -0.2415
vn -0.8443 0.4708 -0.2561
vn -0.8843 0.3821 -0.2683
vn -0.9159 0.2899 -0.2778
vn -0.9386 0.1948 -0.2847
vn -0.9523 0.0979 -0.2889
vn -0.9569 -0.0000 -0.2903
vn -0.9523 -0.0979 -0.2889
vn -0.9386 -0.1948 -0.2847
vn -0.9159 -0.2899 -0.2778
vn -0.8843 -0.3821 -0.2683
vn -0.8443 -0.4708 -0.2561
vn -0.7961 -0.5549 -0.2415
vn -0.7403 -0.6336 -0.2246
vn -0.6774 -0.7063 -0.2055
vn -0.6080 -0.7723 -0.1844
vn -0.5327 -0.8308 -0.1616
vn -0.4522 -0.8813 -0.1372
vn -0.3675 -0.9233 -0.1115
vn -0.2791 -0.9565 -0.0847
vn -0.1881 -0.9805 -0.0571
vn -0.0952 -0.9950 -0.0289
vn -0.0920 0.9950 -0.0381
vn -0.1816 0.9805 -0.0752
vn -0.2695 0.9565 -0.1116
vn -0.3548 0.9233 -0.1469
vn -0.4366 0.8813 -0.1809
vn -0.5143 0.8308 -0.2130
vn -0.5869 0.7723 -0.2431
vn -0.6540 0.7063 -0.2709
vn -0.7147 0.6336 -0.2961
vn -0.7686 0.5549 -0.3184
vn -0.8151 0.4708 -0.3376
vn -0.8538 0.3821 -0.3536
vn -0.8842 0.2899 -0.3663
vn -0.9062 0.1948 -0.3754
vn -0.9194 0.0979 -0.3808
vn -0.9239 -0.0000 -0.3827
vn -0.9194 -0.0979 -0.3808
vn -0.9062 -0.1948 -0.3754
vn -0.8842 -0.2899 -0.3663
vn -0.8538 -0.3821 -0.3536
vn -0.8151 -0.4708 -0.3376
vn -0.7686 -0.5549 -0.3184
vn -0.7147 -0.6336 -0.2961
vn -0.6540 -0.7063 -0.2709
vn -0.5869 -0.7723 -0.2431
vn -0.5143 -0.8308 -0.2130
vn -0.4366 -0.8813 -0.1809
vn -0.3548 -0.9233 -0.1469
vn -0.2695 -0.9565 -0.1116
vn -0.1816 -0.9805 -0.0752
vn -0.0920 -0.9950 -0.0381
vn -0.0878 0.9950 -0.0469
vn -0.1734 0.9805 -0.0927
vn -0.2572 0.9565 -0.1375
vn -0.3386 0.9233 -0.1810
vn -0.4168 0.8813 -0.2228
vn -0.4909 0.8308 -0.2624
vn -0.5603 0.7723 -0.2995
vn -0.6243 0.7063 -0.3337
vn -0.6823 0.6336 -0.3647
vn -0.7337 0.5549 -0.3922
vn -0.7781 0.4708 -0.4159
vn -0.8150 0.3821 -0.4356
vn -0.8441 0.2899 -0.4512
vn -0.8650 0.1948 -0.4624
vn -0.8777 0.0979 -0.4691
vn -0.8819 -0.0000 -0.4714
vn -0.8777 -0.0979 -0.4691
vn -0.8650 -0.1948 -0.4624
vn -0.8441 -0.2899 -0.4512
vn -0.8150 -0.3821 -0.4356
vn -0.7781 -0.4708 -0.4159
vn -0.7337 -0.5549 -0.3922
vn -0.6823 -0.6336 -0.3647
vn -0.6243 -0.7063 -0.3337
vn -0.5603 -0.7723 -0.2995
vn -0.4909 -0.8308 -0.2624
vn -0.4168 -0.8813 -0.2228
vn -0.3386 -0.9233 -0.1810
vn -0.2572 -0.9565 -0.1375
vn -0.1734 -0.9805 -0.0927
vn -0.0878 -0.9950 -0.0469
vn -0.0828 0.9950 -0.0553
vn -0.1634 0.9805 -0.1092
vn -0.2425 0.9565 -0.1621
vn -0.3193 0.9233 -0.2133
vn -0.3929 0.8813 -0.2626
vn -0.4628 0.8308 -0.3092
vn -0.5282 0.7723 -0.3530
vn -0.5886 0.7063 -0.3933
vn -0.6432 0.6336 -0.4298
vn -0.6917 0.5549 -0.4622
vn -0.7336 0.4708 -0.4902
vn -0.7684 0.3821 -0.5134
vn -0.7958 0.2899 -0.5317
vn -0.8155 0.1948 -0.5449
vn -0.8275 0.0979 -0.5529
vn -0.8315 -0.0000 -0.5556
vn -0.8275 -0.0979 -0.5529
vn -0.8155 -0.1948 -0.5449
vn -0.7958 -0.2899 -0.5317
vn -0.7684 -0.3821 -0.5134
vn -0.7336 -0.4708 -0.4902
vn -0.6917 -0.5549 -0.4622
vn -0.6432 -0.6336 -0.4298
vn -0.5886 -0.7063 -0.3933
vn -0.5282 -0.7723 -0.3530
vn -0.4628 -0.8308 -0.3092
vn -0.3929 -0.8813 -0.2626
vn -0.3193 -0.9233 -0.2133
vn -0.2425 -0.9565 -0.1621
vn -0.1634 -0.9805 -0.1092
vn -0.0828 -0.9950 -0.0553
vn -0.0769 0.9950 -0.0631
vn -0.1519 0.9805 -0.1247
vn -0.2255 0.9565 -0.1850
vn -0.2968 0.9233 -0.2436
vn -0.3653 0.8813 -0.2998
vn -0.4303 0.8308 -0.3531
vn -0.4911 0.7723 -0.4030
vn -0.5472 0.7063 -0.4491
vn -0.5980 0.6336 -0.4908
vn -0.6431 0.5549 -0.5278
vn -0.6820 0.4708 -0.5597
vn -0.7143 0.3821 -0.5862
vn -0.7398 0.2899 -0.6072
vn -0.7582 0.1948 -0.6222
vn -0.7693 0.0979 -0.6313
vn -0.7730 -0.0000 -0.6344
vn -0.7693 -0.0979 -0.6313
vn -0.7582 -0.1948 -0.6222
vn -0.7398 -0.2899 -0.6072
vn -0.7143 -0.3821 -0.5862
vn -0.6820 -0.4708 -0.5597
vn -0.6431 -0.5549 -0.5278
vn -0.5980 -0.6336 -0.4908
vn -0.5472 -0.7063 -0.4491
vn -0.4911 -0.7723 -0.4030
vn -0.4303 -0.8308 -0.3531
vn -0.3653 -0.8813 -0.2998
vn -0.2968 -0.9233 -0.2436
vn -0.2255 -0.9565 -0.1850
vn -0.1519 -0.9805 -0.1247
vn -0.0769 -0.9950 -0.0631
vn -0.0704 0.9950 -0.0704
vn -0.1390 0.9805 -0.1390
vn -0.2063 0.9565 -0.2063
vn -0.2715 0.9233 -0.2715
vn -0.3342 0.8813 -0.3342
vn -0.3936 0.8308 -0.3936
vn -0.4492 0.7723 -0.4492
vn -0.5005 0.7063 -0.5005
vn -0.5470 0.6336 -0.5470
vn -0.5883 0.5549 -0.5883
vn -0.6239 0.4708 -0.6239
vn -0.6534 0.3821 -0.6534
vn -0.6767 0.2899 -0.6767
vn -0.6936 0.1948 -0.6936
vn -0.7037 0.0979 -0.7037
vn -0.7071 -0.0000 -0.7071
vn -0.7037 -0.0979 -0.7037
vn -0.6936 -0.1948 -0.6936
vn -0.6767 -0.2899 -0.6767
vn -0.6534 -0.3821 -0.6534
vn -0.6239 -0.4708 -0.6239
vn -0.5883 -0.5549 -0.5883
vn -0.5470 -0.6336 -0.5470
vn -0.5005 -0.7063 -0.5005
vn -0.4492 -0.7723 -0.4492
vn -0.3936 -0.8308 -0.3936
vn -0.3342 -0.8813 -0.3342
vn -0.2715 -0.9233 -0.2715
vn -0.2063 -0.9565 -0.2063
vn -0.1390 -0.9805 -0.1390
vn -0.0704 -0.9950 -0.0704
vn -0.0631 0.9950 -0.0769
vn -0.1247 0.9805 -0.1519
vn -0.1850 0.9565 -0.2255
vn -0.2436 0.9233 -0.2968
vn -0.2998 0.8813 -0.3653
vn -0.3531 0.8308 -0.4303
vn -0.4030 0.7723 -0.4911
vn -0.4491 0.7063 -0.5472
vn -0.4908 0.6336 -0.5980
vn -0.5278 0.5549 -0.6431
vn -0.5597 0.4708 -0.6820
vn -0.5862 0.3821 -0.7143
vn -0.6072 0.2899 -0.7398
vn -0.6222 0.1948 -0.7582
vn -0.6313 0.0979 -0.7693
vn -0.6344 -0.0000 -0.7730
vn -0.6313 -0.0979 -0.7693
vn -0.6222 -0.1948 -0.7582
vn -0.6072 -0.2899 -0.7398
vn -0.5862 -0.3821 -0.7143
vn -0.5597 -0.4708 -0.6820
vn -0.5278 -0.5549 -0.6431
vn -0.4908 -0.6336 -0.5980
vn -0.4491 -0.7063 -0.5472
vn -0.4030 -0.7723 -0.4911
vn -0.3531 -0.8308 -0.4303
vn -0.2998 -0.8813 -0.3653
vn -0.2436 -0.9233 -0.2968
vn -0.1850 -0.9565 -0.2255
vn -0.1247 -0.9805 -0.1519
vn -0.0631 -0.9950 -0.0769
vn -0.0553 0.9950 -0.0828
vn -0.1092 0.9805 -0.1634
vn -0.1621 0.9565 -0.2425
vn -0.2133 0.9233 -0.3193
vn -0.2626 0.8813 -0.3929
vn -0.3092 0.8308 -0.4628
vn -0.3530 0.7723 -0.5282
vn -0.3933 0.7063 -0.5886
vn -0.4298 0.6336 -0.6432
vn -0.4622 0.5549 -0.6917
vn -0.4902 0.4708 -0.7336
vn -0.5134 0.3821 -0.7684
vn -0.5317 0.2899 -0.7958
vn -0.5449 0.1948 -0.8155
vn -0.5529 0.0979 -0.8275
vn -0.5556 -0.0000 -0.8315
vn -0.5529 -0.0979 -0.8275
vn -0.5449 -0.1948 -0.8155
vn -0.5317 -0.2899 -0.7958
vn -0.5134 -0.3821 -0.7684
vn -0.4902 -0.4708 -0.7336
vn -0.4622 -0.5549 -0.6917
vn -0.4298 -0.6336 -0.6432
vn -0.3933 -0.7063 -0.5886
vn -0.3530 -0.7723 -0.5282
vn -0.3092 -0.8308 -0.4628
vn -0.2626 -0.8813 -0.3929
vn -0.2133 -0.9233 -0.3193
vn -0.1621 -0.9565 -0.2425
vn -0.1092 -0.9805 -0.1634
vn -0.0553 -0.9950 -0.0828
vn -0.0469 0.9950 -0.0878
vn -0.0927 0.9805 -0.1734
vn -0.1375 0.9565 -0.2572
vn -0.1810 0.9233 -0.3386
vn -0.2228 0.8813 -0.4168
vn -0.2624 0.8308 -0.4909
vn -0.2995 0.7723 -0.5603
vn -0.3337 0.7063 -0.6243
vn -0.3647 0.6336 -0.6823
vn -0.3922 0.5549 -0.7337
vn -0.4159 0.4708 -0.7781
vn -0.4356 0.3821 -0.8150
vn -0.4512 0.2899 -0.8441
vn -0.4624 0.1948 -0.8650
vn -0.4691 0.0979 -0.8777
vn -0.4714 -0.0000 -0.8819
vn -0.4691 -0.0979 -0.8777
vn -0.4624 -0.1948 -0.8650
vn -0.4512 -0.2899 -0.8441
vn -0.4356 -0.3821 -0.8150
vn -0.4159 -0.4708 -0.7781
vn -0.3922 -0.5549 -0.7337
vn -0.3647 -0.6336 -0.6823
vn -0.3337 -0.7063 -0.6243
vn -0.2995 -0.7723 -0.5603
vn -0.2624 -0.8308 -0.4909
vn -0.2228 -0.8813 -0.4168
vn -0.1810 -0.9233 -0.3386
vn -0.1375 -0.9565 -0.2572
vn -0.0927 -0.9805 -0.1734
vn -0.0469 -0.9950 -0.0878
vn -0.0381 0.9950 -0.0920
vn -0.0752 0.9805 -0.1816
vn -0.1116 0.9565 -0.2695
vn -0.1469 0.9233 -0.3548
vn -0.1809 0.8813 -0.4366
vn -0.2130 0.8308 -0.5143
vn -0.2431 0.7723 -0.5869
vn -0.2709 0.7063 -0.6540
vn -0.2961 0.6336 -0.7147
vn -0.3184 0.5549 -0.7686
vn -0.3376 0.4708 -0.8151
vn -0.3536 0.3821 -0.8538
vn -0.3663 0.2899 -0.8842
vn -0.3754 0.1948 -0.9062
vn -0.3808 0.0979 -0.9194
vn -0.3827 -0.0000 -0.9239
vn -0.3808 -0.0979 -0.9194
vn -0.3754 -0.1948 -0.9062
vn -0.3663 -0.2899 -0.8842
vn -0.3536 -0.3821 -0.8538
vn -0.3376 -0.4708 -0.8151
vn -0.3184 -0.5549 -0.7686
vn -0.2961 -0.6336 -0.7147
vn -0.2709 -0.7063 -0.6540
vn -0.2431 -0.7723 -0.5869
vn -0.2130 -0.8308 -0.5143
vn -0.1809 -0.8813 -0.4366
vn -0.1469 -0.9233 -0.3548
vn -0.1116 -0.9565 -0.2695
vn -0.0752 -0.9805 -0.1816
vn -0.0381 -0.9950 -0.0920
vn -0.0289 0.9950 -0.0952
vn -0.0571 0.9805 -0.1881
vn -0.0847 0.9565 -0.2791
vn -0.1115 0.9233 -0.3675
vn -0.1372 0.8813 -0.4522
vn -0.1616 0.8308 -0.5327
vn -0.1844 0.7723 -0.6080
vn -0.2055 0.7063 -0.6774
vn -0.2246 0.6336 -0.7403
vn -0.2415 0.5549 -0.7961
vn -0.2561 0.4708 -0.8443
vn -0.2683 0.3821 -0.8843
vn -0.2778 0.2899 -0.9159
vn -0.2847 0.1948 -0.9386
vn -0.2889 0.0979 -0.9523
vn -0.2903 -0.0000 -0.9569
vn -0.2889 -0.0979 -0.9523
vn -0.2847 -0.1948 -0.9386
vn -0.2778 -0.2899 -0.9159
vn -0.2683 -0.3821 -0.8843
vn -0.2561 -0.4708 -0.8443
vn -0.2415 -0.5549 -0.7961
vn -0.2246 -0.6336 -0.7403
vn -0.2055 -0.7063 -0.6774
vn -0.1844 -0.7723 -0.6080
vn -0.1616 -0.8308 -0.5327
vn -0.1372 -0.8813 -0.4522
vn -0.1115 -0.9233 -0.3675
vn -0.0847 -0.9565 -0.2791
vn -0.0571 -0.9805 -0.1881
vn -0.0289 -0.9950 -0.0952
vn -0.0194 0.9950 -0.0976
vn -0.0383 0.9805 -0.1928
vn -0.0569 0.9565 -0.2861
vn -0.0749 0.9233 -0.3766
vn -0.0922 0.8813 -0.4635
vn -0.1086 0.8308 -0.5459
vn -0.1239 0.7723 -0.6231
vn -0.1381 0.7063 -0.6943
vn -0.1509 0.6336 -0.7588
vn -0.1623 0.5549 -0.8160
vn -0.1721 0.4708 -0.8653
vn -0.1803 0.3821 -0.9063
vn -0.1867 0.2899 -0.9387
vn -0.1914 0.1948 -0.9620
vn -0.1942 0.0979 -0.9761
vn -0.1951 -0.0000 -0.9808
vn -0.1942 -0.0979 -0.9761
vn -0.1914 -0.1948 -0.9620
vn -0.1867 -0.2899 -0.9387
vn -0.1803 -0.3821 -0.9063
vn -0.1721 -0.4708 -0.8653
vn -0.1623 -0.5549 -0.8160
vn -0.1509 -0.6336 -0.7588
vn -0.1381 -0.7063 -0.6943
vn -0.1239 -0.7723 -0.6231
vn -0.1086 -0.8308 -0.5459
vn -0.0922 -0.8813 -0.4635
vn -0.0749 -0.9233 -0.3766
vn -0.0569 -0.9565 -0.2861
vn -0.0383 -0.9805 -0.1928
vn -0.0194 -0.9950 -0.0976
vn -0.0098 0.9950 -0.0991
vn -0.0193 0.9805 -0.1956
vn -0.0286 0.9565 -0.2903
vn -0.0376 0.9233 -0.3821
vn -0.0463 0.8813 -0.4703
vn -0.0546 0.8308 -0.5539
vn -0.0623 0.7723 -0.6322
vn -0.0694 0.7063 -0.7045
vn -0.0758 0.6336 -0.7699
vn -0.0815 0.5549 -0.8279
vn -0.0865 0.4708 -0.8780
vn -0.0906 0.3821 -0.9197
vn -0.0938 0.2899 -0.9525
vn -0.0961 0.1948 -0.9761
vn -0.0975 0.0979 -0.9904
vn -0.0980 -0.0000 -0.9952
vn -0.0975 -0.0979 -0.9904
vn -0.0961 -0.1948 -0.9761
vn -0.0938 -0.2899 -0.9525
vn -0.0906 -0.3821 -0.9197
vn -0.0865 -0.4708 -0.8780
vn -0.0815 -0.5549 -0.8279
vn -0.0758 -0.6336 -0.7699
vn -0.0694 -0.7063 -0.7045
vn -0.0623 -0.7723 -0.6322
vn -0.0546 -0.8308 -0.5539
vn -0.0463 -0.8813 -0.4703
vn -0.0376 -0.9233 -0.3821
vn -0.0286 -0.9565 -0.2903
vn -0.0193 -0.9805 -0.1956
vn -0.0098 -0.9950 -0.0991
vn -0.0000 0.9805 -0.1966
vn -0.0000 0.8813 -0.4726
vn -0.0000 0.8308 -0.5566
vn -0.0000 0.5549 -0.8319
vn -0.0000 0.3821 -0.9241
vn -0.0000 -0.1948 -0.9808
vn -0.0000 -0.2899 -0.9571
vn -0.0000 -0.4708 -0.8823
vn -0.0000 -0.5549 -0.8319
vn -0.0000 -0.6336 -0.7736
vn -0.0000 -0.7063 -0.7079
vn -0.0000 -0.8308 -0.5566
vn -0.0000 -0.8813 -0.4726
vn -0.0000 -0.9805 -0.1966
vt 0.750000 0.812500
vt 0.750000 0.843750
vt 0.734375 0.843750
vt 0.734375 0.812500
vt 0.750000 0.375000
vt 0.750000 0.406250
vt 0.734375 0.406250
vt 0.734375 0.375000
vt 0.750000 0.781250
vt 0.734375 0.781250
vt 0.750000 0.343750
vt 0.734375 0.343750
vt 0.750000 0.750000
vt 0.734375 0.750000
vt 0.750000 0.312500
vt 0.734375 0.312500
vt 0.750000 0.718750
vt 0.734375 0.718750
vt 0.750000 0.281250
vt 0.734375 0.281250
vt 0.750000 0.687500
vt 0.734375 0.687500
vt 0.750000 0.250000
vt 0.734375 0.250000
vt 0.750000 0.656250
vt 0.734375 0.656250
vt 0.750000 0.218750
vt 0.734375 0.218750
vt 0.750000 0.625000
vt 0.734375 0.625000
vt 0.750000 0.187500
vt 0.734375 0.187500
vt 0.750000 0.593750
vt 0.734375 0.593750
vt 0.750000 0.156250
vt 0.734375 0.156250
vt 0.750000 0.562500
vt 0.734375 0.562500
vt 0.750000 0.968750
vt 0.742188 1.000000
vt 0.734375 0.968750
vt 0.750000 0.125000
vt 0.734375 0.125000
vt 0.750000 0.531250
vt 0.734375 0.531250
vt 0.750000 0.937500
vt 0.734375 0.937500
vt 0.750000 0.093750
vt 0.734375 0.093750
vt 0.750000 0.500000
vt 0.734375 0.500000
vt 0.750000 0.906250
vt 0.734375 0.906250
vt 0.750000 0.062500
vt 0.734375 0.062500
vt 0.750000 0.468750
vt 0.734375 0.468750
vt 0.750000 0.875000
vt 0.734375 0.875000
vt 0.750000 0.031250
vt 0.734375 0.031250
vt 0.750000 0.437500
vt 0.734375 0.437500
vt 0.742188 0.000000
vt 0.718750 0.593750
vt 0.718750 0.562500
vt 0.726562 1.000000
vt 0.718750 0.968750
vt 0.718750 0.156250
vt 0.718750 0.125000
vt 0.718750 0.531250
vt 0.718750 0.937500
vt 0.718750 0.093750
vt 0.718750 0.500000
vt 0.718750 0.906250
vt 0.718750 0.062500
vt 0.718750 0.468750
vt 0.718750 0.875000
vt 0.718750 0.031250
vt 0.718750 0.437500
vt 0.718750 0.843750
vt 0.726562 0.000000
vt 0.718750 0.406250
vt 0.718750 0.812500
vt 0.718750 0.375000
vt 0.718750 0.781250
vt 0.718750 0.343750
vt 0.718750 0.750000
vt 0.718750 0.312500
vt 0.718750 0.718750
vt 0.718750 0.281250
vt 0.718750 0.687500
vt 0.718750 0.250000
vt 0.718750 0.656250
vt 0.718750 0.218750
vt 0.718750 0.625000
vt 0.718750 0.187500
vt 0.703125 0.531250
vt 0.703125 0.500000
vt 0.703125 0.937500
vt 0.703125 0.906250
vt 0.703125 0.093750
vt 0.703125 0.062500
vt 0.703125 0.468750
vt 0.703125 0.875000
vt 0.703125 0.031250
vt 0.703125 0.437500
vt 0.703125 0.843750
vt 0.710937 0.000000
vt 0.703125 0.406250
vt 0.703125 0.812500
vt 0.703125 0.375000
vt 0.703125 0.781250
vt 0.703125 0.343750
vt 0.703125 0.750000
vt 0.703125 0.312500
vt 0.703125 0.718750
vt 0.703125 0.281250
vt 0.703125 0.687500
vt 0.703125 0.250000
vt 0.703125 0.656250
vt 0.703125 0.218750
vt 0.703125 0.625000
vt 0.703125 0.187500
vt 0.703125 0.593750
vt 0.703125 0.156250
vt 0.703125 0.562500
vt 0.710938 1.000000
vt 0.703125 0.968750
vt 0.703125 0.125000
vt 0.687500 0.468750
vt 0.687500 0.437500
vt 0.687500 0.875000
vt 0.687500 0.843750
vt 0.695312 0.000000
vt 0.687500 0.031250
vt 0.687500 0.406250
vt 0.687500 0.812500
vt 0.687500 0.375000
vt 0.687500 0.781250
vt 0.687500 0.343750
vt 0.687500 0.750000
vt 0.687500 0.312500
vt 0.687500 0.718750
vt 0.687500 0.281250
vt 0.687500 0.687500
vt 0.687500 0.250000
vt 0.687500 0.656250
vt 0.687500 0.218750
vt 0.687500 0.625000
vt 0.687500 0.187500
vt 0.687500 0.593750
vt 0.687500 0.156250
vt 0.687500 0.562500
vt 0.695312 1.000000
vt 0.687500 0.968750
vt 0.687500 0.125000
vt 0.687500 0.531250
vt 0.687500 0.937500
vt 0.687500 0.093750
vt 0.687500 0.500000
vt 0.687500 0.906250
vt 0.687500 0.062500
vt 0.671875 0.406250
vt 0.671875 0.375000
vt 0.671875 0.812500
vt 0.671875 0.781250
vt 0.671875 0.343750
vt 0.671875 0.750000
vt 0.671875 0.312500
vt 0.671875 0.718750
vt 0.671875 0.281250
vt 0.671875 0.687500
vt 0.671875 0.250000
vt 0.671875 0.656250
vt 0.671875 0.218750
vt 0.671875 0.625000
vt 0.671875 0.187500
vt 0.671875 0.593750
vt 0.671875 0.156250
vt 0.671875 0.562500
vt 0.679688 1.000000
vt 0.671875 0.968750
vt 0.671875 0.125000
vt 0.671875 0.531250
vt 0.671875 0.937500
vt 0.671875 0.093750
vt 0.671875 0.500000
vt 0.671875 0.906250
vt 0.671875 0.062500
vt 0.671875 0.468750
vt 0.671875 0.875000
vt 0.671875 0.031250
vt 0.671875 0.437500
vt 0.671875 0.843750
vt 0.679687 0.000000
vt 0.656250 0.343750
vt 0.656250 0.312500
vt 0.656250 0.750000
vt 0.656250 0.718750
vt 0.656250 0.281250
vt 0.656250 0.687500
vt 0.656250 0.250000
vt 0.656250 0.656250
vt 0.656250 0.218750
vt 0.656250 0.625000
vt 0.656250 0.187500
vt 0.656250 0.593750
vt 0.656250 0.156250
vt 0.656250 0.562500
vt 0.664062 1.000000
vt 0.656250 0.968750
vt 0.656250 0.125000
vt 0.656250 0.531250
vt 0.656250 0.937500
vt 0.656250 0.093750
vt 0.656250 0.500000
vt 0.656250 0.906250
vt 0.656250 0.062500
vt 0.656250 0.468750
vt 0.656250 0.875000
vt 0.656250 0.031250
vt 0.656250 0.437500
vt 0.656250 0.843750
vt 0.664062 0.000000
vt 0.656250 0.406250
vt 0.656250 0.812500
vt 0.656250 0.375000
vt 0.656250 0.781250
vt 0.640625 0.281250
vt 0.640625 0.250000
vt 0.640625 0.687500
vt 0.640625 0.656250
vt 0.640625 0.218750
vt 0.640625 0.625000
vt 0.640625 0.187500
vt 0.640625 0.593750
vt 0.640625 0.156250
vt 0.640625 0.562500
vt 0.648437 1.000000
vt 0.640625 0.968750
vt 0.640625 0.125000
vt 0.640625 0.531250
vt 0.640625 0.937500
vt 0.640625 0.093750
vt 0.640625 0.500000
vt 0.640625 0.906250
vt 0.640625 0.062500
vt 0.640625 0.468750
vt 0.640625 0.875000
vt 0.640625 0.031250
vt 0.640625 0.437500
vt 0.640625 0.843750
vt 0.648437 0.000000
vt 0.640625 0.406250
vt 0.640625 0.812500
vt 0.640625 0.375000
vt 0.640625 0.781250
vt 0.640625 0.343750
vt 0.640625 0.750000
vt 0.640625 0.312500
vt 0.640625 0.718750
vt 0.625000 0.218750
vt 0.625000 0.187500
vt 0.625000 0.625000
vt 0.625000 0.593750
vt 0.625000 0.156250
vt 0.625000 0.562500
vt 0.632812 1.000000
vt 0.625000 0.968750
vt 0.625000 0.125000
vt 0.625000 0.531250
vt 0.625000 0.937500
vt 0.625000 0.093750
vt 0.625000 0.500000
vt 0.625000 0.906250
vt 0.625000 0.062500
vt 0.625000 0.468750
vt 0.625000 0.875000
vt 0.625000 0.031250
vt 0.625000 0.437500
vt 0.625000 0.843750
vt 0.632812 0.000000
vt 0.625000 0.406250
vt 0.625000 0.812500
vt 0.625000 0.375000
vt 0.625000 0.781250
vt 0.625000 0.343750
vt 0.625000 0.750000
vt 0.625000 0.312500
vt 0.625000 0.718750
vt 0.625000 0.281250
vt 0.625000 0.687500
vt 0.625000 0.250000
vt 0.625000 0.656250
vt 0.609375 0.156250
vt 0.609375 0.125000
vt 0.609375 0.562500
vt 0.609375 0.531250
vt 0.609375 0.968750
vt 0.609375 0.937500
vt 0.609375 0.093750
vt 0.609375 0.500000
vt 0.609375 0.906250
vt 0.609375 0.062500
vt 0.609375 0.468750
vt 0.609375 0.875000
vt 0.609375 0.031250
vt 0.609375 0.437500
vt 0.609375 0.843750
vt 0.617187 0.000000
vt 0.609375 0.406250
vt 0.609375 0.812500
vt 0.609375 0.375000
vt 0.609375 0.781250
vt 0.609375 0.343750
vt 0.609375 0.750000
vt 0.609375 0.312500
vt 0.609375 0.718750
vt 0.609375 0.281250
vt 0.609375 0.687500
vt 0.609375 0.250000
vt 0.609375 0.656250
vt 0.609375 0.218750
vt 0.609375 0.625000
vt 0.609375 0.187500
vt 0.609375 0.593750
vt 0.617187 1.000000
vt 0.593750 0.093750
vt 0.593750 0.062500
vt 0.593750 0.500000
vt 0.593750 0.468750
vt 0.593750 0.906250
vt 0.593750 0.875000
vt 0.593750 0.031250
vt 0.593750 0.437500
vt 0.593750 0.843750
vt 0.601562 0.000000
vt 0.593750 0.406250
vt 0.593750 0.812500
vt 0.593750 0.375000
vt 0.593750 0.781250
vt 0.593750 0.343750
vt 0.593750 0.750000
vt 0.593750 0.312500
vt 0.593750 0.718750
vt 0.593750 0.281250
vt 0.593750 0.687500
vt 0.593750 0.250000
vt 0.593750 0.656250
vt 0.593750 0.218750
vt 0.593750 0.625000
vt 0.593750 0.187500
vt 0.593750 0.593750
vt 0.593750 0.156250
vt 0.593750 0.562500
vt 0.601562 1.000000
vt 0.593750 0.968750
vt 0.593750 0.125000
vt 0.593750 0.531250
vt 0.593750 0.937500
vt 0.585937 0.000000
vt 0.578125 0.031250
vt 0.578125 0.437500
vt 0.578125 0.406250
vt 0.578125 0.843750
vt 0.578125 0.812500
vt 0.578125 0.375000
vt 0.578125 0.781250
vt 0.578125 0.343750
vt 0.578125 0.750000
vt 0.578125 0.312500
vt 0.578125 0.718750
vt 0.578125 0.281250
vt 0.578125 0.687500
vt 0.578125 0.250000
vt 0.578125 0.656250
vt 0.578125 0.218750
vt 0.578125 0.625000
vt 0.578125 0.187500
vt 0.578125 0.593750
vt 0.578125 0.156250
vt 0.578125 0.562500
vt 0.585937 1.000000
vt 0.578125 0.968750
vt 0.578125 0.125000
vt 0.578125 0.531250
vt 0.578125 0.937500
vt 0.578125 0.093750
vt 0.578125 0.500000
vt 0.578125 0.906250
vt 0.578125 0.062500
vt 0.578125 0.468750
vt 0.578125 0.875000
vt 0.562500 0.375000
vt 0.562500 0.343750
vt 0.562500 0.781250
vt 0.562500 0.750000
vt 0.562500 0.312500
vt 0.562500 0.718750
vt 0.562500 0.281250
vt 0.562500 0.687500
vt 0.562500 0.250000
vt 0.562500 0.656250
vt 0.562500 0.218750
vt 0.562500 0.625000
vt 0.562500 0.187500
vt 0.562500 0.593750
vt 0.562500 0.156250
vt 0.562500 0.562500
vt 0.570312 1.000000
vt 0.562500 0.968750
vt 0.562500 0.125000
vt 0.562500 0.531250
vt 0.562500 0.937500
vt 0.562500 0.093750
vt 0.562500 0.500000
vt 0.562500 0.906250
vt 0.562500 0.062500
vt 0.562500 0.468750
vt 0.562500 0.875000
vt 0.562500 0.031250
vt 0.562500 0.437500
vt 0.562500 0.843750
vt 0.570312 0.000000
vt 0.562500 0.406250
vt 0.562500 0.812500
vt 0.546875 0.312500
vt 0.546875 0.281250
vt 0.546875 0.718750
vt 0.546875 0.687500
vt 0.546875 0.250000
vt 0.546875 0.656250
vt 0.546875 0.218750
vt 0.546875 0.625000
vt 0.546875 0.187500
vt 0.546875 0.593750
vt 0.546875 0.156250
vt 0.546875 0.562500
vt 0.554687 1.000000
vt 0.546875 0.968750
vt 0.546875 0.125000
vt 0.546875 0.531250
vt 0.546875 0.937500
vt 0.546875 0.093750
vt 0.546875 0.500000
vt 0.546875 0.906250
vt 0.546875 0.062500
vt 0.546875 0.468750
vt 0.546875 0.875000
vt 0.546875 0.031250
vt 0.546875 0.437500
vt 0.546875 0.843750
vt 0.554687 0.000000
vt 0.546875 0.406250
vt 0.546875 0.812500
vt 0.546875 0.375000
vt 0.546875 0.781250
vt 0.546875 0.343750
vt 0.546875 0.750000
vt 0.531250 0.250000
vt 0.531250 0.218750
vt 0.531250 0.656250
vt 0.531250 0.625000
vt 0.531250 0.187500
vt 0.531250 0.593750
vt 0.531250 0.156250
vt 0.531250 0.562500
vt 0.539062 1.000000
vt 0.531250 0.968750
vt 0.531250 0.125000
vt 0.531250 0.531250
vt 0.531250 0.937500
vt 0.531250 0.093750
vt 0.531250 0.500000
vt 0.531250 0.906250
vt 0.531250 0.062500
vt 0.531250 0.468750
vt 0.531250 0.875000
vt 0.531250 0.031250
vt 0.531250 0.437500
vt 0.531250 0.843750
vt 0.539062 0.000000
vt 0.531250 0.406250
vt 0.531250 0.812500
vt 0.531250 0.375000
vt 0.531250 0.781250
vt 0.531250 0.343750
vt 0.531250 0.750000
vt 0.531250 0.312500
vt 0.531250 0.718750
vt 0.531250 0.281250
vt 0.531250 0.687500
vt 0.515625 0.187500
vt 0.515625 0.156250
vt 0.515625 0.593750
vt 0.515625 0.562500
vt 0.523437 1.000000
vt 0.515625 0.968750
vt 0.515625 0.125000
vt 0.515625 0.531250
vt 0.515625 0.937500
vt 0.515625 0.093750
vt 0.515625 0.500000
vt 0.515625 0.906250
vt 0.515625 0.062500
vt 0.515625 0.468750
vt 0.515625 0.875000
vt 0.515625 0.031250
vt 0.515625 0.437500
vt 0.515625 0.843750
vt 0.523437 0.000000
vt 0.515625 0.406250
vt 0.515625 0.812500
vt 0.515625 0.375000
vt 0.515625 0.781250
vt 0.515625 0.343750
vt 0.515625 0.750000
vt 0.515625 0.312500
vt 0.515625 0.718750
vt 0.515625 0.281250
vt 0.515625 0.687500
vt 0.515625 0.250000
vt 0.515625 0.656250
vt 0.515625 0.218750
vt 0.515625 0.625000
vt 0.500000 0.968750
vt 0.500000 0.937500
vt 0.500000 0.125000
vt 0.500000 0.093750
vt 0.500000 0.531250
vt 0.500000 0.500000
vt 0.500000 0.906250
vt 0.500000 0.062500
vt 0.500000 0.468750
vt 0.500000 0.875000
vt 0.500000 0.031250
vt 0.500000 0.437500
vt 0.500000 0.843750
vt 0.507812 0.000000
vt 0.500000 0.406250
vt 0.500000 0.812500
vt 0.500000 0.375000
vt 0.500000 0.781250
vt 0.500000 0.343750
vt 0.500000 0.750000
vt 0.500000 0.312500
vt 0.500000 0.718750
vt 0.500000 0.281250
vt 0.500000 0.687500
vt 0.500000 0.250000
vt 0.500000 0.656250
vt 0.500000 0.218750
vt 0.500000 0.625000
vt 0.500000 0.187500
vt 0.500000 0.593750
vt 0.500000 0.156250
vt 0.500000 0.562500
vt 0.507812 1.000000
vt 0.484375 0.906250
vt 0.484375 0.875000
vt 0.484375 0.062500
vt 0.484375 0.031250
vt 0.484375 0.468750
vt 0.484375 0.437500
vt 0.484375 0.843750
vt 0.492187 0.000000
vt 0.484375 0.406250
vt 0.484375 0.812500
vt 0.484375 0.375000
vt 0.484375 0.781250
vt 0.484375 0.343750
vt 0.484375 0.750000
vt 0.484375 0.312500
vt 0.484375 0.718750
vt 0.484375 0.281250
vt 0.484375 0.687500
vt 0.484375 0.250000
vt 0.484375 0.656250
vt 0.484375 0.218750
vt 0.484375 0.625000
vt 0.484375 0.187500
vt 0.484375 0.593750
vt 0.484375 0.156250
vt 0.484375 0.562500
vt 0.492187 1.000000
vt 0.484375 0.968750
vt 0.484375 0.125000
vt 0.484375 0.531250
vt 0.484375 0.937500
vt 0.484375 0.093750
vt 0.484375 0.500000
vt 0.468750 0.843750
vt 0.468750 0.812500
vt 0.468750 0.406250
vt 0.468750 0.375000
vt 0.468750 0.781250
vt 0.468750 0.343750
vt 0.468750 0.750000
vt 0.468750 0.312500
vt 0.468750 0.718750
vt 0.468750 0.281250
vt 0.468750 0.687500
vt 0.468750 0.250000
vt 0.468750 0.656250
vt 0.468750 0.218750
vt 0.468750 0.625000
vt 0.468750 0.187500
vt 0.468750 0.593750
vt 0.468750 0.156250
vt 0.468750 0.562500
vt 0.476562 1.000000
vt 0.468750 0.968750
vt 0.468750 0.125000
vt 0.468750 0.531250
vt 0.468750 0.937500
vt 0.468750 0.093750
vt 0.468750 0.500000
vt 0.468750 0.906250
vt 0.468750 0.062500
vt 0.468750 0.468750
vt 0.468750 0.875000
vt 0.468750 0.031250
vt 0.468750 0.437500
vt 0.476562 0.000000
vt 0.453125 0.781250
vt 0.453125 0.750000
vt 0.453125 0.343750
vt 0.453125 0.312500
vt 0.453125 0.718750
vt 0.453125 0.281250
vt 0.453125 0.687500
vt 0.453125 0.250000
vt 0.453125 0.656250
vt 0.453125 0.218750
vt 0.453125 0.625000
vt 0.453125 0.187500
vt 0.453125 0.593750
vt 0.453125 0.156250
vt 0.453125 0.562500
vt 0.460937 1.000000
vt 0.453125 0.968750
vt 0.453125 0.125000
vt 0.453125 0.531250
vt 0.453125 0.937500
vt 0.453125 0.093750
vt 0.453125 0.500000
vt 0.453125 0.906250
vt 0.453125 0.062500
vt 0.453125 0.468750
vt 0.453125 0.875000
vt 0.453125 0.031250
vt 0.453125 0.437500
vt 0.453125 0.843750
vt 0.460937 0.000000
vt 0.453125 0.406250
vt 0.453125 0.812500
vt 0.453125 0.375000
vt 0.437500 0.718750
vt 0.437500 0.687500
vt 0.437500 0.281250
vt 0.437500 0.250000
vt 0.437500 0.656250
vt 0.437500 0.218750
vt 0.437500 0.625000
vt 0.437500 0.187500
vt 0.437500 0.593750
vt 0.437500 0.156250
vt 0.437500 0.562500
vt 0.445312 1.000000
vt 0.437500 0.968750
vt 0.437500 0.125000
vt 0.437500 0.531250
vt 0.437500 0.937500
vt 0.437500 0.093750
vt 0.437500 0.500000
vt 0.437500 0.906250
vt 0.437500 0.062500
vt 0.437500 0.468750
vt 0.437500 0.875000
vt 0.437500 0.031250
vt 0.437500 0.437500
vt 0.437500 0.843750
vt 0.445312 0.000000
vt 0.437500 0.406250
vt 0.437500 0.812500
vt 0.437500 0.375000
vt 0.437500 0.781250
vt 0.437500 0.343750
vt 0.437500 0.750000
vt 0.437500 0.312500
vt 0.421875 0.656250
vt 0.421875 0.625000
vt 0.421875 0.218750
vt 0.421875 0.187500
vt 0.421875 0.593750
vt 0.421875 0.156250
vt 0.421875 0.562500
vt 0.429687 1.000000
vt 0.421875 0.968750
vt 0.421875 0.125000
vt 0.421875 0.531250
vt 0.421875 0.937500
vt 0.421875 0.093750
vt 0.421875 0.500000
vt 0.421875 0.906250
vt 0.421875 0.062500
vt 0.421875 0.468750
vt 0.421875 0.875000
vt 0.421875 0.031250
vt 0.421875 0.437500
vt 0.421875 0.843750
vt 0.429687 0.000000
vt 0.421875 0.406250
vt 0.421875 0.812500
vt 0.421875 0.375000
vt 0.421875 0.781250
vt 0.421875 0.343750
vt 0.421875 0.750000
vt 0.421875 0.312500
vt 0.421875 0.718750
vt 0.421875 0.281250
vt 0.421875 0.687500
vt 0.421875 0.250000
vt 0.406250 0.593750
vt 0.406250 0.562500
vt 0.414062 1.000000
vt 0.406250 0.968750
vt 0.406250 0.156250
vt 0.406250 0.125000
vt 0.406250 0.531250
vt 0.406250 0.937500
vt 0.406250 0.093750
vt 0.406250 0.500000
vt 0.406250 0.906250
vt 0.406250 0.062500
vt 0.406250 0.468750
vt 0.406250 0.875000
vt 0.406250 0.031250
vt 0.406250 0.437500
vt 0.406250 0.843750
vt 0.414062 0.000000
vt 0.406250 0.406250
vt 0.406250 0.812500
vt 0.406250 0.375000
vt 0.406250 0.781250
vt 0.406250 0.343750
vt 0.406250 0.750000
vt 0.406250 0.312500
vt 0.406250 0.718750
vt 0.406250 0.281250
vt 0.406250 0.687500
vt 0.406250 0.250000
vt 0.406250 0.656250
vt 0.406250 0.218750
vt 0.406250 0.625000
vt 0.406250 0.187500
vt 0.390625 0.531250
vt 0.390625 0.500000
vt 0.390625 0.937500
vt 0.390625 0.906250
vt 0.390625 0.093750
vt 0.390625 0.062500
vt 0.390625 0.468750
vt 0.390625 0.875000
vt 0.390625 0.031250
vt 0.390625 0.437500
vt 0.390625 0.843750
vt 0.398437 0.000000
vt 0.390625 0.406250
vt 0.390625 0.812500
vt 0.390625 0.375000
vt 0.390625 0.781250
vt 0.390625 0.343750
vt 0.390625 0.750000
vt 0.390625 0.312500
vt 0.390625 0.718750
vt 0.390625 0.281250
vt 0.390625 0.687500
vt 0.390625 0.250000
vt 0.390625 0.656250
vt 0.390625 0.218750
vt 0.390625 0.625000
vt 0.390625 0.187500
vt 0.390625 0.593750
vt 0.390625 0.156250
vt 0.390625 0.562500
vt 0.398437 1.000000
vt 0.390625 0.968750
vt 0.390625 0.125000
vt 0.375000 0.468750
vt 0.375000 0.437500
vt 0.375000 0.875000
vt 0.375000 0.843750
vt 0.382812 0.000000
vt 0.375000 0.031250
vt 0.375000 0.406250
vt 0.375000 0.812500
vt 0.375000 0.375000
vt 0.375000 0.781250
vt 0.375000 0.343750
vt 0.375000 0.750000
vt 0.375000 0.312500
vt 0.375000 0.718750
vt 0.375000 0.281250
vt 0.375000 0.687500
vt 0.375000 0.250000
vt 0.375000 0.656250
vt 0.375000 0.218750
vt 0.375000 0.625000
vt 0.375000 0.187500
vt 0.375000 0.593750
vt 0.375000 0.156250
vt 0.375000 0.562500
vt 0.382812 1.000000
vt 0.375000 0.968750
vt 0.375000 0.125000
vt 0.375000 0.531250
vt 0.375000 0.937500
vt 0.375000 0.093750
vt 0.375000 0.500000
vt 0.375000 0.906250
vt 0.375000 0.062500
vt 0.359375 0.406250
vt 0.359375 0.375000
vt 0.359375 0.812500
vt 0.359375 0.781250
vt 0.359375 0.343750
vt 0.359375 0.750000
vt 0.359375 0.312500
vt 0.359375 0.718750
vt 0.359375 0.281250
vt 0.359375 0.687500
vt 0.359375 0.250000
vt 0.359375 0.656250
vt 0.359375 0.218750
vt 0.359375 0.625000
vt 0.359375 0.187500
vt 0.359375 0.593750
vt 0.359375 0.156250
vt 0.359375 0.562500
vt 0.367187 1.000000
vt 0.359375 0.968750
vt 0.359375 0.125000
vt 0.359375 0.531250
vt 0.359375 0.937500
vt 0.359375 0.093750
vt 0.359375 0.500000
vt 0.359375 0.906250
vt 0.359375 0.062500
vt 0.359375 0.468750
vt 0.359375 0.875000
vt 0.359375 0.031250
vt 0.359375 0.437500
vt 0.359375 0.843750
vt 0.367187 0.000000
vt 0.343750 0.343750
vt 0.343750 0.312500
vt 0.343750 0.750000
vt 0.343750 0.718750
vt 0.343750 0.281250
vt 0.343750 0.687500
vt 0.343750 0.250000
vt 0.343750 0.656250
vt 0.343750 0.218750
vt 0.343750 0.625000
vt 0.343750 0.187500
vt 0.343750 0.593750
vt 0.343750 0.156250
vt 0.343750 0.562500
vt 0.351562 1.000000
vt 0.343750 0.968750
vt 0.343750 0.125000
vt 0.343750 0.531250
vt 0.343750 0.937500
vt 0.343750 0.093750
vt 0.343750 0.500000
vt 0.343750 0.906250
vt 0.343750 0.062500
vt 0.343750 0.468750
vt 0.343750 0.875000
vt 0.343750 0.031250
vt 0.343750 0.437500
vt 0.343750 0.843750
vt 0.351562 0.000000
vt 0.343750 0.406250
vt 0.343750 0.812500
vt 0.343750 0.375000
vt 0.343750 0.781250
vt 0.328125 0.312500
vt 0.328125 0.281250
vt 0.328125 0.718750
vt 0.328125 0.687500
vt 0.328125 0.250000
vt 0.328125 0.656250
vt 0.328125 0.218750
vt 0.328125 0.625000
vt 0.328125 0.187500
vt 0.328125 0.593750
vt 0.328125 0.156250
vt 0.328125 0.562500
vt 0.335937 1.000000
vt 0.328125 0.968750
vt 0.328125 0.125000
vt 0.328125 0.531250
vt 0.328125 0.937500
vt 0.328125 0.093750
vt 0.328125 0.500000
vt 0.328125 0.906250
vt 0.328125 0.062500
vt 0.328125 0.468750
vt 0.328125 0.875000
vt 0.328125 0.031250
vt 0.328125 0.437500
vt 0.328125 0.843750
vt 0.335937 0.000000
vt 0.328125 0.406250
vt 0.328125 0.812500
vt 0.328125 0.375000
vt 0.328125 0.781250
vt 0.328125 0.343750
vt 0.328125 0.750000
vt 0.312500 0.250000
vt 0.312500 0.218750
vt 0.312500 0.656250
vt 0.312500 0.625000
vt 0.312500 0.187500
vt 0.312500 0.593750
vt 0.312500 0.156250
vt 0.312500 0.562500
vt 0.320312 1.000000
vt 0.312500 0.968750
vt 0.312500 0.125000
vt 0.312500 0.531250
vt 0.312500 0.937500
vt 0.312500 0.093750
vt 0.312500 0.500000
vt 0.312500 0.906250
vt 0.312500 0.062500
vt 0.312500 0.468750
vt 0.312500 0.875000
vt 0.312500 0.031250
vt 0.312500 0.437500
vt 0.312500 0.843750
vt 0.320312 0.000000
vt 0.312500 0.406250
vt 0.312500 0.812500
vt 0.312500 0.375000
vt 0.312500 0.781250
vt 0.312500 0.343750
vt 0.312500 0.750000
vt 0.312500 0.312500
vt 0.312500 0.718750
vt 0.312500 0.281250
vt 0.312500 0.687500
vt 0.296875 0.187500
vt 0.296875 0.156250
vt 0.296875 0.593750
vt 0.296875 0.562500
vt 0.304687 1.000000
vt 0.296875 0.968750
vt 0.296875 0.125000
vt 0.296875 0.531250
vt 0.296875 0.937500
vt 0.296875 0.093750
vt 0.296875 0.500000
vt 0.296875 0.906250
vt 0.296875 0.062500
vt 0.296875 0.468750
vt 0.296875 0.875000
vt 0.296875 0.031250
vt 0.296875 0.437500
vt 0.296875 0.843750
vt 0.304687 0.000000
vt 0.296875 0.406250
vt 0.296875 0.812500
vt 0.296875 0.375000
vt 0.296875 0.781250
vt 0.296875 0.343750
vt 0.296875 0.750000
vt 0.296875 0.312500
vt 0.296875 0.718750
vt 0.296875 0.281250
vt 0.296875 0.687500
vt 0.296875 0.250000
vt 0.296875 0.656250
vt 0.296875 0.218750
vt 0.296875 0.625000
vt 0.281250 0.968750
vt 0.281250 0.937500
vt 0.281250 0.125000
vt 0.281250 0.093750
vt 0.281250 0.531250
vt 0.281250 0.500000
vt 0.281250 0.906250
vt 0.281250 0.062500
vt 0.281250 0.468750
vt 0.281250 0.875000
vt 0.281250 0.031250
vt 0.281250 0.437500
vt 0.281250 0.843750
vt 0.289062 0.000000
vt 0.281250 0.406250
vt 0.281250 0.812500
vt 0.281250 0.375000
vt 0.281250 0.781250
vt 0.281250 0.343750
vt 0.281250 0.750000
vt 0.281250 0.312500
vt 0.281250 0.718750
vt 0.281250 0.281250
vt 0.281250 0.687500
vt 0.281250 0.250000
vt 0.281250 0.656250
vt 0.281250 0.218750
vt 0.281250 0.625000
vt 0.281250 0.187500
vt 0.281250 0.593750
vt 0.281250 0.156250
vt 0.281250 0.562500
vt 0.289062 1.000000
vt 0.265625 0.906250
vt 0.265625 0.875000
vt 0.265625 0.062500
vt 0.265625 0.031250
vt 0.265625 0.468750
vt 0.265625 0.437500
vt 0.265625 0.843750
vt 0.273437 0.000000
vt 0.265625 0.406250
vt 0.265625 0.812500
vt 0.265625 0.375000
vt 0.265625 0.781250
vt 0.265625 0.343750
vt 0.265625 0.750000
vt 0.265625 0.312500
vt 0.265625 0.718750
vt 0.265625 0.281250
vt 0.265625 0.687500
vt 0.265625 0.250000
vt 0.265625 0.656250
vt 0.265625 0.218750
vt 0.265625 0.625000
vt 0.265625 0.187500
vt 0.265625 0.593750
vt 0.265625 0.156250
vt 0.265625 0.562500
vt 0.273437 1.000000
vt 0.265625 0.968750
vt 0.265625 0.125000
vt 0.265625 0.531250
vt 0.265625 0.937500
vt 0.265625 0.093750
vt 0.265625 0.500000
vt 0.250000 0.843750
vt 0.250000 0.812500
vt 0.250000 0.406250
vt 0.250000 0.375000
vt 0.250000 0.781250
vt 0.250000 0.343750
vt 0.250000 0.750000
vt 0.250000 0.312500
vt 0.250000 0.718750
vt 0.250000 0.281250
vt 0.250000 0.687500
vt 0.250000 0.250000
vt 0.250000 0.656250
vt 0.250000 0.218750
vt 0.250000 0.625000
vt 0.250000 0.187500
vt 0.250000 0.593750
vt 0.250000 0.156250
vt 0.250000 0.562500
vt 0.257812 1.000000
vt 0.250000 0.968750
vt 0.250000 0.125000
vt 0.250000 0.531250
vt 0.250000 0.937500
vt 0.250000 0.093750
vt 0.250000 0.500000
vt 0.250000 0.906250
vt 0.250000 0.062500
vt 0.250000 0.468750
vt 0.250000 0.875000
vt 0.250000 0.031250
vt 0.250000 0.437500
vt 0.257812 0.000000
vt 0.234375 0.781250
vt 0.234375 0.750000
vt 0.234375 0.343750
vt 0.234375 0.312500
vt 0.234375 0.718750
vt 0.234375 0.281250
vt 0.234375 0.687500
vt 0.234375 0.250000
vt 0.234375 0.656250
vt 0.234375 0.218750
vt 0.234375 0.625000
vt 0.234375 0.187500
vt 0.234375 0.593750
vt 0.234375 0.156250
vt 0.234375 0.562500
vt 0.242187 1.000000
vt 0.234375 0.968750
vt 0.234375 0.125000
vt 0.234375 0.531250
vt 0.234375 0.937500
vt 0.234375 0.093750
vt 0.234375 0.500000
vt 0.234375 0.906250
vt 0.234375 0.062500
vt 0.234375 0.468750
vt 0.234375 0.875000
vt 0.234375 0.031250
vt 0.234375 0.437500
vt 0.234375 0.843750
vt 0.242188 0.000000
vt 0.234375 0.406250
vt 0.234375 0.812500
vt 0.234375 0.375000
vt 0.218750 0.718750
vt 0.218750 0.687500
vt 0.218750 0.281250
vt 0.218750 0.250000
vt 0.218750 0.656250
vt 0.218750 0.218750
vt 0.218750 0.625000
vt 0.218750 0.187500
vt 0.218750 0.593750
vt 0.218750 0.156250
vt 0.218750 0.562500
vt 0.226562 1.000000
vt 0.218750 0.968750
vt 0.218750 0.125000
vt 0.218750 0.531250
vt 0.218750 0.937500
vt 0.218750 0.093750
vt 0.218750 0.500000
vt 0.218750 0.906250
vt 0.218750 0.062500
vt 0.218750 0.468750
vt 0.218750 0.875000
vt 0.218750 0.031250
vt 0.218750 0.437500
vt 0.218750 0.843750
vt 0.226563 0.000000
vt 0.218750 0.406250
vt 0.218750 0.812500
vt 0.218750 0.375000
vt 0.218750 0.781250
vt 0.218750 0.343750
vt 0.218750 0.750000
vt 0.218750 0.312500
vt 0.203125 0.656250
vt 0.203125 0.625000
vt 0.203125 0.218750
vt 0.203125 0.187500
vt 0.203125 0.593750
vt 0.203125 0.156250
vt 0.203125 0.562500
vt 0.210938 1.000000
vt 0.203125 0.968750
vt 0.203125 0.125000
vt 0.203125 0.531250
vt 0.203125 0.937500
vt 0.203125 0.093750
vt 0.203125 0.500000
vt 0.203125 0.906250
vt 0.203125 0.062500
vt 0.203125 0.468750
vt 0.203125 0.875000
vt 0.203125 0.031250
vt 0.203125 0.437500
vt 0.203125 0.843750
vt 0.210938 0.000000
vt 0.203125 0.406250
vt 0.203125 0.812500
vt 0.203125 0.375000
vt 0.203125 0.781250
vt 0.203125 0.343750
vt 0.203125 0.750000
vt 0.203125 0.312500
vt 0.203125 0.718750
vt 0.203125 0.281250
vt 0.203125 0.687500
vt 0.203125 0.250000
vt 0.187500 0.593750
vt 0.187500 0.562500
vt 0.195313 1.000000
vt 0.187500 0.968750
vt 0.187500 0.156250
vt 0.187500 0.125000
vt 0.187500 0.531250
vt 0.187500 0.937500
vt 0.187500 0.093750
vt 0.187500 0.500000
vt 0.187500 0.906250
vt 0.187500 0.062500
vt 0.187500 0.468750
vt 0.187500 0.875000
vt 0.187500 0.031250
vt 0.187500 0.437500
vt 0.187500 0.843750
vt 0.195313 0.000000
vt 0.187500 0.406250
vt 0.187500 0.812500
vt 0.187500 0.375000
vt 0.187500 0.781250
vt 0.187500 0.343750
vt 0.187500 0.750000
vt 0.187500 0.312500
vt 0.187500 0.718750
vt 0.187500 0.281250
vt 0.187500 0.687500
vt 0.187500 0.250000
vt 0.187500 0.656250
vt 0.187500 0.218750
vt 0.187500 0.625000
vt 0.187500 0.187500
vt 0.171875 0.531250
vt 0.171875 0.500000
vt 0.171875 0.937500
vt 0.171875 0.906250
vt 0.171875 0.093750
vt 0.171875 0.062500
vt 0.171875 0.468750
vt 0.171875 0.875000
vt 0.171875 0.031250
vt 0.171875 0.437500
vt 0.171875 0.843750
vt 0.179688 0.000000
vt 0.171875 0.406250
vt 0.171875 0.812500
vt 0.171875 0.375000
vt 0.171875 0.781250
vt 0.171875 0.343750
vt 0.171875 0.750000
vt 0.171875 0.312500
vt 0.171875 0.718750
vt 0.171875 0.281250
vt 0.171875 0.687500
vt 0.171875 0.250000
vt 0.171875 0.656250
vt 0.171875 0.218750
vt 0.171875 0.625000
vt 0.171875 0.187500
vt 0.171875 0.593750
vt 0.171875 0.156250
vt 0.171875 0.562500
vt 0.179688 1.000000
vt 0.171875 0.968750
vt 0.171875 0.125000
vt 0.156250 0.468750
vt 0.156250 0.437500
vt 0.156250 0.875000
vt 0.156250 0.843750
vt 0.164063 0.000000
vt 0.156250 0.031250
vt 0.156250 0.406250
vt 0.156250 0.812500
vt 0.156250 0.375000
vt 0.156250 0.781250
vt 0.156250 0.343750
vt 0.156250 0.750000
vt 0.156250 0.312500
vt 0.156250 0.718750
vt 0.156250 0.281250
vt 0.156250 0.687500
vt 0.156250 0.250000
vt 0.156250 0.656250
vt 0.156250 0.218750
vt 0.156250 0.625000
vt 0.156250 0.187500
vt 0.156250 0.593750
vt 0.156250 0.156250
vt 0.156250 0.562500
vt 0.164063 1.000000
vt 0.156250 0.968750
vt 0.156250 0.125000
vt 0.156250 0.531250
vt 0.156250 0.937500
vt 0.156250 0.093750
vt 0.156250 0.500000
vt 0.156250 0.906250
vt 0.156250 0.062500
vt 0.140625 0.406250
vt 0.140625 0.375000
vt 0.140625 0.812500
vt 0.140625 0.781250
vt 0.140625 0.343750
vt 0.140625 0.750000
vt 0.140625 0.312500
vt 0.140625 0.718750
vt 0.140625 0.281250
vt 0.140625 0.687500
vt 0.140625 0.250000
vt 0.140625 0.656250
vt 0.140625 0.218750
vt 0.140625 0.625000
vt 0.140625 0.187500
vt 0.140625 0.593750
vt 0.140625 0.156250
vt 0.140625 0.562500
vt 0.148438 1.000000
vt 0.140625 0.968750
vt 0.140625 0.125000
vt 0.140625 0.531250
vt 0.140625 0.937500
vt 0.140625 0.093750
vt 0.140625 0.500000
vt 0.140625 0.906250
vt 0.140625 0.062500
vt 0.140625 0.468750
vt 0.140625 0.875000
vt 0.140625 0.031250
vt 0.140625 0.437500
vt 0.140625 0.843750
vt 0.148438 0.000000
vt 0.125000 0.343750
vt 0.125000 0.312500
vt 0.125000 0.750000
vt 0.125000 0.718750
vt 0.125000 0.281250
vt 0.125000 0.687500
vt 0.125000 0.250000
vt 0.125000 0.656250
vt 0.125000 0.218750
vt 0.125000 0.625000
vt 0.125000 0.187500
vt 0.125000 0.593750
vt 0.125000 0.156250
vt 0.125000 0.562500
vt 0.132813 1.000000
vt 0.125000 0.968750
vt 0.125000 0.125000
vt 0.125000 0.531250
vt 0.125000 0.937500
vt 0.125000 0.093750
vt 0.125000 0.500000
vt 0.125000 0.906250
vt 0.125000 0.062500
vt 0.125000 0.468750
vt 0.125000 0.875000
vt 0.125000 0.031250
vt 0.125000 0.437500
vt 0.125000 0.843750
vt 0.132813 0.000000
vt 0.125000 0.406250
vt 0.125000 0.812500
vt 0.125000 0.375000
vt 0.125000 0.781250
vt 0.109375 0.281250
vt 0.109375 0.250000
vt 0.109375 0.687500
vt 0.109375 0.656250
vt 0.109375 0.218750
vt 0.109375 0.625000
vt 0.109375 0.187500
vt 0.109375 0.593750
vt 0.109375 0.156250
vt 0.109375 0.562500
vt 0.117188 1.000000
vt 0.109375 0.968750
vt 0.109375 0.125000
vt 0.109375 0.531250
vt 0.109375 0.937500
vt 0.109375 0.093750
vt 0.109375 0.500000
vt 0.109375 0.906250
vt 0.109375 0.062500
vt 0.109375 0.468750
vt 0.109375 0.875000
vt 0.109375 0.031250
vt 0.109375 0.437500
vt 0.109375 0.843750
vt 0.117188 0.000000
vt 0.109375 0.406250
vt 0.109375 0.812500
vt 0.109375 0.375000
vt 0.109375 0.781250
vt 0.109375 0.343750
vt 0.109375 0.750000
vt 0.109375 0.312500
vt 0.109375 0.718750
vt 0.093750 0.218750
vt 0.093750 0.187500
vt 0.093750 0.625000
vt 0.093750 0.593750
vt 0.093750 0.156250
vt 0.093750 0.562500
vt 0.101563 1.000000
vt 0.093750 0.968750
vt 0.093750 0.125000
vt 0.093750 0.531250
vt 0.093750 0.937500
vt 0.093750 0.093750
vt 0.093750 0.500000
vt 0.093750 0.906250
vt 0.093750 0.062500
vt 0.093750 0.468750
vt 0.093750 0.875000
vt 0.093750 0.031250
vt 0.093750 0.437500
vt 0.093750 0.843750
vt 0.101563 0.000000
vt 0.093750 0.406250
vt 0.093750 0.812500
vt 0.093750 0.375000
vt 0.093750 0.781250
vt 0.093750 0.343750
vt 0.093750 0.750000
vt 0.093750 0.312500
vt 0.093750 0.718750
vt 0.093750 0.281250
vt 0.093750 0.687500
vt 0.093750 0.250000
vt 0.093750 0.656250
vt 0.078125 0.156250
vt 0.078125 0.125000
vt 0.078125 0.562500
vt 0.078125 0.531250
vt 0.078125 0.968750
vt 0.078125 0.937500
vt 0.078125 0.093750
vt 0.078125 0.500000
vt 0.078125 0.906250
vt 0.078125 0.062500
vt 0.078125 0.468750
vt 0.078125 0.875000
vt 0.078125 0.031250
vt 0.078125 0.437500
vt 0.078125 0.843750
vt 0.085938 0.000000
vt 0.078125 0.406250
vt 0.078125 0.812500
vt 0.078125 0.375000
vt 0.078125 0.781250
vt 0.078125 0.343750
vt 0.078125 0.750000
vt 0.078125 0.312500
vt 0.078125 0.718750
vt 0.078125 0.281250
vt 0.078125 0.687500
vt 0.078125 0.250000
vt 0.078125 0.656250
vt 0.078125 0.218750
vt 0.078125 0.625000
vt 0.078125 0.187500
vt 0.078125 0.593750
vt 0.085938 1.000000
vt 0.062500 0.093750
vt 0.062500 0.062500
vt 0.062500 0.500000
vt 0.062500 0.468750
vt 0.062500 0.906250
vt 0.062500 0.875000
vt 0.062500 0.031250
vt 0.062500 0.437500
vt 0.062500 0.843750
vt 0.070313 0.000000
vt 0.062500 0.406250
vt 0.062500 0.812500
vt 0.062500 0.375000
vt 0.062500 0.781250
vt 0.062500 0.343750
vt 0.062500 0.750000
vt 0.062500 0.312500
vt 0.062500 0.718750
vt 0.062500 0.281250
vt 0.062500 0.687500
vt 0.062500 0.250000
vt 0.062500 0.656250
vt 0.062500 0.218750
vt 0.062500 0.625000
vt 0.062500 0.187500
vt 0.062500 0.593750
vt 0.062500 0.156250
vt 0.062500 0.562500
vt 0.070313 1.000000
vt 0.062500 0.968750
vt 0.062500 0.125000
vt 0.062500 0.531250
vt 0.062500 0.937500
vt 0.054688 0.000000
vt 0.046875 0.031250
vt 0.046875 0.437500
vt 0.046875 0.406250
vt 0.046875 0.843750
vt 0.046875 0.812500
vt 0.046875 0.375000
vt 0.046875 0.781250
vt 0.046875 0.343750
vt 0.046875 0.750000
vt 0.046875 0.312500
vt 0.046875 0.718750
vt 0.046875 0.281250
vt 0.046875 0.687500
vt 0.046875 0.250000
vt 0.046875 0.656250
vt 0.046875 0.218750
vt 0.046875 0.625000
vt 0.046875 0.187500
vt 0.046875 0.593750
vt 0.046875 0.156250
vt 0.046875 0.562500
vt 0.054688 1.000000
vt 0.046875 0.968750
vt 0.046875 0.125000
vt 0.046875 0.531250
vt 0.046875 0.937500
vt 0.046875 0.093750
vt 0.046875 0.500000
vt 0.046875 0.906250
vt 0.046875 0.062500
vt 0.046875 0.468750
vt 0.046875 0.875000
vt 0.031250 0.375000
vt 0.031250 0.343750
vt 0.031250 0.781250
vt 0.031250 0.750000
vt 0.031250 0.312500
vt 0.031250 0.718750
vt 0.031250 0.281250
vt 0.031250 0.687500
vt 0.031250 0.250000
vt 0.031250 0.656250
vt 0.031250 0.218750
vt 0.031250 0.625000
vt 0.031250 0.187500
vt 0.031250 0.593750
vt 0.031250 0.156250
vt 0.031250 0.562500
vt 0.039063 1.000000
vt 0.031250 0.968750
vt 0.031250 0.125000
vt 0.031250 0.531250
vt 0.031250 0.937500
vt 0.031250 0.093750
vt 0.031250 0.500000
vt 0.031250 0.906250
vt 0.031250 0.062500
vt 0.031250 0.468750
vt 0.031250 0.875000
vt 0.031250 0.031250
vt 0.031250 0.437500
vt 0.031250 0.843750
vt 0.039063 0.000000
vt 0.031250 0.406250
vt 0.031250 0.812500
vt 0.015625 0.312500
vt 0.015625 0.281250
vt 0.015625 0.718750
vt 0.015625 0.687500
vt 0.015625 0.250000
vt 0.015625 0.656250
vt 0.015625 0.218750
vt 0.015625 0.625000
vt 0.015625 0.187500
vt 0.015625 0.593750
vt 0.015625 0.156250
vt 0.015625 0.562500
vt 0.023438 1.000000
vt 0.015625 0.968750
vt 0.015625 0.125000
vt 0.015625 0.531250
vt 0.015625 0.937500
vt 0.015625 0.093750
vt 0.015625 0.500000
vt 0.015625 0.906250
vt 0.015625 0.062500
vt 0.015625 0.468750
vt 0.015625 0.875000
vt 0.015625 0.031250
vt 0.015625 0.437500
vt 0.015625 0.843750
vt 0.023438 0.000000
vt 0.015625 0.406250
vt 0.015625 0.812500
vt 0.015625 0.375000
vt 0.015625 0.781250
vt 0.015625 0.343750
vt 0.015625 0.750000
vt 0.000000 0.250000
vt 0.000000 0.218750
vt 0.000000 0.656250
vt 0.000000 0.625000
vt 0.000000 0.187500
vt 0.000000 0.593750
vt 0.000000 0.156250
vt 0.000000 0.562500
vt 0.007813 1.000000
vt 0.000000 0.968750
vt 0.000000 0.125000
vt 0.000000 0.531250
vt 0.000000 0.937500
vt 0.000000 0.093750
vt 0.000000 0.500000
vt 0.000000 0.906250
vt 0.000000 0.062500
vt 0.000000 0.468750
vt 0.000000 0.875000
vt 0.000000 0.031250
vt 0.000000 0.437500
vt 0.000000 0.843750
vt 0.007813 0.000000
vt 0.000000 0.406250
vt 0.000000 0.812500
vt 0.000000 0.375000
vt 0.000000 0.781250
vt 0.000000 0.343750
vt 0.000000 0.750000
vt 0.000000 0.312500
vt 0.000000 0.718750
vt 0.000000 0.281250
vt 0.000000 0.687500
vt 1.000000 0.156250
vt 1.000000 0.187500
vt 0.984375 0.187500
vt 0.984375 0.156250
vt 1.000000 0.562500
vt 1.000000 0.593750
vt 0.984375 0.593750
vt 0.984375 0.562500
vt 1.000000 0.968750
vt 0.992188 1.000000
vt 0.984375 0.968750
vt 1.000000 0.125000
vt 0.984375 0.125000
vt 1.000000 0.531250
vt 0.984375 0.531250
vt 1.000000 0.937500
vt 0.984375 0.937500
vt 1.000000 0.093750
vt 0.984375 0.093750
vt 1.000000 0.500000
vt 0.984375 0.500000
vt 1.000000 0.906250
vt 0.984375 0.906250
vt 1.000000 0.062500
vt 0.984375 0.062500
vt 1.000000 0.468750
vt 0.984375 0.468750
vt 1.000000 0.875000
vt 0.984375 0.875000
vt 1.000000 0.031250
vt 0.984375 0.031250
vt 1.000000 0.437500
vt 0.984375 0.437500
vt 1.000000 0.843750
vt 0.984375 0.843750
vt 0.992188 0.000000
vt 1.000000 0.406250
vt 0.984375 0.406250
vt 1.000000 0.812500
vt 0.984375 0.812500
vt 1.000000 0.375000
vt 0.984375 0.375000
vt 1.000000 0.781250
vt 0.984375 0.781250
vt 1.000000 0.343750
vt 0.984375 0.343750
vt 1.000000 0.750000
vt 0.984375 0.750000
vt 1.000000 0.312500
vt 0.984375 0.312500
vt 1.000000 0.718750
vt 0.984375 0.718750
vt 1.000000 0.281250
vt 0.984375 0.281250
vt 1.000000 0.687500
vt 0.984375 0.687500
vt 1.000000 0.250000
vt 0.984375 0.250000
vt 1.000000 0.656250
vt 0.984375 0.656250
vt 1.000000 0.218750
vt 0.984375 0.218750
vt 1.000000 0.625000
vt 0.984375 0.625000
vt 0.968750 0.968750
vt 0.968750 0.937500
vt 0.968750 0.125000
vt 0.968750 0.093750
vt 0.968750 0.531250
vt 0.968750 0.500000
vt 0.968750 0.906250
vt 0.968750 0.062500
vt 0.968750 0.468750
vt 0.968750 0.875000
vt 0.968750 0.031250
vt 0.968750 0.437500
vt 0.968750 0.843750
vt 0.976563 0.000000
vt 0.968750 0.406250
vt 0.968750 0.812500
vt 0.968750 0.375000
vt 0.968750 0.781250
vt 0.968750 0.343750
vt 0.968750 0.750000
vt 0.968750 0.312500
vt 0.968750 0.718750
vt 0.968750 0.281250
vt 0.968750 0.687500
vt 0.968750 0.250000
vt 0.968750 0.656250
vt 0.968750 0.218750
vt 0.968750 0.625000
vt 0.968750 0.187500
vt 0.968750 0.593750
vt 0.968750 0.156250
vt 0.968750 0.562500
vt 0.976563 1.000000
vt 0.953125 0.906250
vt 0.953125 0.875000
vt 0.953125 0.062500
vt 0.953125 0.031250
vt 0.953125 0.468750
vt 0.953125 0.437500
vt 0.953125 0.843750
vt 0.960938 0.000000
vt 0.953125 0.406250
vt 0.953125 0.812500
vt 0.953125 0.375000
vt 0.953125 0.781250
vt 0.953125 0.343750
vt 0.953125 0.750000
vt 0.953125 0.312500
vt 0.953125 0.718750
vt 0.953125 0.281250
vt 0.953125 0.687500
vt 0.953125 0.250000
vt 0.953125 0.656250
vt 0.953125 0.218750
vt 0.953125 0.625000
vt 0.953125 0.187500
vt 0.953125 0.593750
vt 0.953125 0.156250
vt 0.953125 0.562500
vt 0.960938 1.000000
vt 0.953125 0.968750
vt 0.953125 0.125000
vt 0.953125 0.531250
vt 0.953125 0.937500
vt 0.953125 0.093750
vt 0.953125 0.500000
vt 0.937500 0.250000
vt 0.937500 0.218750
vt 0.937500 0.656250
vt 0.937500 0.625000
vt 0.937500 0.187500
vt 0.937500 0.593750
vt 0.937500 0.156250
vt 0.937500 0.562500
vt 0.945313 1.000000
vt 0.937500 0.968750
vt 0.937500 0.125000
vt 0.937500 0.531250
vt 0.937500 0.937500
vt 0.937500 0.093750
vt 0.937500 0.500000
vt 0.937500 0.906250
vt 0.937500 0.062500
vt 0.937500 0.468750
vt 0.937500 0.875000
vt 0.937500 0.031250
vt 0.937500 0.437500
vt 0.937500 0.843750
vt 0.945313 0.000000
vt 0.937500 0.406250
vt 0.937500 0.812500
vt 0.937500 0.375000
vt 0.937500 0.781250
vt 0.937500 0.343750
vt 0.937500 0.750000
vt 0.937500 0.312500
vt 0.937500 0.718750
vt 0.937500 0.281250
vt 0.937500 0.687500
vt 0.921875 0.187500
vt 0.921875 0.156250
vt 0.921875 0.593750
vt 0.921875 0.562500
vt 0.929688 1.000000
vt 0.921875 0.968750
vt 0.921875 0.125000
vt 0.921875 0.531250
vt 0.921875 0.937500
vt 0.921875 0.093750
vt 0.921875 0.500000
vt 0.921875 0.906250
vt 0.921875 0.062500
vt 0.921875 0.468750
vt 0.921875 0.875000
vt 0.921875 0.031250
vt 0.921875 0.437500
vt 0.921875 0.843750
vt 0.929688 0.000000
vt 0.921875 0.406250
vt 0.921875 0.812500
vt 0.921875 0.375000
vt 0.921875 0.781250
vt 0.921875 0.343750
vt 0.921875 0.750000
vt 0.921875 0.312500
vt 0.921875 0.718750
vt 0.921875 0.281250
vt 0.921875 0.687500
vt 0.921875 0.250000
vt 0.921875 0.656250
vt 0.921875 0.218750
vt 0.921875 0.625000
vt 0.906250 0.968750
vt 0.906250 0.937500
vt 0.906250 0.125000
vt 0.906250 0.093750
vt 0.906250 0.531250
vt 0.906250 0.500000
vt 0.906250 0.906250
vt 0.906250 0.062500
vt 0.906250 0.468750
vt 0.906250 0.875000
vt 0.906250 0.031250
vt 0.906250 0.437500
vt 0.906250 0.843750
vt 0.914063 0.000000
vt 0.906250 0.406250
vt 0.906250 0.812500
vt 0.906250 0.375000
vt 0.906250 0.781250
vt 0.906250 0.343750
vt 0.906250 0.750000
vt 0.906250 0.312500
vt 0.906250 0.718750
vt 0.906250 0.281250
vt 0.906250 0.687500
vt 0.906250 0.250000
vt 0.906250 0.656250
vt 0.906250 0.218750
vt 0.906250 0.625000
vt 0.906250 0.187500
vt 0.906250 0.593750
vt 0.906250 0.156250
vt 0.906250 0.562500
vt 0.914063 1.000000
vt 0.890625 0.906250
vt 0.890625 0.875000
vt 0.890625 0.062500
vt 0.890625 0.031250
vt 0.890625 0.468750
vt 0.890625 0.437500
vt 0.890625 0.843750
vt 0.898438 0.000000
vt 0.890625 0.406250
vt 0.890625 0.812500
vt 0.890625 0.375000
vt 0.890625 0.781250
vt 0.890625 0.343750
vt 0.890625 0.750000
vt 0.890625 0.312500
vt 0.890625 0.718750
vt 0.890625 0.281250
vt 0.890625 0.687500
vt 0.890625 0.250000
vt 0.890625 0.656250
vt 0.890625 0.218750
vt 0.890625 0.625000
vt 0.890625 0.187500
vt 0.890625 0.593750
vt 0.890625 0.156250
vt 0.890625 0.562500
vt 0.898438 1.000000
vt 0.890625 0.968750
vt 0.890625 0.125000
vt 0.890625 0.531250
vt 0.890625 0.937500
vt 0.890625 0.093750
vt 0.890625 0.500000
vt 0.875000 0.843750
vt 0.875000 0.812500
vt 0.875000 0.406250
vt 0.875000 0.375000
vt 0.875000 0.781250
vt 0.875000 0.343750
vt 0.875000 0.750000
vt 0.875000 0.312500
vt 0.875000 0.718750
vt 0.875000 0.281250
vt 0.875000 0.687500
vt 0.875000 0.250000
vt 0.875000 0.656250
vt 0.875000 0.218750
vt 0.875000 0.625000
vt 0.875000 0.187500
vt 0.875000 0.593750
vt 0.875000 0.156250
vt 0.875000 0.562500
vt 0.882813 1.000000
vt 0.875000 0.968750
vt 0.875000 0.125000
vt 0.875000 0.531250
vt 0.875000 0.937500
vt 0.875000 0.093750
vt 0.875000 0.500000
vt 0.875000 0.906250
vt 0.875000 0.062500
vt 0.875000 0.468750
vt 0.875000 0.875000
vt 0.875000 0.031250
vt 0.875000 0.437500
vt 0.882813 0.000000
vt 0.859375 0.781250
vt 0.859375 0.750000
vt 0.859375 0.343750
vt 0.859375 0.312500
vt 0.859375 0.718750
vt 0.859375 0.281250
vt 0.859375 0.687500
vt 0.859375 0.250000
vt 0.859375 0.656250
vt 0.859375 0.218750
vt 0.859375 0.625000
vt 0.859375 0.187500
vt 0.859375 0.593750
vt 0.859375 0.156250
vt 0.859375 0.562500
vt 0.867188 1.000000
vt 0.859375 0.968750
vt 0.859375 0.125000
vt 0.859375 0.531250
vt 0.859375 0.937500
vt 0.859375 0.093750
vt 0.859375 0.500000
vt 0.859375 0.906250
vt 0.859375 0.062500
vt 0.859375 0.468750
vt 0.859375 0.875000
vt 0.859375 0.031250
vt 0.859375 0.437500
vt 0.859375 0.843750
vt 0.867188 0.000000
vt 0.859375 0.406250
vt 0.859375 0.812500
vt 0.859375 0.375000
vt 0.843750 0.718750
vt 0.843750 0.687500
vt 0.843750 0.281250
vt 0.843750 0.250000
vt 0.843750 0.656250
vt 0.843750 0.218750
vt 0.843750 0.625000
vt 0.843750 0.187500
vt 0.843750 0.593750
vt 0.843750 0.156250
vt 0.843750 0.562500
vt 0.851563 1.000000
vt 0.843750 0.968750
vt 0.843750 0.125000
vt 0.843750 0.531250
vt 0.843750 0.937500
vt 0.843750 0.093750
vt 0.843750 0.500000
vt 0.843750 0.906250
vt 0.843750 0.062500
vt 0.843750 0.468750
vt 0.843750 0.875000
vt 0.843750 0.031250
vt 0.843750 0.437500
vt 0.843750 0.843750
vt 0.851563 0.000000
vt 0.843750 0.406250
vt 0.843750 0.812500
vt 0.843750 0.375000
vt 0.843750 0.781250
vt 0.843750 0.343750
vt 0.843750 0.750000
vt 0.843750 0.312500
vt 0.828125 0.656250
vt 0.828125 0.625000
vt 0.828125 0.218750
vt 0.828125 0.187500
vt 0.828125 0.593750
vt 0.828125 0.156250
vt 0.828125 0.562500
vt 0.835938 1.000000
vt 0.828125 0.968750
vt 0.828125 0.125000
vt 0.828125 0.531250
vt 0.828125 0.937500
vt 0.828125 0.093750
vt 0.828125 0.500000
vt 0.828125 0.906250
vt 0.828125 0.062500
vt 0.828125 0.468750
vt 0.828125 0.875000
vt 0.828125 0.031250
vt 0.828125 0.437500
vt 0.828125 0.843750
vt 0.835938 0.000000
vt 0.828125 0.406250
vt 0.828125 0.812500
vt 0.828125 0.375000
vt 0.828125 0.781250
vt 0.828125 0.343750
vt 0.828125 0.750000
vt 0.828125 0.312500
vt 0.828125 0.718750
vt 0.828125 0.281250
vt 0.828125 0.687500
vt 0.828125 0.250000
vt 0.812500 0.593750
vt 0.812500 0.562500
vt 0.820313 1.000000
vt 0.812500 0.968750
vt 0.812500 0.156250
vt 0.812500 0.125000
vt 0.812500 0.531250
vt 0.812500 0.937500
vt 0.812500 0.093750
vt 0.812500 0.500000
vt 0.812500 0.906250
vt 0.812500 0.062500
vt 0.812500 0.468750
vt 0.812500 0.875000
vt 0.812500 0.031250
vt 0.812500 0.437500
vt 0.812500 0.843750
vt 0.820313 0.000000
vt 0.812500 0.406250
vt 0.812500 0.812500
vt 0.812500 0.375000
vt 0.812500 0.781250
vt 0.812500 0.343750
vt 0.812500 0.750000
vt 0.812500 0.312500
vt 0.812500 0.718750
vt 0.812500 0.281250
vt 0.812500 0.687500
vt 0.812500 0.250000
vt 0.812500 0.656250
vt 0.812500 0.218750
vt 0.812500 0.625000
vt 0.812500 0.187500
vt 0.796875 0.531250
vt 0.796875 0.500000
vt 0.796875 0.937500
vt 0.796875 0.906250
vt 0.796875 0.093750
vt 0.796875 0.062500
vt 0.796875 0.468750
vt 0.796875 0.875000
vt 0.796875 0.031250
vt 0.796875 0.437500
vt 0.796875 0.843750
vt 0.804688 0.000000
vt 0.796875 0.406250
vt 0.796875 0.812500
vt 0.796875 0.375000
vt 0.796875 0.781250
vt 0.796875 0.343750
vt 0.796875 0.750000
vt 0.796875 0.312500
vt 0.796875 0.718750
vt 0.796875 0.281250
vt 0.796875 0.687500
vt 0.796875 0.250000
vt 0.796875 0.656250
vt 0.796875 0.218750
vt 0.796875 0.625000
vt 0.796875 0.187500
vt 0.796875 0.593750
vt 0.796875 0.156250
vt 0.796875 0.562500
vt 0.804688 1.000000
vt 0.796875 0.968750
vt 0.796875 0.125000
vt 0.781250 0.468750
vt 0.781250 0.437500
vt 0.781250 0.875000
vt 0.781250 0.843750
vt 0.789062 0.000000
vt 0.781250 0.031250
vt 0.781250 0.406250
vt 0.781250 0.812500
vt 0.781250 0.375000
vt 0.781250 0.781250
vt 0.781250 0.343750
vt 0.781250 0.750000
vt 0.781250 0.312500
vt 0.781250 0.718750
vt 0.781250 0.281250
vt 0.781250 0.687500
vt 0.781250 0.250000
vt 0.781250 0.656250
vt 0.781250 0.218750
vt 0.781250 0.625000
vt 0.781250 0.187500
vt 0.781250 0.593750
vt 0.781250 0.156250
vt 0.781250 0.562500
vt 0.789063 1.000000
vt 0.781250 0.968750
vt 0.781250 0.125000
vt 0.781250 0.531250
vt 0.781250 0.937500
vt 0.781250 0.093750
vt 0.781250 0.500000
vt 0.781250 0.906250
vt 0.781250 0.062500
vt 0.765625 0.406250
vt 0.765625 0.375000
vt 0.765625 0.812500
vt 0.765625 0.781250
vt 0.765625 0.343750
vt 0.765625 0.750000
vt 0.765625 0.312500
vt 0.765625 0.718750
vt 0.765625 0.281250
vt 0.765625 0.687500
vt 0.765625 0.250000
vt 0.765625 0.656250
vt 0.765625 0.218750
vt 0.765625 0.625000
vt 0.765625 0.187500
vt 0.765625 0.593750
vt 0.765625 0.156250
vt 0.765625 0.562500
vt 0.773438 1.000000
vt 0.765625 0.968750
vt 0.765625 0.125000
vt 0.765625 0.531250
vt 0.765625 0.937500
vt 0.765625 0.093750
vt 0.765625 0.500000
vt 0.765625 0.906250
vt 0.765625 0.062500
vt 0.765625 0.468750
vt 0.765625 0.875000
vt 0.765625 0.031250
vt 0.765625 0.437500
vt 0.765625 0.843750
vt 0.773438 0.000000
vt 0.757813 1.000000
vt 0.757812 0.000000
vt 0.003469 0.254526
vt 0.003469 0.247208
vt 0.996362 0.247208
vt 0.996362 0.254526
vt 0.003469 0.232571
vt 0.996362 0.232571
vt 0.996362 0.239889
vt 0.003469 0.239889
vt 0.996362 0.261845
vt 0.003469 0.261845
vt 0.003483 0.664357
vt 0.003483 0.657039
vt 0.996369 0.657039
vt 0.996369 0.664357
vt 0.003483 0.642402
vt 0.996369 0.642402
vt 0.996369 0.649720
vt 0.003483 0.649720
vt 0.996369 0.671675
vt 0.003483 0.671675
vt 0.003469 0.283800
vt 0.003469 0.276482
vt 0.996362 0.276482
vt 0.996362 0.283800
vt 0.996362 0.269163
vt 0.003469 0.269163
vt 0.996362 0.291118
vt 0.003469 0.291118
vt 0.003483 0.693631
vt 0.003483 0.686312
vt 0.996369 0.686312
vt 0.996369 0.693631
vt 0.996369 0.678994
vt 0.003483 0.678994
vt 0.996369 0.700949
vt 0.003483 0.700949
vt 0.003469 0.313074
vt 0.003469 0.305755
vt 0.996362 0.305755
vt 0.996362 0.313074
vt 0.996362 0.298437
vt 0.003469 0.298437
vt 0.996362 0.320392
vt 0.003469 0.320392
vt 0.003483 0.722904
vt 0.003483 0.715586
vt 0.996369 0.715586
vt 0.996369 0.722904
vt 0.996369 0.708268
vt 0.003483 0.708268
vt 0.996369 0.730223
vt 0.003483 0.730223
vt 0.003469 0.342347
vt 0.003469 0.335029
vt 0.996365 0.335029
vt 0.996367 0.342347
vt 0.996364 0.327710
vt 0.003469 0.327710
vt 0.996369 0.349665
vt 0.003469 0.349665
vt 0.003483 0.752178
vt 0.003483 0.744860
vt 0.996369 0.744860
vt 0.996369 0.752178
vt 0.996369 0.737541
vt 0.003483 0.737541
vt 0.996369 0.759496
vt 0.003483 0.759496
vt 0.003469 0.371621
vt 0.003469 0.364302
vt 0.996369 0.364302
vt 0.996369 0.371621
vt 0.996369 0.356984
vt 0.003469 0.356984
vt 0.996369 0.378939
vt 0.003469 0.378939
vt 0.003483 0.781452
vt 0.003483 0.774133
vt 0.996369 0.774133
vt 0.996369 0.781452
vt 0.996369 0.766815
vt 0.003483 0.766815
vt 0.996369 0.788770
vt 0.003483 0.788770
vt 0.003469 0.400894
vt 0.003469 0.393576
vt 0.996369 0.393576
vt 0.996369 0.400894
vt 0.996369 0.386257
vt 0.003469 0.386257
vt 0.996369 0.408213
vt 0.003469 0.408213
vt 0.003483 0.810726
vt 0.003483 0.803407
vt 0.996369 0.803407
vt 0.996369 0.810726
vt 0.996369 0.796089
vt 0.003483 0.796089
vt 0.996369 0.818044
vt 0.003483 0.818044
vt 0.003469 0.430168
vt 0.003469 0.422850
vt 0.996369 0.422850
vt 0.996369 0.430168
vt 0.996369 0.415531
vt 0.003469 0.415531
vt 0.996369 0.437486
vt 0.003469 0.437486
vt 0.003469 0.049611
vt 0.003469 0.042292
vt 0.996362 0.042292
vt 0.996362 0.049611
vt 0.003469 0.027656
vt 0.996362 0.027656
vt 0.996362 0.034974
vt 0.003469 0.034974
vt 0.996362 0.056929
vt 0.003469 0.056929
vt 0.003483 0.839999
vt 0.003483 0.832681
vt 0.996369 0.832681
vt 0.996369 0.839999
vt 0.996369 0.825362
vt 0.003483 0.825362
vt 0.996369 0.847317
vt 0.003483 0.847317
vt 0.003469 0.459442
vt 0.003469 0.452123
vt 0.996369 0.452123
vt 0.996369 0.459442
vt 0.996369 0.444805
vt 0.003469 0.444805
vt 0.996369 0.466760
vt 0.003469 0.466760
vt 0.003469 0.078884
vt 0.003469 0.071566
vt 0.996362 0.071566
vt 0.996362 0.078884
vt 0.996362 0.064248
vt 0.003469 0.064248
vt 0.996362 0.086203
vt 0.003469 0.086203
vt 0.003483 0.869273
vt 0.003483 0.861954
vt 0.996369 0.861954
vt 0.996369 0.869273
vt 0.996369 0.854636
vt 0.003483 0.854636
vt 0.996369 0.876591
vt 0.003483 0.876591
vt 0.003469 0.488715
vt 0.003469 0.481397
vt 0.996369 0.481397
vt 0.996369 0.488715
vt 0.996369 0.474078
vt 0.003469 0.474078
vt 0.996369 0.496034
vt 0.003469 0.496034
vt 0.003469 0.108158
vt 0.003469 0.100839
vt 0.996362 0.100839
vt 0.996362 0.108158
vt 0.996362 0.093521
vt 0.003469 0.093521
vt 0.996362 0.115476
vt 0.003469 0.115476
vt 0.003483 0.898546
vt 0.003483 0.891228
vt 0.996369 0.891228
vt 0.996369 0.898546
vt 0.996369 0.883909
vt 0.003483 0.883909
vt 0.996369 0.905865
vt 0.003483 0.905865
vt 0.003469 0.517989
vt 0.003469 0.510670
vt 0.996369 0.510670
vt 0.996369 0.517989
vt 0.996369 0.503352
vt 0.003469 0.503352
vt 0.996369 0.525307
vt 0.003469 0.525307
vt 0.003469 0.137432
vt 0.003469 0.130113
vt 0.996362 0.130113
vt 0.996362 0.137432
vt 0.996362 0.122795
vt 0.003469 0.122795
vt 0.996362 0.144750
vt 0.003469 0.144750
vt 0.003483 0.927820
vt 0.003483 0.920502
vt 0.996369 0.920502
vt 0.996369 0.927820
vt 0.996369 0.913183
vt 0.003483 0.913183
vt 0.996369 0.935138
vt 0.003483 0.935138
vt 0.003469 0.547263
vt 0.003469 0.539944
vt 0.996369 0.539944
vt 0.996369 0.547263
vt 0.996369 0.532626
vt 0.003469 0.532626
vt 0.996369 0.554581
vt 0.003469 0.554581
vt 0.003469 0.166705
vt 0.003469 0.159387
vt 0.996362 0.159387
vt 0.996362 0.166705
vt 0.996362 0.152068
vt 0.003469 0.152068
vt 0.996362 0.174023
vt 0.003469 0.174023
vt 0.003483 0.957094
vt 0.003483 0.949775
vt 0.996369 0.949775
vt 0.996369 0.957094
vt 0.996369 0.942457
vt 0.003483 0.942457
vt 0.996369 0.964412
vt 0.003483 0.964412
vt 0.003480 0.576536
vt 0.003476 0.569218
vt 0.996369 0.569218
vt 0.996369 0.576536
vt 0.996369 0.561899
vt 0.003473 0.561899
vt 0.996369 0.583854
vt 0.003483 0.583854
vt 0.003469 0.195979
vt 0.003469 0.188660
vt 0.996362 0.188660
vt 0.996362 0.195979
vt 0.996362 0.181342
vt 0.003469 0.181342
vt 0.996362 0.203297
vt 0.003469 0.203297
vt 0.003483 0.605810
vt 0.003483 0.598491
vt 0.996369 0.598491
vt 0.996369 0.605810
vt 0.996369 0.591173
vt 0.003483 0.591173
vt 0.996369 0.613128
vt 0.003483 0.613128
vt 0.003469 0.225252
vt 0.003469 0.217934
vt 0.996362 0.217934
vt 0.996362 0.225252
vt 0.996362 0.210616
vt 0.003469 0.210616
vt 0.003483 0.635084
vt 0.003483 0.627765
vt 0.996369 0.627765
vt 0.996369 0.635084
vt 0.996369 0.620447
vt 0.003483 0.620447
s 1
usemtl Uranus
f 1975/1/1975 1974/2/1974 22/3/22 23/4/23
f 13/5/13 1979/6/1979 36/7/36 37/8/37
f 4/9/4 1975/1/1975 23/4/23 24/10/24
f 1980/11/1980 13/5/13 37/8/37 38/12/38
f 5/13/5 4/9/4 24/10/24 25/14/25
f 1981/15/1981 1980/11/1980 38/12/38 39/16/39
f 6/17/6 5/13/5 25/14/25 26/18/26
f 1982/19/1982 1981/15/1981 39/16/39 40/20/40
f 1976/21/1976 6/17/6 26/18/26 27/22/27
f 1983/23/1983 1982/19/1982 40/20/40 41/24/41
f 7/25/7 1976/21/1976 27/22/27 28/26/28
f 14/27/14 1983/23/1983 41/24/41 42/28/42
f 1977/29/1977 7/25/7 28/26/28 29/30/29
f 1984/31/1984 14/27/14 42/28/42 43/32/43
f 8/33/8 1977/29/1977 29/30/29 30/34/30
f 1985/35/1985 1984/31/1984 43/32/43 44/36/44
f 9/37/9 8/33/8 30/34/30 31/38/31
f 1/39/1 1445/40/1445 18/41/18
f 15/42/15 1985/35/1985 44/36/44 45/43/45
f 10/44/10 9/37/9 31/38/31 32/45/32
f 1973/46/1973 1/39/1 18/41/18 19/47/19
f 16/48/16 15/42/15 45/43/45 46/49/46
f 11/50/11 10/44/10 32/45/32 33/51/33
f 2/52/2 1973/46/1973 19/47/19 20/53/20
f 1986/54/1986 16/48/16 46/49/46 47/55/47
f 12/56/12 11/50/11 33/51/33 34/57/34
f 3/58/3 2/52/2 20/53/20 21/59/21
f 17/60/17 1986/54/1986 47/55/47 48/61/48
f 1978/62/1978 12/56/12 34/57/34 35/63/35
f 1974/2/1974 3/58/3 21/59/21 22/3/22
f 979/64/979 17/60/17 48/61/48
f 1979/6/1979 1978/62/1978 35/63/35 36/7/36
f 31/38/31 30/34/30 61/65/61 62/66/62
f 18/41/18 1445/67/1445 49/68/49
f 45/43/45 44/36/44 75/69/75 76/70/76
f 32/45/32 31/38/31 62/66/62 63/71/63
f 19/47/19 18/41/18 49/68/49 50/72/50
f 46/49/46 45/43/45 76/70/76 77/73/77
f 33/51/33 32/45/32 63/71/63 64/74/64
f 20/53/20 19/47/19 50/72/50 51/75/51
f 47/55/47 46/49/46 77/73/77 78/76/78
f 34/57/34 33/51/33 64/74/64 65/77/65
f 21/59/21 20/53/20 51/75/51 52/78/52
f 48/61/48 47/55/47 78/76/78 79/79/79
f 35/63/35 34/57/34 65/77/65 66/80/66
f 22/3/22 21/59/21 52/78/52 53/81/53
f 979/82/979 48/61/48 79/79/79
f 36/7/36 35/63/35 66/80/66 67/83/67
f 23/4/23 22/3/22 53/81/53 54/84/54
f 37/8/37 36/7/36 67/83/67 68/85/68
f 24/10/24 23/4/23 54/84/54 55/86/55
f 38/12/38 37/8/37 68/85/68 69/87/69
f 25/14/25 24/10/24 55/86/55 56/88/56
f 39/16/39 38/12/38 69/87/69 70/89/70
f 26/18/26 25/14/25 56/88/56 57/90/57
f 40/20/40 39/16/39 70/89/70 71/91/71
f 27/22/27 26/18/26 57/90/57 58/92/58
f 41/24/41 40/20/40 71/91/71 72/93/72
f 28/26/28 27/22/27 58/92/58 59/94/59
f 42/28/42 41/24/41 72/93/72 73/95/73
f 29/30/29 28/26/28 59/94/59 60/96/60
f 43/32/43 42/28/42 73/95/73 74/97/74
f 30/34/30 29/30/29 60/96/60 61/65/61
f 44/36/44 43/32/43 74/97/74 75/69/75
f 64/74/64 63/71/63 94/98/94 95/99/95
f 51/75/51 50/72/50 81/100/81 82/101/82
f 78/76/78 77/73/77 108/102/108 109/103/109
f 65/77/65 64/74/64 95/99/95 96/104/96
f 52/78/52 51/75/51 82/101/82 83/105/83
f 79/79/79 78/76/78 109/103/109 110/106/110
f 66/80/66 65/77/65 96/104/96 97/107/97
f 53/81/53 52/78/52 83/105/83 84/108/84
f 979/109/979 79/79/79 110/106/110
f 67/83/67 66/80/66 97/107/97 98/110/98
f 54/84/54 53/81/53 84/108/84 85/111/85
f 68/85/68 67/83/67 98/110/98 99/112/99
f 55/86/55 54/84/54 85/111/85 86/113/86
f 69/87/69 68/85/68 99/112/99 100/114/100
f 56/88/56 55/86/55 86/113/86 87/115/87
f 70/89/70 69/87/69 100/114/100 101/116/101
f 57/90/57 56/88/56 87/115/87 88/117/88
f 71/91/71 70/89/70 101/116/101 102/118/102
f 58/92/58 57/90/57 88/117/88 89/119/89
f 72/93/72 71/91/71 102/118/102 103/120/103
f 59/94/59 58/92/58 89/119/89 90/121/90
f 73/95/73 72/93/72 103/120/103 104/122/104
f 60/96/60 59/94/59 90/121/90 91/123/91
f 74/97/74 73/95/73 104/122/104 105/124/105
f 61/65/61 60/96/60 91/123/91 92/125/92
f 75/69/75 74/97/74 105/124/105 106/126/106
f 62/66/62 61/65/61 92/125/92 93/127/93
f 49/68/49 1445/128/1445 80/129/80
f 76/70/76 75/69/75 106/126/106 107/130/107
f 63/71/63 62/66/62 93/127/93 94/98/94
f 50/72/50 49/68/49 80/129/80 81/100/81
f 77/73/77 76/70/76 107/130/107 108/102/108
f 97/107/97 96/104/96 127/131/127 128/132/128
f 84/108/84 83/105/83 114/133/114 115/134/115
f 979/135/979 110/106/110 141/136/141
f 98/110/98 97/107/97 128/132/128 129/137/129
f 85/111/85 84/108/84 115/134/115 116/138/116
f 99/112/99 98/110/98 129/137/129 130/139/130
f 86/113/86 85/111/85 116/138/116 117/140/117
f 100/114/100 99/112/99 130/139/130 131/141/131
f 87/115/87 86/113/86 117/140/117 118/142/118
f 101/116/101 100/114/100 131/141/131 132/143/132
f 88/117/88 87/115/87 118/142/118 119/144/119
f 102/118/102 101/116/101 132/143/132 133/145/133
f 89/119/89 88/117/88 119/144/119 120/146/120
f 103/120/103 102/118/102 133/145/133 134/147/134
f 90/121/90 89/119/89 120/146/120 121/148/121
f 104/122/104 103/120/103 134/147/134 135/149/135
f 91/123/91 90/121/90 121/148/121 122/150/122
f 105/124/105 104/122/104 135/149/135 136/151/136
f 92/125/92 91/123/91 122/150/122 123/152/123
f 106/126/106 105/124/105 136/151/136 137/153/137
f 93/127/93 92/125/92 123/152/123 124/154/124
f 80/129/80 1445/155/1445 111/156/111
f 107/130/107 106/126/106 137/153/137 138/157/138
f 94/98/94 93/127/93 124/154/124 125/158/125
f 81/100/81 80/129/80 111/156/111 112/159/112
f 108/102/108 107/130/107 138/157/138 139/160/139
f 95/99/95 94/98/94 125/158/125 126/161/126
f 82/101/82 81/100/81 112/159/112 113/162/113
f 109/103/109 108/102/108 139/160/139 140/163/140
f 96/104/96 95/99/95 126/161/126 127/131/127
f 83/105/83 82/101/82 113/162/113 114/133/114
f 110/106/110 109/103/109 140/163/140 141/136/141
f 130/139/130 129/137/129 160/164/160 161/165/161
f 117/140/117 116/138/116 147/166/147 148/167/148
f 131/141/131 130/139/130 161/165/161 162/168/162
f 118/142/118 117/140/117 148/167/148 149/169/149
f 132/143/132 131/141/131 162/168/162 163/170/163
f 119/144/119 118/142/118 149/169/149 150/171/150
f 133/145/133 132/143/132 163/170/163 164/172/164
f 120/146/120 119/144/119 150/171/150 151/173/151
f 134/147/134 133/145/133 164/172/164 165/174/165
f 121/148/121 120/146/120 151/173/151 152/175/152
f 135/149/135 134/147/134 165/174/165 166/176/166
f 122/150/122 121/148/121 152/175/152 153/177/153
f 136/151/136 135/149/135 166/176/166 167/178/167
f 123/152/123 122/150/122 153/177/153 154/179/154
f 137/153/137 136/151/136 167/178/167 168/180/168
f 124/154/124 123/152/123 154/179/154 155/181/155
f 111/156/111 1445/182/1445 142/183/142
f 138/157/138 137/153/137 168/180/168 169/184/169
f 125/158/125 124/154/124 155/181/155 156/185/156
f 112/159/112 111/156/111 142/183/142 143/186/143
f 139/160/139 138/157/138 169/184/169 170/187/170
f 126/161/126 125/158/125 156/185/156 157/188/157
f 113/162/113 112/159/112 143/186/143 144/189/144
f 140/163/140 139/160/139 170/187/170 171/190/171
f 127/131/127 126/161/126 157/188/157 158/191/158
f 114/133/114 113/162/113 144/189/144 145/192/145
f 141/136/141 140/163/140 171/190/171 172/193/172
f 128/132/128 127/131/127 158/191/158 159/194/159
f 115/134/115 114/133/114 145/192/145 146/195/146
f 979/196/979 141/136/141 172/193/172
f 129/137/129 128/132/128 159/194/159 160/164/160
f 116/138/116 115/134/115 146/195/146 147/166/147
f 163/170/163 162/168/162 193/197/193 194/198/194
f 150/171/150 149/169/149 180/199/180 181/200/181
f 164/172/164 163/170/163 194/198/194 195/201/195
f 151/173/151 150/171/150 181/200/181 182/202/182
f 165/174/165 164/172/164 195/201/195 196/203/196
f 152/175/152 151/173/151 182/202/182 183/204/183
f 166/176/166 165/174/165 196/203/196 197/205/197
f 153/177/153 152/175/152 183/204/183 184/206/184
f 167/178/167 166/176/166 197/205/197 198/207/198
f 154/179/154 153/177/153 184/206/184 185/208/185
f 168/180/168 167/178/167 198/207/198 199/209/199
f 155/181/155 154/179/154 185/208/185 186/210/186
f 142/183/142 1445/211/1445 173/212/173
f 169/184/169 168/180/168 199/209/199 200/213/200
f 156/185/156 155/181/155 186/210/186 187/214/187
f 143/186/143 142/183/142 173/212/173 174/215/174
f 170/187/170 169/184/169 200/213/200 201/216/201
f 157/188/157 156/185/156 187/214/187 188/217/188
f 144/189/144 143/186/143 174/215/174 175/218/175
f 171/190/171 170/187/170 201/216/201 202/219/202
f 158/191/158 157/188/157 188/217/188 189/220/189
f 145/192/145 144/189/144 175/218/175 176/221/176
f 172/193/172 171/190/171 202/219/202 203/222/203
f 159/194/159 158/191/158 189/220/189 190/223/190
f 146/195/146 145/192/145 176/221/176 177/224/177
f 979/225/979 172/193/172 203/222/203
f 160/164/160 159/194/159 190/223/190 191/226/191
f 147/166/147 146/195/146 177/224/177 178/227/178
f 161/165/161 160/164/160 191/226/191 192/228/192
f 148/167/148 147/166/147 178/227/178 179/229/179
f 162/168/162 161/165/161 192/228/192 193/197/193
f 149/169/149 148/167/148 179/229/179 180/199/180
f 196/203/196 195/201/195 226/230/226 227/231/227
f 183/204/183 182/202/182 213/232/213 214/233/214
f 197/205/197 196/203/196 227/231/227 228/234/228
f 184/206/184 183/204/183 214/233/214 215/235/215
f 198/207/198 197/205/197 228/234/228 229/236/229
f 185/208/185 184/206/184 215/235/215 216/237/216
f 199/209/199 198/207/198 229/236/229 230/238/230
f 186/210/186 185/208/185 216/237/216 217/239/217
f 173/212/173 1445/240/1445 204/241/204
f 200/213/200 199/209/199 230/238/230 231/242/231
f 187/214/187 186/210/186 217/239/217 218/243/218
f 174/215/174 173/212/173 204/241/204 205/244/205
f 201/216/201 200/213/200 231/242/231 232/245/232
f 188/217/188 187/214/187 218/243/218 219/246/219
f 175/218/175 174/215/174 205/244/205 206/247/206
f 202/219/202 201/216/201 232/245/232 233/248/233
f 189/220/189 188/217/188 219/246/219 220/249/220
f 176/221/176 175/218/175 206/247/206 207/250/207
f 203/222/203 202/219/202 233/248/233 234/251/234
f 190/223/190 189/220/189 220/249/220 221/252/221
f 177/224/177 176/221/176 207/250/207 208/253/208
f 979/254/979 203/222/203 234/251/234
f 191/226/191 190/223/190 221/252/221 222/255/222
f 178/227/178 177/224/177 208/253/208 209/256/209
f 192/228/192 191/226/191 222/255/222 223/257/223
f 179/229/179 178/227/178 209/256/209 210/258/210
f 193/197/193 192/228/192 223/257/223 224/259/224
f 180/199/180 179/229/179 210/258/210 211/260/211
f 194/198/194 193/197/193 224/259/224 225/261/225
f 181/200/181 180/199/180 211/260/211 212/262/212
f 195/201/195 194/198/194 225/261/225 226/230/226
f 182/202/182 181/200/181 212/262/212 213/232/213
f 229/236/229 228/234/228 259/263/259 260/264/260
f 216/237/216 215/235/215 246/265/246 247/266/247
f 230/238/230 229/236/229 260/264/260 261/267/261
f 217/239/217 216/237/216 247/266/247 248/268/248
f 204/241/204 1445/269/1445 235/270/235
f 231/242/231 230/238/230 261/267/261 262/271/262
f 218/243/218 217/239/217 248/268/248 249/272/249
f 205/244/205 204/241/204 235/270/235 236/273/236
f 232/245/232 231/242/231 262/271/262 263/274/263
f 219/246/219 218/243/218 249/272/249 250/275/250
f 206/247/206 205/244/205 236/273/236 237/276/237
f 233/248/233 232/245/232 263/274/263 264/277/264
f 220/249/220 219/246/219 250/275/250 251/278/251
f 207/250/207 206/247/206 237/276/237 238/279/238
f 234/251/234 233/248/233 264/277/264 265/280/265
f 221/252/221 220/249/220 251/278/251 252/281/252
f 208/253/208 207/250/207 238/279/238 239/282/239
f 979/283/979 234/251/234 265/280/265
f 222/255/222 221/252/221 252/281/252 253/284/253
f 209/256/209 208/253/208 239/282/239 240/285/240
f 223/257/223 222/255/222 253/284/253 254/286/254
f 210/258/210 209/256/209 240/285/240 241/287/241
f 224/259/224 223/257/223 254/286/254 255/288/255
f 211/260/211 210/258/210 241/287/241 242/289/242
f 225/261/225 224/259/224 255/288/255 256/290/256
f 212/262/212 211/260/211 242/289/242 243/291/243
f 226/230/226 225/261/225 256/290/256 257/292/257
f 213/232/213 212/262/212 243/291/243 244/293/244
f 227/231/227 226/230/226 257/292/257 258/294/258
f 214/233/214 213/232/213 244/293/244 245/295/245
f 228/234/228 227/231/227 258/294/258 259/263/259
f 215/235/215 214/233/214 245/295/245 246/265/246
f 262/271/262 261/267/261 292/296/292 293/297/293
f 249/272/249 248/268/248 279/298/279 280/299/280
f 236/273/236 235/270/235 266/300/266 267/301/267
f 263/274/263 262/271/262 293/297/293 294/302/294
f 250/275/250 249/272/249 280/299/280 281/303/281
f 237/276/237 236/273/236 267/301/267 268/304/268
f 264/277/264 263/274/263 294/302/294 295/305/295
f 251/278/251 250/275/250 281/303/281 282/306/282
f 238/279/238 237/276/237 268/304/268 269/307/269
f 265/280/265 264/277/264 295/305/295 296/308/296
f 252/281/252 251/278/251 282/306/282 283/309/283
f 239/282/239 238/279/238 269/307/269 270/310/270
f 979/311/979 265/280/265 296/308/296
f 253/284/253 252/281/252 283/309/283 284/312/284
f 240/285/240 239/282/239 270/310/270 271/313/271
f 254/286/254 253/284/253 284/312/284 285/314/285
f 241/287/241 240/285/240 271/313/271 272/315/272
f 255/288/255 254/286/254 285/314/285 286/316/286
f 242/289/242 241/287/241 272/315/272 273/317/273
f 256/290/256 255/288/255 286/316/286 287/318/287
f 243/291/243 242/289/242 273/317/273 274/319/274
f 257/292/257 256/290/256 287/318/287 288/320/288
f 244/293/244 243/291/243 274/319/274 275/321/275
f 258/294/258 257/292/257 288/320/288 289/322/289
f 245/295/245 244/293/244 275/321/275 276/323/276
f 259/263/259 258/294/258 289/322/289 290/324/290
f 246/265/246 245/295/245 276/323/276 277/325/277
f 260/264/260 259/263/259 290/324/290 291/326/291
f 247/266/247 246/265/246 277/325/277 278/327/278
f 261/267/261 260/264/260 291/326/291 292/296/292
f 248/268/248 247/266/247 278/327/278 279/298/279
f 235/270/235 1445/328/1445 266/300/266
f 295/305/295 294/302/294 325/329/325 326/330/326
f 282/306/282 281/303/281 312/331/312 313/332/313
f 269/307/269 268/304/268 299/333/299 300/334/300
f 296/308/296 295/305/295 326/330/326 327/335/327
f 283/309/283 282/306/282 313/332/313 314/336/314
f 270/310/270 269/307/269 300/334/300 301/337/301
f 979/338/979 296/308/296 327/335/327
f 284/312/284 283/309/283 314/336/314 315/339/315
f 271/313/271 270/310/270 301/337/301 302/340/302
f 285/314/285 284/312/284 315/339/315 316/341/316
f 272/315/272 271/313/271 302/340/302 303/342/303
f 286/316/286 285/314/285 316/341/316 317/343/317
f 273/317/273 272/315/272 303/342/303 304/344/304
f 287/318/287 286/316/286 317/343/317 318/345/318
f 274/319/274 273/317/273 304/344/304 305/346/305
f 288/320/288 287/318/287 318/345/318 319/347/319
f 275/321/275 274/319/274 305/346/305 306/348/306
f 289/322/289 288/320/288 319/347/319 320/349/320
f 276/323/276 275/321/275 306/348/306 307/350/307
f 290/324/290 289/322/289 320/349/320 321/351/321
f 277/325/277 276/323/276 307/350/307 308/352/308
f 291/326/291 290/324/290 321/351/321 322/353/322
f 278/327/278 277/325/277 308/352/308 309/354/309
f 292/296/292 291/326/291 322/353/322 323/355/323
f 279/298/279 278/327/278 309/354/309 310/356/310
f 266/300/266 1445/357/1445 297/358/297
f 293/297/293 292/296/292 323/355/323 324/359/324
f 280/299/280 279/298/279 310/356/310 311/360/311
f 267/301/267 266/300/266 297/358/297 298/361/298
f 294/302/294 293/297/293 324/359/324 325/329/325
f 281/303/281 280/299/280 311/360/311 312/331/312
f 268/304/268 267/301/267 298/361/298 299/333/299
f 979/362/979 327/335/327 358/363/358
f 315/339/315 314/336/314 345/364/345 346/365/346
f 302/340/302 301/337/301 332/366/332 333/367/333
f 316/341/316 315/339/315 346/365/346 347/368/347
f 303/342/303 302/340/302 333/367/333 334/369/334
f 317/343/317 316/341/316 347/368/347 348/370/348
f 304/344/304 303/342/303 334/369/334 335/371/335
f 318/345/318 317/343/317 348/370/348 349/372/349
f 305/346/305 304/344/304 335/371/335 336/373/336
f 319/347/319 318/345/318 349/372/349 350/374/350
f 306/348/306 305/346/305 336/373/336 337/375/337
f 320/349/320 319/347/319 350/374/350 351/376/351
f 307/350/307 306/348/306 337/375/337 338/377/338
f 321/351/321 320/349/320 351/376/351 352/378/352
f 308/352/308 307/350/307 338/377/338 339/379/339
f 322/353/322 321/351/321 352/378/352 353/380/353
f 309/354/309 308/352/308 339/379/339 340/381/340
f 323/355/323 322/353/322 353/380/353 354/382/354
f 310/356/310 309/354/309 340/381/340 341/383/341
f 297/358/297 1445/384/1445 328/385/328
f 324/359/324 323/355/323 354/382/354 355/386/355
f 311/360/311 310/356/310 341/383/341 342/387/342
f 298/361/298 297/358/297 328/385/328 329/388/329
f 325/329/325 324/359/324 355/386/355 356/389/356
f 312/331/312 311/360/311 342/387/342 343/390/343
f 299/333/299 298/361/298 329/388/329 330/391/330
f 326/330/326 325/329/325 356/389/356 357/392/357
f 313/332/313 312/331/312 343/390/343 344/393/344
f 300/334/300 299/333/299 330/391/330 331/394/331
f 327/335/327 326/330/326 357/392/357 358/363/358
f 314/336/314 313/332/313 344/393/344 345/364/345
f 301/337/301 300/334/300 331/394/331 332/366/332
f 348/370/348 347/368/347 378/395/378 379/396/379
f 335/371/335 334/369/334 365/397/365 366/398/366
f 349/372/349 348/370/348 379/396/379 380/399/380
f 336/373/336 335/371/335 366/398/366 367/400/367
f 350/374/350 349/372/349 380/399/380 381/401/381
f 337/375/337 336/373/336 367/400/367 368/402/368
f 351/376/351 350/374/350 381/401/381 382/403/382
f 338/377/338 337/375/337 368/402/368 369/404/369
f 352/378/352 351/376/351 382/403/382 383/405/383
f 339/379/339 338/377/338 369/404/369 370/406/370
f 353/380/353 352/378/352 383/405/383 384/407/384
f 340/381/340 339/379/339 370/406/370 371/408/371
f 354/382/354 353/380/353 384/407/384 385/409/385
f 341/383/341 340/381/340 371/408/371 372/410/372
f 328/385/328 1445/411/1445 359/412/359
f 355/386/355 354/382/354 385/409/385 386/413/386
f 342/387/342 341/383/341 372/410/372 373/414/373
f 329/388/329 328/385/328 359/412/359 360/415/360
f 356/389/356 355/386/355 386/413/386 387/416/387
f 343/390/343 342/387/342 373/414/373 374/417/374
f 330/391/330 329/388/329 360/415/360 361/418/361
f 357/392/357 356/389/356 387/416/387 388/419/388
f 344/393/344 343/390/343 374/417/374 375/420/375
f 331/394/331 330/391/330 361/418/361 362/421/362
f 358/363/358 357/392/357 388/419/388 389/422/389
f 345/364/345 344/393/344 375/420/375 376/423/376
f 332/366/332 331/394/331 362/421/362 363/424/363
f 979/425/979 358/363/358 389/422/389
f 346/365/346 345/364/345 376/423/376 377/426/377
f 333/367/333 332/366/332 363/424/363 364/427/364
f 347/368/347 346/365/346 377/426/377 378/395/378
f 334/369/334 333/367/333 364/427/364 365/397/365
f 381/401/381 380/399/380 411/428/411 412/429/412
f 368/402/368 367/400/367 398/430/398 399/431/399
f 382/403/382 381/401/381 412/429/412 413/432/413
f 369/404/369 368/402/368 399/431/399 400/433/400
f 383/405/383 382/403/382 413/432/413 414/434/414
f 370/406/370 369/404/369 400/433/400 401/435/401
f 384/407/384 383/405/383 414/434/414 415/436/415
f 371/408/371 370/406/370 401/435/401 402/437/402
f 385/409/385 384/407/384 415/436/415 416/438/416
f 372/410/372 371/408/371 402/437/402 403/439/403
f 359/412/359 1445/440/1445 390/441/390
f 386/413/386 385/409/385 416/438/416 417/442/417
f 373/414/373 372/410/372 403/439/403 404/443/404
f 360/415/360 359/412/359 390/441/390 391/444/391
f 387/416/387 386/413/386 417/442/417 418/445/418
f 374/417/374 373/414/373 404/443/404 405/446/405
f 361/418/361 360/415/360 391/444/391 392/447/392
f 388/419/388 387/416/387 418/445/418 419/448/419
f 375/420/375 374/417/374 405/446/405 406/449/406
f 362/421/362 361/418/361 392/447/392 393/450/393
f 389/422/389 388/419/388 419/448/419 420/451/420
f 376/423/376 375/420/375 406/449/406 407/452/407
f 363/424/363 362/421/362 393/450/393 394/453/394
f 979/454/979 389/422/389 420/451/420
f 377/426/377 376/423/376 407/452/407 408/455/408
f 364/427/364 363/424/363 394/453/394 395/456/395
f 378/395/378 377/426/377 408/455/408 409/457/409
f 365/397/365 364/427/364 395/456/395 396/458/396
f 379/396/379 378/395/378 409/457/409 410/459/410
f 366/398/366 365/397/365 396/458/396 397/460/397
f 380/399/380 379/396/379 410/459/410 411/428/411
f 367/400/367 366/398/366 397/460/397 398/430/398
f 414/434/414 413/432/413 444/461/444 445/462/445
f 401/435/401 400/433/400 431/463/431 432/464/432
f 415/436/415 414/434/414 445/462/445 446/465/446
f 402/437/402 401/435/401 432/464/432 433/466/433
f 416/438/416 415/436/415 446/465/446 447/467/447
f 403/439/403 402/437/402 433/466/433 434/468/434
f 390/441/390 1445/469/1445 421/470/421
f 417/442/417 416/438/416 447/467/447 448/471/448
f 404/443/404 403/439/403 434/468/434 435/472/435
f 391/444/391 390/441/390 421/470/421 422/473/422
f 418/445/418 417/442/417 448/471/448 449/474/449
f 405/446/405 404/443/404 435/472/435 436/475/436
f 392/447/392 391/444/391 422/473/422 423/476/423
f 419/448/419 418/445/418 449/474/449 450/477/450
f 406/449/406 405/446/405 436/475/436 437/478/437
f 393/450/393 392/447/392 423/476/423 424/479/424
f 420/451/420 419/448/419 450/477/450 451/480/451
f 407/452/407 406/449/406 437/478/437 438/481/438
f 394/453/394 393/450/393 424/479/424 425/482/425
f 979/483/979 420/451/420 451/480/451
f 408/455/408 407/452/407 438/481/438 439/484/439
f 395/456/395 394/453/394 425/482/425 426/485/426
f 409/457/409 408/455/408 439/484/439 440/486/440
f 396/458/396 395/456/395 426/485/426 427/487/427
f 410/459/410 409/457/409 440/486/440 441/488/441
f 397/460/397 396/458/396 427/487/427 428/489/428
f 411/428/411 410/459/410 441/488/441 442/490/442
f 398/430/398 397/460/397 428/489/428 429/491/429
f 412/429/412 411/428/411 442/490/442 443/492/443
f 399/431/399 398/430/398 429/491/429 430/493/430
f 413/432/413 412/429/412 443/492/443 444/461/444
f 400/433/400 399/431/399 430/493/430 431/463/431
f 447/467/447 446/465/446 477/494/477 478/495/478
f 434/468/434 433/466/433 464/496/464 465/497/465
f 421/470/421 1445/498/1445 452/499/452
f 448/471/448 447/467/447 478/495/478 479/500/479
f 435/472/435 434/468/434 465/497/465 466/501/466
f 422/473/422 421/470/421 452/499/452 453/502/453
f 449/474/449 448/471/448 479/500/479 480/503/480
f 436/475/436 435/472/435 466/501/466 467/504/467
f 423/476/423 422/473/422 453/502/453 454/505/454
f 450/477/450 449/474/449 480/503/480 481/506/481
f 437/478/437 436/475/436 467/504/467 468/507/468
f 424/479/424 423/476/423 454/505/454 455/508/455
f 451/480/451 450/477/450 481/506/481 482/509/482
f 438/481/438 437/478/437 468/507/468 469/510/469
f 425/482/425 424/479/424 455/508/455 456/511/456
f 979/512/979 451/480/451 482/509/482
f 439/484/439 438/481/438 469/510/469 470/513/470
f 426/485/426 425/482/425 456/511/456 457/514/457
f 440/486/440 439/484/439 470/513/470 471/515/471
f 427/487/427 426/485/426 457/514/457 458/516/458
f 441/488/441 440/486/440 471/515/471 472/517/472
f 428/489/428 427/487/427 458/516/458 459/518/459
f 442/490/442 441/488/441 472/517/472 473/519/473
f 429/491/429 428/489/428 459/518/459 460/520/460
f 443/492/443 442/490/442 473/519/473 474/521/474
f 430/493/430 429/491/429 460/520/460 461/522/461
f 444/461/444 443/492/443 474/521/474 475/523/475
f 431/463/431 430/493/430 461/522/461 462/524/462
f 445/462/445 444/461/444 475/523/475 476/525/476
f 432/464/432 431/463/431 462/524/462 463/526/463
f 446/465/446 445/462/445 476/525/476 477/494/477
f 433/466/433 432/464/432 463/526/463 464/496/464
f 453/502/453 452/499/452 483/527/483 484/528/484
f 480/503/480 479/500/479 510/529/510 511/530/511
f 467/504/467 466/501/466 497/531/497 498/532/498
f 454/505/454 453/502/453 484/528/484 485/533/485
f 481/506/481 480/503/480 511/530/511 512/534/512
f 468/507/468 467/504/467 498/532/498 499/535/499
f 455/508/455 454/505/454 485/533/485 486/536/486
f 482/509/482 481/506/481 512/534/512 513/537/513
f 469/510/469 468/507/468 499/535/499 500/538/500
f 456/511/456 455/508/455 486/536/486 487/539/487
f 979/540/979 482/509/482 513/537/513
f 470/513/470 469/510/469 500/538/500 501/541/501
f 457/514/457 456/511/456 487/539/487 488/542/488
f 471/515/471 470/513/470 501/541/501 502/543/502
f 458/516/458 457/514/457 488/542/488 489/544/489
f 472/517/472 471/515/471 502/543/502 503/545/503
f 459/518/459 458/516/458 489/544/489 490/546/490
f 473/519/473 472/517/472 503/545/503 504/547/504
f 460/520/460 459/518/459 490/546/490 491/548/491
f 474/521/474 473/519/473 504/547/504 505/549/505
f 461/522/461 460/520/460 491/548/491 492/550/492
f 475/523/475 474/521/474 505/549/505 506/551/506
f 462/524/462 461/522/461 492/550/492 493/552/493
f 476/525/476 475/523/475 506/551/506 507/553/507
f 463/526/463 462/524/462 493/552/493 494/554/494
f 477/494/477 476/525/476 507/553/507 508/555/508
f 464/496/464 463/526/463 494/554/494 495/556/495
f 478/495/478 477/494/477 508/555/508 509/557/509
f 465/497/465 464/496/464 495/556/495 496/558/496
f 452/499/452 1445/559/1445 483/527/483
f 479/500/479 478/495/478 509/557/509 510/529/510
f 466/501/466 465/497/465 496/558/496 497/531/497
f 486/536/486 485/533/485 516/560/516 517/561/517
f 513/537/513 512/534/512 543/562/543 544/563/544
f 500/538/500 499/535/499 530/564/530 531/565/531
f 487/539/487 486/536/486 517/561/517 518/566/518
f 979/567/979 513/537/513 544/563/544
f 501/541/501 500/538/500 531/565/531 532/568/532
f 488/542/488 487/539/487 518/566/518 519/569/519
f 502/543/502 501/541/501 532/568/532 533/570/533
f 489/544/489 488/542/488 519/569/519 520/571/520
f 503/545/503 502/543/502 533/570/533 534/572/534
f 490/546/490 489/544/489 520/571/520 521/573/521
f 504/547/504 503/545/503 534/572/534 535/574/535
f 491/548/491 490/546/490 521/573/521 522/575/522
f 505/549/505 504/547/504 535/574/535 536/576/536
f 492/550/492 491/548/491 522/575/522 523/577/523
f 506/551/506 505/549/505 536/576/536 537/578/537
f 493/552/493 492/550/492 523/577/523 524/579/524
f 507/553/507 506/551/506 537/578/537 538/580/538
f 494/554/494 493/552/493 524/579/524 525/581/525
f 508/555/508 507/553/507 538/580/538 539/582/539
f 495/556/495 494/554/494 525/581/525 526/583/526
f 509/557/509 508/555/508 539/582/539 540/584/540
f 496/558/496 495/556/495 526/583/526 527/585/527
f 483/527/483 1445/586/1445 514/587/514
f 510/529/510 509/557/509 540/584/540 541/588/541
f 497/531/497 496/558/496 527/585/527 528/589/528
f 484/528/484 483/527/483 514/587/514 515/590/515
f 511/530/511 510/529/510 541/588/541 542/591/542
f 498/532/498 497/531/497 528/589/528 529/592/529
f 485/533/485 484/528/484 515/590/515 516/560/516
f 512/534/512 511/530/511 542/591/542 543/562/543
f 499/535/499 498/532/498 529/592/529 530/564/530
f 519/569/519 518/566/518 549/593/549 550/594/550
f 533/570/533 532/568/532 563/595/563 564/596/564
f 520/571/520 519/569/519 550/594/550 551/597/551
f 534/572/534 533/570/533 564/596/564 565/598/565
f 521/573/521 520/571/520 551/597/551 552/599/552
f 535/574/535 534/572/534 565/598/565 566/600/566
f 522/575/522 521/573/521 552/599/552 553/601/553
f 536/576/536 535/574/535 566/600/566 567/602/567
f 523/577/523 522/575/522 553/601/553 554/603/554
f 537/578/537 536/576/536 567/602/567 568/604/568
f 524/579/524 523/577/523 554/603/554 555/605/555
f 538/580/538 537/578/537 568/604/568 569/606/569
f 525/581/525 524/579/524 555/605/555 556/607/556
f 539/582/539 538/580/538 569/606/569 570/608/570
f 526/583/526 525/581/525 556/607/556 557/609/557
f 540/584/540 539/582/539 570/608/570 571/610/571
f 527/585/527 526/583/526 557/609/557 558/611/558
f 514/587/514 1445/612/1445 545/613/545
f 541/588/541 540/584/540 571/610/571 572/614/572
f 528/589/528 527/585/527 558/611/558 559/615/559
f 515/590/515 514/587/514 545/613/545 546/616/546
f 542/591/542 541/588/541 572/614/572 573/617/573
f 529/592/529 528/589/528 559/615/559 560/618/560
f 516/560/516 515/590/515 546/616/546 547/619/547
f 543/562/543 542/591/542 573/617/573 574/620/574
f 530/564/530 529/592/529 560/618/560 561/621/561
f 517/561/517 516/560/516 547/619/547 548/622/548
f 544/563/544 543/562/543 574/620/574 575/623/575
f 531/565/531 530/564/530 561/621/561 562/624/562
f 518/566/518 517/561/517 548/622/548 549/593/549
f 979/625/979 544/563/544 575/623/575
f 532/568/532 531/565/531 562/624/562 563/595/563
f 552/599/552 551/597/551 582/626/582 583/627/583
f 566/600/566 565/598/565 596/628/596 597/629/597
f 553/601/553 552/599/552 583/627/583 584/630/584
f 567/602/567 566/600/566 597/629/597 598/631/598
f 554/603/554 553/601/553 584/630/584 585/632/585
f 568/604/568 567/602/567 598/631/598 599/633/599
f 555/605/555 554/603/554 585/632/585 586/634/586
f 569/606/569 568/604/568 599/633/599 600/635/600
f 556/607/556 555/605/555 586/634/586 587/636/587
f 570/608/570 569/606/569 600/635/600 601/637/601
f 557/609/557 556/607/556 587/636/587 588/638/588
f 571/610/571 570/608/570 601/637/601 602/639/602
f 558/611/558 557/609/557 588/638/588 589/640/589
f 545/613/545 1445/641/1445 576/642/576
f 572/614/572 571/610/571 602/639/602 603/643/603
f 559/615/559 558/611/558 589/640/589 590/644/590
f 546/616/546 545/613/545 576/642/576 577/645/577
f 573/617/573 572/614/572 603/643/603 604/646/604
f 560/618/560 559/615/559 590/644/590 591/647/591
f 547/619/547 546/616/546 577/645/577 578/648/578
f 574/620/574 573/617/573 604/646/604 605/649/605
f 561/621/561 560/618/560 591/647/591 592/650/592
f 548/622/548 547/619/547 578/648/578 579/651/579
f 575/623/575 574/620/574 605/649/605 606/652/606
f 562/624/562 561/621/561 592/650/592 593/653/593
f 549/593/549 548/622/548 579/651/579 580/654/580
f 979/655/979 575/623/575 606/652/606
f 563/595/563 562/624/562 593/653/593 594/656/594
f 550/594/550 549/593/549 580/654/580 581/657/581
f 564/596/564 563/595/563 594/656/594 595/658/595
f 551/597/551 550/594/550 581/657/581 582/626/582
f 565/598/565 564/596/564 595/658/595 596/628/596
f 585/632/585 584/630/584 615/659/615 616/660/616
f 599/633/599 598/631/598 629/661/629 630/662/630
f 586/634/586 585/632/585 616/660/616 617/663/617
f 600/635/600 599/633/599 630/662/630 631/664/631
f 587/636/587 586/634/586 617/663/617 618/665/618
f 601/637/601 600/635/600 631/664/631 632/666/632
f 588/638/588 587/636/587 618/665/618 619/667/619
f 602/639/602 601/637/601 632/666/632 633/668/633
f 589/640/589 588/638/588 619/667/619 620/669/620
f 576/642/576 1445/670/1445 607/671/607
f 603/643/603 602/639/602 633/668/633 634/672/634
f 590/644/590 589/640/589 620/669/620 621/673/621
f 577/645/577 576/642/576 607/671/607 608/674/608
f 604/646/604 603/643/603 634/672/634 635/675/635
f 591/647/591 590/644/590 621/673/621 622/676/622
f 578/648/578 577/645/577 608/674/608 609/677/609
f 605/649/605 604/646/604 635/675/635 636/678/636
f 592/650/592 591/647/591 622/676/622 623/679/623
f 579/651/579 578/648/578 609/677/609 610/680/610
f 606/652/606 605/649/605 636/678/636 637/681/637
f 593/653/593 592/650/592 623/679/623 624/682/624
f 580/654/580 579/651/579 610/680/610 611/683/611
f 979/684/979 606/652/606 637/681/637
f 594/656/594 593/653/593 624/682/624 625/685/625
f 581/657/581 580/654/580 611/683/611 612/686/612
f 595/658/595 594/656/594 625/685/625 626/687/626
f 582/626/582 581/657/581 612/686/612 613/688/613
f 596/628/596 595/658/595 626/687/626 627/689/627
f 583/627/583 582/626/582 613/688/613 614/690/614
f 597/629/597 596/628/596 627/689/627 628/691/628
f 584/630/584 583/627/583 614/690/614 615/659/615
f 598/631/598 597/629/597 628/691/628 629/661/629
f 618/665/618 617/663/617 648/692/648 649/693/649
f 632/666/632 631/664/631 662/694/662 663/695/663
f 619/667/619 618/665/618 649/693/649 650/696/650
f 633/668/633 632/666/632 663/695/663 664/697/664
f 620/669/620 619/667/619 650/696/650 651/698/651
f 607/671/607 1445/699/1445 638/700/638
f 634/672/634 633/668/633 664/697/664 665/701/665
f 621/673/621 620/669/620 651/698/651 652/702/652
f 608/674/608 607/671/607 638/700/638 639/703/639
f 635/675/635 634/672/634 665/701/665 666/704/666
f 622/676/622 621/673/621 652/702/652 653/705/653
f 609/677/609 608/674/608 639/703/639 640/706/640
f 636/678/636 635/675/635 666/704/666 667/707/667
f 623/679/623 622/676/622 653/705/653 654/708/654
f 610/680/610 609/677/609 640/706/640 641/709/641
f 637/681/637 636/678/636 667/707/667 668/710/668
f 624/682/624 623/679/623 654/708/654 655/711/655
f 611/683/611 610/680/610 641/709/641 642/712/642
f 979/713/979 637/681/637 668/710/668
f 625/685/625 624/682/624 655/711/655 656/714/656
f 612/686/612 611/683/611 642/712/642 643/715/643
f 626/687/626 625/685/625 656/714/656 657/716/657
f 613/688/613 612/686/612 643/715/643 644/717/644
f 627/689/627 626/687/626 657/716/657 658/718/658
f 614/690/614 613/688/613 644/717/644 645/719/645
f 628/691/628 627/689/627 658/718/658 659/720/659
f 615/659/615 614/690/614 645/719/645 646/721/646
f 629/661/629 628/691/628 659/720/659 660/722/660
f 616/660/616 615/659/615 646/721/646 647/723/647
f 630/662/630 629/661/629 660/722/660 661/724/661
f 617/663/617 616/660/616 647/723/647 648/692/648
f 631/664/631 630/662/630 661/724/661 662/694/662
f 651/698/651 650/696/650 681/725/681 682/726/682
f 638/700/638 1445/727/1445 669/728/669
f 665/701/665 664/697/664 695/729/695 696/730/696
f 652/702/652 651/698/651 682/726/682 683/731/683
f 639/703/639 638/700/638 669/728/669 670/732/670
f 666/704/666 665/701/665 696/730/696 697/733/697
f 653/705/653 652/702/652 683/731/683 684/734/684
f 640/706/640 639/703/639 670/732/670 671/735/671
f 667/707/667 666/704/666 697/733/697 698/736/698
f 654/708/654 653/705/653 684/734/684 685/737/685
f 641/709/641 640/706/640 671/735/671 672/738/672
f 668/710/668 667/707/667 698/736/698 699/739/699
f 655/711/655 654/708/654 685/737/685 686/740/686
f 642/712/642 641/709/641 672/738/672 673/741/673
f 979/742/979 668/710/668 699/739/699
f 656/714/656 655/711/655 686/740/686 687/743/687
f 643/715/643 642/712/642 673/741/673 674/744/674
f 657/716/657 656/714/656 687/743/687 688/745/688
f 644/717/644 643/715/643 674/744/674 675/746/675
f 658/718/658 657/716/657 688/745/688 689/747/689
f 645/719/645 644/717/644 675/746/675 676/748/676
f 659/720/659 658/718/658 689/747/689 690/749/690
f 646/721/646 645/719/645 676/748/676 677/750/677
f 660/722/660 659/720/659 690/749/690 691/751/691
f 647/723/647 646/721/646 677/750/677 678/752/678
f 661/724/661 660/722/660 691/751/691 692/753/692
f 648/692/648 647/723/647 678/752/678 679/754/679
f 662/694/662 661/724/661 692/753/692 693/755/693
f 649/693/649 648/692/648 679/754/679 680/756/680
f 663/695/663 662/694/662 693/755/693 694/757/694
f 650/696/650 649/693/649 680/756/680 681/725/681
f 664/697/664 663/695/663 694/757/694 695/729/695
f 684/734/684 683/731/683 714/758/714 715/759/715
f 671/735/671 670/732/670 701/760/701 702/761/702
f 698/736/698 697/733/697 728/762/728 729/763/729
f 685/737/685 684/734/684 715/759/715 716/764/716
f 672/738/672 671/735/671 702/761/702 703/765/703
f 699/739/699 698/736/698 729/763/729 730/766/730
f 686/740/686 685/737/685 716/764/716 717/767/717
f 673/741/673 672/738/672 703/765/703 704/768/704
f 979/769/979 699/739/699 730/766/730
f 687/743/687 686/740/686 717/767/717 718/770/718
f 674/744/674 673/741/673 704/768/704 705/771/705
f 688/745/688 687/743/687 718/770/718 719/772/719
f 675/746/675 674/744/674 705/771/705 706/773/706
f 689/747/689 688/745/688 719/772/719 720/774/720
f 676/748/676 675/746/675 706/773/706 707/775/707
f 690/749/690 689/747/689 720/774/720 721/776/721
f 677/750/677 676/748/676 707/775/707 708/777/708
f 691/751/691 690/749/690 721/776/721 722/778/722
f 678/752/678 677/750/677 708/777/708 709/779/709
f 692/753/692 691/751/691 722/778/722 723/780/723
f 679/754/679 678/752/678 709/779/709 710/781/710
f 693/755/693 692/753/692 723/780/723 724/782/724
f 680/756/680 679/754/679 710/781/710 711/783/711
f 694/757/694 693/755/693 724/782/724 725/784/725
f 681/725/681 680/756/680 711/783/711 712/785/712
f 695/729/695 694/757/694 725/784/725 726/786/726
f 682/726/682 681/725/681 712/785/712 713/787/713
f 669/728/669 1445/788/1445 700/789/700
f 696/730/696 695/729/695 726/786/726 727/790/727
f 683/731/683 682/726/682 713/787/713 714/758/714
f 670/732/670 669/728/669 700/789/700 701/760/701
f 697/733/697 696/730/696 727/790/727 728/762/728
f 717/767/717 716/764/716 747/791/747 748/792/748
f 704/768/704 703/765/703 734/793/734 735/794/735
f 979/795/979 730/766/730 761/796/761
f 718/770/718 717/767/717 748/792/748 749/797/749
f 705/771/705 704/768/704 735/794/735 736/798/736
f 719/772/719 718/770/718 749/797/749 750/799/750
f 706/773/706 705/771/705 736/798/736 737/800/737
f 720/774/720 719/772/719 750/799/750 751/801/751
f 707/775/707 706/773/706 737/800/737 738/802/738
f 721/776/721 720/774/720 751/801/751 752/803/752
f 708/777/708 707/775/707 738/802/738 739/804/739
f 722/778/722 721/776/721 752/803/752 753/805/753
f 709/779/709 708/777/708 739/804/739 740/806/740
f 723/780/723 722/778/722 753/805/753 754/807/754
f 710/781/710 709/779/709 740/806/740 741/808/741
f 724/782/724 723/780/723 754/807/754 755/809/755
f 711/783/711 710/781/710 741/808/741 742/810/742
f 725/784/725 724/782/724 755/809/755 756/811/756
f 712/785/712 711/783/711 742/810/742 743/812/743
f 726/786/726 725/784/725 756/811/756 757/813/757
f 713/787/713 712/785/712 743/812/743 744/814/744
f 700/789/700 1445/815/1445 731/816/731
f 727/790/727 726/786/726 757/813/757 758/817/758
f 714/758/714 713/787/713 744/814/744 745/818/745
f 701/760/701 700/789/700 731/816/731 732/819/732
f 728/762/728 727/790/727 758/817/758 759/820/759
f 715/759/715 714/758/714 745/818/745 746/821/746
f 702/761/702 701/760/701 732/819/732 733/822/733
f 729/763/729 728/762/728 759/820/759 760/823/760
f 716/764/716 715/759/715 746/821/746 747/791/747
f 703/765/703 702/761/702 733/822/733 734/793/734
f 730/766/730 729/763/729 760/823/760 761/796/761
f 750/799/750 749/797/749 780/824/780 781/825/781
f 737/800/737 736/798/736 767/826/767 768/827/768
f 751/801/751 750/799/750 781/825/781 782/828/782
f 738/802/738 737/800/737 768/827/768 769/829/769
f 752/803/752 751/801/751 782/828/782 783/830/783
f 739/804/739 738/802/738 769/829/769 770/831/770
f 753/805/753 752/803/752 783/830/783 784/832/784
f 740/806/740 739/804/739 770/831/770 771/833/771
f 754/807/754 753/805/753 784/832/784 785/834/785
f 741/808/741 740/806/740 771/833/771 772/835/772
f 755/809/755 754/807/754 785/834/785 786/836/786
f 742/810/742 741/808/741 772/835/772 773/837/773
f 756/811/756 755/809/755 786/836/786 787/838/787
f 743/812/743 742/810/742 773/837/773 774/839/774
f 757/813/757 756/811/756 787/838/787 788/840/788
f 744/814/744 743/812/743 774/839/774 775/841/775
f 731/816/731 1445/842/1445 762/843/762
f 758/817/758 757/813/757 788/840/788 789/844/789
f 745/818/745 744/814/744 775/841/775 776/845/776
f 732/819/732 731/816/731 762/843/762 763/846/763
f 759/820/759 758/817/758 789/844/789 790/847/790
f 746/821/746 745/818/745 776/845/776 777/848/777
f 733/822/733 732/819/732 763/846/763 764/849/764
f 760/823/760 759/820/759 790/847/790 791/850/791
f 747/791/747 746/821/746 777/848/777 778/851/778
f 734/793/734 733/822/733 764/849/764 765/852/765
f 761/796/761 760/823/760 791/850/791 792/853/792
f 748/792/748 747/791/747 778/851/778 779/854/779
f 735/794/735 734/793/734 765/852/765 766/855/766
f 979/856/979 761/796/761 792/853/792
f 749/797/749 748/792/748 779/854/779 780/824/780
f 736/798/736 735/794/735 766/855/766 767/826/767
f 783/830/783 782/828/782 813/857/813 814/858/814
f 770/831/770 769/829/769 800/859/800 801/860/801
f 784/832/784 783/830/783 814/858/814 815/861/815
f 771/833/771 770/831/770 801/860/801 802/862/802
f 785/834/785 784/832/784 815/861/815 816/863/816
f 772/835/772 771/833/771 802/862/802 803/864/803
f 786/836/786 785/834/785 816/863/816 817/865/817
f 773/837/773 772/835/772 803/864/803 804/866/804
f 787/838/787 786/836/786 817/865/817 818/867/818
f 774/839/774 773/837/773 804/866/804 805/868/805
f 788/840/788 787/838/787 818/867/818 819/869/819
f 775/841/775 774/839/774 805/868/805 806/870/806
f 762/843/762 1445/871/1445 793/872/793
f 789/844/789 788/840/788 819/869/819 820/873/820
f 776/845/776 775/841/775 806/870/806 807/874/807
f 763/846/763 762/843/762 793/872/793 794/875/794
f 790/847/790 789/844/789 820/873/820 821/876/821
f 777/848/777 776/845/776 807/874/807 808/877/808
f 764/849/764 763/846/763 794/875/794 795/878/795
f 791/850/791 790/847/790 821/876/821 822/879/822
f 778/851/778 777/848/777 808/877/808 809/880/809
f 765/852/765 764/849/764 795/878/795 796/881/796
f 792/853/792 791/850/791 822/879/822 823/882/823
f 779/854/779 778/851/778 809/880/809 810/883/810
f 766/855/766 765/852/765 796/881/796 797/884/797
f 979/885/979 792/853/792 823/882/823
f 780/824/780 779/854/779 810/883/810 811/886/811
f 767/826/767 766/855/766 797/884/797 798/887/798
f 781/825/781 780/824/780 811/886/811 812/888/812
f 768/827/768 767/826/767 798/887/798 799/889/799
f 782/828/782 781/825/781 812/888/812 813/857/813
f 769/829/769 768/827/768 799/889/799 800/859/800
f 815/861/815 814/858/814 845/890/845 846/891/846
f 802/862/802 801/860/801 832/892/832 833/893/833
f 816/863/816 815/861/815 846/891/846 847/894/847
f 803/864/803 802/862/802 833/893/833 834/895/834
f 817/865/817 816/863/816 847/894/847 848/896/848
f 804/866/804 803/864/803 834/895/834 835/897/835
f 818/867/818 817/865/817 848/896/848 849/898/849
f 805/868/805 804/866/804 835/897/835 836/899/836
f 819/869/819 818/867/818 849/898/849 850/900/850
f 806/870/806 805/868/805 836/899/836 837/901/837
f 793/872/793 1445/902/1445 824/903/824
f 820/873/820 819/869/819 850/900/850 851/904/851
f 807/874/807 806/870/806 837/901/837 838/905/838
f 794/875/794 793/872/793 824/903/824 825/906/825
f 821/876/821 820/873/820 851/904/851 852/907/852
f 808/877/808 807/874/807 838/905/838 839/908/839
f 795/878/795 794/875/794 825/906/825 826/909/826
f 822/879/822 821/876/821 852/907/852 853/910/853
f 809/880/809 808/877/808 839/908/839 840/911/840
f 796/881/796 795/878/795 826/909/826 827/912/827
f 823/882/823 822/879/822 853/910/853 854/913/854
f 810/883/810 809/880/809 840/911/840 841/914/841
f 797/884/797 796/881/796 827/912/827 828/915/828
f 979/916/979 823/882/823 854/913/854
f 811/886/811 810/883/810 841/914/841 842/917/842
f 798/887/798 797/884/797 828/915/828 829/918/829
f 812/888/812 811/886/811 842/917/842 843/919/843
f 799/889/799 798/887/798 829/918/829 830/920/830
f 813/857/813 812/888/812 843/919/843 844/921/844
f 800/859/800 799/889/799 830/920/830 831/922/831
f 814/858/814 813/857/813 844/921/844 845/890/845
f 801/860/801 800/859/800 831/922/831 832/892/832
f 848/896/848 847/894/847 878/923/878 879/924/879
f 835/897/835 834/895/834 865/925/865 866/926/866
f 849/898/849 848/896/848 879/924/879 880/927/880
f 836/899/836 835/897/835 866/926/866 867/928/867
f 850/900/850 849/898/849 880/927/880 881/929/881
f 837/901/837 836/899/836 867/928/867 868/930/868
f 824/903/824 1445/931/1445 855/932/855
f 851/904/851 850/900/850 881/929/881 882/933/882
f 838/905/838 837/901/837 868/930/868 869/934/869
f 825/906/825 824/903/824 855/932/855 856/935/856
f 852/907/852 851/904/851 882/933/882 883/936/883
f 839/908/839 838/905/838 869/934/869 870/937/870
f 826/909/826 825/906/825 856/935/856 857/938/857
f 853/910/853 852/907/852 883/936/883 884/939/884
f 840/911/840 839/908/839 870/937/870 871/940/871
f 827/912/827 826/909/826 857/938/857 858/941/858
f 854/913/854 853/910/853 884/939/884 885/942/885
f 841/914/841 840/911/840 871/940/871 872/943/872
f 828/915/828 827/912/827 858/941/858 859/944/859
f 979/945/979 854/913/854 885/942/885
f 842/917/842 841/914/841 872/943/872 873/946/873
f 829/918/829 828/915/828 859/944/859 860/947/860
f 843/919/843 842/917/842 873/946/873 874/948/874
f 830/920/830 829/918/829 860/947/860 861/949/861
f 844/921/844 843/919/843 874/948/874 875/950/875
f 831/922/831 830/920/830 861/949/861 862/951/862
f 845/890/845 844/921/844 875/950/875 876/952/876
f 832/892/832 831/922/831 862/951/862 863/953/863
f 846/891/846 845/890/845 876/952/876 877/954/877
f 833/893/833 832/892/832 863/953/863 864/955/864
f 847/894/847 846/891/846 877/954/877 878/923/878
f 834/895/834 833/893/833 864/955/864 865/925/865
f 881/929/881 880/927/880 911/956/911 912/957/912
f 868/930/868 867/928/867 898/958/898 899/959/899
f 855/932/855 1445/960/1445 886/961/886
f 882/933/882 881/929/881 912/957/912 913/962/913
f 869/934/869 868/930/868 899/959/899 900/963/900
f 856/935/856 855/932/855 886/961/886 887/964/887
f 883/936/883 882/933/882 913/962/913 914/965/914
f 870/937/870 869/934/869 900/963/900 901/966/901
f 857/938/857 856/935/856 887/964/887 888/967/888
f 884/939/884 883/936/883 914/965/914 915/968/915
f 871/940/871 870/937/870 901/966/901 902/969/902
f 858/941/858 857/938/857 888/967/888 889/970/889
f 885/942/885 884/939/884 915/968/915 916/971/916
f 872/943/872 871/940/871 902/969/902 903/972/903
f 859/944/859 858/941/858 889/970/889 890/973/890
f 979/974/979 885/942/885 916/971/916
f 873/946/873 872/943/872 903/972/903 904/975/904
f 860/947/860 859/944/859 890/973/890 891/976/891
f 874/948/874 873/946/873 904/975/904 905/977/905
f 861/949/861 860/947/860 891/976/891 892/978/892
f 875/950/875 874/948/874 905/977/905 906/979/906
f 862/951/862 861/949/861 892/978/892 893/980/893
f 876/952/876 875/950/875 906/979/906 907/981/907
f 863/953/863 862/951/862 893/980/893 894/982/894
f 877/954/877 876/952/876 907/981/907 908/983/908
f 864/955/864 863/953/863 894/982/894 895/984/895
f 878/923/878 877/954/877 908/983/908 909/985/909
f 865/925/865 864/955/864 895/984/895 896/986/896
f 879/924/879 878/923/878 909/985/909 910/987/910
f 866/926/866 865/925/865 896/986/896 897/988/897
f 880/927/880 879/924/879 910/987/910 911/956/911
f 867/928/867 866/926/866 897/988/897 898/958/898
f 887/964/887 886/961/886 917/989/917 918/990/918
f 914/965/914 913/962/913 944/991/944 945/992/945
f 901/966/901 900/963/900 931/993/931 932/994/932
f 888/967/888 887/964/887 918/990/918 919/995/919
f 915/968/915 914/965/914 945/992/945 946/996/946
f 902/969/902 901/966/901 932/994/932 933/997/933
f 889/970/889 888/967/888 919/995/919 920/998/920
f 916/971/916 915/968/915 946/996/946 947/999/947
f 903/972/903 902/969/902 933/997/933 934/1000/934
f 890/973/890 889/970/889 920/998/920 921/1001/921
f 979/1002/979 916/971/916 947/999/947
f 904/975/904 903/972/903 934/1000/934 935/1003/935
f 891/976/891 890/973/890 921/1001/921 922/1004/922
f 905/977/905 904/975/904 935/1003/935 936/1005/936
f 892/978/892 891/976/891 922/1004/922 923/1006/923
f 906/979/906 905/977/905 936/1005/936 937/1007/937
f 893/980/893 892/978/892 923/1006/923 924/1008/924
f 907/981/907 906/979/906 937/1007/937 938/1009/938
f 894/982/894 893/980/893 924/1008/924 925/1010/925
f 908/983/908 907/981/907 938/1009/938 939/1011/939
f 895/984/895 894/982/894 925/1010/925 926/1012/926
f 909/985/909 908/983/908 939/1011/939 940/1013/940
f 896/986/896 895/984/895 926/1012/926 927/1014/927
f 910/987/910 909/985/909 940/1013/940 941/1015/941
f 897/988/897 896/986/896 927/1014/927 928/1016/928
f 911/956/911 910/987/910 941/1015/941 942/1017/942
f 898/958/898 897/988/897 928/1016/928 929/1018/929
f 912/957/912 911/956/911 942/1017/942 943/1019/943
f 899/959/899 898/958/898 929/1018/929 930/1020/930
f 886/961/886 1445/1021/1445 917/989/917
f 913/962/913 912/957/912 943/1019/943 944/991/944
f 900/963/900 899/959/899 930/1020/930 931/993/931
f 920/998/920 919/995/919 950/1022/950 951/1023/951
f 947/999/947 946/996/946 977/1024/977 978/1025/978
f 934/1000/934 933/997/933 964/1026/964 965/1027/965
f 921/1001/921 920/998/920 951/1023/951 952/1028/952
f 979/1029/979 947/999/947 978/1025/978
f 935/1003/935 934/1000/934 965/1027/965 966/1030/966
f 922/1004/922 921/1001/921 952/1028/952 953/1031/953
f 936/1005/936 935/1003/935 966/1030/966 967/1032/967
f 923/1006/923 922/1004/922 953/1031/953 954/1033/954
f 937/1007/937 936/1005/936 967/1032/967 968/1034/968
f 924/1008/924 923/1006/923 954/1033/954 955/1035/955
f 938/1009/938 937/1007/937 968/1034/968 969/1036/969
f 925/1010/925 924/1008/924 955/1035/955 956/1037/956
f 939/1011/939 938/1009/938 969/1036/969 970/1038/970
f 926/1012/926 925/1010/925 956/1037/956 957/1039/957
f 940/1013/940 939/1011/939 970/1038/970 971/1040/971
f 927/1014/927 926/1012/926 957/1039/957 958/1041/958
f 941/1015/941 940/1013/940 971/1040/971 972/1042/972
f 928/1016/928 927/1014/927 958/1041/958 959/1043/959
f 942/1017/942 941/1015/941 972/1042/972 973/1044/973
f 929/1018/929 928/1016/928 959/1043/959 960/1045/960
f 943/1019/943 942/1017/942 973/1044/973 974/1046/974
f 930/1020/930 929/1018/929 960/1045/960 961/1047/961
f 917/989/917 1445/1048/1445 948/1049/948
f 944/991/944 943/1019/943 974/1046/974 975/1050/975
f 931/993/931 930/1020/930 961/1047/961 962/1051/962
f 918/990/918 917/989/917 948/1049/948 949/1052/949
f 945/992/945 944/991/944 975/1050/975 976/1053/976
f 932/994/932 931/993/931 962/1051/962 963/1054/963
f 919/995/919 918/990/918 949/1052/949 950/1022/950
f 946/996/946 945/992/945 976/1053/976 977/1024/977
f 933/997/933 932/994/932 963/1054/963 964/1026/964
f 953/1031/953 952/1028/952 984/1055/984 985/1056/985
f 967/1032/967 966/1030/966 998/1057/998 999/1058/999
f 954/1033/954 953/1031/953 985/1056/985 986/1059/986
f 968/1034/968 967/1032/967 999/1058/999 1000/1060/1000
f 955/1035/955 954/1033/954 986/1059/986 987/1061/987
f 969/1036/969 968/1034/968 1000/1060/1000 1001/1062/1001
f 956/1037/956 955/1035/955 987/1061/987 988/1063/988
f 970/1038/970 969/1036/969 1001/1062/1001 1002/1064/1002
f 957/1039/957 956/1037/956 988/1063/988 989/1065/989
f 971/1040/971 970/1038/970 1002/1064/1002 1003/1066/1003
f 958/1041/958 957/1039/957 989/1065/989 990/1067/990
f 972/1042/972 971/1040/971 1003/1066/1003 1004/1068/1004
f 959/1043/959 958/1041/958 990/1067/990 991/1069/991
f 973/1044/973 972/1042/972 1004/1068/1004 1005/1070/1005
f 960/1045/960 959/1043/959 991/1069/991 992/1071/992
f 974/1046/974 973/1044/973 1005/1070/1005 1006/1072/1006
f 961/1047/961 960/1045/960 992/1071/992 993/1073/993
f 948/1049/948 1445/1074/1445 980/1075/980
f 975/1050/975 974/1046/974 1006/1072/1006 1007/1076/1007
f 962/1051/962 961/1047/961 993/1073/993 994/1077/994
f 949/1052/949 948/1049/948 980/1075/980 981/1078/981
f 976/1053/976 975/1050/975 1007/1076/1007 1008/1079/1008
f 963/1054/963 962/1051/962 994/1077/994 995/1080/995
f 950/1022/950 949/1052/949 981/1078/981 982/1081/982
f 977/1024/977 976/1053/976 1008/1079/1008 1009/1082/1009
f 964/1026/964 963/1054/963 995/1080/995 996/1083/996
f 951/1023/951 950/1022/950 982/1081/982 983/1084/983
f 978/1025/978 977/1024/977 1009/1082/1009 1010/1085/1010
f 965/1027/965 964/1026/964 996/1083/996 997/1086/997
f 952/1028/952 951/1023/951 983/1084/983 984/1055/984
f 979/1087/979 978/1025/978 1010/1085/1010
f 966/1030/966 965/1027/965 997/1086/997 998/1057/998
f 987/1061/987 986/1059/986 1017/1088/1017 1018/1089/1018
f 1001/1062/1001 1000/1060/1000 1031/1090/1031 1032/1091/1032
f 988/1063/988 987/1061/987 1018/1089/1018 1019/1092/1019
f 1002/1064/1002 1001/1062/1001 1032/1091/1032 1033/1093/1033
f 989/1065/989 988/1063/988 1019/1092/1019 1020/1094/1020
f 1003/1066/1003 1002/1064/1002 1033/1093/1033 1034/1095/1034
f 990/1067/990 989/1065/989 1020/1094/1020 1021/1096/1021
f 1004/1068/1004 1003/1066/1003 1034/1095/1034 1035/1097/1035
f 991/1069/991 990/1067/990 1021/1096/1021 1022/1098/1022
f 1005/1070/1005 1004/1068/1004 1035/1097/1035 1036/1099/1036
f 992/1071/992 991/1069/991 1022/1098/1022 1023/1100/1023
f 1006/1072/1006 1005/1070/1005 1036/1099/1036 1037/1101/1037
f 993/1073/993 992/1071/992 1023/1100/1023 1024/1102/1024
f 980/1075/980 1445/1103/1445 1011/1104/1011
f 1007/1076/1007 1006/1072/1006 1037/1101/1037 1038/1105/1038
f 994/1077/994 993/1073/993 1024/1102/1024 1025/1106/1025
f 981/1078/981 980/1075/980 1011/1104/1011 1012/1107/1012
f 1008/1079/1008 1007/1076/1007 1038/1105/1038 1039/1108/1039
f 995/1080/995 994/1077/994 1025/1106/1025 1026/1109/1026
f 982/1081/982 981/1078/981 1012/1107/1012 1013/1110/1013
f 1009/1082/1009 1008/1079/1008 1039/1108/1039 1040/1111/1040
f 996/1083/996 995/1080/995 1026/1109/1026 1027/1112/1027
f 983/1084/983 982/1081/982 1013/1110/1013 1014/1113/1014
f 1010/1085/1010 1009/1082/1009 1040/1111/1040 1041/1114/1041
f 997/1086/997 996/1083/996 1027/1112/1027 1028/1115/1028
f 984/1055/984 983/1084/983 1014/1113/1014 1015/1116/1015
f 979/1117/979 1010/1085/1010 1041/1114/1041
f 998/1057/998 997/1086/997 1028/1115/1028 1029/1118/1029
f 985/1056/985 984/1055/984 1015/1116/1015 1016/1119/1016
f 999/1058/999 998/1057/998 1029/1118/1029 1030/1120/1030
f 986/1059/986 985/1056/985 1016/1119/1016 1017/1088/1017
f 1000/1060/1000 999/1058/999 1030/1120/1030 1031/1090/1031
f 1020/1094/1020 1019/1092/1019 1050/1121/1050 1051/1122/1051
f 1034/1095/1034 1033/1093/1033 1064/1123/1064 1065/1124/1065
f 1021/1096/1021 1020/1094/1020 1051/1122/1051 1052/1125/1052
f 1035/1097/1035 1034/1095/1034 1065/1124/1065 1066/1126/1066
f 1022/1098/1022 1021/1096/1021 1052/1125/1052 1053/1127/1053
f 1036/1099/1036 1035/1097/1035 1066/1126/1066 1067/1128/1067
f 1023/1100/1023 1022/1098/1022 1053/1127/1053 1054/1129/1054
f 1037/1101/1037 1036/1099/1036 1067/1128/1067 1068/1130/1068
f 1024/1102/1024 1023/1100/1023 1054/1129/1054 1055/1131/1055
f 1011/1104/1011 1445/1132/1445 1042/1133/1042
f 1038/1105/1038 1037/1101/1037 1068/1130/1068 1069/1134/1069
f 1025/1106/1025 1024/1102/1024 1055/1131/1055 1056/1135/1056
f 1012/1107/1012 1011/1104/1011 1042/1133/1042 1043/1136/1043
f 1039/1108/1039 1038/1105/1038 1069/1134/1069 1070/1137/1070
f 1026/1109/1026 1025/1106/1025 1056/1135/1056 1057/1138/1057
f 1013/1110/1013 1012/1107/1012 1043/1136/1043 1044/1139/1044
f 1040/1111/1040 1039/1108/1039 1070/1137/1070 1071/1140/1071
f 1027/1112/1027 1026/1109/1026 1057/1138/1057 1058/1141/1058
f 1014/1113/1014 1013/1110/1013 1044/1139/1044 1045/1142/1045
f 1041/1114/1041 1040/1111/1040 1071/1140/1071 1072/1143/1072
f 1028/1115/1028 1027/1112/1027 1058/1141/1058 1059/1144/1059
f 1015/1116/1015 1014/1113/1014 1045/1142/1045 1046/1145/1046
f 979/1146/979 1041/1114/1041 1072/1143/1072
f 1029/1118/1029 1028/1115/1028 1059/1144/1059 1060/1147/1060
f 1016/1119/1016 1015/1116/1015 1046/1145/1046 1047/1148/1047
f 1030/1120/1030 1029/1118/1029 1060/1147/1060 1061/1149/1061
f 1017/1088/1017 1016/1119/1016 1047/1148/1047 1048/1150/1048
f 1031/1090/1031 1030/1120/1030 1061/1149/1061 1062/1151/1062
f 1018/1089/1018 1017/1088/1017 1048/1150/1048 1049/1152/1049
f 1032/1091/1032 1031/1090/1031 1062/1151/1062 1063/1153/1063
f 1019/1092/1019 1018/1089/1018 1049/1152/1049 1050/1121/1050
f 1033/1093/1033 1032/1091/1032 1063/1153/1063 1064/1123/1064
f 1053/1127/1053 1052/1125/1052 1083/1154/1083 1084/1155/1084
f 1067/1128/1067 1066/1126/1066 1097/1156/1097 1098/1157/1098
f 1054/1129/1054 1053/1127/1053 1084/1155/1084 1085/1158/1085
f 1068/1130/1068 1067/1128/1067 1098/1157/1098 1099/1159/1099
f 1055/1131/1055 1054/1129/1054 1085/1158/1085 1086/1160/1086
f 1042/1133/1042 1445/1161/1445 1073/1162/1073
f 1069/1134/1069 1068/1130/1068 1099/1159/1099 1100/1163/1100
f 1056/1135/1056 1055/1131/1055 1086/1160/1086 1087/1164/1087
f 1043/1136/1043 1042/1133/1042 1073/1162/1073 1074/1165/1074
f 1070/1137/1070 1069/1134/1069 1100/1163/1100 1101/1166/1101
f 1057/1138/1057 1056/1135/1056 1087/1164/1087 1088/1167/1088
f 1044/1139/1044 1043/1136/1043 1074/1165/1074 1075/1168/1075
f 1071/1140/1071 1070/1137/1070 1101/1166/1101 1102/1169/1102
f 1058/1141/1058 1057/1138/1057 1088/1167/1088 1089/1170/1089
f 1045/1142/1045 1044/1139/1044 1075/1168/1075 1076/1171/1076
f 1072/1143/1072 1071/1140/1071 1102/1169/1102 1103/1172/1103
f 1059/1144/1059 1058/1141/1058 1089/1170/1089 1090/1173/1090
f 1046/1145/1046 1045/1142/1045 1076/1171/1076 1077/1174/1077
f 979/1175/979 1072/1143/1072 1103/1172/1103
f 1060/1147/1060 1059/1144/1059 1090/1173/1090 1091/1176/1091
f 1047/1148/1047 1046/1145/1046 1077/1174/1077 1078/1177/1078
f 1061/1149/1061 1060/1147/1060 1091/1176/1091 1092/1178/1092
f 1048/1150/1048 1047/1148/1047 1078/1177/1078 1079/1179/1079
f 1062/1151/1062 1061/1149/1061 1092/1178/1092 1093/1180/1093
f 1049/1152/1049 1048/1150/1048 1079/1179/1079 1080/1181/1080
f 1063/1153/1063 1062/1151/1062 1093/1180/1093 1094/1182/1094
f 1050/1121/1050 1049/1152/1049 1080/1181/1080 1081/1183/1081
f 1064/1123/1064 1063/1153/1063 1094/1182/1094 1095/1184/1095
f 1051/1122/1051 1050/1121/1050 1081/1183/1081 1082/1185/1082
f 1065/1124/1065 1064/1123/1064 1095/1184/1095 1096/1186/1096
f 1052/1125/1052 1051/1122/1051 1082/1185/1082 1083/1154/1083
f 1066/1126/1066 1065/1124/1065 1096/1186/1096 1097/1156/1097
f 1086/1160/1086 1085/1158/1085 1116/1187/1116 1117/1188/1117
f 1073/1162/1073 1445/1189/1445 1104/1190/1104
f 1100/1163/1100 1099/1159/1099 1130/1191/1130 1131/1192/1131
f 1087/1164/1087 1086/1160/1086 1117/1188/1117 1118/1193/1118
f 1074/1165/1074 1073/1162/1073 1104/1190/1104 1105/1194/1105
f 1101/1166/1101 1100/1163/1100 1131/1192/1131 1132/1195/1132
f 1088/1167/1088 1087/1164/1087 1118/1193/1118 1119/1196/1119
f 1075/1168/1075 1074/1165/1074 1105/1194/1105 1106/1197/1106
f 1102/1169/1102 1101/1166/1101 1132/1195/1132 1133/1198/1133
f 1089/1170/1089 1088/1167/1088 1119/1196/1119 1120/1199/1120
f 1076/1171/1076 1075/1168/1075 1106/1197/1106 1107/1200/1107
f 1103/1172/1103 1102/1169/1102 1133/1198/1133 1134/1201/1134
f 1090/1173/1090 1089/1170/1089 1120/1199/1120 1121/1202/1121
f 1077/1174/1077 1076/1171/1076 1107/1200/1107 1108/1203/1108
f 979/1204/979 1103/1172/1103 1134/1201/1134
f 1091/1176/1091 1090/1173/1090 1121/1202/1121 1122/1205/1122
f 1078/1177/1078 1077/1174/1077 1108/1203/1108 1109/1206/1109
f 1092/1178/1092 1091/1176/1091 1122/1205/1122 1123/1207/1123
f 1079/1179/1079 1078/1177/1078 1109/1206/1109 1110/1208/1110
f 1093/1180/1093 1092/1178/1092 1123/1207/1123 1124/1209/1124
f 1080/1181/1080 1079/1179/1079 1110/1208/1110 1111/1210/1111
f 1094/1182/1094 1093/1180/1093 1124/1209/1124 1125/1211/1125
f 1081/1183/1081 1080/1181/1080 1111/1210/1111 1112/1212/1112
f 1095/1184/1095 1094/1182/1094 1125/1211/1125 1126/1213/1126
f 1082/1185/1082 1081/1183/1081 1112/1212/1112 1113/1214/1113
f 1096/1186/1096 1095/1184/1095 1126/1213/1126 1127/1215/1127
f 1083/1154/1083 1082/1185/1082 1113/1214/1113 1114/1216/1114
f 1097/1156/1097 1096/1186/1096 1127/1215/1127 1128/1217/1128
f 1084/1155/1084 1083/1154/1083 1114/1216/1114 1115/1218/1115
f 1098/1157/1098 1097/1156/1097 1128/1217/1128 1129/1219/1129
f 1085/1158/1085 1084/1155/1084 1115/1218/1115 1116/1187/1116
f 1099/1159/1099 1098/1157/1098 1129/1219/1129 1130/1191/1130
f 1119/1196/1119 1118/1193/1118 1149/1220/1149 1150/1221/1150
f 1106/1197/1106 1105/1194/1105 1136/1222/1136 1137/1223/1137
f 1133/1198/1133 1132/1195/1132 1163/1224/1163 1164/1225/1164
f 1120/1199/1120 1119/1196/1119 1150/1221/1150 1151/1226/1151
f 1107/1200/1107 1106/1197/1106 1137/1223/1137 1138/1227/1138
f 1134/1201/1134 1133/1198/1133 1164/1225/1164 1165/1228/1165
f 1121/1202/1121 1120/1199/1120 1151/1226/1151 1152/1229/1152
f 1108/1203/1108 1107/1200/1107 1138/1227/1138 1139/1230/1139
f 979/1231/979 1134/1201/1134 1165/1228/1165
f 1122/1205/1122 1121/1202/1121 1152/1229/1152 1153/1232/1153
f 1109/1206/1109 1108/1203/1108 1139/1230/1139 1140/1233/1140
f 1123/1207/1123 1122/1205/1122 1153/1232/1153 1154/1234/1154
f 1110/1208/1110 1109/1206/1109 1140/1233/1140 1141/1235/1141
f 1124/1209/1124 1123/1207/1123 1154/1234/1154 1155/1236/1155
f 1111/1210/1111 1110/1208/1110 1141/1235/1141 1142/1237/1142
f 1125/1211/1125 1124/1209/1124 1155/1236/1155 1156/1238/1156
f 1112/1212/1112 1111/1210/1111 1142/1237/1142 1143/1239/1143
f 1126/1213/1126 1125/1211/1125 1156/1238/1156 1157/1240/1157
f 1113/1214/1113 1112/1212/1112 1143/1239/1143 1144/1241/1144
f 1127/1215/1127 1126/1213/1126 1157/1240/1157 1158/1242/1158
f 1114/1216/1114 1113/1214/1113 1144/1241/1144 1145/1243/1145
f 1128/1217/1128 1127/1215/1127 1158/1242/1158 1159/1244/1159
f 1115/1218/1115 1114/1216/1114 1145/1243/1145 1146/1245/1146
f 1129/1219/1129 1128/1217/1128 1159/1244/1159 1160/1246/1160
f 1116/1187/1116 1115/1218/1115 1146/1245/1146 1147/1247/1147
f 1130/1191/1130 1129/1219/1129 1160/1246/1160 1161/1248/1161
f 1117/1188/1117 1116/1187/1116 1147/1247/1147 1148/1249/1148
f 1104/1190/1104 1445/1250/1445 1135/1251/1135
f 1131/1192/1131 1130/1191/1130 1161/1248/1161 1162/1252/1162
f 1118/1193/1118 1117/1188/1117 1148/1249/1148 1149/1220/1149
f 1105/1194/1105 1104/1190/1104 1135/1251/1135 1136/1222/1136
f 1132/1195/1132 1131/1192/1131 1162/1252/1162 1163/1224/1163
f 1152/1229/1152 1151/1226/1151 1182/1253/1182 1183/1254/1183
f 1139/1230/1139 1138/1227/1138 1169/1255/1169 1170/1256/1170
f 979/1257/979 1165/1228/1165 1196/1258/1196
f 1153/1232/1153 1152/1229/1152 1183/1254/1183 1184/1259/1184
f 1140/1233/1140 1139/1230/1139 1170/1256/1170 1171/1260/1171
f 1154/1234/1154 1153/1232/1153 1184/1259/1184 1185/1261/1185
f 1141/1235/1141 1140/1233/1140 1171/1260/1171 1172/1262/1172
f 1155/1236/1155 1154/1234/1154 1185/1261/1185 1186/1263/1186
f 1142/1237/1142 1141/1235/1141 1172/1262/1172 1173/1264/1173
f 1156/1238/1156 1155/1236/1155 1186/1263/1186 1187/1265/1187
f 1143/1239/1143 1142/1237/1142 1173/1264/1173 1174/1266/1174
f 1157/1240/1157 1156/1238/1156 1187/1265/1187 1188/1267/1188
f 1144/1241/1144 1143/1239/1143 1174/1266/1174 1175/1268/1175
f 1158/1242/1158 1157/1240/1157 1188/1267/1188 1189/1269/1189
f 1145/1243/1145 1144/1241/1144 1175/1268/1175 1176/1270/1176
f 1159/1244/1159 1158/1242/1158 1189/1269/1189 1190/1271/1190
f 1146/1245/1146 1145/1243/1145 1176/1270/1176 1177/1272/1177
f 1160/1246/1160 1159/1244/1159 1190/1271/1190 1191/1273/1191
f 1147/1247/1147 1146/1245/1146 1177/1272/1177 1178/1274/1178
f 1161/1248/1161 1160/1246/1160 1191/1273/1191 1192/1275/1192
f 1148/1249/1148 1147/1247/1147 1178/1274/1178 1179/1276/1179
f 1135/1251/1135 1445/1277/1445 1166/1278/1166
f 1162/1252/1162 1161/1248/1161 1192/1275/1192 1193/1279/1193
f 1149/1220/1149 1148/1249/1148 1179/1276/1179 1180/1280/1180
f 1136/1222/1136 1135/1251/1135 1166/1278/1166 1167/1281/1167
f 1163/1224/1163 1162/1252/1162 1193/1279/1193 1194/1282/1194
f 1150/1221/1150 1149/1220/1149 1180/1280/1180 1181/1283/1181
f 1137/1223/1137 1136/1222/1136 1167/1281/1167 1168/1284/1168
f 1164/1225/1164 1163/1224/1163 1194/1282/1194 1195/1285/1195
f 1151/1226/1151 1150/1221/1150 1181/1283/1181 1182/1253/1182
f 1138/1227/1138 1137/1223/1137 1168/1284/1168 1169/1255/1169
f 1165/1228/1165 1164/1225/1164 1195/1285/1195 1196/1258/1196
f 1185/1261/1185 1184/1259/1184 1215/1286/1215 1216/1287/1216
f 1172/1262/1172 1171/1260/1171 1202/1288/1202 1203/1289/1203
f 1186/1263/1186 1185/1261/1185 1216/1287/1216 1217/1290/1217
f 1173/1264/1173 1172/1262/1172 1203/1289/1203 1204/1291/1204
f 1187/1265/1187 1186/1263/1186 1217/1290/1217 1218/1292/1218
f 1174/1266/1174 1173/1264/1173 1204/1291/1204 1205/1293/1205
f 1188/1267/1188 1187/1265/1187 1218/1292/1218 1219/1294/1219
f 1175/1268/1175 1174/1266/1174 1205/1293/1205 1206/1295/1206
f 1189/1269/1189 1188/1267/1188 1219/1294/1219 1220/1296/1220
f 1176/1270/1176 1175/1268/1175 1206/1295/1206 1207/1297/1207
f 1190/1271/1190 1189/1269/1189 1220/1296/1220 1221/1298/1221
f 1177/1272/1177 1176/1270/1176 1207/1297/1207 1208/1299/1208
f 1191/1273/1191 1190/1271/1190 1221/1298/1221 1222/1300/1222
f 1178/1274/1178 1177/1272/1177 1208/1299/1208 1209/1301/1209
f 1192/1275/1192 1191/1273/1191 1222/1300/1222 1223/1302/1223
f 1179/1276/1179 1178/1274/1178 1209/1301/1209 1210/1303/1210
f 1166/1278/1166 1445/1304/1445 1197/1305/1197
f 1193/1279/1193 1192/1275/1192 1223/1302/1223 1224/1306/1224
f 1180/1280/1180 1179/1276/1179 1210/1303/1210 1211/1307/1211
f 1167/1281/1167 1166/1278/1166 1197/1305/1197 1198/1308/1198
f 1194/1282/1194 1193/1279/1193 1224/1306/1224 1225/1309/1225
f 1181/1283/1181 1180/1280/1180 1211/1307/1211 1212/1310/1212
f 1168/1284/1168 1167/1281/1167 1198/1308/1198 1199/1311/1199
f 1195/1285/1195 1194/1282/1194 1225/1309/1225 1226/1312/1226
f 1182/1253/1182 1181/1283/1181 1212/1310/1212 1213/1313/1213
f 1169/1255/1169 1168/1284/1168 1199/1311/1199 1200/1314/1200
f 1196/1258/1196 1195/1285/1195 1226/1312/1226 1227/1315/1227
f 1183/1254/1183 1182/1253/1182 1213/1313/1213 1214/1316/1214
f 1170/1256/1170 1169/1255/1169 1200/1314/1200 1201/1317/1201
f 979/1318/979 1196/1258/1196 1227/1315/1227
f 1184/1259/1184 1183/1254/1183 1214/1316/1214 1215/1286/1215
f 1171/1260/1171 1170/1256/1170 1201/1317/1201 1202/1288/1202
f 1218/1292/1218 1217/1290/1217 1248/1319/1248 1249/1320/1249
f 1205/1293/1205 1204/1291/1204 1235/1321/1235 1236/1322/1236
f 1219/1294/1219 1218/1292/1218 1249/1320/1249 1250/1323/1250
f 1206/1295/1206 1205/1293/1205 1236/1322/1236 1237/1324/1237
f 1220/1296/1220 1219/1294/1219 1250/1323/1250 1251/1325/1251
f 1207/1297/1207 1206/1295/1206 1237/1324/1237 1238/1326/1238
f 1221/1298/1221 1220/1296/1220 1251/1325/1251 1252/1327/1252
f 1208/1299/1208 1207/1297/1207 1238/1326/1238 1239/1328/1239
f 1222/1300/1222 1221/1298/1221 1252/1327/1252 1253/1329/1253
f 1209/1301/1209 1208/1299/1208 1239/1328/1239 1240/1330/1240
f 1223/1302/1223 1222/1300/1222 1253/1329/1253 1254/1331/1254
f 1210/1303/1210 1209/1301/1209 1240/1330/1240 1241/1332/1241
f 1197/1305/1197 1445/1333/1445 1228/1334/1228
f 1224/1306/1224 1223/1302/1223 1254/1331/1254 1255/1335/1255
f 1211/1307/1211 1210/1303/1210 1241/1332/1241 1242/1336/1242
f 1198/1308/1198 1197/1305/1197 1228/1334/1228 1229/1337/1229
f 1225/1309/1225 1224/1306/1224 1255/1335/1255 1256/1338/1256
f 1212/1310/1212 1211/1307/1211 1242/1336/1242 1243/1339/1243
f 1199/1311/1199 1198/1308/1198 1229/1337/1229 1230/1340/1230
f 1226/1312/1226 1225/1309/1225 1256/1338/1256 1257/1341/1257
f 1213/1313/1213 1212/1310/1212 1243/1339/1243 1244/1342/1244
f 1200/1314/1200 1199/1311/1199 1230/1340/1230 1231/1343/1231
f 1227/1315/1227 1226/1312/1226 1257/1341/1257 1258/1344/1258
f 1214/1316/1214 1213/1313/1213 1244/1342/1244 1245/1345/1245
f 1201/1317/1201 1200/1314/1200 1231/1343/1231 1232/1346/1232
f 979/1347/979 1227/1315/1227 1258/1344/1258
f 1215/1286/1215 1214/1316/1214 1245/1345/1245 1246/1348/1246
f 1202/1288/1202 1201/1317/1201 1232/1346/1232 1233/1349/1233
f 1216/1287/1216 1215/1286/1215 1246/1348/1246 1247/1350/1247
f 1203/1289/1203 1202/1288/1202 1233/1349/1233 1234/1351/1234
f 1217/1290/1217 1216/1287/1216 1247/1350/1247 1248/1319/1248
f 1204/1291/1204 1203/1289/1203 1234/1351/1234 1235/1321/1235
f 1251/1325/1251 1250/1323/1250 1281/1352/1281 1282/1353/1282
f 1238/1326/1238 1237/1324/1237 1268/1354/1268 1269/1355/1269
f 1252/1327/1252 1251/1325/1251 1282/1353/1282 1283/1356/1283
f 1239/1328/1239 1238/1326/1238 1269/1355/1269 1270/1357/1270
f 1253/1329/1253 1252/1327/1252 1283/1356/1283 1284/1358/1284
f 1240/1330/1240 1239/1328/1239 1270/1357/1270 1271/1359/1271
f 1254/1331/1254 1253/1329/1253 1284/1358/1284 1285/1360/1285
f 1241/1332/1241 1240/1330/1240 1271/1359/1271 1272/1361/1272
f 1228/1334/1228 1445/1362/1445 1259/1363/1259
f 1255/1335/1255 1254/1331/1254 1285/1360/1285 1286/1364/1286
f 1242/1336/1242 1241/1332/1241 1272/1361/1272 1273/1365/1273
f 1229/1337/1229 1228/1334/1228 1259/1363/1259 1260/1366/1260
f 1256/1338/1256 1255/1335/1255 1286/1364/1286 1287/1367/1287
f 1243/1339/1243 1242/1336/1242 1273/1365/1273 1274/1368/1274
f 1230/1340/1230 1229/1337/1229 1260/1366/1260 1261/1369/1261
f 1257/1341/1257 1256/1338/1256 1287/1367/1287 1288/1370/1288
f 1244/1342/1244 1243/1339/1243 1274/1368/1274 1275/1371/1275
f 1231/1343/1231 1230/1340/1230 1261/1369/1261 1262/1372/1262
f 1258/1344/1258 1257/1341/1257 1288/1370/1288 1289/1373/1289
f 1245/1345/1245 1244/1342/1244 1275/1371/1275 1276/1374/1276
f 1232/1346/1232 1231/1343/1231 1262/1372/1262 1263/1375/1263
f 979/1376/979 1258/1344/1258 1289/1373/1289
f 1246/1348/1246 1245/1345/1245 1276/1374/1276 1277/1377/1277
f 1233/1349/1233 1232/1346/1232 1263/1375/1263 1264/1378/1264
f 1247/1350/1247 1246/1348/1246 1277/1377/1277 1278/1379/1278
f 1234/1351/1234 1233/1349/1233 1264/1378/1264 1265/1380/1265
f 1248/1319/1248 1247/1350/1247 1278/1379/1278 1279/1381/1279
f 1235/1321/1235 1234/1351/1234 1265/1380/1265 1266/1382/1266
f 1249/1320/1249 1248/1319/1248 1279/1381/1279 1280/1383/1280
f 1236/1322/1236 1235/1321/1235 1266/1382/1266 1267/1384/1267
f 1250/1323/1250 1249/1320/1249 1280/1383/1280 1281/1352/1281
f 1237/1324/1237 1236/1322/1236 1267/1384/1267 1268/1354/1268
f 1284/1358/1284 1283/1356/1283 1314/1385/1314 1315/1386/1315
f 1271/1359/1271 1270/1357/1270 1301/1387/1301 1302/1388/1302
f 1285/1360/1285 1284/1358/1284 1315/1386/1315 1316/1389/1316
f 1272/1361/1272 1271/1359/1271 1302/1388/1302 1303/1390/1303
f 1259/1363/1259 1445/1391/1445 1290/1392/1290
f 1286/1364/1286 1285/1360/1285 1316/1389/1316 1317/1393/1317
f 1273/1365/1273 1272/1361/1272 1303/1390/1303 1304/1394/1304
f 1260/1366/1260 1259/1363/1259 1290/1392/1290 1291/1395/1291
f 1287/1367/1287 1286/1364/1286 1317/1393/1317 1318/1396/1318
f 1274/1368/1274 1273/1365/1273 1304/1394/1304 1305/1397/1305
f 1261/1369/1261 1260/1366/1260 1291/1395/1291 1292/1398/1292
f 1288/1370/1288 1287/1367/1287 1318/1396/1318 1319/1399/1319
f 1275/1371/1275 1274/1368/1274 1305/1397/1305 1306/1400/1306
f 1262/1372/1262 1261/1369/1261 1292/1398/1292 1293/1401/1293
f 1289/1373/1289 1288/1370/1288 1319/1399/1319 1320/1402/1320
f 1276/1374/1276 1275/1371/1275 1306/1400/1306 1307/1403/1307
f 1263/1375/1263 1262/1372/1262 1293/1401/1293 1294/1404/1294
f 979/1405/979 1289/1373/1289 1320/1402/1320
f 1277/1377/1277 1276/1374/1276 1307/1403/1307 1308/1406/1308
f 1264/1378/1264 1263/1375/1263 1294/1404/1294 1295/1407/1295
f 1278/1379/1278 1277/1377/1277 1308/1406/1308 1309/1408/1309
f 1265/1380/1265 1264/1378/1264 1295/1407/1295 1296/1409/1296
f 1279/1381/1279 1278/1379/1278 1309/1408/1309 1310/1410/1310
f 1266/1382/1266 1265/1380/1265 1296/1409/1296 1297/1411/1297
f 1280/1383/1280 1279/1381/1279 1310/1410/1310 1311/1412/1311
f 1267/1384/1267 1266/1382/1266 1297/1411/1297 1298/1413/1298
f 1281/1352/1281 1280/1383/1280 1311/1412/1311 1312/1414/1312
f 1268/1354/1268 1267/1384/1267 1298/1413/1298 1299/1415/1299
f 1282/1353/1282 1281/1352/1281 1312/1414/1312 1313/1416/1313
f 1269/1355/1269 1268/1354/1268 1299/1415/1299 1300/1417/1300
f 1283/1356/1283 1282/1353/1282 1313/1416/1313 1314/1385/1314
f 1270/1357/1270 1269/1355/1269 1300/1417/1300 1301/1387/1301
f 1317/1393/1317 1316/1389/1316 1347/1418/1347 1348/1419/1348
f 1304/1394/1304 1303/1390/1303 1334/1420/1334 1335/1421/1335
f 1291/1395/1291 1290/1392/1290 1321/1422/1321 1322/1423/1322
f 1318/1396/1318 1317/1393/1317 1348/1419/1348 1349/1424/1349
f 1305/1397/1305 1304/1394/1304 1335/1421/1335 1336/1425/1336
f 1292/1398/1292 1291/1395/1291 1322/1423/1322 1323/1426/1323
f 1319/1399/1319 1318/1396/1318 1349/1424/1349 1350/1427/1350
f 1306/1400/1306 1305/1397/1305 1336/1425/1336 1337/1428/1337
f 1293/1401/1293 1292/1398/1292 1323/1426/1323 1324/1429/1324
f 1320/1402/1320 1319/1399/1319 1350/1427/1350 1351/1430/1351
f 1307/1403/1307 1306/1400/1306 1337/1428/1337 1338/1431/1338
f 1294/1404/1294 1293/1401/1293 1324/1429/1324 1325/1432/1325
f 979/1433/979 1320/1402/1320 1351/1430/1351
f 1308/1406/1308 1307/1403/1307 1338/1431/1338 1339/1434/1339
f 1295/1407/1295 1294/1404/1294 1325/1432/1325 1326/1435/1326
f 1309/1408/1309 1308/1406/1308 1339/1434/1339 1340/1436/1340
f 1296/1409/1296 1295/1407/1295 1326/1435/1326 1327/1437/1327
f 1310/1410/1310 1309/1408/1309 1340/1436/1340 1341/1438/1341
f 1297/1411/1297 1296/1409/1296 1327/1437/1327 1328/1439/1328
f 1311/1412/1311 1310/1410/1310 1341/1438/1341 1342/1440/1342
f 1298/1413/1298 1297/1411/1297 1328/1439/1328 1329/1441/1329
f 1312/1414/1312 1311/1412/1311 1342/1440/1342 1343/1442/1343
f 1299/1415/1299 1298/1413/1298 1329/1441/1329 1330/1443/1330
f 1313/1416/1313 1312/1414/1312 1343/1442/1343 1344/1444/1344
f 1300/1417/1300 1299/1415/1299 1330/1443/1330 1331/1445/1331
f 1314/1385/1314 1313/1416/1313 1344/1444/1344 1345/1446/1345
f 1301/1387/1301 1300/1417/1300 1331/1445/1331 1332/1447/1332
f 1315/1386/1315 1314/1385/1314 1345/1446/1345 1346/1448/1346
f 1302/1388/1302 1301/1387/1301 1332/1447/1332 1333/1449/1333
f 1316/1389/1316 1315/1386/1315 1346/1448/1346 1347/1418/1347
f 1303/1390/1303 1302/1388/1302 1333/1449/1333 1334/1420/1334
f 1290/1392/1290 1445/1450/1445 1321/1422/1321
f 1350/1427/1350 1349/1424/1349 1380/1451/1380 1381/1452/1381
f 1337/1428/1337 1336/1425/1336 1367/1453/1367 1368/1454/1368
f 1324/1429/1324 1323/1426/1323 1354/1455/1354 1355/1456/1355
f 1351/1430/1351 1350/1427/1350 1381/1452/1381 1382/1457/1382
f 1338/1431/1338 1337/1428/1337 1368/1454/1368 1369/1458/1369
f 1325/1432/1325 1324/1429/1324 1355/1456/1355 1356/1459/1356
f 979/1460/979 1351/1430/1351 1382/1457/1382
f 1339/1434/1339 1338/1431/1338 1369/1458/1369 1370/1461/1370
f 1326/1435/1326 1325/1432/1325 1356/1459/1356 1357/1462/1357
f 1340/1436/1340 1339/1434/1339 1370/1461/1370 1371/1463/1371
f 1327/1437/1327 1326/1435/1326 1357/1462/1357 1358/1464/1358
f 1341/1438/1341 1340/1436/1340 1371/1463/1371 1372/1465/1372
f 1328/1439/1328 1327/1437/1327 1358/1464/1358 1359/1466/1359
f 1342/1440/1342 1341/1438/1341 1372/1465/1372 1373/1467/1373
f 1329/1441/1329 1328/1439/1328 1359/1466/1359 1360/1468/1360
f 1343/1442/1343 1342/1440/1342 1373/1467/1373 1374/1469/1374
f 1330/1443/1330 1329/1441/1329 1360/1468/1360 1361/1470/1361
f 1344/1444/1344 1343/1442/1343 1374/1469/1374 1375/1471/1375
f 1331/1445/1331 1330/1443/1330 1361/1470/1361 1362/1472/1362
f 1345/1446/1345 1344/1444/1344 1375/1471/1375 1376/1473/1376
f 1332/1447/1332 1331/1445/1331 1362/1472/1362 1363/1474/1363
f 1346/1448/1346 1345/1446/1345 1376/1473/1376 1377/1475/1377
f 1333/1449/1333 1332/1447/1332 1363/1474/1363 1364/1476/1364
f 1347/1418/1347 1346/1448/1346 1377/1475/1377 1378/1477/1378
f 1334/1420/1334 1333/1449/1333 1364/1476/1364 1365/1478/1365
f 1321/1422/1321 1445/1479/1445 1352/1480/1352
f 1348/1419/1348 1347/1418/1347 1378/1477/1378 1379/1481/1379
f 1335/1421/1335 1334/1420/1334 1365/1478/1365 1366/1482/1366
f 1322/1423/1322 1321/1422/1321 1352/1480/1352 1353/1483/1353
f 1349/1424/1349 1348/1419/1348 1379/1481/1379 1380/1451/1380
f 1336/1425/1336 1335/1421/1335 1366/1482/1366 1367/1453/1367
f 1323/1426/1323 1322/1423/1322 1353/1483/1353 1354/1455/1354
f 979/1484/979 1382/1457/1382 1413/1485/1413
f 1370/1461/1370 1369/1458/1369 1400/1486/1400 1401/1487/1401
f 1357/1462/1357 1356/1459/1356 1387/1488/1387 1388/1489/1388
f 1371/1463/1371 1370/1461/1370 1401/1487/1401 1402/1490/1402
f 1358/1464/1358 1357/1462/1357 1388/1489/1388 1389/1491/1389
f 1372/1465/1372 1371/1463/1371 1402/1490/1402 1403/1492/1403
f 1359/1466/1359 1358/1464/1358 1389/1491/1389 1390/1493/1390
f 1373/1467/1373 1372/1465/1372 1403/1492/1403 1404/1494/1404
f 1360/1468/1360 1359/1466/1359 1390/1493/1390 1391/1495/1391
f 1374/1469/1374 1373/1467/1373 1404/1494/1404 1405/1496/1405
f 1361/1470/1361 1360/1468/1360 1391/1495/1391 1392/1497/1392
f 1375/1471/1375 1374/1469/1374 1405/1496/1405 1406/1498/1406
f 1362/1472/1362 1361/1470/1361 1392/1497/1392 1393/1499/1393
f 1376/1473/1376 1375/1471/1375 1406/1498/1406 1407/1500/1407
f 1363/1474/1363 1362/1472/1362 1393/1499/1393 1394/1501/1394
f 1377/1475/1377 1376/1473/1376 1407/1500/1407 1408/1502/1408
f 1364/1476/1364 1363/1474/1363 1394/1501/1394 1395/1503/1395
f 1378/1477/1378 1377/1475/1377 1408/1502/1408 1409/1504/1409
f 1365/1478/1365 1364/1476/1364 1395/1503/1395 1396/1505/1396
f 1352/1480/1352 1445/1506/1445 1383/1507/1383
f 1379/1481/1379 1378/1477/1378 1409/1504/1409 1410/1508/1410
f 1366/1482/1366 1365/1478/1365 1396/1505/1396 1397/1509/1397
f 1353/1483/1353 1352/1480/1352 1383/1507/1383 1384/1510/1384
f 1380/1451/1380 1379/1481/1379 1410/1508/1410 1411/1511/1411
f 1367/1453/1367 1366/1482/1366 1397/1509/1397 1398/1512/1398
f 1354/1455/1354 1353/1483/1353 1384/1510/1384 1385/1513/1385
f 1381/1452/1381 1380/1451/1380 1411/1511/1411 1412/1514/1412
f 1368/1454/1368 1367/1453/1367 1398/1512/1398 1399/1515/1399
f 1355/1456/1355 1354/1455/1354 1385/1513/1385 1386/1516/1386
f 1382/1457/1382 1381/1452/1381 1412/1514/1412 1413/1485/1413
f 1369/1458/1369 1368/1454/1368 1399/1515/1399 1400/1486/1400
f 1356/1459/1356 1355/1456/1355 1386/1516/1386 1387/1488/1387
f 1403/1492/1403 1402/1490/1402 1433/1517/1433 1434/1518/1434
f 1390/1493/1390 1389/1491/1389 1420/1519/1420 1421/1520/1421
f 1404/1494/1404 1403/1492/1403 1434/1518/1434 1435/1521/1435
f 1391/1495/1391 1390/1493/1390 1421/1520/1421 1422/1522/1422
f 1405/1496/1405 1404/1494/1404 1435/1521/1435 1436/1523/1436
f 1392/1497/1392 1391/1495/1391 1422/1522/1422 1423/1524/1423
f 1406/1498/1406 1405/1496/1405 1436/1523/1436 1437/1525/1437
f 1393/1499/1393 1392/1497/1392 1423/1524/1423 1424/1526/1424
f 1407/1500/1407 1406/1498/1406 1437/1525/1437 1438/1527/1438
f 1394/1501/1394 1393/1499/1393 1424/1526/1424 1425/1528/1425
f 1408/1502/1408 1407/1500/1407 1438/1527/1438 1439/1529/1439
f 1395/1503/1395 1394/1501/1394 1425/1528/1425 1426/1530/1426
f 1409/1504/1409 1408/1502/1408 1439/1529/1439 1440/1531/1440
f 1396/1505/1396 1395/1503/1395 1426/1530/1426 1427/1532/1427
f 1383/1507/1383 1445/1533/1445 1414/1534/1414
f 1410/1508/1410 1409/1504/1409 1440/1531/1440 1441/1535/1441
f 1397/1509/1397 1396/1505/1396 1427/1532/1427 1428/1536/1428
f 1384/1510/1384 1383/1507/1383 1414/1534/1414 1415/1537/1415
f 1411/1511/1411 1410/1508/1410 1441/1535/1441 1442/1538/1442
f 1398/1512/1398 1397/1509/1397 1428/1536/1428 1429/1539/1429
f 1385/1513/1385 1384/1510/1384 1415/1537/1415 1416/1540/1416
f 1412/1514/1412 1411/1511/1411 1442/1538/1442 1443/1541/1443
f 1399/1515/1399 1398/1512/1398 1429/1539/1429 1430/1542/1430
f 1386/1516/1386 1385/1513/1385 1416/1540/1416 1417/1543/1417
f 1413/1485/1413 1412/1514/1412 1443/1541/1443 1444/1544/1444
f 1400/1486/1400 1399/1515/1399 1430/1542/1430 1431/1545/1431
f 1387/1488/1387 1386/1516/1386 1417/1543/1417 1418/1546/1418
f 979/1547/979 1413/1485/1413 1444/1544/1444
f 1401/1487/1401 1400/1486/1400 1431/1545/1431 1432/1548/1432
f 1388/1489/1388 1387/1488/1387 1418/1546/1418 1419/1549/1419
f 1402/1490/1402 1401/1487/1401 1432/1548/1432 1433/1517/1433
f 1389/1491/1389 1388/1489/1388 1419/1549/1419 1420/1519/1420
f 1436/1523/1436 1435/1521/1435 1467/1550/1467 1468/1551/1468
f 1423/1524/1423 1422/1522/1422 1454/1552/1454 1455/1553/1455
f 1437/1525/1437 1436/1523/1436 1468/1551/1468 1469/1554/1469
f 1424/1526/1424 1423/1524/1423 1455/1553/1455 1456/1555/1456
f 1438/1527/1438 1437/1525/1437 1469/1554/1469 1470/1556/1470
f 1425/1528/1425 1424/1526/1424 1456/1555/1456 1457/1557/1457
f 1439/1529/1439 1438/1527/1438 1470/1556/1470 1471/1558/1471
f 1426/1530/1426 1425/1528/1425 1457/1557/1457 1458/1559/1458
f 1440/1531/1440 1439/1529/1439 1471/1558/1471 1472/1560/1472
f 1427/1532/1427 1426/1530/1426 1458/1559/1458 1459/1561/1459
f 1414/1534/1414 1445/1562/1445 1446/1563/1446
f 1441/1535/1441 1440/1531/1440 1472/1560/1472 1473/1564/1473
f 1428/1536/1428 1427/1532/1427 1459/1561/1459 1460/1565/1460
f 1415/1537/1415 1414/1534/1414 1446/1563/1446 1447/1566/1447
f 1442/1538/1442 1441/1535/1441 1473/1564/1473 1474/1567/1474
f 1429/1539/1429 1428/1536/1428 1460/1565/1460 1461/1568/1461
f 1416/1540/1416 1415/1537/1415 1447/1566/1447 1448/1569/1448
f 1443/1541/1443 1442/1538/1442 1474/1567/1474 1475/1570/1475
f 1430/1542/1430 1429/1539/1429 1461/1568/1461 1462/1571/1462
f 1417/1543/1417 1416/1540/1416 1448/1569/1448 1449/1572/1449
f 1444/1544/1444 1443/1541/1443 1475/1570/1475 1476/1573/1476
f 1431/1545/1431 1430/1542/1430 1462/1571/1462 1463/1574/1463
f 1418/1546/1418 1417/1543/1417 1449/1572/1449 1450/1575/1450
f 979/1576/979 1444/1544/1444 1476/1573/1476
f 1432/1548/1432 1431/1545/1431 1463/1574/1463 1464/1577/1464
f 1419/1549/1419 1418/1546/1418 1450/1575/1450 1451/1578/1451
f 1433/1517/1433 1432/1548/1432 1464/1577/1464 1465/1579/1465
f 1420/1519/1420 1419/1549/1419 1451/1578/1451 1452/1580/1452
f 1434/1518/1434 1433/1517/1433 1465/1579/1465 1466/1581/1466
f 1421/1520/1421 1420/1519/1420 1452/1580/1452 1453/1582/1453
f 1435/1521/1435 1434/1518/1434 1466/1581/1466 1467/1550/1467
f 1422/1522/1422 1421/1520/1421 1453/1582/1453 1454/1552/1454
f 1470/1556/1470 1469/1554/1469 1500/1583/1500 1501/1584/1501
f 1457/1557/1457 1456/1555/1456 1487/1585/1487 1488/1586/1488
f 1471/1558/1471 1470/1556/1470 1501/1584/1501 1502/1587/1502
f 1458/1559/1458 1457/1557/1457 1488/1586/1488 1489/1588/1489
f 1472/1560/1472 1471/1558/1471 1502/1587/1502 1503/1589/1503
f 1459/1561/1459 1458/1559/1458 1489/1588/1489 1490/1590/1490
f 1446/1563/1446 1445/1591/1445 1477/1592/1477
f 1473/1564/1473 1472/1560/1472 1503/1589/1503 1504/1593/1504
f 1460/1565/1460 1459/1561/1459 1490/1590/1490 1491/1594/1491
f 1447/1566/1447 1446/1563/1446 1477/1592/1477 1478/1595/1478
f 1474/1567/1474 1473/1564/1473 1504/1593/1504 1505/1596/1505
f 1461/1568/1461 1460/1565/1460 1491/1594/1491 1492/1597/1492
f 1448/1569/1448 1447/1566/1447 1478/1595/1478 1479/1598/1479
f 1475/1570/1475 1474/1567/1474 1505/1596/1505 1506/1599/1506
f 1462/1571/1462 1461/1568/1461 1492/1597/1492 1493/1600/1493
f 1449/1572/1449 1448/1569/1448 1479/1598/1479 1480/1601/1480
f 1476/1573/1476 1475/1570/1475 1506/1599/1506 1507/1602/1507
f 1463/1574/1463 1462/1571/1462 1493/1600/1493 1494/1603/1494
f 1450/1575/1450 1449/1572/1449 1480/1601/1480 1481/1604/1481
f 979/1605/979 1476/1573/1476 1507/1602/1507
f 1464/1577/1464 1463/1574/1463 1494/1603/1494 1495/1606/1495
f 1451/1578/1451 1450/1575/1450 1481/1604/1481 1482/1607/1482
f 1465/1579/1465 1464/1577/1464 1495/1606/1495 1496/1608/1496
f 1452/1580/1452 1451/1578/1451 1482/1607/1482 1483/1609/1483
f 1466/1581/1466 1465/1579/1465 1496/1608/1496 1497/1610/1497
f 1453/1582/1453 1452/1580/1452 1483/1609/1483 1484/1611/1484
f 1467/1550/1467 1466/1581/1466 1497/1610/1497 1498/1612/1498
f 1454/1552/1454 1453/1582/1453 1484/1611/1484 1485/1613/1485
f 1468/1551/1468 1467/1550/1467 1498/1612/1498 1499/1614/1499
f 1455/1553/1455 1454/1552/1454 1485/1613/1485 1486/1615/1486
f 1469/1554/1469 1468/1551/1468 1499/1614/1499 1500/1583/1500
f 1456/1555/1456 1455/1553/1455 1486/1615/1486 1487/1585/1487
f 1503/1616/1503 1502/1617/1502 1533/1618/1533 1534/1619/1534
f 1490/1620/1490 1489/1621/1489 1520/1622/1520 1521/1623/1521
f 1477/1624/1477 1445/1625/1445 1508/1626/1508
f 1504/1627/1504 1503/1616/1503 1534/1619/1534 1535/1628/1535
f 1491/1629/1491 1490/1620/1490 1521/1623/1521 1522/1630/1522
f 1478/1631/1478 1477/1624/1477 1508/1626/1508 1509/1632/1509
f 1505/1633/1505 1504/1627/1504 1535/1628/1535 1536/1634/1536
f 1492/1635/1492 1491/1629/1491 1522/1630/1522 1523/1636/1523
f 1479/1637/1479 1478/1631/1478 1509/1632/1509 1510/1638/1510
f 1506/1639/1506 1505/1633/1505 1536/1634/1536 1537/1640/1537
f 1493/1641/1493 1492/1635/1492 1523/1636/1523 1524/1642/1524
f 1480/1643/1480 1479/1637/1479 1510/1638/1510 1511/1644/1511
f 1507/1645/1507 1506/1639/1506 1537/1640/1537 1538/1646/1538
f 1494/1647/1494 1493/1641/1493 1524/1642/1524 1525/1648/1525
f 1481/1649/1481 1480/1643/1480 1511/1644/1511 1512/1650/1512
f 979/1651/979 1507/1645/1507 1538/1646/1538
f 1495/1652/1495 1494/1647/1494 1525/1648/1525 1526/1653/1526
f 1482/1654/1482 1481/1649/1481 1512/1650/1512 1513/1655/1513
f 1496/1656/1496 1495/1652/1495 1526/1653/1526 1527/1657/1527
f 1483/1658/1483 1482/1654/1482 1513/1655/1513 1514/1659/1514
f 1497/1660/1497 1496/1656/1496 1527/1657/1527 1528/1661/1528
f 1484/1662/1484 1483/1658/1483 1514/1659/1514 1515/1663/1515
f 1498/1664/1498 1497/1660/1497 1528/1661/1528 1529/1665/1529
f 1485/1666/1485 1484/1662/1484 1515/1663/1515 1516/1667/1516
f 1499/1668/1499 1498/1664/1498 1529/1665/1529 1530/1669/1530
f 1486/1670/1486 1485/1666/1485 1516/1667/1516 1517/1671/1517
f 1500/1672/1500 1499/1668/1499 1530/1669/1530 1531/1673/1531
f 1487/1674/1487 1486/1670/1486 1517/1671/1517 1518/1675/1518
f 1501/1676/1501 1500/1672/1500 1531/1673/1531 1532/1677/1532
f 1488/1678/1488 1487/1674/1487 1518/1675/1518 1519/1679/1519
f 1502/1617/1502 1501/1676/1501 1532/1677/1532 1533/1618/1533
f 1489/1621/1489 1488/1678/1488 1519/1679/1519 1520/1622/1520
f 1509/1632/1509 1508/1626/1508 1539/1680/1539 1540/1681/1540
f 1536/1634/1536 1535/1628/1535 1566/1682/1566 1567/1683/1567
f 1523/1636/1523 1522/1630/1522 1553/1684/1553 1554/1685/1554
f 1510/1638/1510 1509/1632/1509 1540/1681/1540 1541/1686/1541
f 1537/1640/1537 1536/1634/1536 1567/1683/1567 1568/1687/1568
f 1524/1642/1524 1523/1636/1523 1554/1685/1554 1555/1688/1555
f 1511/1644/1511 1510/1638/1510 1541/1686/1541 1542/1689/1542
f 1538/1646/1538 1537/1640/1537 1568/1687/1568 1569/1690/1569
f 1525/1648/1525 1524/1642/1524 1555/1688/1555 1556/1691/1556
f 1512/1650/1512 1511/1644/1511 1542/1689/1542 1543/1692/1543
f 979/1693/979 1538/1646/1538 1569/1690/1569
f 1526/1653/1526 1525/1648/1525 1556/1691/1556 1557/1694/1557
f 1513/1655/1513 1512/1650/1512 1543/1692/1543 1544/1695/1544
f 1527/1657/1527 1526/1653/1526 1557/1694/1557 1558/1696/1558
f 1514/1659/1514 1513/1655/1513 1544/1695/1544 1545/1697/1545
f 1528/1661/1528 1527/1657/1527 1558/1696/1558 1559/1698/1559
f 1515/1663/1515 1514/1659/1514 1545/1697/1545 1546/1699/1546
f 1529/1665/1529 1528/1661/1528 1559/1698/1559 1560/1700/1560
f 1516/1667/1516 1515/1663/1515 1546/1699/1546 1547/1701/1547
f 1530/1669/1530 1529/1665/1529 1560/1700/1560 1561/1702/1561
f 1517/1671/1517 1516/1667/1516 1547/1701/1547 1548/1703/1548
f 1531/1673/1531 1530/1669/1530 1561/1702/1561 1562/1704/1562
f 1518/1675/1518 1517/1671/1517 1548/1703/1548 1549/1705/1549
f 1532/1677/1532 1531/1673/1531 1562/1704/1562 1563/1706/1563
f 1519/1679/1519 1518/1675/1518 1549/1705/1549 1550/1707/1550
f 1533/1618/1533 1532/1677/1532 1563/1706/1563 1564/1708/1564
f 1520/1622/1520 1519/1679/1519 1550/1707/1550 1551/1709/1551
f 1534/1619/1534 1533/1618/1533 1564/1708/1564 1565/1710/1565
f 1521/1623/1521 1520/1622/1520 1551/1709/1551 1552/1711/1552
f 1508/1626/1508 1445/1712/1445 1539/1680/1539
f 1535/1628/1535 1534/1619/1534 1565/1710/1565 1566/1682/1566
f 1522/1630/1522 1521/1623/1521 1552/1711/1552 1553/1684/1553
f 1542/1689/1542 1541/1686/1541 1572/1713/1572 1573/1714/1573
f 1569/1690/1569 1568/1687/1568 1599/1715/1599 1600/1716/1600
f 1556/1691/1556 1555/1688/1555 1586/1717/1586 1587/1718/1587
f 1543/1692/1543 1542/1689/1542 1573/1714/1573 1574/1719/1574
f 979/1720/979 1569/1690/1569 1600/1716/1600
f 1557/1694/1557 1556/1691/1556 1587/1718/1587 1588/1721/1588
f 1544/1695/1544 1543/1692/1543 1574/1719/1574 1575/1722/1575
f 1558/1696/1558 1557/1694/1557 1588/1721/1588 1589/1723/1589
f 1545/1697/1545 1544/1695/1544 1575/1722/1575 1576/1724/1576
f 1559/1698/1559 1558/1696/1558 1589/1723/1589 1590/1725/1590
f 1546/1699/1546 1545/1697/1545 1576/1724/1576 1577/1726/1577
f 1560/1700/1560 1559/1698/1559 1590/1725/1590 1591/1727/1591
f 1547/1701/1547 1546/1699/1546 1577/1726/1577 1578/1728/1578
f 1561/1702/1561 1560/1700/1560 1591/1727/1591 1592/1729/1592
f 1548/1703/1548 1547/1701/1547 1578/1728/1578 1579/1730/1579
f 1562/1704/1562 1561/1702/1561 1592/1729/1592 1593/1731/1593
f 1549/1705/1549 1548/1703/1548 1579/1730/1579 1580/1732/1580
f 1563/1706/1563 1562/1704/1562 1593/1731/1593 1594/1733/1594
f 1550/1707/1550 1549/1705/1549 1580/1732/1580 1581/1734/1581
f 1564/1708/1564 1563/1706/1563 1594/1733/1594 1595/1735/1595
f 1551/1709/1551 1550/1707/1550 1581/1734/1581 1582/1736/1582
f 1565/1710/1565 1564/1708/1564 1595/1735/1595 1596/1737/1596
f 1552/1711/1552 1551/1709/1551 1582/1736/1582 1583/1738/1583
f 1539/1680/1539 1445/1739/1445 1570/1740/1570
f 1566/1682/1566 1565/1710/1565 1596/1737/1596 1597/1741/1597
f 1553/1684/1553 1552/1711/1552 1583/1738/1583 1584/1742/1584
f 1540/1681/1540 1539/1680/1539 1570/1740/1570 1571/1743/1571
f 1567/1683/1567 1566/1682/1566 1597/1741/1597 1598/1744/1598
f 1554/1685/1554 1553/1684/1553 1584/1742/1584 1585/1745/1585
f 1541/1686/1541 1540/1681/1540 1571/1743/1571 1572/1713/1572
f 1568/1687/1568 1567/1683/1567 1598/1744/1598 1599/1715/1599
f 1555/1688/1555 1554/1685/1554 1585/1745/1585 1586/1717/1586
f 1594/1733/1594 1593/1731/1593 1624/1746/1624 1625/1747/1625
f 1581/1734/1581 1580/1732/1580 1611/1748/1611 1612/1749/1612
f 1595/1735/1595 1594/1733/1594 1625/1747/1625 1626/1750/1626
f 1582/1736/1582 1581/1734/1581 1612/1749/1612 1613/1751/1613
f 1596/1737/1596 1595/1735/1595 1626/1750/1626 1627/1752/1627
f 1583/1738/1583 1582/1736/1582 1613/1751/1613 1614/1753/1614
f 1570/1740/1570 1445/1754/1445 1601/1755/1601
f 1597/1741/1597 1596/1737/1596 1627/1752/1627 1628/1756/1628
f 1584/1742/1584 1583/1738/1583 1614/1753/1614 1615/1757/1615
f 1571/1743/1571 1570/1740/1570 1601/1755/1601 1602/1758/1602
f 1598/1744/1598 1597/1741/1597 1628/1756/1628 1629/1759/1629
f 1585/1745/1585 1584/1742/1584 1615/1757/1615 1616/1760/1616
f 1572/1713/1572 1571/1743/1571 1602/1758/1602 1603/1761/1603
f 1599/1715/1599 1598/1744/1598 1629/1759/1629 1630/1762/1630
f 1586/1717/1586 1585/1745/1585 1616/1760/1616 1617/1763/1617
f 1573/1714/1573 1572/1713/1572 1603/1761/1603 1604/1764/1604
f 1600/1716/1600 1599/1715/1599 1630/1762/1630 1631/1765/1631
f 1587/1718/1587 1586/1717/1586 1617/1763/1617 1618/1766/1618
f 1574/1719/1574 1573/1714/1573 1604/1764/1604 1605/1767/1605
f 979/1768/979 1600/1716/1600 1631/1765/1631
f 1588/1721/1588 1587/1718/1587 1618/1766/1618 1619/1769/1619
f 1575/1722/1575 1574/1719/1574 1605/1767/1605 1606/1770/1606
f 1589/1723/1589 1588/1721/1588 1619/1769/1619 1620/1771/1620
f 1576/1724/1576 1575/1722/1575 1606/1770/1606 1607/1772/1607
f 1590/1725/1590 1589/1723/1589 1620/1771/1620 1621/1773/1621
f 1577/1726/1577 1576/1724/1576 1607/1772/1607 1608/1774/1608
f 1591/1727/1591 1590/1725/1590 1621/1773/1621 1622/1775/1622
f 1578/1728/1578 1577/1726/1577 1608/1774/1608 1609/1776/1609
f 1592/1729/1592 1591/1727/1591 1622/1775/1622 1623/1777/1623
f 1579/1730/1579 1578/1728/1578 1609/1776/1609 1610/1778/1610
f 1593/1731/1593 1592/1729/1592 1623/1777/1623 1624/1746/1624
f 1580/1732/1580 1579/1730/1579 1610/1778/1610 1611/1748/1611
f 1627/1752/1627 1626/1750/1626 1657/1779/1657 1658/1780/1658
f 1614/1753/1614 1613/1751/1613 1644/1781/1644 1645/1782/1645
f 1601/1755/1601 1445/1783/1445 1632/1784/1632
f 1628/1756/1628 1627/1752/1627 1658/1780/1658 1659/1785/1659
f 1615/1757/1615 1614/1753/1614 1645/1782/1645 1646/1786/1646
f 1602/1758/1602 1601/1755/1601 1632/1784/1632 1633/1787/1633
f 1629/1759/1629 1628/1756/1628 1659/1785/1659 1660/1788/1660
f 1616/1760/1616 1615/1757/1615 1646/1786/1646 1647/1789/1647
f 1603/1761/1603 1602/1758/1602 1633/1787/1633 1634/1790/1634
f 1630/1762/1630 1629/1759/1629 1660/1788/1660 1661/1791/1661
f 1617/1763/1617 1616/1760/1616 1647/1789/1647 1648/1792/1648
f 1604/1764/1604 1603/1761/1603 1634/1790/1634 1635/1793/1635
f 1631/1765/1631 1630/1762/1630 1661/1791/1661 1662/1794/1662
f 1618/1766/1618 1617/1763/1617 1648/1792/1648 1649/1795/1649
f 1605/1767/1605 1604/1764/1604 1635/1793/1635 1636/1796/1636
f 979/1797/979 1631/1765/1631 1662/1794/1662
f 1619/1769/1619 1618/1766/1618 1649/1795/1649 1650/1798/1650
f 1606/1770/1606 1605/1767/1605 1636/1796/1636 1637/1799/1637
f 1620/1771/1620 1619/1769/1619 1650/1798/1650 1651/1800/1651
f 1607/1772/1607 1606/1770/1606 1637/1799/1637 1638/1801/1638
f 1621/1773/1621 1620/1771/1620 1651/1800/1651 1652/1802/1652
f 1608/1774/1608 1607/1772/1607 1638/1801/1638 1639/1803/1639
f 1622/1775/1622 1621/1773/1621 1652/1802/1652 1653/1804/1653
f 1609/1776/1609 1608/1774/1608 1639/1803/1639 1640/1805/1640
f 1623/1777/1623 1622/1775/1622 1653/1804/1653 1654/1806/1654
f 1610/1778/1610 1609/1776/1609 1640/1805/1640 1641/1807/1641
f 1624/1746/1624 1623/1777/1623 1654/1806/1654 1655/1808/1655
f 1611/1748/1611 1610/1778/1610 1641/1807/1641 1642/1809/1642
f 1625/1747/1625 1624/1746/1624 1655/1808/1655 1656/1810/1656
f 1612/1749/1612 1611/1748/1611 1642/1809/1642 1643/1811/1643
f 1626/1750/1626 1625/1747/1625 1656/1810/1656 1657/1779/1657
f 1613/1751/1613 1612/1749/1612 1643/1811/1643 1644/1781/1644
f 1633/1787/1633 1632/1784/1632 1663/1812/1663 1664/1813/1664
f 1660/1788/1660 1659/1785/1659 1690/1814/1690 1691/1815/1691
f 1647/1789/1647 1646/1786/1646 1677/1816/1677 1678/1817/1678
f 1634/1790/1634 1633/1787/1633 1664/1813/1664 1665/1818/1665
f 1661/1791/1661 1660/1788/1660 1691/1815/1691 1692/1819/1692
f 1648/1792/1648 1647/1789/1647 1678/1817/1678 1679/1820/1679
f 1635/1793/1635 1634/1790/1634 1665/1818/1665 1666/1821/1666
f 1662/1794/1662 1661/1791/1661 1692/1819/1692 1693/1822/1693
f 1649/1795/1649 1648/1792/1648 1679/1820/1679 1680/1823/1680
f 1636/1796/1636 1635/1793/1635 1666/1821/1666 1667/1824/1667
f 979/1825/979 1662/1794/1662 1693/1822/1693
f 1650/1798/1650 1649/1795/1649 1680/1823/1680 1681/1826/1681
f 1637/1799/1637 1636/1796/1636 1667/1824/1667 1668/1827/1668
f 1651/1800/1651 1650/1798/1650 1681/1826/1681 1682/1828/1682
f 1638/1801/1638 1637/1799/1637 1668/1827/1668 1669/1829/1669
f 1652/1802/1652 1651/1800/1651 1682/1828/1682 1683/1830/1683
f 1639/1803/1639 1638/1801/1638 1669/1829/1669 1670/1831/1670
f 1653/1804/1653 1652/1802/1652 1683/1830/1683 1684/1832/1684
f 1640/1805/1640 1639/1803/1639 1670/1831/1670 1671/1833/1671
f 1654/1806/1654 1653/1804/1653 1684/1832/1684 1685/1834/1685
f 1641/1807/1641 1640/1805/1640 1671/1833/1671 1672/1835/1672
f 1655/1808/1655 1654/1806/1654 1685/1834/1685 1686/1836/1686
f 1642/1809/1642 1641/1807/1641 1672/1835/1672 1673/1837/1673
f 1656/1810/1656 1655/1808/1655 1686/1836/1686 1687/1838/1687
f 1643/1811/1643 1642/1809/1642 1673/1837/1673 1674/1839/1674
f 1657/1779/1657 1656/1810/1656 1687/1838/1687 1688/1840/1688
f 1644/1781/1644 1643/1811/1643 1674/1839/1674 1675/1841/1675
f 1658/1780/1658 1657/1779/1657 1688/1840/1688 1689/1842/1689
f 1645/1782/1645 1644/1781/1644 1675/1841/1675 1676/1843/1676
f 1632/1784/1632 1445/1844/1445 1663/1812/1663
f 1659/1785/1659 1658/1780/1658 1689/1842/1689 1690/1814/1690
f 1646/1786/1646 1645/1782/1645 1676/1843/1676 1677/1816/1677
f 1666/1821/1666 1665/1818/1665 1696/1845/1696 1697/1846/1697
f 1693/1822/1693 1692/1819/1692 1723/1847/1723 1724/1848/1724
f 1680/1823/1680 1679/1820/1679 1710/1849/1710 1711/1850/1711
f 1667/1824/1667 1666/1821/1666 1697/1846/1697 1698/1851/1698
f 979/1852/979 1693/1822/1693 1724/1848/1724
f 1681/1826/1681 1680/1823/1680 1711/1850/1711 1712/1853/1712
f 1668/1827/1668 1667/1824/1667 1698/1851/1698 1699/1854/1699
f 1682/1828/1682 1681/1826/1681 1712/1853/1712 1713/1855/1713
f 1669/1829/1669 1668/1827/1668 1699/1854/1699 1700/1856/1700
f 1683/1830/1683 1682/1828/1682 1713/1855/1713 1714/1857/1714
f 1670/1831/1670 1669/1829/1669 1700/1856/1700 1701/1858/1701
f 1684/1832/1684 1683/1830/1683 1714/1857/1714 1715/1859/1715
f 1671/1833/1671 1670/1831/1670 1701/1858/1701 1702/1860/1702
f 1685/1834/1685 1684/1832/1684 1715/1859/1715 1716/1861/1716
f 1672/1835/1672 1671/1833/1671 1702/1860/1702 1703/1862/1703
f 1686/1836/1686 1685/1834/1685 1716/1861/1716 1717/1863/1717
f 1673/1837/1673 1672/1835/1672 1703/1862/1703 1704/1864/1704
f 1687/1838/1687 1686/1836/1686 1717/1863/1717 1718/1865/1718
f 1674/1839/1674 1673/1837/1673 1704/1864/1704 1705/1866/1705
f 1688/1840/1688 1687/1838/1687 1718/1865/1718 1719/1867/1719
f 1675/1841/1675 1674/1839/1674 1705/1866/1705 1706/1868/1706
f 1689/1842/1689 1688/1840/1688 1719/1867/1719 1720/1869/1720
f 1676/1843/1676 1675/1841/1675 1706/1868/1706 1707/1870/1707
f 1663/1812/1663 1445/1871/1445 1694/1872/1694
f 1690/1814/1690 1689/1842/1689 1720/1869/1720 1721/1873/1721
f 1677/1816/1677 1676/1843/1676 1707/1870/1707 1708/1874/1708
f 1664/1813/1664 1663/1812/1663 1694/1872/1694 1695/1875/1695
f 1691/1815/1691 1690/1814/1690 1721/1873/1721 1722/1876/1722
f 1678/1817/1678 1677/1816/1677 1708/1874/1708 1709/1877/1709
f 1665/1818/1665 1664/1813/1664 1695/1875/1695 1696/1845/1696
f 1692/1819/1692 1691/1815/1691 1722/1876/1722 1723/1847/1723
f 1679/1820/1679 1678/1817/1678 1709/1877/1709 1710/1849/1710
f 1699/1854/1699 1698/1851/1698 1729/1878/1729 1730/1879/1730
f 1713/1855/1713 1712/1853/1712 1743/1880/1743 1744/1881/1744
f 1700/1856/1700 1699/1854/1699 1730/1879/1730 1731/1882/1731
f 1714/1857/1714 1713/1855/1713 1744/1881/1744 1745/1883/1745
f 1701/1858/1701 1700/1856/1700 1731/1882/1731 1732/1884/1732
f 1715/1859/1715 1714/1857/1714 1745/1883/1745 1746/1885/1746
f 1702/1860/1702 1701/1858/1701 1732/1884/1732 1733/1886/1733
f 1716/1861/1716 1715/1859/1715 1746/1885/1746 1747/1887/1747
f 1703/1862/1703 1702/1860/1702 1733/1886/1733 1734/1888/1734
f 1717/1863/1717 1716/1861/1716 1747/1887/1747 1748/1889/1748
f 1704/1864/1704 1703/1862/1703 1734/1888/1734 1735/1890/1735
f 1718/1865/1718 1717/1863/1717 1748/1889/1748 1749/1891/1749
f 1705/1866/1705 1704/1864/1704 1735/1890/1735 1736/1892/1736
f 1719/1867/1719 1718/1865/1718 1749/1891/1749 1750/1893/1750
f 1706/1868/1706 1705/1866/1705 1736/1892/1736 1737/1894/1737
f 1720/1869/1720 1719/1867/1719 1750/1893/1750 1751/1895/1751
f 1707/1870/1707 1706/1868/1706 1737/1894/1737 1738/1896/1738
f 1694/1872/1694 1445/1897/1445 1725/1898/1725
f 1721/1873/1721 1720/1869/1720 1751/1895/1751 1752/1899/1752
f 1708/1874/1708 1707/1870/1707 1738/1896/1738 1739/1900/1739
f 1695/1875/1695 1694/1872/1694 1725/1898/1725 1726/1901/1726
f 1722/1876/1722 1721/1873/1721 1752/1899/1752 1753/1902/1753
f 1709/1877/1709 1708/1874/1708 1739/1900/1739 1740/1903/1740
f 1696/1845/1696 1695/1875/1695 1726/1901/1726 1727/1904/1727
f 1723/1847/1723 1722/1876/1722 1753/1902/1753 1754/1905/1754
f 1710/1849/1710 1709/1877/1709 1740/1903/1740 1741/1906/1741
f 1697/1846/1697 1696/1845/1696 1727/1904/1727 1728/1907/1728
f 1724/1848/1724 1723/1847/1723 1754/1905/1754 1755/1908/1755
f 1711/1850/1711 1710/1849/1710 1741/1906/1741 1742/1909/1742
f 1698/1851/1698 1697/1846/1697 1728/1907/1728 1729/1878/1729
f 979/1910/979 1724/1848/1724 1755/1908/1755
f 1712/1853/1712 1711/1850/1711 1742/1909/1742 1743/1880/1743
f 1732/1884/1732 1731/1882/1731 1762/1911/1762 1763/1912/1763
f 1746/1885/1746 1745/1883/1745 1776/1913/1776 1777/1914/1777
f 1733/1886/1733 1732/1884/1732 1763/1912/1763 1764/1915/1764
f 1747/1887/1747 1746/1885/1746 1777/1914/1777 1778/1916/1778
f 1734/1888/1734 1733/1886/1733 1764/1915/1764 1765/1917/1765
f 1748/1889/1748 1747/1887/1747 1778/1916/1778 1779/1918/1779
f 1735/1890/1735 1734/1888/1734 1765/1917/1765 1766/1919/1766
f 1749/1891/1749 1748/1889/1748 1779/1918/1779 1780/1920/1780
f 1736/1892/1736 1735/1890/1735 1766/1919/1766 1767/1921/1767
f 1750/1893/1750 1749/1891/1749 1780/1920/1780 1781/1922/1781
f 1737/1894/1737 1736/1892/1736 1767/1921/1767 1768/1923/1768
f 1751/1895/1751 1750/1893/1750 1781/1922/1781 1782/1924/1782
f 1738/1896/1738 1737/1894/1737 1768/1923/1768 1769/1925/1769
f 1725/1898/1725 1445/1926/1445 1756/1927/1756
f 1752/1899/1752 1751/1895/1751 1782/1924/1782 1783/1928/1783
f 1739/1900/1739 1738/1896/1738 1769/1925/1769 1770/1929/1770
f 1726/1901/1726 1725/1898/1725 1756/1927/1756 1757/1930/1757
f 1753/1902/1753 1752/1899/1752 1783/1928/1783 1784/1931/1784
f 1740/1903/1740 1739/1900/1739 1770/1929/1770 1771/1932/1771
f 1727/1904/1727 1726/1901/1726 1757/1930/1757 1758/1933/1758
f 1754/1905/1754 1753/1902/1753 1784/1931/1784 1785/1934/1785
f 1741/1906/1741 1740/1903/1740 1771/1932/1771 1772/1935/1772
f 1728/1907/1728 1727/1904/1727 1758/1933/1758 1759/1936/1759
f 1755/1908/1755 1754/1905/1754 1785/1934/1785 1786/1937/1786
f 1742/1909/1742 1741/1906/1741 1772/1935/1772 1773/1938/1773
f 1729/1878/1729 1728/1907/1728 1759/1936/1759 1760/1939/1760
f 979/1940/979 1755/1908/1755 1786/1937/1786
f 1743/1880/1743 1742/1909/1742 1773/1938/1773 1774/1941/1774
f 1730/1879/1730 1729/1878/1729 1760/1939/1760 1761/1942/1761
f 1744/1881/1744 1743/1880/1743 1774/1941/1774 1775/1943/1775
f 1731/1882/1731 1730/1879/1730 1761/1942/1761 1762/1911/1762
f 1745/1883/1745 1744/1881/1744 1775/1943/1775 1776/1913/1776
f 1765/1917/1765 1764/1915/1764 1795/1944/1795 1796/1945/1796
f 1779/1918/1779 1778/1916/1778 1809/1946/1809 1810/1947/1810
f 1766/1919/1766 1765/1917/1765 1796/1945/1796 1797/1948/1797
f 1780/1920/1780 1779/1918/1779 1810/1947/1810 1811/1949/1811
f 1767/1921/1767 1766/1919/1766 1797/1948/1797 1798/1950/1798
f 1781/1922/1781 1780/1920/1780 1811/1949/1811 1812/1951/1812
f 1768/1923/1768 1767/1921/1767 1798/1950/1798 1799/1952/1799
f 1782/1924/1782 1781/1922/1781 1812/1951/1812 1813/1953/1813
f 1769/1925/1769 1768/1923/1768 1799/1952/1799 1800/1954/1800
f 1756/1927/1756 1445/1955/1445 1787/1956/1787
f 1783/1928/1783 1782/1924/1782 1813/1953/1813 1814/1957/1814
f 1770/1929/1770 1769/1925/1769 1800/1954/1800 1801/1958/1801
f 1757/1930/1757 1756/1927/1756 1787/1956/1787 1788/1959/1788
f 1784/1931/1784 1783/1928/1783 1814/1957/1814 1815/1960/1815
f 1771/1932/1771 1770/1929/1770 1801/1958/1801 1802/1961/1802
f 1758/1933/1758 1757/1930/1757 1788/1959/1788 1789/1962/1789
f 1785/1934/1785 1784/1931/1784 1815/1960/1815 1816/1963/1816
f 1772/1935/1772 1771/1932/1771 1802/1961/1802 1803/1964/1803
f 1759/1936/1759 1758/1933/1758 1789/1962/1789 1790/1965/1790
f 1786/1937/1786 1785/1934/1785 1816/1963/1816 1817/1966/1817
f 1773/1938/1773 1772/1935/1772 1803/1964/1803 1804/1967/1804
f 1760/1939/1760 1759/1936/1759 1790/1965/1790 1791/1968/1791
f 979/1969/979 1786/1937/1786 1817/1966/1817
f 1774/1941/1774 1773/1938/1773 1804/1967/1804 1805/1970/1805
f 1761/1942/1761 1760/1939/1760 1791/1968/1791 1792/1971/1792
f 1775/1943/1775 1774/1941/1774 1805/1970/1805 1806/1972/1806
f 1762/1911/1762 1761/1942/1761 1792/1971/1792 1793/1973/1793
f 1776/1913/1776 1775/1943/1775 1806/1972/1806 1807/1974/1807
f 1763/1912/1763 1762/1911/1762 1793/1973/1793 1794/1975/1794
f 1777/1914/1777 1776/1913/1776 1807/1974/1807 1808/1976/1808
f 1764/1915/1764 1763/1912/1763 1794/1975/1794 1795/1944/1795
f 1778/1916/1778 1777/1914/1777 1808/1976/1808 1809/1946/1809
f 1798/1950/1798 1797/1948/1797 1828/1977/1828 1829/1978/1829
f 1812/1951/1812 1811/1949/1811 1842/1979/1842 1843/1980/1843
f 1799/1952/1799 1798/1950/1798 1829/1978/1829 1830/1981/1830
f 1813/1953/1813 1812/1951/1812 1843/1980/1843 1844/1982/1844
f 1800/1954/1800 1799/1952/1799 1830/1981/1830 1831/1983/1831
f 1787/1956/1787 1445/1984/1445 1818/1985/1818
f 1814/1957/1814 1813/1953/1813 1844/1982/1844 1845/1986/1845
f 1801/1958/1801 1800/1954/1800 1831/1983/1831 1832/1987/1832
f 1788/1959/1788 1787/1956/1787 1818/1985/1818 1819/1988/1819
f 1815/1960/1815 1814/1957/1814 1845/1986/1845 1846/1989/1846
f 1802/1961/1802 1801/1958/1801 1832/1987/1832 1833/1990/1833
f 1789/1962/1789 1788/1959/1788 1819/1988/1819 1820/1991/1820
f 1816/1963/1816 1815/1960/1815 1846/1989/1846 1847/1992/1847
f 1803/1964/1803 1802/1961/1802 1833/1990/1833 1834/1993/1834
f 1790/1965/1790 1789/1962/1789 1820/1991/1820 1821/1994/1821
f 1817/1966/1817 1816/1963/1816 1847/1992/1847 1848/1995/1848
f 1804/1967/1804 1803/1964/1803 1834/1993/1834 1835/1996/1835
f 1791/1968/1791 1790/1965/1790 1821/1994/1821 1822/1997/1822
f 979/1998/979 1817/1966/1817 1848/1995/1848
f 1805/1970/1805 1804/1967/1804 1835/1996/1835 1836/1999/1836
f 1792/1971/1792 1791/1968/1791 1822/1997/1822 1823/2000/1823
f 1806/1972/1806 1805/1970/1805 1836/1999/1836 1837/2001/1837
f 1793/1973/1793 1792/1971/1792 1823/2000/1823 1824/2002/1824
f 1807/1974/1807 1806/1972/1806 1837/2001/1837 1838/2003/1838
f 1794/1975/1794 1793/1973/1793 1824/2002/1824 1825/2004/1825
f 1808/1976/1808 1807/1974/1807 1838/2003/1838 1839/2005/1839
f 1795/1944/1795 1794/1975/1794 1825/2004/1825 1826/2006/1826
f 1809/1946/1809 1808/1976/1808 1839/2005/1839 1840/2007/1840
f 1796/1945/1796 1795/1944/1795 1826/2006/1826 1827/2008/1827
f 1810/1947/1810 1809/1946/1809 1840/2007/1840 1841/2009/1841
f 1797/1948/1797 1796/1945/1796 1827/2008/1827 1828/1977/1828
f 1811/1949/1811 1810/1947/1810 1841/2009/1841 1842/1979/1842
f 1831/1983/1831 1830/1981/1830 1861/2010/1861 1862/2011/1862
f 1818/1985/1818 1445/2012/1445 1849/2013/1849
f 1845/1986/1845 1844/1982/1844 1875/2014/1875 1876/2015/1876
f 1832/1987/1832 1831/1983/1831 1862/2011/1862 1863/2016/1863
f 1819/1988/1819 1818/1985/1818 1849/2013/1849 1850/2017/1850
f 1846/1989/1846 1845/1986/1845 1876/2015/1876 1877/2018/1877
f 1833/1990/1833 1832/1987/1832 1863/2016/1863 1864/2019/1864
f 1820/1991/1820 1819/1988/1819 1850/2017/1850 1851/2020/1851
f 1847/1992/1847 1846/1989/1846 1877/2018/1877 1878/2021/1878
f 1834/1993/1834 1833/1990/1833 1864/2019/1864 1865/2022/1865
f 1821/1994/1821 1820/1991/1820 1851/2020/1851 1852/2023/1852
f 1848/1995/1848 1847/1992/1847 1878/2021/1878 1879/2024/1879
f 1835/1996/1835 1834/1993/1834 1865/2022/1865 1866/2025/1866
f 1822/1997/1822 1821/1994/1821 1852/2023/1852 1853/2026/1853
f 979/2027/979 1848/1995/1848 1879/2024/1879
f 1836/1999/1836 1835/1996/1835 1866/2025/1866 1867/2028/1867
f 1823/2000/1823 1822/1997/1822 1853/2026/1853 1854/2029/1854
f 1837/2001/1837 1836/1999/1836 1867/2028/1867 1868/2030/1868
f 1824/2002/1824 1823/2000/1823 1854/2029/1854 1855/2031/1855
f 1838/2003/1838 1837/2001/1837 1868/2030/1868 1869/2032/1869
f 1825/2004/1825 1824/2002/1824 1855/2031/1855 1856/2033/1856
f 1839/2005/1839 1838/2003/1838 1869/2032/1869 1870/2034/1870
f 1826/2006/1826 1825/2004/1825 1856/2033/1856 1857/2035/1857
f 1840/2007/1840 1839/2005/1839 1870/2034/1870 1871/2036/1871
f 1827/2008/1827 1826/2006/1826 1857/2035/1857 1858/2037/1858
f 1841/2009/1841 1840/2007/1840 1871/2036/1871 1872/2038/1872
f 1828/1977/1828 1827/2008/1827 1858/2037/1858 1859/2039/1859
f 1842/1979/1842 1841/2009/1841 1872/2038/1872 1873/2040/1873
f 1829/1978/1829 1828/1977/1828 1859/2039/1859 1860/2041/1860
f 1843/1980/1843 1842/1979/1842 1873/2040/1873 1874/2042/1874
f 1830/1981/1830 1829/1978/1829 1860/2041/1860 1861/2010/1861
f 1844/1982/1844 1843/1980/1843 1874/2042/1874 1875/2014/1875
f 1864/2019/1864 1863/2016/1863 1894/2043/1894 1895/2044/1895
f 1851/2020/1851 1850/2017/1850 1881/2045/1881 1882/2046/1882
f 1878/2021/1878 1877/2018/1877 1908/2047/1908 1909/2048/1909
f 1865/2022/1865 1864/2019/1864 1895/2044/1895 1896/2049/1896
f 1852/2023/1852 1851/2020/1851 1882/2046/1882 1883/2050/1883
f 1879/2024/1879 1878/2021/1878 1909/2048/1909 1910/2051/1910
f 1866/2025/1866 1865/2022/1865 1896/2049/1896 1897/2052/1897
f 1853/2026/1853 1852/2023/1852 1883/2050/1883 1884/2053/1884
f 979/2054/979 1879/2024/1879 1910/2051/1910
f 1867/2028/1867 1866/2025/1866 1897/2052/1897 1898/2055/1898
f 1854/2029/1854 1853/2026/1853 1884/2053/1884 1885/2056/1885
f 1868/2030/1868 1867/2028/1867 1898/2055/1898 1899/2057/1899
f 1855/2031/1855 1854/2029/1854 1885/2056/1885 1886/2058/1886
f 1869/2032/1869 1868/2030/1868 1899/2057/1899 1900/2059/1900
f 1856/2033/1856 1855/2031/1855 1886/2058/1886 1887/2060/1887
f 1870/2034/1870 1869/2032/1869 1900/2059/1900 1901/2061/1901
f 1857/2035/1857 1856/2033/1856 1887/2060/1887 1888/2062/1888
f 1871/2036/1871 1870/2034/1870 1901/2061/1901 1902/2063/1902
f 1858/2037/1858 1857/2035/1857 1888/2062/1888 1889/2064/1889
f 1872/2038/1872 1871/2036/1871 1902/2063/1902 1903/2065/1903
f 1859/2039/1859 1858/2037/1858 1889/2064/1889 1890/2066/1890
f 1873/2040/1873 1872/2038/1872 1903/2065/1903 1904/2067/1904
f 1860/2041/1860 1859/2039/1859 1890/2066/1890 1891/2068/1891
f 1874/2042/1874 1873/2040/1873 1904/2067/1904 1905/2069/1905
f 1861/2010/1861 1860/2041/1860 1891/2068/1891 1892/2070/1892
f 1875/2014/1875 1874/2042/1874 1905/2069/1905 1906/2071/1906
f 1862/2011/1862 1861/2010/1861 1892/2070/1892 1893/2072/1893
f 1849/2013/1849 1445/2073/1445 1880/2074/1880
f 1876/2015/1876 1875/2014/1875 1906/2071/1906 1907/2075/1907
f 1863/2016/1863 1862/2011/1862 1893/2072/1893 1894/2043/1894
f 1850/2017/1850 1849/2013/1849 1880/2074/1880 1881/2045/1881
f 1877/2018/1877 1876/2015/1876 1907/2075/1907 1908/2047/1908
f 1897/2052/1897 1896/2049/1896 1927/2076/1927 1928/2077/1928
f 1884/2053/1884 1883/2050/1883 1914/2078/1914 1915/2079/1915
f 979/2080/979 1910/2051/1910 1941/2081/1941
f 1898/2055/1898 1897/2052/1897 1928/2077/1928 1929/2082/1929
f 1885/2056/1885 1884/2053/1884 1915/2079/1915 1916/2083/1916
f 1899/2057/1899 1898/2055/1898 1929/2082/1929 1930/2084/1930
f 1886/2058/1886 1885/2056/1885 1916/2083/1916 1917/2085/1917
f 1900/2059/1900 1899/2057/1899 1930/2084/1930 1931/2086/1931
f 1887/2060/1887 1886/2058/1886 1917/2085/1917 1918/2087/1918
f 1901/2061/1901 1900/2059/1900 1931/2086/1931 1932/2088/1932
f 1888/2062/1888 1887/2060/1887 1918/2087/1918 1919/2089/1919
f 1902/2063/1902 1901/2061/1901 1932/2088/1932 1933/2090/1933
f 1889/2064/1889 1888/2062/1888 1919/2089/1919 1920/2091/1920
f 1903/2065/1903 1902/2063/1902 1933/2090/1933 1934/2092/1934
f 1890/2066/1890 1889/2064/1889 1920/2091/1920 1921/2093/1921
f 1904/2067/1904 1903/2065/1903 1934/2092/1934 1935/2094/1935
f 1891/2068/1891 1890/2066/1890 1921/2093/1921 1922/2095/1922
f 1905/2069/1905 1904/2067/1904 1935/2094/1935 1936/2096/1936
f 1892/2070/1892 1891/2068/1891 1922/2095/1922 1923/2097/1923
f 1906/2071/1906 1905/2069/1905 1936/2096/1936 1937/2098/1937
f 1893/2072/1893 1892/2070/1892 1923/2097/1923 1924/2099/1924
f 1880/2074/1880 1445/2100/1445 1911/2101/1911
f 1907/2075/1907 1906/2071/1906 1937/2098/1937 1938/2102/1938
f 1894/2043/1894 1893/2072/1893 1924/2099/1924 1925/2103/1925
f 1881/2045/1881 1880/2074/1880 1911/2101/1911 1912/2104/1912
f 1908/2047/1908 1907/2075/1907 1938/2102/1938 1939/2105/1939
f 1895/2044/1895 1894/2043/1894 1925/2103/1925 1926/2106/1926
f 1882/2046/1882 1881/2045/1881 1912/2104/1912 1913/2107/1913
f 1909/2048/1909 1908/2047/1908 1939/2105/1939 1940/2108/1940
f 1896/2049/1896 1895/2044/1895 1926/2106/1926 1927/2076/1927
f 1883/2050/1883 1882/2046/1882 1913/2107/1913 1914/2078/1914
f 1910/2051/1910 1909/2048/1909 1940/2108/1940 1941/2081/1941
f 1930/2084/1930 1929/2082/1929 1960/2109/1960 1961/2110/1961
f 1917/2085/1917 1916/2083/1916 1947/2111/1947 1948/2112/1948
f 1931/2086/1931 1930/2084/1930 1961/2110/1961 1962/2113/1962
f 1918/2087/1918 1917/2085/1917 1948/2112/1948 1949/2114/1949
f 1932/2088/1932 1931/2086/1931 1962/2113/1962 1963/2115/1963
f 1919/2089/1919 1918/2087/1918 1949/2114/1949 1950/2116/1950
f 1933/2090/1933 1932/2088/1932 1963/2115/1963 1964/2117/1964
f 1920/2091/1920 1919/2089/1919 1950/2116/1950 1951/2118/1951
f 1934/2092/1934 1933/2090/1933 1964/2117/1964 1965/2119/1965
f 1921/2093/1921 1920/2091/1920 1951/2118/1951 1952/2120/1952
f 1935/2094/1935 1934/2092/1934 1965/2119/1965 1966/2121/1966
f 1922/2095/1922 1921/2093/1921 1952/2120/1952 1953/2122/1953
f 1936/2096/1936 1935/2094/1935 1966/2121/1966 1967/2123/1967
f 1923/2097/1923 1922/2095/1922 1953/2122/1953 1954/2124/1954
f 1937/2098/1937 1936/2096/1936 1967/2123/1967 1968/2125/1968
f 1924/2099/1924 1923/2097/1923 1954/2124/1954 1955/2126/1955
f 1911/2101/1911 1445/2127/1445 1942/2128/1942
f 1938/2102/1938 1937/2098/1937 1968/2125/1968 1969/2129/1969
f 1925/2103/1925 1924/2099/1924 1955/2126/1955 1956/2130/1956
f 1912/2104/1912 1911/2101/1911 1942/2128/1942 1943/2131/1943
f 1939/2105/1939 1938/2102/1938 1969/2129/1969 1970/2132/1970
f 1926/2106/1926 1925/2103/1925 1956/2130/1956 1957/2133/1957
f 1913/2107/1913 1912/2104/1912 1943/2131/1943 1944/2134/1944
f 1940/2108/1940 1939/2105/1939 1970/2132/1970 1971/2135/1971
f 1927/2076/1927 1926/2106/1926 1957/2133/1957 1958/2136/1958
f 1914/2078/1914 1913/2107/1913 1944/2134/1944 1945/2137/1945
f 1941/2081/1941 1940/2108/1940 1971/2135/1971 1972/2138/1972
f 1928/2077/1928 1927/2076/1927 1958/2136/1958 1959/2139/1959
f 1915/2079/1915 1914/2078/1914 1945/2137/1945 1946/2140/1946
f 979/2141/979 1941/2081/1941 1972/2138/1972
f 1929/2082/1929 1928/2077/1928 1959/2139/1959 1960/2109/1960
f 1916/2083/1916 1915/2079/1915 1946/2140/1946 1947/2111/1947
f 1963/2115/1963 1962/2113/1962 1980/11/1980 1981/15/1981
f 1950/2116/1950 1949/2114/1949 5/13/5 6/17/6
f 1964/2117/1964 1963/2115/1963 1981/15/1981 1982/19/1982
f 1951/2118/1951 1950/2116/1950 6/17/6 1976/21/1976
f 1965/2119/1965 1964/2117/1964 1982/19/1982 1983/23/1983
f 1952/2120/1952 1951/2118/1951 1976/21/1976 7/25/7
f 1966/2121/1966 1965/2119/1965 1983/23/1983 14/27/14
f 1953/2122/1953 1952/2120/1952 7/25/7 1977/29/1977
f 1967/2123/1967 1966/2121/1966 14/27/14 1984/31/1984
f 1954/2124/1954 1953/2122/1953 1977/29/1977 8/33/8
f 1968/2125/1968 1967/2123/1967 1984/31/1984 1985/35/1985
f 1955/2126/1955 1954/2124/1954 8/33/8 9/37/9
f 1942/2128/1942 1445/2142/1445 1/39/1
f 1969/2129/1969 1968/2125/1968 1985/35/1985 15/42/15
f 1956/2130/1956 1955/2126/1955 9/37/9 10/44/10
f 1943/2131/1943 1942/2128/1942 1/39/1 1973/46/1973
f 1970/2132/1970 1969/2129/1969 15/42/15 16/48/16
f 1957/2133/1957 1956/2130/1956 10/44/10 11/50/11
f 1944/2134/1944 1943/2131/1943 1973/46/1973 2/52/2
f 1971/2135/1971 1970/2132/1970 16/48/16 1986/54/1986
f 1958/2136/1958 1957/2133/1957 11/50/11 12/56/12
f 1945/2137/1945 1944/2134/1944 2/52/2 3/58/3
f 1972/2138/1972 1971/2135/1971 1986/54/1986 17/60/17
f 1959/2139/1959 1958/2136/1958 12/56/12 1978/62/1978
f 1946/2140/1946 1945/2137/1945 3/58/3 1974/2/1974
f 979/2143/979 1972/2138/1972 17/60/17
f 1960/2109/1960 1959/2139/1959 1978/62/1978 1979/6/1979
f 1947/2111/1947 1946/2140/1946 1974/2/1974 1975/1/1975
f 1961/2110/1961 1960/2109/1960 1979/6/1979 13/5/13
f 1948/2112/1948 1947/2111/1947 1975/1/1975 4/9/4
f 1962/2113/1962 1961/2110/1961 13/5/13 1980/11/1980
f 1949/2114/1949 1948/2112/1948 4/9/4 5/13/5
usemtl Uranus_Rings
f 2072/2144/979 2073/2145/979 2169/2146/979 2168/2147/979
f 1994/2148/979 2026/2149/979 2170/2150/979 2074/2151/979
f 2073/2145/979 2074/2151/979 2170/2150/979 2169/2146/979
f 2168/2147/979 2027/2152/979 1995/2153/979 2072/2144/979
f 2114/2154/979 2115/2155/979 2211/2156/979 2210/2157/979
f 2008/2158/979 2040/2159/979 2212/2160/979 2116/2161/979
f 2115/2155/979 2116/2161/979 2212/2160/979 2211/2156/979
f 2210/2157/979 2041/2162/979 2009/2163/979 2114/2154/979
f 2075/2164/979 2076/2165/979 2172/2166/979 2171/2167/979
f 2027/2152/979 2173/2168/979 2077/2169/979 1995/2153/979
f 2076/2165/979 2077/2169/979 2173/2168/979 2172/2166/979
f 2171/2167/979 2028/2170/979 1996/2171/979 2075/2164/979
f 2117/2172/979 2118/2173/979 2214/2174/979 2213/2175/979
f 2041/2162/979 2215/2176/979 2119/2177/979 2009/2163/979
f 2118/2173/979 2119/2177/979 2215/2176/979 2214/2174/979
f 2213/2175/979 2042/2178/979 2010/2179/979 2117/2172/979
f 2078/2180/979 2079/2181/979 2175/2182/979 2174/2183/979
f 2028/2170/979 2176/2184/979 2080/2185/979 1996/2171/979
f 2079/2181/979 2080/2185/979 2176/2184/979 2175/2182/979
f 2174/2183/979 2029/2186/979 1997/2187/979 2078/2180/979
f 2120/2188/979 2121/2189/979 2217/2190/979 2216/2191/979
f 2042/2178/979 2218/2192/979 2122/2193/979 2010/2179/979
f 2121/2189/979 2122/2193/979 2218/2192/979 2217/2190/979
f 2216/2191/979 2043/2194/979 2011/2195/979 2120/2188/979
f 2081/2196/979 2082/2197/979 2178/2198/979 2177/2199/979
f 2029/2186/979 2179/2200/979 2083/2201/979 1997/2187/979
f 2082/2197/979 2083/2201/979 2179/2200/979 2178/2198/979
f 2177/2199/979 2030/2202/979 1998/2203/979 2081/2196/979
f 2123/2204/979 2124/2205/979 2220/2206/979 2219/2207/979
f 2043/2194/979 2221/2208/979 2125/2209/979 2011/2195/979
f 2124/2205/979 2125/2209/979 2221/2208/979 2220/2206/979
f 2219/2207/979 2044/2210/979 2012/2211/979 2123/2204/979
f 2084/2212/979 2085/2213/979 2181/2214/979 2180/2215/979
f 2030/2202/979 2182/2216/979 2086/2217/979 1998/2203/979
f 2085/2213/979 2086/2217/979 2182/2216/979 2181/2214/979
f 2180/2215/979 2031/2218/979 1999/2219/979 2084/2212/979
f 2126/2220/979 2127/2221/979 2223/2222/979 2222/2223/979
f 2044/2210/979 2224/2224/979 2128/2225/979 2012/2211/979
f 2127/2221/979 2128/2225/979 2224/2224/979 2223/2222/979
f 2222/2223/979 2045/2226/979 2013/2227/979 2126/2220/979
f 2087/2228/979 2088/2229/979 2184/2230/979 2183/2231/979
f 2031/2218/979 2185/2232/979 2089/2233/979 1999/2219/979
f 2088/2229/979 2089/2233/979 2185/2232/979 2184/2230/979
f 2183/2231/979 2032/2234/979 2000/2235/979 2087/2228/979
f 2129/2236/979 2130/2237/979 2226/2238/979 2225/2239/979
f 2045/2226/979 2227/2240/979 2131/2241/979 2013/2227/979
f 2130/2237/979 2131/2241/979 2227/2240/979 2226/2238/979
f 2225/2239/979 2046/2242/979 2014/2243/979 2129/2236/979
f 2090/2244/979 2091/2245/979 2187/2246/979 2186/2247/979
f 2032/2234/979 2188/2248/979 2092/2249/979 2000/2235/979
f 2091/2245/979 2092/2249/979 2188/2248/979 2187/2246/979
f 2186/2247/979 2033/2250/979 2001/2251/979 2090/2244/979
f 2051/2252/979 2052/2253/979 2148/2254/979 2147/2255/979
f 1987/2256/979 2019/2257/979 2149/2258/979 2053/2259/979
f 2052/2253/979 2053/2259/979 2149/2258/979 2148/2254/979
f 2147/2255/979 2020/2260/979 1988/2261/979 2051/2252/979
f 2132/2262/979 2133/2263/979 2229/2264/979 2228/2265/979
f 2046/2242/979 2230/2266/979 2134/2267/979 2014/2243/979
f 2133/2263/979 2134/2267/979 2230/2266/979 2229/2264/979
f 2228/2265/979 2047/2268/979 2015/2269/979 2132/2262/979
f 2093/2270/979 2094/2271/979 2190/2272/979 2189/2273/979
f 2033/2250/979 2191/2274/979 2095/2275/979 2001/2251/979
f 2094/2271/979 2095/2275/979 2191/2274/979 2190/2272/979
f 2189/2273/979 2034/2276/979 2002/2277/979 2093/2270/979
f 2054/2278/979 2055/2279/979 2151/2280/979 2150/2281/979
f 2020/2260/979 2152/2282/979 2056/2283/979 1988/2261/979
f 2055/2279/979 2056/2283/979 2152/2282/979 2151/2280/979
f 2150/2281/979 2021/2284/979 1989/2285/979 2054/2278/979
f 2135/2286/979 2136/2287/979 2232/2288/979 2231/2289/979
f 2047/2268/979 2233/2290/979 2137/2291/979 2015/2269/979
f 2136/2287/979 2137/2291/979 2233/2290/979 2232/2288/979
f 2231/2289/979 2048/2292/979 2016/2293/979 2135/2286/979
f 2096/2294/979 2097/2295/979 2193/2296/979 2192/2297/979
f 2034/2276/979 2194/2298/979 2098/2299/979 2002/2277/979
f 2097/2295/979 2098/2299/979 2194/2298/979 2193/2296/979
f 2192/2297/979 2035/2300/979 2003/2301/979 2096/2294/979
f 2057/2302/979 2058/2303/979 2154/2304/979 2153/2305/979
f 2021/2284/979 2155/2306/979 2059/2307/979 1989/2285/979
f 2058/2303/979 2059/2307/979 2155/2306/979 2154/2304/979
f 2153/2305/979 2022/2308/979 1990/2309/979 2057/2302/979
f 2138/2310/979 2139/2311/979 2235/2312/979 2234/2313/979
f 2048/2292/979 2236/2314/979 2140/2315/979 2016/2293/979
f 2139/2311/979 2140/2315/979 2236/2314/979 2235/2312/979
f 2234/2313/979 2049/2316/979 2017/2317/979 2138/2310/979
f 2099/2318/979 2100/2319/979 2196/2320/979 2195/2321/979
f 2035/2300/979 2197/2322/979 2101/2323/979 2003/2301/979
f 2100/2319/979 2101/2323/979 2197/2322/979 2196/2320/979
f 2195/2321/979 2036/2324/979 2004/2325/979 2099/2318/979
f 2060/2326/979 2061/2327/979 2157/2328/979 2156/2329/979
f 2022/2308/979 2158/2330/979 2062/2331/979 1990/2309/979
f 2061/2327/979 2062/2331/979 2158/2330/979 2157/2328/979
f 2156/2329/979 2023/2332/979 1991/2333/979 2060/2326/979
f 2141/2334/979 2142/2335/979 2238/2336/979 2237/2337/979
f 2049/2316/979 2239/2338/979 2143/2339/979 2017/2317/979
f 2142/2335/979 2143/2339/979 2239/2338/979 2238/2336/979
f 2237/2337/979 2050/2340/979 2018/2341/979 2141/2334/979
f 2102/2342/979 2103/2343/979 2199/2344/979 2198/2345/979
f 2036/2324/979 2200/2346/979 2104/2347/979 2004/2325/979
f 2103/2343/979 2104/2347/979 2200/2346/979 2199/2344/979
f 2198/2345/979 2037/2348/979 2005/2349/979 2102/2342/979
f 2063/2350/979 2064/2351/979 2160/2352/979 2159/2353/979
f 2023/2332/979 2161/2354/979 2065/2355/979 1991/2333/979
f 2064/2351/979 2065/2355/979 2161/2354/979 2160/2352/979
f 2159/2353/979 2024/2356/979 1992/2357/979 2063/2350/979
f 2144/2358/979 2145/2359/979 2241/2360/979 2240/2361/979
f 2050/2340/979 2242/2362/979 2146/2363/979 2018/2341/979
f 2145/2359/979 2146/2363/979 2242/2362/979 2241/2360/979
f 2240/2361/979 2019/2364/979 1987/2365/979 2144/2358/979
f 2105/2366/979 2106/2367/979 2202/2368/979 2201/2369/979
f 2037/2348/979 2203/2370/979 2107/2371/979 2005/2349/979
f 2106/2367/979 2107/2371/979 2203/2370/979 2202/2368/979
f 2201/2369/979 2038/2372/979 2006/2373/979 2105/2366/979
f 2066/2374/979 2067/2375/979 2163/2376/979 2162/2377/979
f 2024/2356/979 2164/2378/979 2068/2379/979 1992/2357/979
f 2067/2375/979 2068/2379/979 2164/2378/979 2163/2376/979
f 2162/2377/979 2025/2380/979 1993/2381/979 2066/2374/979
f 2108/2382/979 2109/2383/979 2205/2384/979 2204/2385/979
f 2038/2372/979 2206/2386/979 2110/2387/979 2006/2373/979
f 2109/2383/979 2110/2387/979 2206/2386/979 2205/2384/979
f 2204/2385/979 2039/2388/979 2007/2389/979 2108/2382/979
f 2069/2390/979 2070/2391/979 2166/2392/979 2165/2393/979
f 2025/2380/979 2167/2394/979 2071/2395/979 1993/2381/979
f 2070/2391/979 2071/2395/979 2167/2394/979 2166/2392/979
f 2165/2393/979 2026/2149/979 1994/2148/979 2069/2390/979
f 2111/2396/979 2112/2397/979 2208/2398/979 2207/2399/979
f 2039/2388/979 2209/2400/979 2113/2401/979 2007/2389/979
f 2112/2397/979 2113/2401/979 2209/2400/979 2208/2398/979
f 2207/2399/979 2040/2159/979 2008/2158/979 2111/2396/979
