# Blender 4.4.3
# www.blender.org
mtllib sun.mtl
o Sphere.001
v -0.000000 0.335215 -0.081044
v -0.000000 0.312564 -0.153278
v -0.000000 0.275312 -0.222525
v -0.000000 0.225180 -0.283221
v -0.000000 0.164093 -0.333032
v -0.000000 0.094399 -0.370046
v -0.000000 0.018777 -0.392838
v -0.000000 -0.283826 -0.333032
v -0.000000 -0.344913 -0.283221
v -0.000000 -0.395046 -0.222525
v 0.015811 0.335215 -0.079487
v 0.029903 0.312564 -0.150333
v 0.043412 0.275312 -0.218249
v 0.055254 0.225180 -0.277779
v 0.064971 0.164093 -0.326633
v 0.072192 0.094399 -0.362935
v 0.076639 0.018777 -0.385290
v 0.078140 -0.059867 -0.392838
v 0.076639 -0.138511 -0.385290
v 0.072192 -0.214133 -0.362935
v 0.064971 -0.283826 -0.326633
v 0.055254 -0.344913 -0.277779
v 0.043412 -0.395046 -0.218249
v 0.029903 -0.432298 -0.150333
v 0.015811 -0.454948 -0.079487
v 0.031014 0.335215 -0.074875
v 0.058657 0.312564 -0.141610
v 0.085157 0.275312 -0.205586
v 0.108384 0.225180 -0.261662
v 0.127446 0.164093 -0.307682
v 0.141610 0.094399 -0.341877
v 0.150333 0.018777 -0.362935
v 0.153278 -0.059867 -0.370046
v 0.150333 -0.138511 -0.362935
v 0.141610 -0.214133 -0.341877
v 0.127446 -0.283826 -0.307682
v 0.108384 -0.344913 -0.261662
v 0.085157 -0.395046 -0.205586
v 0.058657 -0.432298 -0.141610
v 0.031014 -0.454948 -0.074875
v 0.045025 0.335215 -0.067385
v 0.085157 0.312564 -0.127446
v 0.123628 0.275312 -0.185023
v 0.157349 0.225180 -0.235489
v 0.185023 0.164093 -0.276906
v 0.205586 0.094399 -0.307682
v 0.218249 0.018777 -0.326633
v 0.222525 -0.059867 -0.333032
v 0.218249 -0.138511 -0.326633
v 0.205586 -0.214133 -0.307682
v 0.185023 -0.283826 -0.276906
v 0.157349 -0.344913 -0.235489
v 0.123628 -0.395046 -0.185023
v 0.085157 -0.432298 -0.127446
v 0.045025 -0.454948 -0.067385
v 0.057306 0.335215 -0.057307
v 0.108384 0.312564 -0.108384
v 0.157349 0.275312 -0.157349
v 0.200267 0.225180 -0.200267
v 0.235489 0.164093 -0.235489
v 0.261662 0.094399 -0.261662
v 0.277778 0.018777 -0.277779
v 0.283220 -0.059867 -0.283221
v 0.277778 -0.138511 -0.277779
v 0.261662 -0.214133 -0.261662
v 0.235489 -0.283826 -0.235489
v 0.200267 -0.344913 -0.200267
v 0.157349 -0.395046 -0.157349
v 0.108384 -0.432298 -0.108384
v 0.057306 -0.454948 -0.057307
v 0.067385 0.335215 -0.045026
v 0.127446 0.312564 -0.085157
v 0.185023 0.275312 -0.123628
v 0.235489 0.225180 -0.157349
v 0.276906 0.164093 -0.185023
v 0.307681 0.094399 -0.205586
v 0.326633 0.018777 -0.218249
v 0.333032 -0.059867 -0.222525
v 0.326633 -0.138511 -0.218249
v 0.307681 -0.214133 -0.205586
v 0.276906 -0.283826 -0.185023
v 0.235489 -0.344913 -0.157349
v 0.185023 -0.395046 -0.123628
v 0.127446 -0.432298 -0.085157
v 0.067385 -0.454948 -0.045026
v 0.074875 0.335215 -0.031014
v 0.141610 0.312564 -0.058657
v 0.205586 0.275312 -0.085157
v 0.261662 0.225180 -0.108384
v 0.307681 0.164093 -0.127446
v 0.341877 0.094399 -0.141610
v 0.362935 0.018777 -0.150333
v 0.370045 -0.059867 -0.153278
v 0.362935 -0.138511 -0.150333
v 0.341877 -0.214133 -0.141610
v 0.307681 -0.283826 -0.127446
v 0.261662 -0.344913 -0.108384
v 0.205586 -0.395046 -0.085157
v 0.141610 -0.432298 -0.058657
v 0.074875 -0.454948 -0.031014
v 0.079486 0.335215 -0.015811
v 0.150333 0.312564 -0.029903
v 0.218249 0.275312 -0.043412
v 0.277778 0.225180 -0.055254
v 0.326633 0.164093 -0.064971
v 0.362935 0.094399 -0.072192
v 0.385290 0.018777 -0.076639
v 0.392838 -0.059867 -0.078140
v 0.385290 -0.138511 -0.076639
v 0.362935 -0.214133 -0.072192
v 0.326633 -0.283826 -0.064971
v 0.277778 -0.344913 -0.055254
v 0.218249 -0.395046 -0.043412
v 0.150333 -0.432298 -0.029903
v 0.079486 -0.454948 -0.015811
v 0.081044 0.335215 -0.000000
v 0.153278 0.312564 -0.000000
v 0.222525 0.275312 -0.000000
v 0.283220 0.225180 -0.000000
v 0.333032 0.164093 -0.000000
v 0.370045 0.094399 -0.000000
v 0.392838 0.018777 -0.000000
v 0.400534 -0.059867 -0.000000
v 0.392838 -0.138511 -0.000000
v 0.370045 -0.214133 -0.000000
v 0.333032 -0.283826 -0.000000
v 0.283220 -0.344913 -0.000000
v 0.222525 -0.395046 -0.000000
v 0.153278 -0.432298 -0.000000
v 0.081044 -0.454948 -0.000000
v 0.079486 0.335215 0.015811
v 0.150333 0.312564 0.029903
v 0.218249 0.275312 0.043412
v 0.277778 0.225180 0.055254
v 0.326633 0.164093 0.064971
v 0.362935 0.094399 0.072192
v 0.385290 0.018777 0.076639
v 0.392838 -0.059867 0.078140
v 0.385290 -0.138511 0.076639
v 0.362935 -0.214133 0.072192
v 0.326633 -0.283826 0.064971
v 0.277778 -0.344913 0.055254
v 0.218249 -0.395046 0.043412
v 0.150333 -0.432298 0.029903
v 0.079486 -0.454948 0.015811
v 0.074875 0.335215 0.031014
v 0.141610 0.312564 0.058657
v 0.205586 0.275312 0.085157
v 0.261661 0.225180 0.108384
v 0.307681 0.164093 0.127446
v 0.341877 0.094399 0.141610
v 0.362935 0.018777 0.150333
v 0.370045 -0.059867 0.153278
v 0.362935 -0.138511 0.150333
v 0.341877 -0.214133 0.141610
v 0.307681 -0.283826 0.127446
v 0.261661 -0.344913 0.108384
v 0.205586 -0.395046 0.085157
v 0.141610 -0.432298 0.058657
v 0.074875 -0.454948 0.031014
v 0.067385 0.335215 0.045025
v 0.127446 0.312564 0.085157
v 0.185023 0.275312 0.123628
v 0.235489 0.225180 0.157349
v 0.276906 0.164093 0.185023
v 0.307681 0.094399 0.205586
v 0.326633 0.018777 0.218249
v 0.333032 -0.059867 0.222525
v 0.326633 -0.138511 0.218249
v 0.307681 -0.214133 0.205586
v 0.276906 -0.283826 0.185023
v 0.235489 -0.344913 0.157349
v 0.185023 -0.395046 0.123628
v 0.127446 -0.432298 0.085157
v 0.067385 -0.454948 0.045025
v 0.057306 0.335215 0.057307
v 0.108384 0.312564 0.108384
v 0.157349 0.275312 0.157349
v 0.200267 0.225180 0.200267
v 0.235489 0.164093 0.235489
v 0.261661 0.094399 0.261662
v 0.277778 0.018777 0.277778
v 0.283220 -0.059867 0.283220
v 0.277778 -0.138511 0.277778
v 0.261661 -0.214133 0.261662
v 0.235489 -0.283826 0.235489
v 0.200267 -0.344913 0.200267
v 0.157349 -0.395046 0.157349
v 0.108384 -0.432298 0.108384
v 0.057306 -0.454948 0.057307
v 0.045025 0.335215 0.067385
v 0.085157 0.312564 0.127446
v 0.123628 0.275312 0.185023
v 0.157349 0.225180 0.235489
v 0.185023 0.164093 0.276906
v 0.205586 0.094399 0.307681
v 0.218249 0.018777 0.326633
v 0.222525 -0.059867 0.333032
v 0.218249 -0.138511 0.326633
v 0.205586 -0.214133 0.307681
v 0.185023 -0.283826 0.276906
v 0.157349 -0.344913 0.235489
v 0.123628 -0.395046 0.185023
v 0.085157 -0.432298 0.127446
v 0.045025 -0.454948 0.067385
v 0.031014 0.335215 0.074875
v 0.058657 0.312564 0.141610
v 0.085156 0.275312 0.205586
v 0.108384 0.225180 0.261662
v 0.127446 0.164093 0.307681
v 0.141610 0.094399 0.341877
v 0.150332 0.018777 0.362935
v 0.153278 -0.059867 0.370045
v 0.150332 -0.138511 0.362935
v 0.141610 -0.214133 0.341877
v 0.127446 -0.283826 0.307681
v 0.108384 -0.344913 0.261662
v 0.085157 -0.395046 0.205586
v 0.058657 -0.432298 0.141610
v 0.031014 -0.454948 0.074875
v 0.015811 0.335215 0.079486
v 0.029903 0.312564 0.150333
v 0.043412 0.275312 0.218249
v 0.055253 0.225180 0.277778
v 0.064971 0.164093 0.326633
v 0.072192 0.094399 0.362935
v 0.076639 0.018777 0.385290
v 0.078140 -0.059867 0.392838
v 0.076639 -0.138511 0.385290
v 0.072192 -0.214133 0.362935
v 0.064971 -0.283826 0.326633
v 0.055253 -0.344913 0.277778
v 0.043412 -0.395046 0.218249
v 0.029903 -0.432298 0.150333
v 0.015811 -0.454948 0.079486
v -0.000000 0.335215 0.081044
v -0.000000 0.312564 0.153278
v -0.000000 0.275312 0.222525
v -0.000000 0.225180 0.283220
v -0.000000 0.164093 0.333032
v -0.000000 0.094399 0.370045
v -0.000000 0.018777 0.392838
v -0.000000 -0.059867 0.400534
v -0.000000 -0.138511 0.392838
v -0.000000 -0.214133 0.370045
v -0.000000 -0.283826 0.333032
v -0.000000 -0.344913 0.283220
v -0.000000 -0.395046 0.222525
v -0.000000 -0.432298 0.153278
v -0.000000 -0.454948 0.081044
v -0.015811 0.335215 0.079486
v -0.029903 0.312564 0.150333
v -0.043413 0.275312 0.218249
v -0.055254 0.225180 0.277778
v -0.064971 0.164093 0.326633
v -0.072192 0.094399 0.362935
v -0.076639 0.018777 0.385290
v -0.078140 -0.059867 0.392838
v -0.076639 -0.138511 0.385290
v -0.072192 -0.214133 0.362935
v -0.064971 -0.283826 0.326633
v -0.055254 -0.344913 0.277778
v -0.043413 -0.395046 0.218249
v -0.029903 -0.432298 0.150333
v -0.015811 -0.454948 0.079486
v -0.031014 0.335215 0.074875
v -0.058657 0.312564 0.141610
v -0.085157 0.275312 0.205586
v -0.108384 0.225180 0.261662
v -0.127446 0.164093 0.307681
v -0.141610 0.094399 0.341877
v -0.150333 0.018777 0.362935
v -0.153278 -0.059867 0.370045
v -0.150333 -0.138511 0.362935
v -0.141610 -0.214133 0.341877
v -0.127446 -0.283826 0.307681
v -0.108384 -0.344913 0.261662
v -0.085157 -0.395046 0.205586
v -0.058657 -0.432298 0.141610
v -0.031014 -0.454948 0.074875
v -0.045026 0.335215 0.067385
v -0.085157 0.312564 0.127446
v -0.123628 0.275312 0.185023
v -0.157349 0.225180 0.235489
v -0.185023 0.164093 0.276906
v -0.205586 0.094399 0.307681
v -0.218249 0.018777 0.326633
v -0.222525 -0.059867 0.333032
v -0.218249 -0.138511 0.326633
v -0.205586 -0.214133 0.307681
v -0.185023 -0.283826 0.276906
v -0.157349 -0.344913 0.235489
v -0.123628 -0.395046 0.185023
v -0.085157 -0.432298 0.127446
v -0.045026 -0.454948 0.067385
v -0.057307 0.335215 0.057307
v -0.108384 0.312564 0.108384
v -0.157349 0.275312 0.157349
v -0.200267 0.225180 0.200267
v -0.235489 0.164093 0.235489
v -0.261662 0.094399 0.261662
v -0.277779 0.018777 0.277778
v -0.283221 -0.059867 0.283220
v -0.277779 -0.138511 0.277778
v -0.261662 -0.214133 0.261662
v -0.235489 -0.283826 0.235489
v -0.200267 -0.344913 0.200267
v -0.157349 -0.395046 0.157349
v -0.108384 -0.432298 0.108384
v -0.057307 -0.454948 0.057307
v -0.067385 0.335215 0.045025
v -0.127446 0.312564 0.085157
v -0.185023 0.275312 0.123628
v -0.235489 0.225180 0.157349
v -0.276906 0.164093 0.185023
v -0.307682 0.094399 0.205586
v -0.326633 0.018777 0.218249
v -0.333032 -0.059867 0.222525
v -0.326633 -0.138511 0.218249
v -0.307682 -0.214133 0.205586
v -0.276906 -0.283826 0.185023
v -0.235489 -0.344913 0.157349
v -0.185023 -0.395046 0.123628
v -0.127446 -0.432298 0.085157
v -0.067385 -0.454948 0.045025
v -0.000000 0.344865 -0.000000
v -0.074875 0.335215 0.031014
v -0.141610 0.312564 0.058657
v -0.205586 0.275312 0.085157
v -0.261662 0.225180 0.108384
v -0.307682 0.164093 0.127446
v -0.341877 0.094399 0.141610
v -0.362935 0.018777 0.150332
v -0.370045 -0.059867 0.153278
v -0.362935 -0.138511 0.150332
v -0.341877 -0.214133 0.141610
v -0.307682 -0.283826 0.127446
v -0.261662 -0.344913 0.108384
v -0.205586 -0.395046 0.085157
v -0.141610 -0.432298 0.058657
v -0.074875 -0.454948 0.031014
v -0.079487 0.335215 0.015811
v -0.150333 0.312564 0.029903
v -0.218249 0.275312 0.043412
v -0.277779 0.225180 0.055254
v -0.326633 0.164093 0.064971
v -0.362935 0.094399 0.072192
v -0.385290 0.018777 0.076639
v -0.392838 -0.059867 0.078140
v -0.385290 -0.138511 0.076639
v -0.362935 -0.214133 0.072192
v -0.326633 -0.283826 0.064971
v -0.277779 -0.344913 0.055254
v -0.218249 -0.395046 0.043412
v -0.150333 -0.432298 0.029903
v -0.079487 -0.454948 0.015811
v -0.081044 0.335215 -0.000000
v -0.153278 0.312564 -0.000000
v -0.222525 0.275312 -0.000000
v -0.283221 0.225180 -0.000000
v -0.333032 0.164093 -0.000000
v -0.370045 0.094399 -0.000000
v -0.392838 0.018777 -0.000000
v -0.400534 -0.059867 -0.000000
v -0.392838 -0.138511 -0.000000
v -0.370045 -0.214133 -0.000000
v -0.333032 -0.283826 -0.000000
v -0.283221 -0.344913 -0.000000
v -0.222525 -0.395046 -0.000000
v -0.153278 -0.432298 -0.000000
v -0.081044 -0.454948 -0.000000
v -0.079487 0.335215 -0.015811
v -0.150333 0.312564 -0.029903
v -0.218249 0.275312 -0.043412
v -0.277779 0.225180 -0.055254
v -0.326633 0.164093 -0.064971
v -0.362935 0.094399 -0.072192
v -0.385290 0.018777 -0.076639
v -0.392838 -0.059867 -0.078140
v -0.385290 -0.138511 -0.076639
v -0.362935 -0.214133 -0.072192
v -0.326633 -0.283826 -0.064971
v -0.277779 -0.344913 -0.055254
v -0.218249 -0.395046 -0.043412
v -0.150333 -0.432298 -0.029903
v -0.079487 -0.454948 -0.015811
v -0.074875 0.335215 -0.031014
v -0.141610 0.312564 -0.058657
v -0.205586 0.275312 -0.085157
v -0.261662 0.225180 -0.108384
v -0.307682 0.164093 -0.127446
v -0.341877 0.094399 -0.141610
v -0.362935 0.018777 -0.150333
v -0.370045 -0.059867 -0.153278
v -0.362935 -0.138511 -0.150333
v -0.341877 -0.214133 -0.141610
v -0.307682 -0.283826 -0.127446
v -0.261662 -0.344913 -0.108384
v -0.205586 -0.395046 -0.085157
v -0.141610 -0.432298 -0.058657
v -0.074875 -0.454948 -0.031014
v -0.067385 0.335215 -0.045026
v -0.127446 0.312564 -0.085157
v -0.185023 0.275312 -0.123628
v -0.235489 0.225180 -0.157349
v -0.276906 0.164093 -0.185023
v -0.307682 0.094399 -0.205586
v -0.326633 0.018777 -0.218249
v -0.333032 -0.059867 -0.222525
v -0.326633 -0.138511 -0.218249
v -0.307682 -0.214133 -0.205586
v -0.276906 -0.283826 -0.185023
v -0.235489 -0.344913 -0.157349
v -0.185023 -0.395046 -0.123628
v -0.127446 -0.432298 -0.085157
v -0.067385 -0.454948 -0.045026
v -0.057307 0.335215 -0.057307
v -0.108384 0.312564 -0.108384
v -0.157349 0.275312 -0.157349
v -0.200267 0.225180 -0.200267
v -0.235489 0.164093 -0.235489
v -0.261662 0.094399 -0.261662
v -0.277778 0.018777 -0.277778
v -0.283220 -0.059867 -0.283220
v -0.277778 -0.138511 -0.277778
v -0.261662 -0.214133 -0.261662
v -0.235489 -0.283826 -0.235489
v -0.200267 -0.344913 -0.200267
v -0.157349 -0.395046 -0.157349
v -0.108384 -0.432298 -0.108384
v -0.057307 -0.454948 -0.057307
v -0.045026 0.335215 -0.067385
v -0.085157 0.312564 -0.127446
v -0.123628 0.275312 -0.185023
v -0.157349 0.225180 -0.235489
v -0.185023 0.164093 -0.276906
v -0.205586 0.094399 -0.307681
v -0.218249 0.018777 -0.326633
v -0.222525 -0.059867 -0.333032
v -0.218249 -0.138511 -0.326633
v -0.205586 -0.214133 -0.307682
v -0.185023 -0.283826 -0.276906
v -0.157349 -0.344913 -0.235489
v -0.123628 -0.395046 -0.185023
v -0.085157 -0.432298 -0.127446
v -0.045026 -0.454948 -0.067385
v -0.031014 0.335215 -0.074875
v -0.058657 0.312564 -0.141610
v -0.085157 0.275312 -0.205586
v -0.108384 0.225180 -0.261662
v -0.127446 0.164093 -0.307681
v -0.141610 0.094399 -0.341877
v -0.150333 0.018777 -0.362935
v -0.153278 -0.059867 -0.370045
v -0.150333 -0.138511 -0.362935
v -0.141610 -0.214133 -0.341877
v -0.127446 -0.283826 -0.307681
v -0.108384 -0.344913 -0.261662
v -0.085157 -0.395046 -0.205586
v -0.058657 -0.432298 -0.141610
v -0.031014 -0.454948 -0.074875
v -0.015811 0.335215 -0.079486
v -0.029903 0.312564 -0.150333
v -0.043412 0.275312 -0.218249
v -0.055254 0.225180 -0.277778
v -0.064971 0.164093 -0.326633
v -0.072192 0.094399 -0.362935
v -0.076639 0.018777 -0.385290
v -0.078140 -0.059867 -0.392838
v -0.076639 -0.138511 -0.385290
v -0.072192 -0.214133 -0.362935
v -0.064971 -0.283826 -0.326633
v -0.055254 -0.344913 -0.277778
v -0.043412 -0.395046 -0.218249
v -0.029903 -0.432298 -0.150333
v -0.015811 -0.454948 -0.079486
v 0.000000 -0.059867 -0.400534
v 0.000000 -0.138511 -0.392838
v -0.000000 -0.214133 -0.370045
v -0.000000 -0.432298 -0.153278
v -0.000000 -0.454948 -0.081044
v -0.000000 -0.464598 -0.000000
v -0.000000 0.325854 -0.116632
v -0.000000 0.295649 -0.188810
v -0.000000 0.251745 -0.254095
v -0.000000 0.195867 -0.309616
v -0.000000 0.130160 -0.353238
v -0.000000 0.057151 -0.383286
v -0.000000 -0.315600 -0.309616
v -0.000000 -0.371479 -0.254095
v 0.022754 0.325854 -0.114390
v 0.036835 0.295649 -0.185182
v 0.049571 0.251745 -0.249213
v 0.060403 0.195867 -0.303667
v 0.068913 0.130160 -0.346451
v 0.074775 0.057151 -0.375921
v 0.077764 -0.020355 -0.390945
v 0.077764 -0.099379 -0.390945
v 0.074775 -0.176885 -0.375921
v 0.068913 -0.249894 -0.346451
v 0.060403 -0.315600 -0.303667
v 0.049571 -0.371479 -0.249213
v 0.036835 -0.415382 -0.185182
v 0.022754 -0.445587 -0.114390
v 0.027760 -0.344913 -0.281856
v 0.032643 -0.283826 -0.331427
v 0.032643 0.164093 -0.331427
v 0.027760 0.225180 -0.281856
v 0.021811 -0.395046 -0.221453
v 0.036271 0.094399 -0.368262
v 0.038505 0.018777 -0.390945
v 0.008016 0.335143 -0.081386
v 0.015024 0.312564 -0.152539
v 0.021811 0.275312 -0.221453
v 0.044633 0.325854 -0.107753
v 0.072254 0.295649 -0.174438
v 0.097238 0.251745 -0.234754
v 0.118485 0.195867 -0.286048
v 0.135178 0.130160 -0.326350
v 0.146677 0.057151 -0.354110
v 0.152539 -0.020355 -0.368262
v 0.152539 -0.099379 -0.368262
v 0.146677 -0.176885 -0.354110
v 0.135178 -0.249894 -0.326350
v 0.118485 -0.315600 -0.286048
v 0.097238 -0.371479 -0.234753
v 0.072254 -0.415382 -0.174438
v 0.044633 -0.445587 -0.107753
v 0.096674 -0.283826 -0.318691
v 0.107418 -0.214133 -0.354110
v 0.082214 0.225180 -0.271024
v 0.064595 0.275312 -0.212942
v 0.082214 -0.344913 -0.271024
v 0.096674 0.164093 -0.318691
v 0.064595 -0.395046 -0.212942
v 0.107418 0.094399 -0.354110
v 0.044494 -0.432298 -0.146677
v 0.114034 0.018777 -0.375921
v 0.023739 -0.454876 -0.078258
v 0.116268 -0.059867 -0.383286
v 0.023739 0.335143 -0.078258
v 0.114034 -0.138511 -0.375921
v 0.044494 0.312564 -0.146677
v 0.064797 0.325854 -0.096976
v 0.104897 0.295649 -0.156990
v 0.141168 0.251745 -0.211273
v 0.172013 0.195867 -0.257436
v 0.196249 0.130160 -0.293707
v 0.212942 0.057151 -0.318691
v 0.221452 -0.020355 -0.331427
v 0.221452 -0.099379 -0.331427
v 0.212942 -0.176885 -0.318691
v 0.196249 -0.249894 -0.293707
v 0.172013 -0.315600 -0.257436
v 0.141168 -0.371479 -0.211273
v 0.104897 -0.415382 -0.156990
v 0.064797 -0.445587 -0.096976
v 0.038551 -0.454876 -0.072123
v 0.072254 -0.432298 -0.135179
v 0.188810 -0.059867 -0.353238
v 0.185182 0.018777 -0.346451
v 0.038551 0.335143 -0.072123
v 0.185182 -0.138511 -0.346451
v 0.072254 0.312564 -0.135179
v 0.174437 -0.214133 -0.326350
v 0.104897 0.275312 -0.196249
v 0.156990 -0.283826 -0.293707
v 0.133509 0.225180 -0.249777
v 0.133509 -0.344913 -0.249777
v 0.156990 0.164093 -0.293707
v 0.104897 -0.395046 -0.196249
v 0.174437 0.094399 -0.326350
v 0.082471 0.325854 -0.082471
v 0.133509 0.295649 -0.133509
v 0.179672 0.251745 -0.179673
v 0.218931 0.195867 -0.218932
v 0.249777 0.130160 -0.249777
v 0.271024 0.057151 -0.271024
v 0.281856 -0.020355 -0.281856
v 0.281856 -0.099379 -0.281856
v 0.271024 -0.176885 -0.271024
v 0.249777 -0.249894 -0.249777
v 0.218932 -0.315600 -0.218932
v 0.179672 -0.371479 -0.179673
v 0.133509 -0.415382 -0.133509
v 0.082471 -0.445587 -0.082471
v 0.179672 0.225180 -0.218932
v 0.141168 0.275312 -0.172013
v 0.179672 -0.344913 -0.218932
v 0.211272 -0.283826 -0.257436
v 0.211272 0.164093 -0.257436
v 0.141168 -0.395046 -0.172013
v 0.234753 0.094399 -0.286048
v 0.097238 -0.432298 -0.118485
v 0.249213 0.018777 -0.303667
v 0.051880 -0.454876 -0.063217
v 0.254095 -0.059867 -0.309616
v 0.051880 0.335143 -0.063217
v 0.249213 -0.138511 -0.303667
v 0.097238 0.312564 -0.118485
v 0.234753 -0.214133 -0.286048
v 0.096975 0.325854 -0.064797
v 0.156990 0.295649 -0.104897
v 0.211272 0.251745 -0.141168
v 0.257436 0.195867 -0.172013
v 0.293707 0.130160 -0.196249
v 0.318691 0.057151 -0.212942
v 0.331427 -0.020355 -0.221453
v 0.331427 -0.099379 -0.221453
v 0.318691 -0.176885 -0.212942
v 0.293707 -0.249894 -0.196249
v 0.257436 -0.315600 -0.172013
v 0.211272 -0.371479 -0.141168
v 0.156990 -0.415382 -0.104897
v 0.096975 -0.445587 -0.064797
v 0.309616 -0.059867 -0.254095
v 0.303667 0.018777 -0.249213
v 0.063217 0.335143 -0.051881
v 0.063217 -0.454876 -0.051881
v 0.303667 -0.138511 -0.249213
v 0.118485 0.312564 -0.097238
v 0.286048 -0.214133 -0.234753
v 0.172013 0.275312 -0.141168
v 0.257436 -0.283826 -0.211273
v 0.218932 0.225180 -0.179673
v 0.218932 -0.344913 -0.179673
v 0.257436 0.164093 -0.211273
v 0.172013 -0.395046 -0.141168
v 0.286048 0.094399 -0.234753
v 0.118485 -0.432298 -0.097238
v 0.107753 0.325854 -0.044633
v 0.174437 0.295649 -0.072254
v 0.234753 0.251745 -0.097238
v 0.286048 0.195867 -0.118485
v 0.326350 0.130160 -0.135178
v 0.354110 0.057151 -0.146677
v 0.368262 -0.020355 -0.152539
v 0.368262 -0.099379 -0.152539
v 0.354110 -0.176885 -0.146677
v 0.326350 -0.249894 -0.135178
v 0.286048 -0.315600 -0.118485
v 0.234753 -0.371479 -0.097238
v 0.174437 -0.415382 -0.072254
v 0.107753 -0.445587 -0.044633
v 0.249777 -0.344913 -0.133509
v 0.293707 -0.283826 -0.156990
v 0.293707 0.164093 -0.156990
v 0.249777 0.225180 -0.133509
v 0.196249 -0.395046 -0.104897
v 0.326350 0.094399 -0.174438
v 0.135178 -0.432298 -0.072254
v 0.346451 0.018777 -0.185182
v 0.072123 -0.454876 -0.038551
v 0.353238 -0.059867 -0.188810
v 0.072123 0.335143 -0.038551
v 0.346451 -0.138511 -0.185182
v 0.135178 0.312564 -0.072254
v 0.326350 -0.214133 -0.174438
v 0.196249 0.275312 -0.104897
v 0.114390 0.325854 -0.022754
v 0.185182 0.295649 -0.036835
v 0.249213 0.251745 -0.049572
v 0.303667 0.195867 -0.060403
v 0.346451 0.130160 -0.068913
v 0.375921 0.057151 -0.074775
v 0.390945 -0.020355 -0.077764
v 0.390945 -0.099379 -0.077764
v 0.375921 -0.176885 -0.074775
v 0.346451 -0.249894 -0.068913
v 0.303667 -0.315600 -0.060403
v 0.249213 -0.371479 -0.049572
v 0.185182 -0.415382 -0.036835
v 0.114390 -0.445587 -0.022754
v 0.078258 -0.454876 -0.023739
v 0.375921 -0.138511 -0.114034
v 0.383286 -0.059867 -0.116269
v 0.146677 0.312564 -0.044494
v 0.078258 0.335143 -0.023739
v 0.354110 -0.214133 -0.107418
v 0.212942 0.275312 -0.064595
v 0.318690 -0.283826 -0.096674
v 0.271024 0.225180 -0.082214
v 0.271024 -0.344913 -0.082214
v 0.318690 0.164093 -0.096674
v 0.212942 -0.395046 -0.064595
v 0.354110 0.094399 -0.107418
v 0.146677 -0.432298 -0.044494
v 0.375921 0.018777 -0.114034
v 0.116631 0.325854 -0.000000
v 0.188810 0.295649 -0.000000
v 0.254095 0.251745 -0.000000
v 0.309616 0.195867 -0.000000
v 0.353238 0.130160 -0.000000
v 0.383286 0.057151 -0.000000
v 0.398604 -0.020355 -0.000000
v 0.398604 -0.099379 -0.000000
v 0.383286 -0.176885 -0.000000
v 0.353238 -0.249894 -0.000000
v 0.309616 -0.315600 -0.000000
v 0.254095 -0.371479 -0.000000
v 0.188810 -0.415382 -0.000000
v 0.116631 -0.445587 -0.000000
v 0.221452 -0.395046 -0.021811
v 0.281856 -0.344913 -0.027760
v 0.368262 0.094399 -0.036271
v 0.331427 0.164093 -0.032643
v 0.152539 -0.432298 -0.015024
v 0.390945 0.018777 -0.038505
v 0.081386 -0.454876 -0.008016
v 0.398604 -0.059867 -0.039259
v 0.081386 0.335143 -0.008016
v 0.390945 -0.138511 -0.038505
v 0.152539 0.312564 -0.015024
v 0.368262 -0.214133 -0.036271
v 0.221452 0.275312 -0.021811
v 0.331427 -0.283826 -0.032643
v 0.281856 0.225180 -0.027760
v 0.114390 0.325854 0.022754
v 0.185182 0.295649 0.036835
v 0.249213 0.251745 0.049572
v 0.303667 0.195867 0.060403
v 0.346451 0.130160 0.068913
v 0.375921 0.057151 0.074775
v 0.390945 -0.020355 0.077764
v 0.390945 -0.099379 0.077764
v 0.375921 -0.176885 0.074775
v 0.346451 -0.249894 0.068913
v 0.303667 -0.315600 0.060403
v 0.249213 -0.371479 0.049572
v 0.185182 -0.415382 0.036835
v 0.114390 -0.445587 0.022754
v 0.152539 0.312564 0.015024
v 0.081386 0.335143 0.008016
v 0.368262 -0.214133 0.036271
v 0.390945 -0.138511 0.038505
v 0.221452 0.275312 0.021811
v 0.331427 -0.283826 0.032643
v 0.281855 0.225180 0.027760
v 0.281855 -0.344913 0.027760
v 0.331427 0.164093 0.032643
v 0.221452 -0.395046 0.021811
v 0.368262 0.094399 0.036271
v 0.152539 -0.432298 0.015024
v 0.390945 0.018777 0.038505
v 0.081386 -0.454876 0.008016
v 0.398604 -0.059867 0.039259
v 0.107753 0.325854 0.044633
v 0.174437 0.295649 0.072254
v 0.234753 0.251745 0.097238
v 0.286048 0.195867 0.118485
v 0.326349 0.130160 0.135178
v 0.354110 0.057151 0.146677
v 0.368262 -0.020355 0.152539
v 0.368262 -0.099379 0.152539
v 0.354110 -0.176885 0.146677
v 0.326350 -0.249894 0.135178
v 0.286048 -0.315600 0.118485
v 0.234753 -0.371479 0.097238
v 0.174437 -0.415382 0.072254
v 0.107753 -0.445587 0.044633
v 0.354110 0.094399 0.107418
v 0.318690 0.164093 0.096674
v 0.146677 -0.432298 0.044494
v 0.212942 -0.395046 0.064595
v 0.375921 0.018777 0.114034
v 0.078258 -0.454876 0.023739
v 0.383286 -0.059867 0.116268
v 0.078258 0.335143 0.023739
v 0.375921 -0.138511 0.114034
v 0.146677 0.312564 0.044494
v 0.354110 -0.214133 0.107418
v 0.212942 0.275312 0.064595
v 0.318690 -0.283826 0.096674
v 0.271024 0.225180 0.082214
v 0.271024 -0.344913 0.082214
v 0.096975 0.325854 0.064797
v 0.156990 0.295649 0.104897
v 0.211272 0.251745 0.141168
v 0.257436 0.195867 0.172013
v 0.293707 0.130160 0.196249
v 0.318690 0.057151 0.212942
v 0.331427 -0.020355 0.221453
v 0.331427 -0.099379 0.221453
v 0.318690 -0.176885 0.212942
v 0.293707 -0.249894 0.196249
v 0.257436 -0.315600 0.172013
v 0.211272 -0.371479 0.141168
v 0.156990 -0.415382 0.104897
v 0.096975 -0.445587 0.064797
v 0.326350 -0.214133 0.174438
v 0.346451 -0.138511 0.185182
v 0.196249 0.275312 0.104897
v 0.135178 0.312564 0.072254
v 0.293707 -0.283826 0.156990
v 0.249777 0.225180 0.133509
v 0.249777 -0.344913 0.133509
v 0.293707 0.164093 0.156990
v 0.196249 -0.395046 0.104897
v 0.326349 0.094399 0.174437
v 0.135178 -0.432298 0.072254
v 0.346451 0.018777 0.185182
v 0.072123 -0.454876 0.038551
v 0.353238 -0.059867 0.188810
v 0.072123 0.335143 0.038551
v 0.082471 0.325854 0.082471
v 0.133509 0.295649 0.133509
v 0.179672 0.251745 0.179672
v 0.218931 0.195867 0.218932
v 0.249777 0.130160 0.249777
v 0.271024 0.057151 0.271024
v 0.281855 -0.020355 0.281856
v 0.281855 -0.099379 0.281856
v 0.271024 -0.176885 0.271024
v 0.249777 -0.249894 0.249777
v 0.218931 -0.315600 0.218932
v 0.179672 -0.371479 0.179672
v 0.133509 -0.415382 0.133509
v 0.082471 -0.445587 0.082471
v 0.118485 -0.432298 0.097238
v 0.172013 -0.395046 0.141168
v 0.303667 0.018777 0.249213
v 0.286048 0.094399 0.234753
v 0.063217 -0.454876 0.051881
v 0.309616 -0.059867 0.254095
v 0.063217 0.335143 0.051881
v 0.303667 -0.138511 0.249213
v 0.118485 0.312564 0.097238
v 0.286048 -0.214133 0.234753
v 0.172013 0.275312 0.141168
v 0.257436 -0.283826 0.211272
v 0.218931 0.225180 0.179672
v 0.218931 -0.344913 0.179672
v 0.257436 0.164093 0.211272
v 0.064797 0.325854 0.096975
v 0.104897 0.295649 0.156990
v 0.141168 0.251745 0.211272
v 0.172013 0.195867 0.257436
v 0.196249 0.130160 0.293707
v 0.212942 0.057151 0.318691
v 0.221452 -0.020355 0.331427
v 0.221452 -0.099379 0.331427
v 0.212942 -0.176885 0.318691
v 0.196249 -0.249894 0.293707
v 0.172013 -0.315600 0.257436
v 0.141168 -0.371479 0.211272
v 0.104897 -0.415382 0.156990
v 0.064797 -0.445587 0.096975
v 0.141168 0.275312 0.172013
v 0.097238 0.312564 0.118485
v 0.211272 -0.283826 0.257436
v 0.234753 -0.214133 0.286048
v 0.179672 0.225180 0.218932
v 0.179672 -0.344913 0.218932
v 0.211272 0.164093 0.257436
v 0.141168 -0.395046 0.172013
v 0.234753 0.094399 0.286048
v 0.097238 -0.432298 0.118485
v 0.249213 0.018777 0.303667
v 0.051880 -0.454876 0.063217
v 0.254095 -0.059867 0.309616
v 0.051880 0.335143 0.063217
v 0.249213 -0.138511 0.303667
v 0.044633 0.325854 0.107753
v 0.072254 0.295649 0.174438
v 0.097238 0.251745 0.234753
v 0.118485 0.195867 0.286048
v 0.135178 0.130160 0.326350
v 0.146677 0.057151 0.354110
v 0.152539 -0.020355 0.368262
v 0.152539 -0.099379 0.368262
v 0.146677 -0.176885 0.354110
v 0.135178 -0.249894 0.326350
v 0.118485 -0.315600 0.286048
v 0.097238 -0.371479 0.234753
v 0.072254 -0.415382 0.174438
v 0.044633 -0.445587 0.107753
v 0.185182 0.018777 0.346451
v 0.174437 0.094399 0.326350
v 0.038551 -0.454876 0.072123
v 0.072254 -0.432298 0.135178
v 0.188810 -0.059867 0.353238
v 0.038551 0.335143 0.072123
v 0.185182 -0.138511 0.346451
v 0.072254 0.312564 0.135178
v 0.174437 -0.214133 0.326350
v 0.104897 0.275312 0.196249
v 0.156990 -0.283826 0.293707
v 0.133509 0.225180 0.249777
v 0.133509 -0.344913 0.249777
v 0.156990 0.164093 0.293707
v 0.104897 -0.395046 0.196249
v 0.022754 0.325854 0.114390
v 0.036835 0.295649 0.185182
v 0.049571 0.251745 0.249213
v 0.060403 0.195867 0.303667
v 0.068913 0.130160 0.346451
v 0.074775 0.057151 0.375921
v 0.077764 -0.020355 0.390945
v 0.077764 -0.099379 0.390945
v 0.074775 -0.176885 0.375921
v 0.068913 -0.249894 0.346451
v 0.060403 -0.315600 0.303667
v 0.049571 -0.371479 0.249213
v 0.036835 -0.415382 0.185182
v 0.022754 -0.445587 0.114390
v 0.096674 -0.283826 0.318691
v 0.107418 -0.214133 0.354110
v 0.082214 0.225180 0.271024
v 0.064595 0.275312 0.212942
v 0.082214 -0.344913 0.271024
v 0.096674 0.164093 0.318691
v 0.064595 -0.395046 0.212942
v 0.107418 0.094399 0.354110
v 0.044494 -0.432298 0.146677
v 0.114034 0.018777 0.375921
v 0.023739 -0.454876 0.078258
v 0.116268 -0.059867 0.383286
v 0.023739 0.335143 0.078258
v 0.114034 -0.138511 0.375921
v 0.044494 0.312564 0.146677
v -0.000000 0.325854 0.116631
v -0.000000 0.295649 0.188810
v -0.000000 0.251745 0.254095
v -0.000000 0.195867 0.309616
v -0.000000 0.130160 0.353238
v -0.000000 0.057151 0.383286
v -0.000000 -0.020355 0.398604
v -0.000000 -0.099379 0.398604
v -0.000000 -0.176885 0.383286
v -0.000000 -0.249894 0.353238
v -0.000000 -0.315600 0.309616
v -0.000000 -0.371479 0.254095
v -0.000000 -0.415382 0.188810
v -0.000000 -0.445587 0.116631
v 0.008016 -0.454876 0.081386
v 0.015024 -0.432298 0.152539
v 0.039259 -0.059867 0.398604
v 0.038505 0.018777 0.390945
v 0.008016 0.335143 0.081386
v 0.038505 -0.138511 0.390945
v 0.015024 0.312564 0.152539
v 0.036271 -0.214133 0.368262
v 0.021811 0.275312 0.221453
v 0.032643 -0.283826 0.331427
v 0.027760 0.225180 0.281856
v 0.027760 -0.344913 0.281856
v 0.032643 0.164093 0.331427
v 0.021811 -0.395046 0.221453
v 0.036271 0.094399 0.368262
v -0.022754 0.325854 0.114390
v -0.036835 0.295649 0.185182
v -0.049572 0.251745 0.249213
v -0.060403 0.195867 0.303667
v -0.068913 0.130160 0.346451
v -0.074775 0.057151 0.375921
v -0.077764 -0.020355 0.390945
v -0.077764 -0.099379 0.390945
v -0.074775 -0.176885 0.375921
v -0.068913 -0.249894 0.346451
v -0.060403 -0.315600 0.303667
v -0.049572 -0.371479 0.249213
v -0.036835 -0.415382 0.185182
v -0.022754 -0.445587 0.114390
v -0.027760 -0.344913 0.281856
v -0.032643 -0.283826 0.331427
v -0.032643 0.164093 0.331427
v -0.027760 0.225180 0.281856
v -0.021811 -0.395046 0.221452
v -0.036271 0.094399 0.368262
v -0.015024 -0.432298 0.152539
v -0.038505 0.018777 0.390945
v -0.008016 -0.454876 0.081386
v -0.039259 -0.059867 0.398604
v -0.008016 0.335143 0.081386
v -0.038505 -0.138511 0.390945
v -0.015024 0.312564 0.152539
v -0.036271 -0.214133 0.368262
v -0.021811 0.275312 0.221452
v -0.044633 0.325854 0.107753
v -0.072254 0.295649 0.174437
v -0.097238 0.251745 0.234753
v -0.118485 0.195867 0.286048
v -0.135178 0.130160 0.326350
v -0.146677 0.057151 0.354110
v -0.152539 -0.020355 0.368262
v -0.152539 -0.099379 0.368262
v -0.146677 -0.176885 0.354110
v -0.135179 -0.249894 0.326350
v -0.118485 -0.315600 0.286048
v -0.097238 -0.371479 0.234753
v -0.072254 -0.415382 0.174437
v -0.044633 -0.445587 0.107753
v -0.023740 0.335143 0.078258
v -0.023740 -0.454876 0.078258
v -0.114035 -0.138511 0.375921
v -0.116269 -0.059867 0.383286
v -0.044494 0.312564 0.146677
v -0.107418 -0.214133 0.354110
v -0.064595 0.275312 0.212942
v -0.096674 -0.283826 0.318690
v -0.082214 0.225180 0.271024
v -0.082214 -0.344913 0.271024
v -0.096674 0.164093 0.318690
v -0.064595 -0.395046 0.212942
v -0.107418 0.094399 0.354110
v -0.044494 -0.432298 0.146677
v -0.114035 0.018777 0.375921
v -0.064797 0.325854 0.096975
v -0.104897 0.295649 0.156990
v -0.141168 0.251745 0.211272
v -0.172013 0.195867 0.257436
v -0.196249 0.130160 0.293707
v -0.212942 0.057151 0.318690
v -0.221453 -0.020355 0.331427
v -0.221453 -0.099379 0.331427
v -0.212942 -0.176885 0.318690
v -0.196249 -0.249894 0.293707
v -0.172013 -0.315600 0.257436
v -0.141168 -0.371479 0.211272
v -0.104897 -0.415382 0.156990
v -0.064797 -0.445587 0.096975
v -0.156990 0.164093 0.293707
v -0.133509 0.225180 0.249777
v -0.104897 -0.395046 0.196249
v -0.133509 -0.344913 0.249777
v -0.174438 0.094399 0.326350
v -0.072254 -0.432298 0.135178
v -0.185182 0.018777 0.346451
v -0.038551 -0.454876 0.072123
v -0.188810 -0.059867 0.353238
v -0.038551 0.335143 0.072123
v -0.185182 -0.138511 0.346451
v -0.072254 0.312564 0.135178
v -0.174438 -0.214133 0.326350
v -0.104897 0.275312 0.196249
v -0.156990 -0.283826 0.293707
v -0.082471 0.325854 0.082471
v -0.133509 0.295649 0.133509
v -0.179673 0.251745 0.179672
v -0.218932 0.195867 0.218931
v -0.249777 0.130160 0.249777
v -0.271024 0.057151 0.271024
v -0.281856 -0.020355 0.281855
v -0.281856 -0.099379 0.281855
v -0.271024 -0.176885 0.271024
v -0.249777 -0.249894 0.249777
v -0.218932 -0.315600 0.218931
v -0.179673 -0.371479 0.179672
v -0.133509 -0.415382 0.133509
v -0.082471 -0.445587 0.082471
v -0.249213 -0.138511 0.303667
v -0.254095 -0.059867 0.309616
v -0.097238 0.312564 0.118485
v -0.051881 0.335143 0.063217
v -0.234754 -0.214133 0.286048
v -0.141168 0.275312 0.172013
v -0.211273 -0.283826 0.257436
v -0.179673 0.225180 0.218931
v -0.179673 -0.344913 0.218931
v -0.211273 0.164093 0.257436
v -0.141168 -0.395046 0.172013
v -0.234753 0.094399 0.286048
v -0.097238 -0.432298 0.118485
v -0.249213 0.018777 0.303667
v -0.051881 -0.454876 0.063217
v -0.096976 0.325854 0.064797
v -0.156990 0.295649 0.104897
v -0.211273 0.251745 0.141168
v -0.257436 0.195867 0.172013
v -0.293707 0.130160 0.196249
v -0.318691 0.057151 0.212942
v -0.331427 -0.020355 0.221452
v -0.331427 -0.099379 0.221452
v -0.318691 -0.176885 0.212942
v -0.293707 -0.249894 0.196249
v -0.257436 -0.315600 0.172013
v -0.211273 -0.371479 0.141168
v -0.156990 -0.415382 0.104897
v -0.096976 -0.445587 0.064797
v -0.172013 -0.395046 0.141168
v -0.218932 -0.344913 0.179672
v -0.286048 0.094399 0.234753
v -0.257436 0.164093 0.211272
v -0.118485 -0.432298 0.097238
v -0.303667 0.018777 0.249213
v -0.063217 -0.454876 0.051881
v -0.309616 -0.059867 0.254095
v -0.063217 0.335143 0.051881
v -0.303667 -0.138511 0.249213
v -0.118485 0.312564 0.097238
v -0.286048 -0.214133 0.234753
v -0.172013 0.275312 0.141168
v -0.257436 -0.283826 0.211272
v -0.218932 0.225180 0.179672
v -0.044282 0.340720 0.018342
v -0.107753 0.325854 0.044633
v -0.174438 0.295649 0.072254
v -0.234753 0.251745 0.097238
v -0.286048 0.195867 0.118485
v -0.326350 0.130160 0.135178
v -0.354110 0.057151 0.146677
v -0.368262 -0.020355 0.152539
v -0.368262 -0.099379 0.152539
v -0.354110 -0.176885 0.146677
v -0.326350 -0.249894 0.135178
v -0.286048 -0.315600 0.118485
v -0.234753 -0.371479 0.097238
v -0.174438 -0.415382 0.072254
v -0.107753 -0.445587 0.044633
v -0.135179 0.312564 0.072254
v -0.072123 0.335143 0.038551
v -0.326350 -0.214133 0.174437
v -0.346451 -0.138511 0.185182
v -0.196249 0.275312 0.104897
v -0.293707 -0.283826 0.156990
v -0.249777 0.225180 0.133509
v -0.249777 -0.344913 0.133509
v -0.293707 0.164093 0.156990
v -0.196249 -0.395046 0.104897
v -0.326350 0.094399 0.174437
v -0.135179 -0.432298 0.072254
v -0.346451 0.018777 0.185182
v -0.072123 -0.454876 0.038551
v -0.353238 -0.059867 0.188810
v -0.114390 0.325854 0.022754
v -0.185182 0.295649 0.036835
v -0.249213 0.251745 0.049571
v -0.303667 0.195867 0.060403
v -0.346451 0.130160 0.068913
v -0.375921 0.057151 0.074775
v -0.390945 -0.020355 0.077764
v -0.390945 -0.099379 0.077764
v -0.375921 -0.176885 0.074775
v -0.346451 -0.249894 0.068913
v -0.303667 -0.315600 0.060403
v -0.249213 -0.371479 0.049571
v -0.185182 -0.415382 0.036835
v -0.114390 -0.445587 0.022754
v -0.354110 0.094399 0.107418
v -0.318691 0.164093 0.096674
v -0.146677 -0.432298 0.044494
v -0.212942 -0.395046 0.064595
v -0.375921 0.018777 0.114034
v -0.078258 -0.454876 0.023739
v -0.383286 -0.059867 0.116268
v -0.078258 0.335143 0.023739
v -0.375921 -0.138511 0.114034
v -0.146677 0.312564 0.044494
v -0.354110 -0.214133 0.107418
v -0.212942 0.275312 0.064595
v -0.318691 -0.283826 0.096674
v -0.271024 0.225180 0.082214
v -0.271024 -0.344913 0.082214
v -0.116632 0.325854 -0.000000
v -0.188810 0.295649 -0.000000
v -0.254095 0.251745 -0.000000
v -0.309616 0.195867 -0.000000
v -0.353238 0.130160 -0.000000
v -0.383286 0.057151 -0.000000
v -0.398604 -0.020355 -0.000000
v -0.398604 -0.099379 -0.000000
v -0.383286 -0.176885 -0.000000
v -0.353238 -0.249894 -0.000000
v -0.309616 -0.315600 -0.000000
v -0.254095 -0.371479 -0.000000
v -0.188810 -0.415382 -0.000000
v -0.116632 -0.445587 -0.000000
v -0.368262 -0.214133 0.036271
v -0.390945 -0.138511 0.038505
v -0.221453 0.275312 0.021811
v -0.152539 0.312564 0.015024
v -0.331427 -0.283826 0.032643
v -0.281856 0.225180 0.027760
v -0.281856 -0.344913 0.027760
v -0.331427 0.164093 0.032643
v -0.221453 -0.395046 0.021811
v -0.368262 0.094399 0.036271
v -0.152539 -0.432298 0.015024
v -0.390945 0.018777 0.038505
v -0.081386 -0.454876 0.008016
v -0.398604 -0.059867 0.039259
v -0.081386 0.335143 0.008016
v -0.114390 0.325854 -0.022754
v -0.185182 0.295649 -0.036835
v -0.249213 0.251745 -0.049572
v -0.303667 0.195867 -0.060403
v -0.346451 0.130160 -0.068913
v -0.375921 0.057151 -0.074775
v -0.390945 -0.020355 -0.077764
v -0.390945 -0.099379 -0.077764
v -0.375921 -0.176885 -0.074775
v -0.346451 -0.249894 -0.068913
v -0.303667 -0.315600 -0.060403
v -0.249213 -0.371479 -0.049572
v -0.185182 -0.415382 -0.036835
v -0.114390 -0.445587 -0.022754
v -0.152539 -0.432298 -0.015024
v -0.221453 -0.395046 -0.021811
v -0.390945 0.018777 -0.038505
v -0.368262 0.094399 -0.036271
v -0.081386 -0.454876 -0.008016
v -0.398604 -0.059867 -0.039259
v -0.081386 0.335143 -0.008016
v -0.390945 -0.138511 -0.038505
v -0.152539 0.312564 -0.015024
v -0.368262 -0.214133 -0.036271
v -0.221453 0.275312 -0.021811
v -0.331427 -0.283826 -0.032643
v -0.281856 0.225180 -0.027760
v -0.281856 -0.344913 -0.027760
v -0.331427 0.164093 -0.032643
v -0.107753 0.325854 -0.044633
v -0.174438 0.295649 -0.072254
v -0.234753 0.251745 -0.097238
v -0.286048 0.195867 -0.118485
v -0.326350 0.130160 -0.135178
v -0.354110 0.057151 -0.146677
v -0.368262 -0.020355 -0.152539
v -0.368262 -0.099379 -0.152539
v -0.354110 -0.176885 -0.146677
v -0.326350 -0.249894 -0.135179
v -0.286048 -0.315600 -0.118485
v -0.234753 -0.371479 -0.097238
v -0.174438 -0.415382 -0.072254
v -0.107753 -0.445587 -0.044633
v -0.318691 -0.283826 -0.096674
v -0.354110 -0.214133 -0.107418
v -0.271024 0.225180 -0.082214
v -0.212942 0.275312 -0.064595
v -0.271024 -0.344913 -0.082214
v -0.318691 0.164093 -0.096674
v -0.212942 -0.395046 -0.064595
v -0.354110 0.094399 -0.107418
v -0.146677 -0.432298 -0.044494
v -0.375921 0.018777 -0.114034
v -0.078258 -0.454876 -0.023739
v -0.383286 -0.059867 -0.116269
v -0.078258 0.335143 -0.023739
v -0.375921 -0.138511 -0.114035
v -0.146677 0.312564 -0.044494
v -0.096976 0.325854 -0.064797
v -0.156990 0.295649 -0.104897
v -0.211273 0.251745 -0.141168
v -0.257436 0.195867 -0.172013
v -0.293707 0.130160 -0.196249
v -0.318691 0.057151 -0.212942
v -0.331427 -0.020355 -0.221453
v -0.331427 -0.099379 -0.221453
v -0.318691 -0.176885 -0.212942
v -0.293707 -0.249894 -0.196249
v -0.257436 -0.315600 -0.172013
v -0.211273 -0.371479 -0.141168
v -0.156990 -0.415382 -0.104897
v -0.096976 -0.445587 -0.064797
v -0.072123 -0.454876 -0.038551
v -0.135178 -0.432298 -0.072254
v -0.353238 -0.059867 -0.188810
v -0.346451 0.018777 -0.185182
v -0.072123 0.335143 -0.038551
v -0.346451 -0.138511 -0.185182
v -0.135178 0.312564 -0.072254
v -0.326350 -0.214133 -0.174438
v -0.196249 0.275312 -0.104897
v -0.293707 -0.283826 -0.156990
v -0.249777 0.225180 -0.133509
v -0.249777 -0.344913 -0.133509
v -0.293707 0.164093 -0.156990
v -0.196249 -0.395046 -0.104897
v -0.326350 0.094399 -0.174438
v -0.082471 0.325854 -0.082471
v -0.133509 0.295649 -0.133509
v -0.179673 0.251745 -0.179672
v -0.218932 0.195867 -0.218932
v -0.249777 0.130160 -0.249777
v -0.271024 0.057151 -0.271024
v -0.281855 -0.020355 -0.281856
v -0.281855 -0.099379 -0.281856
v -0.271024 -0.176885 -0.271024
v -0.249777 -0.249894 -0.249777
v -0.218932 -0.315600 -0.218932
v -0.179672 -0.371479 -0.179672
v -0.133509 -0.415382 -0.133509
v -0.082471 -0.445587 -0.082471
v -0.218932 0.225180 -0.179672
v -0.172013 0.275312 -0.141168
v -0.218932 -0.344913 -0.179672
v -0.257436 -0.283826 -0.211272
v -0.257436 0.164093 -0.211272
v -0.172013 -0.395046 -0.141168
v -0.286048 0.094399 -0.234753
v -0.118485 -0.432298 -0.097238
v -0.303667 0.018777 -0.249213
v -0.063217 -0.454876 -0.051881
v -0.309616 -0.059867 -0.254095
v -0.063217 0.335143 -0.051881
v -0.303667 -0.138511 -0.249213
v -0.118485 0.312564 -0.097238
v -0.286048 -0.214133 -0.234753
v -0.064797 0.325854 -0.096975
v -0.104897 0.295649 -0.156990
v -0.141168 0.251745 -0.211272
v -0.172013 0.195867 -0.257436
v -0.196249 0.130160 -0.293707
v -0.212942 0.057151 -0.318691
v -0.221452 -0.020355 -0.331427
v -0.221452 -0.099379 -0.331427
v -0.212942 -0.176885 -0.318691
v -0.196249 -0.249894 -0.293707
v -0.172013 -0.315600 -0.257436
v -0.141168 -0.371479 -0.211272
v -0.104897 -0.415382 -0.156990
v -0.064797 -0.445587 -0.096975
v -0.254095 -0.059867 -0.309616
v -0.249213 0.018777 -0.303667
v -0.051881 0.335143 -0.063217
v -0.051881 -0.454876 -0.063217
v -0.249213 -0.138511 -0.303667
v -0.097238 0.312564 -0.118485
v -0.234753 -0.214133 -0.286048
v -0.141168 0.275312 -0.172013
v -0.211273 -0.283826 -0.257436
v -0.179673 0.225180 -0.218932
v -0.179673 -0.344913 -0.218932
v -0.211273 0.164093 -0.257436
v -0.141168 -0.395046 -0.172013
v -0.234753 0.094399 -0.286048
v -0.097238 -0.432298 -0.118485
v -0.044633 0.325854 -0.107753
v -0.072254 0.295649 -0.174437
v -0.097238 0.251745 -0.234753
v -0.118485 0.195867 -0.286048
v -0.135178 0.130160 -0.326350
v -0.146677 0.057151 -0.354110
v -0.152539 -0.020355 -0.368262
v -0.152539 -0.099379 -0.368262
v -0.146677 -0.176885 -0.354110
v -0.135178 -0.249894 -0.326350
v -0.118485 -0.315600 -0.286048
v -0.097238 -0.371479 -0.234753
v -0.072254 -0.415382 -0.174437
v -0.044633 -0.445587 -0.107753
v -0.133509 -0.344913 -0.249777
v -0.156990 -0.283826 -0.293707
v -0.156990 0.164093 -0.293707
v -0.133509 0.225180 -0.249777
v -0.104897 -0.395046 -0.196249
v -0.174438 0.094399 -0.326350
v -0.072254 -0.432298 -0.135178
v -0.185182 0.018777 -0.346451
v -0.038551 -0.454876 -0.072123
v -0.188810 -0.059867 -0.353238
v -0.038551 0.335143 -0.072123
v -0.185182 -0.138511 -0.346451
v -0.072254 0.312564 -0.135178
v -0.174438 -0.214133 -0.326350
v -0.104897 0.275312 -0.196249
v -0.022754 0.325854 -0.114390
v -0.036835 0.295649 -0.185182
v -0.049572 0.251745 -0.249213
v -0.060403 0.195867 -0.303667
v -0.068913 0.130160 -0.346451
v -0.074775 0.057151 -0.375921
v -0.077764 -0.020355 -0.390945
v -0.077764 -0.099379 -0.390945
v -0.074775 -0.176885 -0.375921
v -0.068913 -0.249894 -0.346451
v -0.060403 -0.315600 -0.303667
v -0.049572 -0.371479 -0.249213
v -0.036835 -0.415382 -0.185182
v -0.022754 -0.445587 -0.114390
v -0.023739 0.335143 -0.078258
v -0.023739 -0.454876 -0.078258
v -0.114034 -0.138511 -0.375921
v -0.116268 -0.059867 -0.383286
v -0.044494 0.312564 -0.146677
v -0.107418 -0.214133 -0.354110
v -0.064595 0.275312 -0.212942
v -0.096674 -0.283826 -0.318691
v -0.082214 0.225180 -0.271024
v -0.082214 -0.344913 -0.271024
v -0.096674 0.164093 -0.318691
v -0.064595 -0.395046 -0.212942
v -0.107418 0.094399 -0.354110
v -0.044494 -0.432298 -0.146677
v -0.114034 0.018777 -0.375921
v 0.000000 -0.099379 -0.398604
v -0.000000 -0.176885 -0.383286
v -0.000000 -0.445587 -0.116631
v -0.000000 -0.460454 -0.047931
v -0.015024 -0.432298 -0.152539
v -0.008016 -0.454876 -0.081386
v -0.039259 -0.059867 -0.398604
v -0.038505 -0.138511 -0.390945
v -0.036271 -0.214133 -0.368262
v -0.000000 0.340720 -0.047931
v 0.000000 -0.020355 -0.398604
v -0.000000 -0.249894 -0.353238
v -0.000000 -0.415382 -0.188810
v 0.009351 0.340720 -0.047010
v 0.009351 -0.460454 -0.047010
v 0.015024 -0.432298 -0.152539
v 0.008016 -0.454876 -0.081386
v 0.039259 -0.059867 -0.398604
v 0.038505 -0.138511 -0.390945
v 0.036271 -0.214133 -0.368262
v 0.018342 0.340720 -0.044282
v 0.018342 -0.460454 -0.044282
v 0.026629 0.340720 -0.039853
v 0.026629 -0.460454 -0.039853
v 0.033892 0.340720 -0.033892
v 0.033892 -0.460454 -0.033892
v 0.039853 0.340720 -0.026629
v 0.039853 -0.460454 -0.026629
v 0.044282 0.340720 -0.018342
v 0.044282 -0.460454 -0.018342
v 0.047010 0.340720 -0.009351
v 0.047010 -0.460454 -0.009351
v 0.047931 0.340720 -0.000000
v 0.047931 -0.460454 -0.000000
v 0.047010 0.340720 0.009351
v 0.047010 -0.460454 0.009351
v 0.044282 0.340720 0.018342
v 0.044282 -0.460454 0.018342
v 0.039853 0.340720 0.026629
v 0.039853 -0.460454 0.026629
v 0.033892 0.340720 0.033892
v 0.033892 -0.460454 0.033892
v 0.026629 0.340720 0.039853
v 0.026629 -0.460454 0.039853
v 0.018342 0.340720 0.044282
v 0.018342 -0.460454 0.044282
v 0.009351 0.340720 0.047010
v 0.009351 -0.460454 0.047010
v -0.000000 0.340720 0.047931
v -0.000000 -0.460454 0.047931
v -0.009351 0.340720 0.047010
v -0.009351 -0.460454 0.047010
v -0.018342 0.340720 0.044282
v -0.018342 -0.460454 0.044282
v -0.026629 0.340720 0.039853
v -0.026629 -0.460454 0.039853
v -0.033892 0.340720 0.033892
v -0.033892 -0.460454 0.033892
v -0.039853 0.340720 0.026629
v -0.039853 -0.460454 0.026629
v -0.044282 -0.460454 0.018342
v -0.047010 0.340720 0.009351
v -0.047010 -0.460454 0.009351
v -0.047931 0.340720 -0.000000
v -0.047931 -0.460454 -0.000000
v -0.047010 0.340720 -0.009351
v -0.047010 -0.460454 -0.009351
v -0.044282 0.340720 -0.018342
v -0.044282 -0.460454 -0.018342
v -0.039853 0.340720 -0.026629
v -0.039853 -0.460454 -0.026629
v -0.033892 0.340720 -0.033892
v -0.033892 -0.460454 -0.033892
v -0.026629 0.340720 -0.039853
v -0.026629 -0.460454 -0.039853
v -0.018342 0.340720 -0.044282
v -0.018342 -0.460454 -0.044282
v -0.009351 0.340720 -0.047010
v -0.009351 -0.460454 -0.047010
v -0.032643 0.164093 -0.331427
v -0.027760 0.225180 -0.281856
v -0.021811 -0.395046 -0.221453
v -0.027760 -0.344913 -0.281856
v -0.036271 0.094399 -0.368262
v -0.038505 0.018777 -0.390945
v -0.008016 0.335143 -0.081386
v -0.015024 0.312564 -0.152539
v -0.021811 0.275312 -0.221453
v -0.032643 -0.283826 -0.331427
v 0.030347 -0.315600 -0.308124
v 0.030347 0.195867 -0.308124
v 0.024906 -0.371479 -0.252871
v 0.034623 0.130160 -0.351536
v 0.018506 -0.415382 -0.187900
v 0.037568 0.057151 -0.381439
v 0.011441 -0.445578 -0.116161
v 0.039070 -0.020355 -0.396683
v 0.005408 0.339872 -0.054908
v 0.005408 -0.459605 -0.054908
v 0.039070 -0.099379 -0.396683
v 0.011441 0.325845 -0.116161
v 0.037568 -0.176885 -0.381439
v 0.018506 0.295649 -0.187900
v 0.034623 -0.249894 -0.351536
v 0.024906 0.251745 -0.252871
v 0.102539 -0.249894 -0.338027
v 0.073760 0.251745 -0.243153
v 0.089876 -0.315600 -0.296283
v 0.089876 0.195867 -0.296283
v 0.073760 -0.371479 -0.243153
v 0.102539 0.130160 -0.338027
v 0.054808 -0.415382 -0.180679
v 0.111262 0.057151 -0.366780
v 0.033883 -0.445578 -0.111697
v 0.115708 -0.020355 -0.381439
v 0.016016 0.339872 -0.052798
v 0.016016 -0.459605 -0.052798
v 0.115708 -0.099379 -0.381439
v 0.033883 0.325845 -0.111697
v 0.111262 -0.176885 -0.366780
v 0.054808 0.295649 -0.180679
v 0.055023 -0.445578 -0.102941
v 0.187900 -0.020355 -0.351536
v 0.026009 0.339872 -0.048659
v 0.026009 -0.459605 -0.048659
v 0.187900 -0.099379 -0.351536
v 0.055023 0.325845 -0.102941
v 0.180679 -0.176885 -0.338027
v 0.089004 0.295649 -0.166515
v 0.166515 -0.249894 -0.311527
v 0.119779 0.251745 -0.224091
v 0.145951 -0.315600 -0.273056
v 0.145951 0.195867 -0.273056
v 0.119779 -0.371479 -0.224091
v 0.166515 0.130160 -0.311527
v 0.089004 -0.415382 -0.166515
v 0.180679 0.057151 -0.338027
v 0.161196 0.251745 -0.196418
v 0.196417 -0.315600 -0.239336
v 0.196417 0.195867 -0.239336
v 0.161196 -0.371479 -0.196418
v 0.224091 0.130160 -0.273056
v 0.119779 -0.415382 -0.145951
v 0.243153 0.057151 -0.296283
v 0.074048 -0.445578 -0.090228
v 0.252871 -0.020355 -0.308124
v 0.035002 0.339872 -0.042650
v 0.035002 -0.459605 -0.042650
v 0.252871 -0.099379 -0.308124
v 0.074048 0.325845 -0.090228
v 0.243153 -0.176885 -0.296283
v 0.119779 0.295649 -0.145951
v 0.224091 -0.249894 -0.273056
v 0.308124 -0.020355 -0.252871
v 0.042650 0.339872 -0.035002
v 0.042650 -0.459605 -0.035002
v 0.308124 -0.099379 -0.252871
v 0.090228 0.325845 -0.074048
v 0.296283 -0.176885 -0.243153
v 0.145951 0.295649 -0.119779
v 0.273056 -0.249894 -0.224091
v 0.196417 0.251745 -0.161196
v 0.239335 -0.315600 -0.196418
v 0.239335 0.195867 -0.196418
v 0.196417 -0.371479 -0.161196
v 0.273056 0.130160 -0.224091
v 0.145951 -0.415382 -0.119779
v 0.296283 0.057151 -0.243153
v 0.090228 -0.445578 -0.074048
v 0.273056 -0.315600 -0.145951
v 0.273056 0.195867 -0.145951
v 0.224091 -0.371479 -0.119779
v 0.311527 0.130160 -0.166515
v 0.166515 -0.415382 -0.089004
v 0.338027 0.057151 -0.180679
v 0.102940 -0.445578 -0.055023
v 0.351536 -0.020355 -0.187900
v 0.048659 0.339872 -0.026009
v 0.048659 -0.459605 -0.026009
v 0.351536 -0.099379 -0.187900
v 0.102940 0.325845 -0.055023
v 0.338027 -0.176885 -0.180679
v 0.166515 0.295649 -0.089004
v 0.311527 -0.249894 -0.166515
v 0.224091 0.251745 -0.119779
v 0.052798 -0.459605 -0.016016
v 0.381439 -0.099379 -0.115708
v 0.111697 0.325845 -0.033883
v 0.366780 -0.176885 -0.111262
v 0.180679 0.295649 -0.054808
v 0.338027 -0.249894 -0.102539
v 0.243153 0.251745 -0.073760
v 0.296283 -0.315600 -0.089876
v 0.296283 0.195867 -0.089876
v 0.243153 -0.371479 -0.073760
v 0.338027 0.130160 -0.102539
v 0.180679 -0.415382 -0.054808
v 0.366780 0.057151 -0.111262
v 0.111697 -0.445578 -0.033883
v 0.381439 -0.020355 -0.115708
v 0.052798 0.339872 -0.016016
v 0.252871 -0.371479 -0.024906
v 0.351536 0.130160 -0.034623
v 0.187900 -0.415382 -0.018507
v 0.381439 0.057151 -0.037568
v 0.116161 -0.445578 -0.011441
v 0.396683 -0.020355 -0.039070
v 0.054908 0.339872 -0.005408
v 0.054908 -0.459605 -0.005408
v 0.396683 -0.099379 -0.039070
v 0.116161 0.325845 -0.011441
v 0.381439 -0.176885 -0.037568
v 0.187900 0.295649 -0.018507
v 0.351536 -0.249894 -0.034623
v 0.252871 0.251745 -0.024906
v 0.308124 -0.315600 -0.030348
v 0.308124 0.195867 -0.030348
v 0.116161 0.325845 0.011441
v 0.381439 -0.176885 0.037568
v 0.187900 0.295649 0.018507
v 0.351536 -0.249894 0.034623
v 0.252871 0.251745 0.024906
v 0.308124 -0.315600 0.030348
v 0.308124 0.195867 0.030348
v 0.252871 -0.371479 0.024906
v 0.351536 0.130160 0.034623
v 0.187900 -0.415382 0.018507
v 0.381439 0.057151 0.037568
v 0.116161 -0.445578 0.011441
v 0.396683 -0.020355 0.039070
v 0.054908 0.339872 0.005408
v 0.054908 -0.459605 0.005408
v 0.396683 -0.099379 0.039070
v 0.338027 0.130160 0.102539
v 0.180679 -0.415382 0.054808
v 0.366780 0.057151 0.111262
v 0.111697 -0.445578 0.033883
v 0.381439 -0.020355 0.115708
v 0.052798 0.339872 0.016016
v 0.052798 -0.459605 0.016016
v 0.381439 -0.099379 0.115708
v 0.111697 0.325845 0.033883
v 0.366780 -0.176885 0.111262
v 0.180679 0.295649 0.054808
v 0.338027 -0.249894 0.102539
v 0.243153 0.251745 0.073760
v 0.296283 -0.315600 0.089876
v 0.296283 0.195867 0.089876
v 0.243153 -0.371479 0.073760
v 0.338027 -0.176885 0.180679
v 0.166515 0.295649 0.089004
v 0.311527 -0.249894 0.166515
v 0.224091 0.251745 0.119779
v 0.273056 -0.315600 0.145951
v 0.273056 0.195867 0.145951
v 0.224091 -0.371479 0.119779
v 0.311527 0.130160 0.166515
v 0.166515 -0.415382 0.089004
v 0.338027 0.057151 0.180679
v 0.102940 -0.445578 0.055023
v 0.351536 -0.020355 0.187900
v 0.048659 0.339872 0.026009
v 0.048659 -0.459605 0.026009
v 0.351536 -0.099379 0.187900
v 0.102940 0.325845 0.055023
v 0.145951 -0.415382 0.119779
v 0.296283 0.057151 0.243153
v 0.090228 -0.445578 0.074048
v 0.308124 -0.020355 0.252871
v 0.042650 0.339872 0.035002
v 0.042650 -0.459605 0.035002
v 0.308124 -0.099379 0.252871
v 0.090228 0.325845 0.074048
v 0.296283 -0.176885 0.243153
v 0.145951 0.295649 0.119779
v 0.273056 -0.249894 0.224091
v 0.196417 0.251745 0.161196
v 0.239335 -0.315600 0.196417
v 0.239335 0.195867 0.196417
v 0.196417 -0.371479 0.161196
v 0.273056 0.130160 0.224091
v 0.119779 0.295649 0.145951
v 0.224091 -0.249894 0.273056
v 0.161196 0.251745 0.196417
v 0.196417 -0.315600 0.239335
v 0.196417 0.195867 0.239335
v 0.161196 -0.371479 0.196417
v 0.224091 0.130160 0.273056
v 0.119779 -0.415382 0.145951
v 0.243153 0.057151 0.296283
v 0.074048 -0.445578 0.090228
v 0.252870 -0.020355 0.308124
v 0.035002 0.339872 0.042650
v 0.035002 -0.459605 0.042650
v 0.252871 -0.099379 0.308124
v 0.074048 0.325845 0.090228
v 0.243153 -0.176885 0.296283
v 0.180679 0.057151 0.338027
v 0.055023 -0.445578 0.102941
v 0.187900 -0.020355 0.351536
v 0.026009 0.339872 0.048659
v 0.026009 -0.459605 0.048659
v 0.187900 -0.099379 0.351536
v 0.055023 0.325845 0.102941
v 0.180679 -0.176885 0.338027
v 0.089004 0.295649 0.166515
v 0.166515 -0.249894 0.311527
v 0.119779 0.251745 0.224091
v 0.145951 -0.315600 0.273056
v 0.145951 0.195867 0.273056
v 0.119779 -0.371479 0.224091
v 0.166515 0.130160 0.311527
v 0.089004 -0.415382 0.166515
v 0.102539 -0.249894 0.338027
v 0.073760 0.251745 0.243153
v 0.089876 -0.315600 0.296283
v 0.089876 0.195867 0.296283
v 0.073760 -0.371479 0.243153
v 0.102539 0.130160 0.338027
v 0.054808 -0.415382 0.180679
v 0.111261 0.057151 0.366780
v 0.033883 -0.445578 0.111697
v 0.115708 -0.020355 0.381439
v 0.016016 0.339872 0.052798
v 0.016016 -0.459605 0.052798
v 0.115708 -0.099379 0.381439
v 0.033883 0.325845 0.111697
v 0.111261 -0.176885 0.366780
v 0.054808 0.295649 0.180679
v 0.011441 -0.445578 0.116161
v 0.039070 -0.020355 0.396683
v 0.005408 0.339872 0.054908
v 0.005408 -0.459605 0.054908
v 0.039070 -0.099379 0.396683
v 0.011441 0.325845 0.116161
v 0.037568 -0.176885 0.381439
v 0.018506 0.295649 0.187900
v 0.034623 -0.249894 0.351536
v 0.024906 0.251745 0.252871
v 0.030347 -0.315600 0.308124
v 0.030347 0.195867 0.308124
v 0.024906 -0.371479 0.252871
v 0.034623 0.130160 0.351536
v 0.018506 -0.415382 0.187900
v 0.037568 0.057151 0.381439
v -0.030348 -0.315600 0.308124
v -0.030348 0.195867 0.308124
v -0.024906 -0.371479 0.252871
v -0.034623 0.130160 0.351536
v -0.018507 -0.415382 0.187900
v -0.037569 0.057151 0.381439
v -0.011441 -0.445578 0.116161
v -0.039070 -0.020355 0.396683
v -0.005408 0.339872 0.054908
v -0.005408 -0.459605 0.054908
v -0.039070 -0.099379 0.396683
v -0.011441 0.325845 0.116161
v -0.037569 -0.176885 0.381439
v -0.018507 0.295649 0.187900
v -0.034623 -0.249894 0.351536
v -0.024906 0.251745 0.252871
v -0.016016 0.339872 0.052798
v -0.016016 -0.459605 0.052798
v -0.115708 -0.099379 0.381439
v -0.033883 0.325845 0.111697
v -0.111262 -0.176885 0.366780
v -0.054808 0.295649 0.180679
v -0.102539 -0.249894 0.338027
v -0.073760 0.251745 0.243153
v -0.089876 -0.315600 0.296283
v -0.089876 0.195867 0.296283
v -0.073760 -0.371479 0.243153
v -0.102539 0.130160 0.338027
v -0.054808 -0.415382 0.180679
v -0.111262 0.057151 0.366780
v -0.033883 -0.445578 0.111697
v -0.115708 -0.020355 0.381439
v -0.145951 0.195867 0.273056
v -0.119779 -0.371479 0.224091
v -0.166515 0.130160 0.311527
v -0.089004 -0.415382 0.166515
v -0.180679 0.057151 0.338027
v -0.055023 -0.445578 0.102940
v -0.187900 -0.020355 0.351536
v -0.026009 0.339872 0.048659
v -0.026009 -0.459605 0.048659
v -0.187900 -0.099379 0.351536
v -0.055023 0.325845 0.102940
v -0.180679 -0.176885 0.338027
v -0.089004 0.295649 0.166515
v -0.166515 -0.249894 0.311527
v -0.119779 0.251745 0.224091
v -0.145951 -0.315600 0.273056
v -0.252871 -0.099379 0.308124
v -0.074048 0.325845 0.090228
v -0.243153 -0.176885 0.296283
v -0.119779 0.295649 0.145951
v -0.224091 -0.249894 0.273056
v -0.161196 0.251745 0.196417
v -0.196418 -0.315600 0.239335
v -0.196418 0.195867 0.239335
v -0.161196 -0.371479 0.196417
v -0.224091 0.130160 0.273056
v -0.119779 -0.415382 0.145951
v -0.243153 0.057151 0.296283
v -0.074048 -0.445578 0.090228
v -0.252871 -0.020355 0.308124
v -0.035002 0.339872 0.042650
v -0.035002 -0.459605 0.042650
v -0.196418 -0.371479 0.161196
v -0.273056 0.130160 0.224091
v -0.145951 -0.415382 0.119779
v -0.296283 0.057151 0.243153
v -0.090228 -0.445578 0.074048
v -0.308124 -0.020355 0.252871
v -0.042650 0.339872 0.035002
v -0.042650 -0.459605 0.035002
v -0.308124 -0.099379 0.252871
v -0.090228 0.325845 0.074048
v -0.296283 -0.176885 0.243153
v -0.145951 0.295649 0.119779
v -0.273056 -0.249894 0.224091
v -0.196418 0.251745 0.161196
v -0.239335 -0.315600 0.196417
v -0.239335 0.195867 0.196417
v -0.102941 0.325845 0.055023
v -0.338027 -0.176885 0.180679
v -0.166515 0.295649 0.089004
v -0.311527 -0.249894 0.166515
v -0.224091 0.251745 0.119779
v -0.273056 -0.315600 0.145951
v -0.273056 0.195867 0.145951
v -0.224091 -0.371479 0.119779
v -0.311527 0.130160 0.166515
v -0.166515 -0.415382 0.089004
v -0.338027 0.057151 0.180679
v -0.102941 -0.445578 0.055023
v -0.351536 -0.020355 0.187900
v -0.048659 0.339872 0.026009
v -0.048659 -0.459605 0.026009
v -0.351536 -0.099379 0.187900
v -0.338027 0.130160 0.102539
v -0.180679 -0.415382 0.054808
v -0.366780 0.057151 0.111261
v -0.111697 -0.445578 0.033883
v -0.381439 -0.020355 0.115708
v -0.052798 0.339872 0.016016
v -0.052798 -0.459605 0.016016
v -0.381439 -0.099379 0.115708
v -0.111697 0.325845 0.033883
v -0.366780 -0.176885 0.111261
v -0.180679 0.295649 0.054808
v -0.338027 -0.249894 0.102539
v -0.243153 0.251745 0.073760
v -0.296283 -0.315600 0.089876
v -0.296283 0.195867 0.089876
v -0.243153 -0.371479 0.073760
v -0.381439 -0.176885 0.037568
v -0.187900 0.295649 0.018506
v -0.351536 -0.249894 0.034623
v -0.252871 0.251745 0.024906
v -0.308124 -0.315600 0.030348
v -0.308124 0.195867 0.030348
v -0.252871 -0.371479 0.024906
v -0.351536 0.130160 0.034623
v -0.187900 -0.415382 0.018506
v -0.381439 0.057151 0.037568
v -0.116161 -0.445578 0.011441
v -0.396683 -0.020355 0.039070
v -0.054908 0.339872 0.005408
v -0.054908 -0.459605 0.005408
v -0.396683 -0.099379 0.039070
v -0.116161 0.325845 0.011441
v -0.187900 -0.415382 -0.018507
v -0.381439 0.057151 -0.037569
v -0.116161 -0.445578 -0.011441
v -0.396683 -0.020355 -0.039070
v -0.054908 0.339872 -0.005408
v -0.054908 -0.459605 -0.005408
v -0.396683 -0.099379 -0.039070
v -0.116161 0.325845 -0.011441
v -0.381439 -0.176885 -0.037569
v -0.187900 0.295649 -0.018507
v -0.351536 -0.249894 -0.034623
v -0.252871 0.251745 -0.024906
v -0.308124 -0.315600 -0.030348
v -0.308124 0.195867 -0.030348
v -0.252871 -0.371479 -0.024906
v -0.351536 0.130160 -0.034623
v -0.338027 -0.249894 -0.102539
v -0.243153 0.251745 -0.073760
v -0.296283 -0.315600 -0.089876
v -0.296283 0.195867 -0.089876
v -0.243153 -0.371479 -0.073760
v -0.338027 0.130160 -0.102539
v -0.180679 -0.415382 -0.054808
v -0.366780 0.057151 -0.111262
v -0.111697 -0.445578 -0.033883
v -0.381439 -0.020355 -0.115708
v -0.052798 0.339872 -0.016016
v -0.052798 -0.459605 -0.016016
v -0.381439 -0.099379 -0.115708
v -0.111697 0.325845 -0.033883
v -0.366780 -0.176885 -0.111262
v -0.180679 0.295649 -0.054808
v -0.102941 -0.445578 -0.055023
v -0.351536 -0.020355 -0.187900
v -0.048659 0.339872 -0.026009
v -0.048659 -0.459605 -0.026009
v -0.351536 -0.099379 -0.187900
v -0.102941 0.325845 -0.055023
v -0.338027 -0.176885 -0.180679
v -0.166515 0.295649 -0.089004
v -0.311527 -0.249894 -0.166515
v -0.224091 0.251745 -0.119779
v -0.273056 -0.315600 -0.145951
v -0.273056 0.195867 -0.145951
v -0.224091 -0.371479 -0.119779
v -0.311527 0.130160 -0.166515
v -0.166515 -0.415382 -0.089004
v -0.338027 0.057151 -0.180679
v -0.196418 0.251745 -0.161196
v -0.239335 -0.315600 -0.196417
v -0.239335 0.195867 -0.196417
v -0.196418 -0.371479 -0.161196
v -0.273056 0.130160 -0.224091
v -0.145951 -0.415382 -0.119779
v -0.296283 0.057151 -0.243153
v -0.090228 -0.445578 -0.074048
v -0.308124 -0.020355 -0.252871
v -0.042650 0.339872 -0.035002
v -0.042650 -0.459605 -0.035002
v -0.308124 -0.099379 -0.252871
v -0.090228 0.325845 -0.074048
v -0.296283 -0.176885 -0.243153
v -0.145951 0.295649 -0.119779
v -0.273056 -0.249894 -0.224091
v -0.252871 -0.020355 -0.308124
v -0.035002 0.339872 -0.042650
v -0.035002 -0.459605 -0.042650
v -0.252871 -0.099379 -0.308124
v -0.074048 0.325845 -0.090228
v -0.243153 -0.176885 -0.296283
v -0.119779 0.295649 -0.145951
v -0.224091 -0.249894 -0.273056
v -0.161196 0.251745 -0.196417
v -0.196418 -0.315600 -0.239335
v -0.196418 0.195867 -0.239335
v -0.161196 -0.371479 -0.196417
v -0.224091 0.130160 -0.273056
v -0.119779 -0.415382 -0.145951
v -0.243153 0.057151 -0.296283
v -0.074048 -0.445578 -0.090228
v -0.145951 -0.315600 -0.273056
v -0.145951 0.195867 -0.273056
v -0.119779 -0.371479 -0.224091
v -0.166515 0.130160 -0.311527
v -0.089004 -0.415382 -0.166515
v -0.180679 0.057151 -0.338027
v -0.055023 -0.445578 -0.102941
v -0.187900 -0.020355 -0.351536
v -0.026009 0.339872 -0.048659
v -0.026009 -0.459605 -0.048659
v -0.187900 -0.099379 -0.351536
v -0.055023 0.325845 -0.102941
v -0.180679 -0.176885 -0.338027
v -0.089004 0.295649 -0.166515
v -0.166515 -0.249894 -0.311527
v -0.119779 0.251745 -0.224091
v -0.016016 0.339872 -0.052798
v -0.016016 -0.459605 -0.052798
v -0.115708 -0.099379 -0.381439
v -0.033883 0.325845 -0.111697
v -0.111262 -0.176885 -0.366780
v -0.054808 0.295649 -0.180679
v -0.102539 -0.249894 -0.338027
v -0.073760 0.251745 -0.243153
v -0.089876 -0.315600 -0.296283
v -0.089876 0.195867 -0.296283
v -0.073760 -0.371479 -0.243153
v -0.102539 0.130160 -0.338027
v -0.054808 -0.415382 -0.180679
v -0.111262 0.057151 -0.366780
v -0.033883 -0.445578 -0.111697
v -0.115708 -0.020355 -0.381439
v -0.030348 0.195867 -0.308124
v -0.024906 -0.371479 -0.252871
v -0.034623 0.130160 -0.351536
v -0.018507 -0.415382 -0.187900
v -0.037568 0.057151 -0.381439
v -0.011441 -0.445578 -0.116161
v -0.039070 -0.020355 -0.396683
v -0.005408 0.339872 -0.054908
v -0.005408 -0.459605 -0.054908
v -0.039070 -0.099379 -0.396683
v -0.011441 0.325845 -0.116161
v -0.037568 -0.176885 -0.381439
v -0.018507 0.295649 -0.187900
v -0.034623 -0.249894 -0.351536
v -0.024906 0.251745 -0.252871
v -0.030348 -0.315600 -0.308124
vn -0.0000 0.9772 -0.2122
vn -0.0000 0.9220 -0.3873
vn -0.0000 0.8291 -0.5591
vn -0.0000 0.7041 -0.7101
vn -0.0000 0.5524 -0.8336
vn -0.0000 0.3801 -0.9250
vn -0.0000 0.1936 -0.9811
vn -0.0000 -0.5524 -0.8336
vn -0.0000 -0.7041 -0.7101
vn -0.0000 -0.8291 -0.5591
vn 0.0414 0.9772 -0.2081
vn 0.0756 0.9220 -0.3798
vn 0.1091 0.8291 -0.5483
vn 0.1385 0.7041 -0.6965
vn 0.1626 0.5524 -0.8176
vn 0.1805 0.3801 -0.9072
vn 0.1914 0.1936 -0.9622
vn 0.1951 -0.0000 -0.9808
vn 0.1914 -0.1936 -0.9622
vn 0.1805 -0.3801 -0.9072
vn 0.1626 -0.5524 -0.8176
vn 0.1385 -0.7041 -0.6965
vn 0.1091 -0.8291 -0.5483
vn 0.0755 -0.9220 -0.3798
vn 0.0414 -0.9772 -0.2081
vn 0.0812 0.9772 -0.1961
vn 0.1482 0.9220 -0.3578
vn 0.2140 0.8291 -0.5165
vn 0.2718 0.7041 -0.6561
vn 0.3190 0.5524 -0.7701
vn 0.3540 0.3801 -0.8546
vn 0.3754 0.1936 -0.9064
vn 0.3827 -0.0000 -0.9239
vn 0.3754 -0.1936 -0.9064
vn 0.3540 -0.3801 -0.8546
vn 0.3190 -0.5524 -0.7701
vn 0.2718 -0.7041 -0.6561
vn 0.2140 -0.8291 -0.5165
vn 0.1482 -0.9220 -0.3578
vn 0.0812 -0.9772 -0.1961
vn 0.1179 0.9772 -0.1765
vn 0.2151 0.9220 -0.3220
vn 0.3106 0.8291 -0.4649
vn 0.3945 0.7041 -0.5904
vn 0.4631 0.5524 -0.6931
vn 0.5139 0.3801 -0.7691
vn 0.5451 0.1936 -0.8157
vn 0.5556 -0.0000 -0.8315
vn 0.5451 -0.1936 -0.8157
vn 0.5139 -0.3801 -0.7691
vn 0.4631 -0.5524 -0.6931
vn 0.3945 -0.7041 -0.5904
vn 0.3106 -0.8291 -0.4649
vn 0.2151 -0.9220 -0.3220
vn 0.1179 -0.9772 -0.1765
vn 0.1501 0.9772 -0.1501
vn 0.2738 0.9220 -0.2738
vn 0.3953 0.8291 -0.3953
vn 0.5021 0.7041 -0.5021
vn 0.5894 0.5524 -0.5894
vn 0.6540 0.3801 -0.6540
vn 0.6937 0.1936 -0.6937
vn 0.7071 -0.0000 -0.7071
vn 0.6937 -0.1936 -0.6937
vn 0.6540 -0.3801 -0.6540
vn 0.5894 -0.5524 -0.5894
vn 0.5021 -0.7041 -0.5021
vn 0.3953 -0.8291 -0.3953
vn 0.2738 -0.9220 -0.2738
vn 0.1501 -0.9772 -0.1501
vn 0.1765 0.9772 -0.1179
vn 0.3220 0.9220 -0.2151
vn 0.4649 0.8291 -0.3106
vn 0.5904 0.7041 -0.3945
vn 0.6931 0.5524 -0.4631
vn 0.7691 0.3801 -0.5139
vn 0.8157 0.1936 -0.5451
vn 0.8315 -0.0000 -0.5556
vn 0.8157 -0.1936 -0.5451
vn 0.7691 -0.3801 -0.5139
vn 0.6931 -0.5524 -0.4631
vn 0.5904 -0.7041 -0.3945
vn 0.4649 -0.8291 -0.3106
vn 0.3220 -0.9220 -0.2151
vn 0.1765 -0.9772 -0.1179
vn 0.1961 0.9772 -0.0812
vn 0.3578 0.9220 -0.1482
vn 0.5165 0.8291 -0.2140
vn 0.6561 0.7041 -0.2718
vn 0.7701 0.5524 -0.3190
vn 0.8546 0.3801 -0.3540
vn 0.9064 0.1936 -0.3754
vn 0.9239 -0.0000 -0.3827
vn 0.9064 -0.1936 -0.3754
vn 0.8546 -0.3801 -0.3540
vn 0.7701 -0.5524 -0.3190
vn 0.6561 -0.7041 -0.2718
vn 0.5165 -0.8291 -0.2140
vn 0.3578 -0.9220 -0.1482
vn 0.1961 -0.9772 -0.0812
vn 0.2081 0.9772 -0.0414
vn 0.3798 0.9220 -0.0756
vn 0.5483 0.8291 -0.1091
vn 0.6965 0.7041 -0.1385
vn 0.8176 0.5524 -0.1626
vn 0.9072 0.3801 -0.1805
vn 0.9622 0.1936 -0.1914
vn 0.9808 -0.0000 -0.1951
vn 0.9622 -0.1936 -0.1914
vn 0.9072 -0.3801 -0.1805
vn 0.8176 -0.5524 -0.1626
vn 0.6965 -0.7041 -0.1385
vn 0.5483 -0.8291 -0.1091
vn 0.3798 -0.9220 -0.0756
vn 0.2081 -0.9772 -0.0414
vn 0.2122 0.9772 -0.0000
vn 0.3873 0.9220 -0.0000
vn 0.5591 0.8291 -0.0000
vn 0.7101 0.7041 -0.0000
vn 0.8336 0.5524 -0.0000
vn 0.9250 0.3801 -0.0000
vn 0.9811 0.1936 -0.0000
vn 1.0000 -0.0000 -0.0000
vn 0.9811 -0.1936 -0.0000
vn 0.9250 -0.3801 -0.0000
vn 0.8336 -0.5524 -0.0000
vn 0.7101 -0.7041 -0.0000
vn 0.5591 -0.8291 -0.0000
vn 0.3873 -0.9220 -0.0000
vn 0.2122 -0.9772 -0.0000
vn 0.2081 0.9772 0.0414
vn 0.3798 0.9220 0.0756
vn 0.5483 0.8291 0.1091
vn 0.6965 0.7041 0.1385
vn 0.8176 0.5524 0.1626
vn 0.9072 0.3801 0.1805
vn 0.9622 0.1936 0.1914
vn 0.9808 -0.0000 0.1951
vn 0.9622 -0.1936 0.1914
vn 0.9072 -0.3801 0.1805
vn 0.8176 -0.5524 0.1626
vn 0.6965 -0.7041 0.1385
vn 0.5483 -0.8291 0.1091
vn 0.3798 -0.9220 0.0756
vn 0.2081 -0.9772 0.0414
vn 0.1961 0.9772 0.0812
vn 0.3578 0.9220 0.1482
vn 0.5165 0.8291 0.2140
vn 0.6561 0.7041 0.2718
vn 0.7701 0.5524 0.3190
vn 0.8546 0.3801 0.3540
vn 0.9064 0.1936 0.3754
vn 0.9239 -0.0000 0.3827
vn 0.9064 -0.1936 0.3754
vn 0.8546 -0.3801 0.3540
vn 0.7701 -0.5524 0.3190
vn 0.6561 -0.7041 0.2718
vn 0.5165 -0.8291 0.2140
vn 0.3578 -0.9220 0.1482
vn 0.1961 -0.9772 0.0812
vn 0.1765 0.9772 0.1179
vn 0.3220 0.9220 0.2151
vn 0.4649 0.8291 0.3106
vn 0.5904 0.7041 0.3945
vn 0.6931 0.5524 0.4631
vn 0.7691 0.3801 0.5139
vn 0.8157 0.1936 0.5451
vn 0.8315 -0.0000 0.5556
vn 0.8157 -0.1936 0.5451
vn 0.7691 -0.3801 0.5139
vn 0.6931 -0.5524 0.4631
vn 0.5904 -0.7041 0.3945
vn 0.4649 -0.8291 0.3106
vn 0.3220 -0.9220 0.2151
vn 0.1765 -0.9772 0.1179
vn 0.1501 0.9772 0.1501
vn 0.2738 0.9220 0.2738
vn 0.3953 0.8291 0.3953
vn 0.5021 0.7041 0.5021
vn 0.5894 0.5524 0.5894
vn 0.6540 0.3801 0.6540
vn 0.6937 0.1936 0.6937
vn 0.7071 -0.0000 0.7071
vn 0.6937 -0.1936 0.6937
vn 0.6540 -0.3801 0.6540
vn 0.5894 -0.5524 0.5894
vn 0.5021 -0.7041 0.5021
vn 0.3953 -0.8291 0.3953
vn 0.2738 -0.9220 0.2738
vn 0.1501 -0.9772 0.1501
vn 0.1179 0.9772 0.1765
vn 0.2151 0.9220 0.3220
vn 0.3106 0.8291 0.4649
vn 0.3945 0.7041 0.5904
vn 0.4631 0.5524 0.6931
vn 0.5139 0.3801 0.7691
vn 0.5451 0.1936 0.8157
vn 0.5556 -0.0000 0.8315
vn 0.5451 -0.1936 0.8157
vn 0.5139 -0.3801 0.7691
vn 0.4631 -0.5524 0.6931
vn 0.3945 -0.7041 0.5904
vn 0.3106 -0.8291 0.4649
vn 0.2151 -0.9220 0.3220
vn 0.1179 -0.9772 0.1765
vn 0.0812 0.9772 0.1961
vn 0.1482 0.9220 0.3578
vn 0.2140 0.8291 0.5165
vn 0.2718 0.7041 0.6561
vn 0.3190 0.5524 0.7701
vn 0.3540 0.3801 0.8546
vn 0.3754 0.1936 0.9064
vn 0.3827 -0.0000 0.9239
vn 0.3754 -0.1936 0.9064
vn 0.3540 -0.3801 0.8546
vn 0.3190 -0.5524 0.7701
vn 0.2718 -0.7041 0.6561
vn 0.2140 -0.8291 0.5165
vn 0.1482 -0.9220 0.3578
vn 0.0812 -0.9772 0.1961
vn 0.0414 0.9772 0.2081
vn 0.0756 0.9220 0.3798
vn 0.1091 0.8291 0.5483
vn 0.1385 0.7041 0.6965
vn 0.1626 0.5524 0.8176
vn 0.1805 0.3801 0.9072
vn 0.1914 0.1936 0.9622
vn 0.1951 -0.0000 0.9808
vn 0.1914 -0.1936 0.9622
vn 0.1805 -0.3801 0.9072
vn 0.1626 -0.5524 0.8176
vn 0.1385 -0.7041 0.6965
vn 0.1091 -0.8291 0.5483
vn 0.0755 -0.9220 0.3798
vn 0.0414 -0.9772 0.2081
vn -0.0000 0.9772 0.2122
vn -0.0000 0.9220 0.3873
vn -0.0000 0.8291 0.5591
vn -0.0000 0.7041 0.7101
vn -0.0000 0.5524 0.8336
vn -0.0000 0.3801 0.9250
vn -0.0000 0.1936 0.9811
vn -0.0000 -0.0000 1.0000
vn -0.0000 -0.1936 0.9811
vn -0.0000 -0.3801 0.9250
vn -0.0000 -0.5524 0.8336
vn -0.0000 -0.7041 0.7101
vn -0.0000 -0.8291 0.5591
vn -0.0000 -0.9220 0.3873
vn -0.0000 -0.9772 0.2122
vn -0.0414 0.9772 0.2081
vn -0.0756 0.9220 0.3798
vn -0.1091 0.8291 0.5483
vn -0.1385 0.7041 0.6965
vn -0.1626 0.5524 0.8176
vn -0.1805 0.3801 0.9072
vn -0.1914 0.1936 0.9622
vn -0.1951 -0.0000 0.9808
vn -0.1914 -0.1936 0.9622
vn -0.1805 -0.3801 0.9072
vn -0.1626 -0.5524 0.8176
vn -0.1385 -0.7041 0.6965
vn -0.1091 -0.8291 0.5483
vn -0.0756 -0.9220 0.3798
vn -0.0414 -0.9772 0.2081
vn -0.0812 0.9772 0.1961
vn -0.1482 0.9220 0.3578
vn -0.2140 0.8291 0.5165
vn -0.2718 0.7041 0.6561
vn -0.3190 0.5524 0.7701
vn -0.3540 0.3801 0.8546
vn -0.3754 0.1936 0.9064
vn -0.3827 -0.0000 0.9239
vn -0.3754 -0.1936 0.9064
vn -0.3540 -0.3801 0.8546
vn -0.3190 -0.5524 0.7701
vn -0.2718 -0.7041 0.6561
vn -0.2140 -0.8291 0.5165
vn -0.1482 -0.9220 0.3578
vn -0.0812 -0.9772 0.1961
vn -0.1179 0.9772 0.1765
vn -0.2151 0.9220 0.3220
vn -0.3106 0.8291 0.4649
vn -0.3945 0.7041 0.5904
vn -0.4631 0.5524 0.6931
vn -0.5139 0.3801 0.7691
vn -0.5451 0.1936 0.8157
vn -0.5556 -0.0000 0.8315
vn -0.5451 -0.1936 0.8157
vn -0.5139 -0.3801 0.7691
vn -0.4631 -0.5524 0.6931
vn -0.3945 -0.7041 0.5904
vn -0.3106 -0.8291 0.4649
vn -0.2151 -0.9220 0.3220
vn -0.1179 -0.9772 0.1765
vn -0.1501 0.9772 0.1501
vn -0.2738 0.9220 0.2738
vn -0.3953 0.8291 0.3953
vn -0.5021 0.7041 0.5021
vn -0.5894 0.5524 0.5894
vn -0.6540 0.3801 0.6540
vn -0.6937 0.1936 0.6937
vn -0.7071 -0.0000 0.7071
vn -0.6937 -0.1936 0.6937
vn -0.6540 -0.3801 0.6540
vn -0.5894 -0.5524 0.5894
vn -0.5021 -0.7041 0.5021
vn -0.3953 -0.8291 0.3953
vn -0.2738 -0.9220 0.2738
vn -0.1501 -0.9772 0.1501
vn -0.1765 0.9772 0.1179
vn -0.3220 0.9220 0.2151
vn -0.4649 0.8291 0.3106
vn -0.5904 0.7041 0.3945
vn -0.6931 0.5524 0.4631
vn -0.7691 0.3801 0.5139
vn -0.8157 0.1936 0.5451
vn -0.8315 -0.0000 0.5556
vn -0.8157 -0.1936 0.5451
vn -0.7691 -0.3801 0.5139
vn -0.6931 -0.5524 0.4631
vn -0.5904 -0.7041 0.3945
vn -0.4649 -0.8291 0.3106
vn -0.3220 -0.9220 0.2151
vn -0.1765 -0.9772 0.1179
vn -0.0000 1.0000 -0.0000
vn -0.1961 0.9772 0.0812
vn -0.3578 0.9220 0.1482
vn -0.5165 0.8291 0.2140
vn -0.6561 0.7041 0.2718
vn -0.7701 0.5524 0.3190
vn -0.8546 0.3801 0.3540
vn -0.9064 0.1936 0.3754
vn -0.9239 -0.0000 0.3827
vn -0.9064 -0.1936 0.3754
vn -0.8546 -0.3801 0.3540
vn -0.7701 -0.5524 0.3190
vn -0.6561 -0.7041 0.2718
vn -0.5165 -0.8291 0.2140
vn -0.3578 -0.9220 0.1482
vn -0.1961 -0.9772 0.0812
vn -0.2081 0.9772 0.0414
vn -0.3798 0.9220 0.0755
vn -0.5483 0.8291 0.1091
vn -0.6965 0.7041 0.1385
vn -0.8176 0.5524 0.1626
vn -0.9072 0.3801 0.1805
vn -0.9622 0.1936 0.1914
vn -0.9808 -0.0000 0.1951
vn -0.9622 -0.1936 0.1914
vn -0.9072 -0.3801 0.1805
vn -0.8176 -0.5524 0.1626
vn -0.6965 -0.7041 0.1385
vn -0.5483 -0.8291 0.1091
vn -0.3798 -0.9220 0.0756
vn -0.2081 -0.9772 0.0414
vn -0.2122 0.9772 -0.0000
vn -0.3873 0.9220 -0.0000
vn -0.5591 0.8291 -0.0000
vn -0.7101 0.7041 -0.0000
vn -0.8336 0.5524 -0.0000
vn -0.9250 0.3801 -0.0000
vn -0.9811 0.1936 -0.0000
vn -1.0000 -0.0000 -0.0000
vn -0.9811 -0.1936 -0.0000
vn -0.9250 -0.3801 -0.0000
vn -0.8336 -0.5524 -0.0000
vn -0.7101 -0.7041 -0.0000
vn -0.5591 -0.8291 -0.0000
vn -0.3873 -0.9220 -0.0000
vn -0.2122 -0.9772 -0.0000
vn -0.2081 0.9772 -0.0414
vn -0.3798 0.9220 -0.0756
vn -0.5483 0.8291 -0.1091
vn -0.6965 0.7041 -0.1385
vn -0.8176 0.5524 -0.1626
vn -0.9072 0.3801 -0.1805
vn -0.9622 0.1936 -0.1914
vn -0.9808 -0.0000 -0.1951
vn -0.9622 -0.1936 -0.1914
vn -0.9072 -0.3801 -0.1805
vn -0.8176 -0.5524 -0.1626
vn -0.6965 -0.7041 -0.1385
vn -0.5483 -0.8291 -0.1091
vn -0.3798 -0.9220 -0.0756
vn -0.2081 -0.9772 -0.0414
vn -0.1961 0.9772 -0.0812
vn -0.3578 0.9220 -0.1482
vn -0.5165 0.8291 -0.2140
vn -0.6561 0.7041 -0.2718
vn -0.7701 0.5524 -0.3190
vn -0.8546 0.3801 -0.3540
vn -0.9064 0.1936 -0.3754
vn -0.9239 -0.0000 -0.3827
vn -0.9064 -0.1936 -0.3754
vn -0.8546 -0.3801 -0.3540
vn -0.7701 -0.5524 -0.3190
vn -0.6561 -0.7041 -0.2718
vn -0.5165 -0.8291 -0.2140
vn -0.3578 -0.9220 -0.1482
vn -0.1961 -0.9772 -0.0812
vn -0.1765 0.9772 -0.1179
vn -0.3220 0.9220 -0.2151
vn -0.4649 0.8291 -0.3106
vn -0.5904 0.7041 -0.3945
vn -0.6931 0.5524 -0.4631
vn -0.7691 0.3801 -0.5139
vn -0.8157 0.1936 -0.5451
vn -0.8315 -0.0000 -0.5556
vn -0.8157 -0.1936 -0.5451
vn -0.7691 -0.3801 -0.5139
vn -0.6931 -0.5524 -0.4631
vn -0.5904 -0.7041 -0.3945
vn -0.4649 -0.8291 -0.3106
vn -0.3220 -0.9220 -0.2151
vn -0.1765 -0.9772 -0.1179
vn -0.1501 0.9772 -0.1501
vn -0.2738 0.9220 -0.2738
vn -0.3953 0.8291 -0.3953
vn -0.5021 0.7041 -0.5021
vn -0.5894 0.5524 -0.5894
vn -0.6540 0.3801 -0.6540
vn -0.6937 0.1936 -0.6937
vn -0.7071 -0.0000 -0.7071
vn -0.6937 -0.1936 -0.6937
vn -0.6540 -0.3801 -0.6540
vn -0.5894 -0.5524 -0.5894
vn -0.5021 -0.7041 -0.5021
vn -0.3953 -0.8291 -0.3953
vn -0.2738 -0.9220 -0.2738
vn -0.1501 -0.9772 -0.1501
vn -0.1179 0.9772 -0.1765
vn -0.2151 0.9220 -0.3220
vn -0.3106 0.8291 -0.4649
vn -0.3945 0.7041 -0.5904
vn -0.4631 0.5524 -0.6931
vn -0.5139 0.3801 -0.7691
vn -0.5451 0.1936 -0.8157
vn -0.5556 -0.0000 -0.8315
vn -0.5451 -0.1936 -0.8157
vn -0.5139 -0.3801 -0.7691
vn -0.4631 -0.5524 -0.6931
vn -0.3945 -0.7041 -0.5904
vn -0.3106 -0.8291 -0.4649
vn -0.2151 -0.9220 -0.3220
vn -0.1179 -0.9772 -0.1765
vn -0.0812 0.9772 -0.1961
vn -0.1482 0.9220 -0.3578
vn -0.2140 0.8291 -0.5165
vn -0.2718 0.7041 -0.6561
vn -0.3190 0.5524 -0.7701
vn -0.3540 0.3801 -0.8546
vn -0.3754 0.1936 -0.9064
vn -0.3827 -0.0000 -0.9239
vn -0.3754 -0.1936 -0.9064
vn -0.3540 -0.3801 -0.8546
vn -0.3190 -0.5524 -0.7701
vn -0.2718 -0.7041 -0.6561
vn -0.2140 -0.8291 -0.5165
vn -0.1482 -0.9220 -0.3578
vn -0.0812 -0.9772 -0.1961
vn -0.0414 0.9772 -0.2081
vn -0.0756 0.9220 -0.3798
vn -0.1091 0.8291 -0.5483
vn -0.1385 0.7041 -0.6965
vn -0.1626 0.5524 -0.8176
vn -0.1805 0.3801 -0.9072
vn -0.1914 0.1936 -0.9622
vn -0.1951 -0.0000 -0.9808
vn -0.1914 -0.1936 -0.9622
vn -0.1805 -0.3801 -0.9072
vn -0.1626 -0.5524 -0.8176
vn -0.1385 -0.7041 -0.6965
vn -0.1091 -0.8291 -0.5483
vn -0.0756 -0.9220 -0.3798
vn -0.0414 -0.9772 -0.2081
vn -0.0000 -0.0000 -1.0000
vn -0.0000 -0.1936 -0.9811
vn -0.0000 -0.3801 -0.9250
vn -0.0000 -0.9220 -0.3873
vn -0.0000 -0.9772 -0.2122
vn -0.0000 -1.0000 -0.0000
vn -0.0000 0.9539 -0.3000
vn -0.0000 0.8800 -0.4749
vn -0.0000 0.7703 -0.6377
vn -0.0000 0.6312 -0.7756
vn -0.0000 0.4684 -0.8835
vn -0.0000 0.2882 -0.9576
vn -0.0000 -0.6312 -0.7756
vn -0.0000 -0.7703 -0.6377
vn 0.0585 0.9539 -0.2942
vn 0.0927 0.8800 -0.4658
vn 0.1244 0.7703 -0.6255
vn 0.1513 0.6312 -0.7607
vn 0.1724 0.4684 -0.8665
vn 0.1868 0.2882 -0.9392
vn 0.1942 0.0973 -0.9761
vn 0.1942 -0.0973 -0.9761
vn 0.1868 -0.2882 -0.9392
vn 0.1724 -0.4684 -0.8665
vn 0.1513 -0.6312 -0.7607
vn 0.1244 -0.7703 -0.6255
vn 0.0927 -0.8800 -0.4658
vn 0.0585 -0.9539 -0.2942
vn 0.0696 -0.7041 -0.7067
vn 0.0817 -0.5524 -0.8296
vn 0.0817 0.5524 -0.8296
vn 0.0696 0.7041 -0.7067
vn 0.0548 -0.8291 -0.5564
vn 0.0907 0.3801 -0.9205
vn 0.0962 0.1936 -0.9764
vn 0.0211 0.9765 -0.2144
vn 0.0380 0.9220 -0.3854
vn 0.0548 0.8291 -0.5564
vn 0.1148 0.9539 -0.2772
vn 0.1817 0.8800 -0.4388
vn 0.2440 0.7703 -0.5892
vn 0.2968 0.6312 -0.7166
vn 0.3381 0.4684 -0.8163
vn 0.3664 0.2882 -0.8847
vn 0.3809 0.0973 -0.9195
vn 0.3809 -0.0973 -0.9195
vn 0.3664 -0.2882 -0.8847
vn 0.3381 -0.4684 -0.8163
vn 0.2968 -0.6312 -0.7166
vn 0.2440 -0.7703 -0.5892
vn 0.1817 -0.8800 -0.4388
vn 0.1148 -0.9539 -0.2772
vn 0.2420 -0.5524 -0.7977
vn 0.2685 -0.3801 -0.8851
vn 0.2061 0.7041 -0.6795
vn 0.1623 0.8291 -0.5350
vn 0.2061 -0.7041 -0.6795
vn 0.2420 0.5524 -0.7977
vn 0.1623 -0.8291 -0.5350
vn 0.2685 0.3801 -0.8851
vn 0.1124 -0.9220 -0.3705
vn 0.2848 0.1936 -0.9388
vn 0.0625 -0.9765 -0.2062
vn 0.2903 -0.0000 -0.9569
vn 0.0625 0.9765 -0.2062
vn 0.2848 -0.1936 -0.9388
vn 0.1124 0.9220 -0.3705
vn 0.1667 0.9539 -0.2494
vn 0.2639 0.8800 -0.3949
vn 0.3543 0.7703 -0.5302
vn 0.4309 0.6312 -0.6449
vn 0.4908 0.4684 -0.7346
vn 0.5320 0.2882 -0.7962
vn 0.5529 0.0973 -0.8275
vn 0.5529 -0.0973 -0.8275
vn 0.5320 -0.2882 -0.7962
vn 0.4908 -0.4684 -0.7346
vn 0.4309 -0.6312 -0.6449
vn 0.3543 -0.7703 -0.5302
vn 0.2639 -0.8800 -0.3949
vn 0.1667 -0.9539 -0.2494
vn 0.1016 -0.9765 -0.1900
vn 0.1825 -0.9220 -0.3415
vn 0.4714 -0.0000 -0.8819
vn 0.4625 0.1936 -0.8652
vn 0.1016 0.9765 -0.1900
vn 0.4625 -0.1936 -0.8652
vn 0.1825 0.9220 -0.3415
vn 0.4360 -0.3801 -0.8157
vn 0.2636 0.8291 -0.4931
vn 0.3929 -0.5524 -0.7351
vn 0.3348 0.7041 -0.6263
vn 0.3348 -0.7041 -0.6263
vn 0.3929 0.5524 -0.7351
vn 0.2636 -0.8291 -0.4931
vn 0.4360 0.3801 -0.8157
vn 0.2121 0.9539 -0.2121
vn 0.3358 0.8800 -0.3358
vn 0.4509 0.7703 -0.4509
vn 0.5484 0.6312 -0.5484
vn 0.6247 0.4684 -0.6247
vn 0.6771 0.2882 -0.6771
vn 0.7038 0.0973 -0.7038
vn 0.7038 -0.0973 -0.7038
vn 0.6771 -0.2882 -0.6771
vn 0.6247 -0.4684 -0.6247
vn 0.5484 -0.6312 -0.5484
vn 0.4509 -0.7703 -0.4509
vn 0.3358 -0.8800 -0.3358
vn 0.2121 -0.9539 -0.2121
vn 0.4505 0.7041 -0.5489
vn 0.3547 0.8291 -0.4322
vn 0.4505 -0.7041 -0.5489
vn 0.5288 -0.5524 -0.6444
vn 0.5288 0.5524 -0.6444
vn 0.3547 -0.8291 -0.4322
vn 0.5868 0.3801 -0.7150
vn 0.2457 -0.9220 -0.2993
vn 0.6224 0.1936 -0.7584
vn 0.1367 -0.9765 -0.1665
vn 0.6344 -0.0000 -0.7730
vn 0.1367 0.9765 -0.1665
vn 0.6224 -0.1936 -0.7584
vn 0.2457 0.9220 -0.2993
vn 0.5868 -0.3801 -0.7150
vn 0.2494 0.9539 -0.1667
vn 0.3949 0.8800 -0.2639
vn 0.5302 0.7703 -0.3543
vn 0.6449 0.6312 -0.4309
vn 0.7346 0.4684 -0.4908
vn 0.7962 0.2882 -0.5320
vn 0.8275 0.0973 -0.5529
vn 0.8275 -0.0973 -0.5529
vn 0.7962 -0.2882 -0.5320
vn 0.7346 -0.4684 -0.4908
vn 0.6449 -0.6312 -0.4309
vn 0.5302 -0.7703 -0.3543
vn 0.3949 -0.8800 -0.2639
vn 0.2494 -0.9539 -0.1667
vn 0.7730 -0.0000 -0.6344
vn 0.7584 0.1936 -0.6224
vn 0.1665 0.9765 -0.1367
vn 0.1665 -0.9765 -0.1367
vn 0.7584 -0.1936 -0.6224
vn 0.2993 0.9220 -0.2457
vn 0.7150 -0.3801 -0.5868
vn 0.4322 0.8291 -0.3547
vn 0.6444 -0.5524 -0.5288
vn 0.5489 0.7041 -0.4505
vn 0.5489 -0.7041 -0.4505
vn 0.6444 0.5524 -0.5288
vn 0.4322 -0.8291 -0.3547
vn 0.7150 0.3801 -0.5868
vn 0.2993 -0.9220 -0.2457
vn 0.2772 0.9539 -0.1148
vn 0.4388 0.8800 -0.1817
vn 0.5892 0.7703 -0.2440
vn 0.7166 0.6312 -0.2968
vn 0.8163 0.4684 -0.3381
vn 0.8847 0.2882 -0.3664
vn 0.9195 0.0973 -0.3809
vn 0.9195 -0.0973 -0.3809
vn 0.8847 -0.2882 -0.3664
vn 0.8163 -0.4684 -0.3381
vn 0.7166 -0.6312 -0.2968
vn 0.5892 -0.7703 -0.2440
vn 0.4388 -0.8800 -0.1817
vn 0.2772 -0.9539 -0.1148
vn 0.6263 -0.7041 -0.3348
vn 0.7351 -0.5524 -0.3929
vn 0.7351 0.5524 -0.3929
vn 0.6263 0.7041 -0.3348
vn 0.4931 -0.8291 -0.2636
vn 0.8157 0.3801 -0.4360
vn 0.3415 -0.9220 -0.1825
vn 0.8652 0.1936 -0.4625
vn 0.1900 -0.9765 -0.1016
vn 0.8819 -0.0000 -0.4714
vn 0.1900 0.9765 -0.1016
vn 0.8652 -0.1936 -0.4625
vn 0.3415 0.9220 -0.1825
vn 0.8157 -0.3801 -0.4360
vn 0.4931 0.8291 -0.2636
vn 0.2942 0.9539 -0.0585
vn 0.4658 0.8800 -0.0927
vn 0.6255 0.7703 -0.1244
vn 0.7607 0.6312 -0.1513
vn 0.8665 0.4684 -0.1724
vn 0.9392 0.2882 -0.1868
vn 0.9761 0.0973 -0.1942
vn 0.9761 -0.0973 -0.1942
vn 0.9392 -0.2882 -0.1868
vn 0.8665 -0.4684 -0.1724
vn 0.7607 -0.6312 -0.1513
vn 0.6255 -0.7703 -0.1244
vn 0.4658 -0.8800 -0.0927
vn 0.2942 -0.9539 -0.0585
vn 0.2062 -0.9765 -0.0625
vn 0.9388 -0.1936 -0.2848
vn 0.9569 -0.0000 -0.2903
vn 0.3705 0.9220 -0.1124
vn 0.2062 0.9765 -0.0625
vn 0.8851 -0.3801 -0.2685
vn 0.5350 0.8291 -0.1623
vn 0.7977 -0.5524 -0.2420
vn 0.6795 0.7041 -0.2061
vn 0.6795 -0.7041 -0.2061
vn 0.7977 0.5524 -0.2420
vn 0.5350 -0.8291 -0.1623
vn 0.8851 0.3801 -0.2685
vn 0.3705 -0.9220 -0.1124
vn 0.9388 0.1936 -0.2848
vn 0.3000 0.9539 -0.0000
vn 0.4749 0.8800 -0.0000
vn 0.6377 0.7703 -0.0000
vn 0.7756 0.6312 -0.0000
vn 0.8835 0.4684 -0.0000
vn 0.9576 0.2882 -0.0000
vn 0.9953 0.0973 -0.0000
vn 0.9953 -0.0973 -0.0000
vn 0.9576 -0.2882 -0.0000
vn 0.8835 -0.4684 -0.0000
vn 0.7756 -0.6312 -0.0000
vn 0.6377 -0.7703 -0.0000
vn 0.4749 -0.8800 -0.0000
vn 0.3000 -0.9539 -0.0000
vn 0.5564 -0.8291 -0.0548
vn 0.7067 -0.7041 -0.0696
vn 0.9205 0.3801 -0.0907
vn 0.8296 0.5524 -0.0817
vn 0.3854 -0.9220 -0.0380
vn 0.9764 0.1936 -0.0962
vn 0.2144 -0.9765 -0.0211
vn 0.9952 -0.0000 -0.0980
vn 0.2144 0.9765 -0.0211
vn 0.9764 -0.1936 -0.0962
vn 0.3854 0.9220 -0.0380
vn 0.9205 -0.3801 -0.0907
vn 0.5564 0.8291 -0.0548
vn 0.8296 -0.5524 -0.0817
vn 0.7067 0.7041 -0.0696
vn 0.2942 0.9539 0.0585
vn 0.4658 0.8800 0.0927
vn 0.6255 0.7703 0.1244
vn 0.7607 0.6312 0.1513
vn 0.8665 0.4684 0.1724
vn 0.9392 0.2882 0.1868
vn 0.9761 0.0973 0.1942
vn 0.9761 -0.0973 0.1942
vn 0.9392 -0.2882 0.1868
vn 0.8665 -0.4684 0.1724
vn 0.7607 -0.6312 0.1513
vn 0.6255 -0.7703 0.1244
vn 0.4658 -0.8800 0.0927
vn 0.2942 -0.9539 0.0585
vn 0.3854 0.9220 0.0380
vn 0.2144 0.9765 0.0211
vn 0.9205 -0.3801 0.0907
vn 0.9764 -0.1936 0.0962
vn 0.5564 0.8291 0.0548
vn 0.8296 -0.5524 0.0817
vn 0.7067 0.7041 0.0696
vn 0.7067 -0.7041 0.0696
vn 0.8296 0.5524 0.0817
vn 0.5564 -0.8291 0.0548
vn 0.9205 0.3801 0.0907
vn 0.3854 -0.9220 0.0380
vn 0.9764 0.1936 0.0962
vn 0.2144 -0.9765 0.0211
vn 0.9952 -0.0000 0.0980
vn 0.2772 0.9539 0.1148
vn 0.4388 0.8800 0.1817
vn 0.5892 0.7703 0.2440
vn 0.7166 0.6312 0.2968
vn 0.8163 0.4684 0.3381
vn 0.8847 0.2882 0.3664
vn 0.9195 0.0973 0.3809
vn 0.9195 -0.0973 0.3809
vn 0.8847 -0.2882 0.3665
vn 0.8163 -0.4684 0.3381
vn 0.7166 -0.6312 0.2968
vn 0.5892 -0.7703 0.2440
vn 0.4388 -0.8800 0.1817
vn 0.2772 -0.9539 0.1148
vn 0.8851 0.3801 0.2685
vn 0.7977 0.5524 0.2420
vn 0.3705 -0.9220 0.1124
vn 0.5350 -0.8291 0.1623
vn 0.9388 0.1936 0.2848
vn 0.2062 -0.9765 0.0625
vn 0.9569 -0.0000 0.2903
vn 0.2062 0.9765 0.0625
vn 0.9388 -0.1936 0.2848
vn 0.3705 0.9220 0.1124
vn 0.8851 -0.3801 0.2685
vn 0.5350 0.8291 0.1623
vn 0.7977 -0.5524 0.2420
vn 0.6795 0.7041 0.2061
vn 0.6795 -0.7041 0.2061
vn 0.2494 0.9539 0.1667
vn 0.3949 0.8800 0.2639
vn 0.5302 0.7703 0.3543
vn 0.6449 0.6312 0.4309
vn 0.7346 0.4684 0.4908
vn 0.7962 0.2882 0.5320
vn 0.8275 0.0973 0.5529
vn 0.8275 -0.0973 0.5529
vn 0.7962 -0.2882 0.5320
vn 0.7346 -0.4684 0.4908
vn 0.6449 -0.6312 0.4309
vn 0.5302 -0.7703 0.3543
vn 0.3949 -0.8800 0.2639
vn 0.2494 -0.9539 0.1667
vn 0.8157 -0.3801 0.4360
vn 0.8652 -0.1936 0.4625
vn 0.4931 0.8291 0.2636
vn 0.3415 0.9220 0.1825
vn 0.7351 -0.5524 0.3929
vn 0.6263 0.7041 0.3348
vn 0.6263 -0.7041 0.3348
vn 0.7351 0.5524 0.3929
vn 0.4931 -0.8291 0.2636
vn 0.8157 0.3801 0.4360
vn 0.3415 -0.9220 0.1825
vn 0.8652 0.1936 0.4625
vn 0.1900 -0.9765 0.1016
vn 0.8819 -0.0000 0.4714
vn 0.1900 0.9765 0.1016
vn 0.2121 0.9539 0.2121
vn 0.3358 0.8800 0.3358
vn 0.4509 0.7703 0.4509
vn 0.5484 0.6312 0.5484
vn 0.6247 0.4684 0.6247
vn 0.6771 0.2882 0.6771
vn 0.7038 0.0973 0.7038
vn 0.7038 -0.0973 0.7038
vn 0.6771 -0.2882 0.6771
vn 0.6247 -0.4684 0.6247
vn 0.5484 -0.6312 0.5484
vn 0.4509 -0.7703 0.4509
vn 0.3358 -0.8800 0.3358
vn 0.2121 -0.9539 0.2121
vn 0.2993 -0.9220 0.2457
vn 0.4322 -0.8291 0.3547
vn 0.7584 0.1936 0.6224
vn 0.7150 0.3801 0.5868
vn 0.1665 -0.9765 0.1367
vn 0.7730 -0.0000 0.6344
vn 0.1665 0.9765 0.1367
vn 0.7584 -0.1936 0.6224
vn 0.2993 0.9220 0.2457
vn 0.7150 -0.3801 0.5868
vn 0.4322 0.8291 0.3547
vn 0.6444 -0.5524 0.5288
vn 0.5489 0.7041 0.4505
vn 0.5489 -0.7041 0.4505
vn 0.6444 0.5524 0.5288
vn 0.1667 0.9539 0.2494
vn 0.2639 0.8800 0.3949
vn 0.3543 0.7703 0.5302
vn 0.4309 0.6312 0.6449
vn 0.4908 0.4684 0.7346
vn 0.5320 0.2882 0.7962
vn 0.5529 0.0973 0.8275
vn 0.5529 -0.0973 0.8275
vn 0.5320 -0.2882 0.7962
vn 0.4908 -0.4684 0.7346
vn 0.4309 -0.6312 0.6449
vn 0.3543 -0.7703 0.5302
vn 0.2639 -0.8800 0.3949
vn 0.1667 -0.9539 0.2494
vn 0.3547 0.8291 0.4322
vn 0.2457 0.9220 0.2993
vn 0.5288 -0.5524 0.6444
vn 0.5868 -0.3801 0.7150
vn 0.4505 0.7041 0.5489
vn 0.4505 -0.7041 0.5489
vn 0.5288 0.5524 0.6444
vn 0.3547 -0.8291 0.4322
vn 0.5868 0.3801 0.7150
vn 0.2457 -0.9220 0.2993
vn 0.6224 0.1936 0.7584
vn 0.1367 -0.9765 0.1665
vn 0.6344 -0.0000 0.7730
vn 0.1367 0.9765 0.1665
vn 0.6224 -0.1936 0.7584
vn 0.1148 0.9539 0.2772
vn 0.1817 0.8800 0.4388
vn 0.2440 0.7703 0.5892
vn 0.2968 0.6312 0.7166
vn 0.3381 0.4684 0.8163
vn 0.3664 0.2882 0.8847
vn 0.3809 0.0973 0.9195
vn 0.3809 -0.0973 0.9195
vn 0.3664 -0.2882 0.8847
vn 0.3381 -0.4684 0.8163
vn 0.2968 -0.6312 0.7166
vn 0.2440 -0.7703 0.5892
vn 0.1817 -0.8800 0.4388
vn 0.1148 -0.9539 0.2772
vn 0.4625 0.1936 0.8652
vn 0.4360 0.3801 0.8157
vn 0.1016 -0.9765 0.1900
vn 0.1825 -0.9220 0.3415
vn 0.4714 -0.0000 0.8819
vn 0.1016 0.9765 0.1900
vn 0.4625 -0.1936 0.8652
vn 0.1825 0.9220 0.3415
vn 0.4360 -0.3801 0.8157
vn 0.2635 0.8291 0.4931
vn 0.3929 -0.5524 0.7351
vn 0.3348 0.7041 0.6263
vn 0.3348 -0.7041 0.6263
vn 0.3929 0.5524 0.7351
vn 0.2636 -0.8291 0.4931
vn 0.0585 0.9539 0.2942
vn 0.0927 0.8800 0.4658
vn 0.1244 0.7703 0.6255
vn 0.1513 0.6312 0.7607
vn 0.1724 0.4684 0.8665
vn 0.1868 0.2882 0.9392
vn 0.1942 0.0973 0.9761
vn 0.1942 -0.0973 0.9761
vn 0.1868 -0.2882 0.9392
vn 0.1724 -0.4684 0.8665
vn 0.1513 -0.6312 0.7607
vn 0.1244 -0.7703 0.6255
vn 0.0927 -0.8800 0.4658
vn 0.0585 -0.9539 0.2942
vn 0.2420 -0.5524 0.7977
vn 0.2685 -0.3801 0.8851
vn 0.2061 0.7041 0.6795
vn 0.1623 0.8291 0.5350
vn 0.2061 -0.7041 0.6795
vn 0.2420 0.5524 0.7977
vn 0.1623 -0.8291 0.5350
vn 0.2685 0.3801 0.8851
vn 0.1124 -0.9220 0.3705
vn 0.2848 0.1936 0.9388
vn 0.0625 -0.9765 0.2062
vn 0.2903 -0.0000 0.9569
vn 0.0625 0.9765 0.2062
vn 0.2848 -0.1936 0.9388
vn 0.1124 0.9220 0.3705
vn -0.0000 0.9539 0.3000
vn -0.0000 0.8800 0.4749
vn -0.0000 0.7703 0.6377
vn -0.0000 0.6312 0.7756
vn -0.0000 0.4684 0.8835
vn -0.0000 0.2882 0.9576
vn -0.0000 0.0973 0.9953
vn -0.0000 -0.0972 0.9953
vn -0.0000 -0.2882 0.9576
vn -0.0000 -0.4684 0.8835
vn -0.0000 -0.6312 0.7756
vn -0.0000 -0.7703 0.6377
vn -0.0000 -0.8800 0.4749
vn -0.0000 -0.9539 0.3000
vn 0.0211 -0.9765 0.2144
vn 0.0380 -0.9220 0.3854
vn 0.0980 -0.0000 0.9952
vn 0.0962 0.1936 0.9764
vn 0.0211 0.9765 0.2144
vn 0.0962 -0.1936 0.9764
vn 0.0380 0.9220 0.3854
vn 0.0907 -0.3801 0.9205
vn 0.0548 0.8291 0.5564
vn 0.0817 -0.5524 0.8296
vn 0.0696 0.7041 0.7067
vn 0.0696 -0.7041 0.7067
vn 0.0817 0.5524 0.8296
vn 0.0548 -0.8291 0.5564
vn 0.0907 0.3801 0.9205
vn -0.0585 0.9539 0.2942
vn -0.0927 0.8800 0.4658
vn -0.1244 0.7703 0.6255
vn -0.1513 0.6312 0.7607
vn -0.1724 0.4684 0.8665
vn -0.1868 0.2882 0.9392
vn -0.1942 0.0973 0.9761
vn -0.1942 -0.0973 0.9761
vn -0.1868 -0.2882 0.9392
vn -0.1724 -0.4684 0.8665
vn -0.1513 -0.6312 0.7607
vn -0.1244 -0.7703 0.6255
vn -0.0927 -0.8800 0.4658
vn -0.0585 -0.9539 0.2942
vn -0.0696 -0.7041 0.7067
vn -0.0817 -0.5524 0.8296
vn -0.0817 0.5524 0.8296
vn -0.0696 0.7041 0.7067
vn -0.0548 -0.8291 0.5564
vn -0.0907 0.3801 0.9205
vn -0.0380 -0.9220 0.3854
vn -0.0962 0.1936 0.9764
vn -0.0211 -0.9765 0.2144
vn -0.0980 -0.0000 0.9952
vn -0.0211 0.9765 0.2144
vn -0.0962 -0.1936 0.9764
vn -0.0380 0.9220 0.3854
vn -0.0907 -0.3801 0.9205
vn -0.0548 0.8291 0.5564
vn -0.1148 0.9539 0.2772
vn -0.1817 0.8800 0.4388
vn -0.2440 0.7703 0.5892
vn -0.2968 0.6312 0.7166
vn -0.3381 0.4684 0.8163
vn -0.3665 0.2882 0.8847
vn -0.3809 0.0973 0.9195
vn -0.3809 -0.0973 0.9195
vn -0.3665 -0.2882 0.8847
vn -0.3381 -0.4684 0.8163
vn -0.2968 -0.6312 0.7166
vn -0.2440 -0.7703 0.5892
vn -0.1817 -0.8800 0.4388
vn -0.1148 -0.9539 0.2772
vn -0.0625 0.9765 0.2062
vn -0.0625 -0.9765 0.2062
vn -0.2848 -0.1936 0.9388
vn -0.2903 -0.0000 0.9569
vn -0.1124 0.9220 0.3705
vn -0.2685 -0.3801 0.8851
vn -0.1623 0.8291 0.5350
vn -0.2420 -0.5524 0.7977
vn -0.2061 0.7041 0.6795
vn -0.2061 -0.7041 0.6795
vn -0.2420 0.5524 0.7977
vn -0.1623 -0.8291 0.5350
vn -0.2685 0.3801 0.8851
vn -0.1124 -0.9220 0.3705
vn -0.2848 0.1936 0.9388
vn -0.1667 0.9539 0.2494
vn -0.2639 0.8800 0.3949
vn -0.3543 0.7703 0.5302
vn -0.4309 0.6312 0.6449
vn -0.4908 0.4684 0.7346
vn -0.5320 0.2882 0.7962
vn -0.5529 0.0973 0.8275
vn -0.5529 -0.0973 0.8275
vn -0.5320 -0.2882 0.7962
vn -0.4908 -0.4684 0.7346
vn -0.4309 -0.6312 0.6449
vn -0.3543 -0.7703 0.5302
vn -0.2639 -0.8800 0.3949
vn -0.1667 -0.9539 0.2494
vn -0.3929 0.5524 0.7351
vn -0.3348 0.7041 0.6263
vn -0.2636 -0.8291 0.4931
vn -0.3348 -0.7041 0.6263
vn -0.4360 0.3801 0.8157
vn -0.1825 -0.9220 0.3415
vn -0.4625 0.1936 0.8652
vn -0.1016 -0.9765 0.1900
vn -0.4714 -0.0000 0.8819
vn -0.1016 0.9765 0.1900
vn -0.4625 -0.1936 0.8652
vn -0.1825 0.9220 0.3415
vn -0.4360 -0.3801 0.8157
vn -0.2636 0.8291 0.4931
vn -0.3929 -0.5524 0.7351
vn -0.2121 0.9539 0.2121
vn -0.3358 0.8800 0.3358
vn -0.4509 0.7703 0.4509
vn -0.5484 0.6312 0.5484
vn -0.6247 0.4684 0.6247
vn -0.6771 0.2882 0.6771
vn -0.7038 0.0973 0.7038
vn -0.7038 -0.0973 0.7038
vn -0.6771 -0.2882 0.6771
vn -0.6247 -0.4684 0.6247
vn -0.5484 -0.6312 0.5484
vn -0.4509 -0.7703 0.4509
vn -0.3358 -0.8800 0.3358
vn -0.2121 -0.9539 0.2121
vn -0.6224 -0.1936 0.7584
vn -0.6344 -0.0000 0.7730
vn -0.2457 0.9220 0.2993
vn -0.1367 0.9765 0.1665
vn -0.5868 -0.3801 0.7150
vn -0.3547 0.8291 0.4322
vn -0.5288 -0.5524 0.6444
vn -0.4505 0.7041 0.5489
vn -0.4505 -0.7041 0.5489
vn -0.5288 0.5524 0.6444
vn -0.3547 -0.8291 0.4322
vn -0.5868 0.3801 0.7150
vn -0.2457 -0.9220 0.2993
vn -0.6224 0.1936 0.7584
vn -0.1367 -0.9765 0.1665
vn -0.2494 0.9539 0.1667
vn -0.3949 0.8800 0.2639
vn -0.5302 0.7703 0.3543
vn -0.6449 0.6312 0.4309
vn -0.7346 0.4684 0.4908
vn -0.7962 0.2882 0.5320
vn -0.8275 0.0973 0.5529
vn -0.8275 -0.0972 0.5529
vn -0.7962 -0.2882 0.5320
vn -0.7346 -0.4684 0.4908
vn -0.6449 -0.6312 0.4309
vn -0.5302 -0.7703 0.3543
vn -0.3949 -0.8800 0.2639
vn -0.2494 -0.9539 0.1667
vn -0.4322 -0.8291 0.3547
vn -0.5489 -0.7041 0.4505
vn -0.7150 0.3801 0.5868
vn -0.6444 0.5524 0.5288
vn -0.2993 -0.9220 0.2457
vn -0.7584 0.1936 0.6224
vn -0.1665 -0.9765 0.1367
vn -0.7730 -0.0000 0.6344
vn -0.1665 0.9765 0.1367
vn -0.7584 -0.1936 0.6224
vn -0.2993 0.9220 0.2457
vn -0.7150 -0.3801 0.5868
vn -0.4322 0.8291 0.3547
vn -0.6444 -0.5524 0.5288
vn -0.5489 0.7041 0.4505
vn -0.0985 0.9943 0.0408
vn -0.2772 0.9539 0.1148
vn -0.4388 0.8800 0.1817
vn -0.5892 0.7703 0.2440
vn -0.7166 0.6312 0.2968
vn -0.8163 0.4684 0.3381
vn -0.8847 0.2882 0.3664
vn -0.9195 0.0973 0.3809
vn -0.9195 -0.0973 0.3809
vn -0.8847 -0.2882 0.3664
vn -0.8163 -0.4684 0.3381
vn -0.7166 -0.6312 0.2968
vn -0.5892 -0.7703 0.2440
vn -0.4388 -0.8800 0.1817
vn -0.2772 -0.9539 0.1148
vn -0.3415 0.9220 0.1825
vn -0.1900 0.9765 0.1016
vn -0.8157 -0.3801 0.4360
vn -0.8652 -0.1936 0.4625
vn -0.4931 0.8291 0.2636
vn -0.7351 -0.5524 0.3929
vn -0.6263 0.7041 0.3348
vn -0.6263 -0.7041 0.3348
vn -0.7351 0.5524 0.3929
vn -0.4931 -0.8291 0.2636
vn -0.8157 0.3801 0.4360
vn -0.3415 -0.9220 0.1825
vn -0.8652 0.1936 0.4625
vn -0.1900 -0.9765 0.1016
vn -0.8819 -0.0000 0.4714
vn -0.2942 0.9539 0.0585
vn -0.4658 0.8800 0.0927
vn -0.6255 0.7703 0.1244
vn -0.7607 0.6312 0.1513
vn -0.8665 0.4684 0.1724
vn -0.9392 0.2882 0.1868
vn -0.9761 0.0972 0.1942
vn -0.9761 -0.0972 0.1942
vn -0.9392 -0.2882 0.1868
vn -0.8665 -0.4684 0.1724
vn -0.7607 -0.6312 0.1513
vn -0.6255 -0.7703 0.1244
vn -0.4658 -0.8800 0.0927
vn -0.2942 -0.9539 0.0585
vn -0.8851 0.3801 0.2685
vn -0.7977 0.5524 0.2420
vn -0.3705 -0.9220 0.1124
vn -0.5350 -0.8291 0.1623
vn -0.9388 0.1936 0.2848
vn -0.2062 -0.9765 0.0625
vn -0.9569 -0.0000 0.2903
vn -0.2062 0.9765 0.0625
vn -0.9388 -0.1936 0.2848
vn -0.3705 0.9220 0.1124
vn -0.8851 -0.3801 0.2685
vn -0.5350 0.8291 0.1623
vn -0.7977 -0.5524 0.2420
vn -0.6795 0.7041 0.2061
vn -0.6795 -0.7041 0.2061
vn -0.3000 0.9539 -0.0000
vn -0.4749 0.8800 -0.0000
vn -0.6377 0.7703 -0.0000
vn -0.7756 0.6312 -0.0000
vn -0.8835 0.4684 -0.0000
vn -0.9576 0.2882 -0.0000
vn -0.9953 0.0972 -0.0000
vn -0.9953 -0.0972 -0.0000
vn -0.9576 -0.2882 -0.0000
vn -0.8835 -0.4684 -0.0000
vn -0.7756 -0.6312 -0.0000
vn -0.6377 -0.7703 -0.0000
vn -0.4749 -0.8800 -0.0000
vn -0.3000 -0.9539 -0.0000
vn -0.9205 -0.3801 0.0907
vn -0.9764 -0.1936 0.0962
vn -0.5564 0.8291 0.0548
vn -0.3854 0.9220 0.0380
vn -0.8296 -0.5524 0.0817
vn -0.7067 0.7041 0.0696
vn -0.7067 -0.7041 0.0696
vn -0.8296 0.5524 0.0817
vn -0.5564 -0.8291 0.0548
vn -0.9205 0.3801 0.0907
vn -0.3854 -0.9220 0.0380
vn -0.9764 0.1936 0.0962
vn -0.2144 -0.9765 0.0211
vn -0.9952 -0.0000 0.0980
vn -0.2144 0.9765 0.0211
vn -0.2942 0.9539 -0.0585
vn -0.4658 0.8800 -0.0927
vn -0.6255 0.7703 -0.1244
vn -0.7607 0.6312 -0.1513
vn -0.8665 0.4684 -0.1724
vn -0.9392 0.2882 -0.1868
vn -0.9761 0.0973 -0.1942
vn -0.9761 -0.0973 -0.1942
vn -0.9392 -0.2882 -0.1868
vn -0.8665 -0.4684 -0.1724
vn -0.7607 -0.6312 -0.1513
vn -0.6255 -0.7703 -0.1244
vn -0.4658 -0.8800 -0.0927
vn -0.2942 -0.9539 -0.0585
vn -0.3854 -0.9220 -0.0380
vn -0.5564 -0.8291 -0.0548
vn -0.9764 0.1936 -0.0962
vn -0.9205 0.3801 -0.0907
vn -0.2144 -0.9765 -0.0211
vn -0.9952 -0.0000 -0.0980
vn -0.2144 0.9765 -0.0211
vn -0.9764 -0.1936 -0.0962
vn -0.3854 0.9220 -0.0380
vn -0.9205 -0.3801 -0.0907
vn -0.5564 0.8291 -0.0548
vn -0.8296 -0.5524 -0.0817
vn -0.7067 0.7041 -0.0696
vn -0.7067 -0.7041 -0.0696
vn -0.8296 0.5524 -0.0817
vn -0.2772 0.9539 -0.1148
vn -0.4388 0.8800 -0.1817
vn -0.5892 0.7703 -0.2440
vn -0.7166 0.6312 -0.2968
vn -0.8163 0.4684 -0.3381
vn -0.8847 0.2882 -0.3665
vn -0.9195 0.0973 -0.3809
vn -0.9195 -0.0973 -0.3809
vn -0.8847 -0.2882 -0.3665
vn -0.8163 -0.4684 -0.3381
vn -0.7166 -0.6312 -0.2968
vn -0.5892 -0.7703 -0.2440
vn -0.4388 -0.8800 -0.1817
vn -0.2772 -0.9539 -0.1148
vn -0.7977 -0.5524 -0.2420
vn -0.8851 -0.3801 -0.2685
vn -0.6795 0.7041 -0.2061
vn -0.5350 0.8291 -0.1623
vn -0.6795 -0.7041 -0.2061
vn -0.7977 0.5524 -0.2420
vn -0.5350 -0.8291 -0.1623
vn -0.8851 0.3801 -0.2685
vn -0.3705 -0.9220 -0.1124
vn -0.9388 0.1936 -0.2848
vn -0.2062 -0.9765 -0.0625
vn -0.9569 -0.0000 -0.2903
vn -0.2062 0.9765 -0.0625
vn -0.9388 -0.1936 -0.2848
vn -0.3705 0.9220 -0.1124
vn -0.2494 0.9539 -0.1667
vn -0.3949 0.8800 -0.2639
vn -0.5302 0.7703 -0.3543
vn -0.6449 0.6312 -0.4309
vn -0.7346 0.4684 -0.4908
vn -0.7962 0.2882 -0.5320
vn -0.8275 0.0973 -0.5529
vn -0.8275 -0.0972 -0.5529
vn -0.7962 -0.2882 -0.5320
vn -0.7346 -0.4684 -0.4908
vn -0.6449 -0.6312 -0.4309
vn -0.5302 -0.7703 -0.3543
vn -0.3949 -0.8800 -0.2639
vn -0.2494 -0.9539 -0.1667
vn -0.1900 -0.9765 -0.1016
vn -0.3415 -0.9220 -0.1825
vn -0.8819 -0.0000 -0.4714
vn -0.8652 0.1936 -0.4625
vn -0.1900 0.9765 -0.1016
vn -0.8652 -0.1936 -0.4625
vn -0.3415 0.9220 -0.1825
vn -0.8157 -0.3801 -0.4360
vn -0.4931 0.8291 -0.2636
vn -0.7351 -0.5524 -0.3929
vn -0.6263 0.7041 -0.3348
vn -0.6263 -0.7041 -0.3348
vn -0.7351 0.5524 -0.3929
vn -0.4931 -0.8291 -0.2636
vn -0.8157 0.3801 -0.4360
vn -0.2121 0.9539 -0.2121
vn -0.3358 0.8800 -0.3358
vn -0.4509 0.7703 -0.4509
vn -0.5484 0.6312 -0.5484
vn -0.6247 0.4684 -0.6247
vn -0.6771 0.2882 -0.6771
vn -0.7038 0.0972 -0.7038
vn -0.7038 -0.0972 -0.7038
vn -0.6771 -0.2882 -0.6771
vn -0.6247 -0.4684 -0.6247
vn -0.5484 -0.6312 -0.5484
vn -0.4509 -0.7703 -0.4509
vn -0.3358 -0.8800 -0.3358
vn -0.2121 -0.9539 -0.2121
vn -0.5489 0.7041 -0.4505
vn -0.4322 0.8291 -0.3547
vn -0.5489 -0.7041 -0.4505
vn -0.6444 -0.5524 -0.5288
vn -0.6444 0.5524 -0.5288
vn -0.4322 -0.8291 -0.3547
vn -0.7150 0.3801 -0.5868
vn -0.2993 -0.9220 -0.2457
vn -0.7584 0.1936 -0.6224
vn -0.1665 -0.9765 -0.1367
vn -0.7730 -0.0000 -0.6344
vn -0.1665 0.9765 -0.1367
vn -0.7584 -0.1936 -0.6224
vn -0.2993 0.9220 -0.2457
vn -0.7150 -0.3801 -0.5868
vn -0.1667 0.9539 -0.2494
vn -0.2639 0.8800 -0.3949
vn -0.3543 0.7703 -0.5302
vn -0.4309 0.6312 -0.6449
vn -0.4908 0.4684 -0.7346
vn -0.5320 0.2882 -0.7962
vn -0.5529 0.0972 -0.8275
vn -0.5529 -0.0972 -0.8275
vn -0.5320 -0.2882 -0.7962
vn -0.4908 -0.4684 -0.7346
vn -0.4309 -0.6312 -0.6449
vn -0.3543 -0.7703 -0.5302
vn -0.2639 -0.8800 -0.3949
vn -0.1667 -0.9539 -0.2494
vn -0.6344 -0.0000 -0.7730
vn -0.6224 0.1936 -0.7584
vn -0.1367 0.9765 -0.1665
vn -0.1367 -0.9765 -0.1665
vn -0.6224 -0.1936 -0.7584
vn -0.2457 0.9220 -0.2993
vn -0.5868 -0.3801 -0.7150
vn -0.3547 0.8291 -0.4322
vn -0.5288 -0.5524 -0.6444
vn -0.4505 0.7041 -0.5489
vn -0.4505 -0.7041 -0.5489
vn -0.5288 0.5524 -0.6444
vn -0.3547 -0.8291 -0.4322
vn -0.5868 0.3801 -0.7150
vn -0.2457 -0.9220 -0.2993
vn -0.1148 0.9539 -0.2772
vn -0.1817 0.8800 -0.4388
vn -0.2440 0.7703 -0.5892
vn -0.2968 0.6312 -0.7166
vn -0.3381 0.4684 -0.8163
vn -0.3665 0.2882 -0.8847
vn -0.3809 0.0972 -0.9195
vn -0.3809 -0.0972 -0.9195
vn -0.3665 -0.2882 -0.8847
vn -0.3381 -0.4684 -0.8163
vn -0.2968 -0.6312 -0.7166
vn -0.2440 -0.7703 -0.5892
vn -0.1817 -0.8800 -0.4388
vn -0.1148 -0.9539 -0.2772
vn -0.3348 -0.7041 -0.6263
vn -0.3929 -0.5524 -0.7351
vn -0.3929 0.5524 -0.7351
vn -0.3348 0.7041 -0.6263
vn -0.2636 -0.8291 -0.4931
vn -0.4360 0.3801 -0.8157
vn -0.1825 -0.9220 -0.3415
vn -0.4625 0.1936 -0.8652
vn -0.1016 -0.9765 -0.1900
vn -0.4714 -0.0000 -0.8819
vn -0.1016 0.9765 -0.1900
vn -0.4625 -0.1936 -0.8652
vn -0.1825 0.9220 -0.3415
vn -0.4360 -0.3801 -0.8157
vn -0.2636 0.8291 -0.4931
vn -0.0585 0.9539 -0.2942
vn -0.0927 0.8800 -0.4658
vn -0.1244 0.7703 -0.6255
vn -0.1513 0.6312 -0.7607
vn -0.1724 0.4684 -0.8665
vn -0.1868 0.2882 -0.9392
vn -0.1942 0.0972 -0.9761
vn -0.1942 -0.0972 -0.9761
vn -0.1868 -0.2882 -0.9392
vn -0.1724 -0.4684 -0.8665
vn -0.1513 -0.6312 -0.7607
vn -0.1244 -0.7703 -0.6255
vn -0.0927 -0.8800 -0.4658
vn -0.0585 -0.9539 -0.2942
vn -0.0625 0.9765 -0.2062
vn -0.0625 -0.9765 -0.2062
vn -0.2848 -0.1936 -0.9388
vn -0.2903 -0.0000 -0.9569
vn -0.1124 0.9220 -0.3705
vn -0.2685 -0.3801 -0.8851
vn -0.1623 0.8291 -0.5350
vn -0.2420 -0.5524 -0.7977
vn -0.2061 0.7041 -0.6795
vn -0.2061 -0.7041 -0.6795
vn -0.2420 0.5524 -0.7977
vn -0.1623 -0.8291 -0.5350
vn -0.2685 0.3801 -0.8851
vn -0.1124 -0.9220 -0.3705
vn -0.2848 0.1936 -0.9388
vn -0.0000 -0.0972 -0.9953
vn -0.0000 -0.2882 -0.9576
vn -0.0000 -0.9539 -0.3000
vn -0.0000 -0.9943 -0.1066
vn -0.0380 -0.9220 -0.3854
vn -0.0211 -0.9765 -0.2144
vn -0.0980 -0.0000 -0.9952
vn -0.0962 -0.1936 -0.9764
vn -0.0907 -0.3801 -0.9205
vn -0.0000 0.9943 -0.1066
vn -0.0000 0.0972 -0.9953
vn -0.0000 -0.4684 -0.8835
vn -0.0000 -0.8800 -0.4749
vn 0.0208 0.9943 -0.1046
vn 0.0208 -0.9943 -0.1046
vn 0.0380 -0.9220 -0.3854
vn 0.0211 -0.9765 -0.2144
vn 0.0980 -0.0000 -0.9952
vn 0.0962 -0.1936 -0.9764
vn 0.0907 -0.3801 -0.9205
vn 0.0408 0.9943 -0.0985
vn 0.0408 -0.9943 -0.0985
vn 0.0592 0.9943 -0.0886
vn 0.0592 -0.9943 -0.0887
vn 0.0754 0.9943 -0.0754
vn 0.0754 -0.9943 -0.0754
vn 0.0887 0.9943 -0.0592
vn 0.0887 -0.9943 -0.0592
vn 0.0985 0.9943 -0.0408
vn 0.0985 -0.9943 -0.0408
vn 0.1046 0.9943 -0.0208
vn 0.1046 -0.9943 -0.0208
vn 0.1066 0.9943 -0.0000
vn 0.1066 -0.9943 -0.0000
vn 0.1046 0.9943 0.0208
vn 0.1046 -0.9943 0.0208
vn 0.0985 0.9943 0.0408
vn 0.0985 -0.9943 0.0408
vn 0.0886 0.9943 0.0592
vn 0.0886 -0.9943 0.0592
vn 0.0754 0.9943 0.0754
vn 0.0754 -0.9943 0.0754
vn 0.0592 0.9943 0.0886
vn 0.0592 -0.9943 0.0886
vn 0.0408 0.9943 0.0985
vn 0.0408 -0.9943 0.0985
vn 0.0208 0.9943 0.1046
vn 0.0208 -0.9943 0.1046
vn -0.0000 0.9943 0.1066
vn -0.0000 -0.9943 0.1066
vn -0.0208 0.9943 0.1046
vn -0.0208 -0.9943 0.1046
vn -0.0408 0.9943 0.0985
vn -0.0408 -0.9943 0.0985
vn -0.0592 0.9943 0.0886
vn -0.0592 -0.9943 0.0887
vn -0.0754 0.9943 0.0754
vn -0.0754 -0.9943 0.0754
vn -0.0886 0.9943 0.0592
vn -0.0886 -0.9943 0.0592
vn -0.0985 -0.9943 0.0408
vn -0.1046 0.9943 0.0208
vn -0.1046 -0.9943 0.0208
vn -0.1066 0.9943 -0.0000
vn -0.1066 -0.9943 -0.0000
vn -0.1046 0.9943 -0.0208
vn -0.1046 -0.9943 -0.0208
vn -0.0985 0.9943 -0.0408
vn -0.0985 -0.9943 -0.0408
vn -0.0887 0.9943 -0.0592
vn -0.0886 -0.9943 -0.0592
vn -0.0754 0.9943 -0.0754
vn -0.0754 -0.9943 -0.0754
vn -0.0592 0.9943 -0.0886
vn -0.0592 -0.9943 -0.0886
vn -0.0408 0.9943 -0.0985
vn -0.0408 -0.9943 -0.0985
vn -0.0208 0.9943 -0.1046
vn -0.0208 -0.9943 -0.1046
vn -0.0817 0.5524 -0.8296
vn -0.0696 0.7041 -0.7067
vn -0.0548 -0.8291 -0.5564
vn -0.0696 -0.7041 -0.7067
vn -0.0907 0.3801 -0.9205
vn -0.0962 0.1936 -0.9764
vn -0.0211 0.9765 -0.2144
vn -0.0380 0.9220 -0.3854
vn -0.0548 0.8291 -0.5564
vn -0.0817 -0.5524 -0.8296
vn 0.0760 -0.6312 -0.7719
vn 0.0760 0.6312 -0.7719
vn 0.0625 -0.7703 -0.6347
vn 0.0866 0.4684 -0.8793
vn 0.0466 -0.8800 -0.4726
vn 0.0939 0.2882 -0.9530
vn 0.0294 -0.9539 -0.2986
vn 0.0976 0.0972 -0.9905
vn 0.0150 0.9882 -0.1527
vn 0.0150 -0.9882 -0.1527
vn 0.0976 -0.0972 -0.9905
vn 0.0294 0.9539 -0.2986
vn 0.0939 -0.2882 -0.9530
vn 0.0466 0.8800 -0.4726
vn 0.0866 -0.4684 -0.8793
vn 0.0625 0.7703 -0.6347
vn 0.2565 -0.4684 -0.8455
vn 0.1851 0.7703 -0.6103
vn 0.2251 -0.6312 -0.7422
vn 0.2251 0.6312 -0.7422
vn 0.1851 -0.7703 -0.6103
vn 0.2565 0.4684 -0.8455
vn 0.1379 -0.8800 -0.4545
vn 0.2780 0.2882 -0.9163
vn 0.0871 -0.9539 -0.2872
vn 0.2889 0.0973 -0.9524
vn 0.0446 0.9882 -0.1469
vn 0.0446 -0.9882 -0.1469
vn 0.2889 -0.0973 -0.9524
vn 0.0871 0.9539 -0.2872
vn 0.2780 -0.2882 -0.9163
vn 0.1379 0.8800 -0.4545
vn 0.1415 -0.9539 -0.2647
vn 0.4692 0.0973 -0.8777
vn 0.0724 0.9882 -0.1354
vn 0.0724 -0.9882 -0.1354
vn 0.4692 -0.0973 -0.8777
vn 0.1415 0.9539 -0.2647
vn 0.4514 -0.2882 -0.8445
vn 0.2239 0.8800 -0.4189
vn 0.4165 -0.4684 -0.7792
vn 0.3006 0.7703 -0.5624
vn 0.3656 -0.6312 -0.6840
vn 0.3656 0.6312 -0.6840
vn 0.3006 -0.7703 -0.5624
vn 0.4165 0.4684 -0.7792
vn 0.2239 -0.8800 -0.4189
vn 0.4514 0.2882 -0.8445
vn 0.4046 0.7703 -0.4930
vn 0.4920 -0.6312 -0.5996
vn 0.4920 0.6312 -0.5996
vn 0.4046 -0.7703 -0.4930
vn 0.5605 0.4684 -0.6830
vn 0.3013 -0.8800 -0.3671
vn 0.6075 0.2882 -0.7402
vn 0.1904 -0.9539 -0.2320
vn 0.6314 0.0973 -0.7693
vn 0.0974 0.9882 -0.1186
vn 0.0974 -0.9882 -0.1186
vn 0.6314 -0.0973 -0.7693
vn 0.1904 0.9539 -0.2320
vn 0.6075 -0.2882 -0.7402
vn 0.3013 0.8800 -0.3671
vn 0.5605 -0.4684 -0.6830
vn 0.7693 0.0973 -0.6314
vn 0.1186 0.9882 -0.0974
vn 0.1186 -0.9882 -0.0974
vn 0.7693 -0.0973 -0.6314
vn 0.2320 0.9539 -0.1904
vn 0.7402 -0.2882 -0.6075
vn 0.3671 0.8800 -0.3013
vn 0.6830 -0.4684 -0.5605
vn 0.4930 0.7703 -0.4046
vn 0.5996 -0.6312 -0.4920
vn 0.5996 0.6312 -0.4920
vn 0.4930 -0.7703 -0.4046
vn 0.6830 0.4684 -0.5605
vn 0.3671 -0.8800 -0.3013
vn 0.7402 0.2882 -0.6075
vn 0.2320 -0.9539 -0.1904
vn 0.6840 -0.6312 -0.3656
vn 0.6840 0.6312 -0.3656
vn 0.5624 -0.7703 -0.3006
vn 0.7792 0.4684 -0.4165
vn 0.4189 -0.8800 -0.2239
vn 0.8445 0.2882 -0.4514
vn 0.2647 -0.9539 -0.1415
vn 0.8777 0.0973 -0.4692
vn 0.1354 0.9882 -0.0724
vn 0.1354 -0.9882 -0.0724
vn 0.8777 -0.0973 -0.4692
vn 0.2647 0.9539 -0.1415
vn 0.8445 -0.2882 -0.4514
vn 0.4189 0.8800 -0.2239
vn 0.7792 -0.4684 -0.4165
vn 0.5624 0.7703 -0.3006
vn 0.1469 -0.9882 -0.0446
vn 0.9524 -0.0973 -0.2889
vn 0.2872 0.9539 -0.0871
vn 0.9163 -0.2882 -0.2780
vn 0.4545 0.8800 -0.1379
vn 0.8455 -0.4684 -0.2565
vn 0.6103 0.7703 -0.1851
vn 0.7422 -0.6312 -0.2251
vn 0.7422 0.6312 -0.2251
vn 0.6103 -0.7703 -0.1851
vn 0.8455 0.4684 -0.2565
vn 0.4545 -0.8800 -0.1379
vn 0.9163 0.2882 -0.2780
vn 0.2872 -0.9539 -0.0871
vn 0.9524 0.0973 -0.2889
vn 0.1469 0.9882 -0.0446
vn 0.6347 -0.7703 -0.0625
vn 0.8792 0.4684 -0.0866
vn 0.4726 -0.8800 -0.0466
vn 0.9530 0.2882 -0.0939
vn 0.2986 -0.9539 -0.0294
vn 0.9905 0.0973 -0.0976
vn 0.1527 0.9882 -0.0150
vn 0.1528 -0.9882 -0.0150
vn 0.9905 -0.0973 -0.0976
vn 0.2986 0.9539 -0.0294
vn 0.9530 -0.2882 -0.0939
vn 0.4726 0.8800 -0.0466
vn 0.8792 -0.4684 -0.0866
vn 0.6347 0.7703 -0.0625
vn 0.7719 -0.6312 -0.0760
vn 0.7719 0.6312 -0.0760
vn 0.2986 0.9539 0.0294
vn 0.9530 -0.2882 0.0939
vn 0.4726 0.8800 0.0466
vn 0.8792 -0.4684 0.0866
vn 0.6347 0.7703 0.0625
vn 0.7719 -0.6312 0.0760
vn 0.7719 0.6312 0.0760
vn 0.6347 -0.7703 0.0625
vn 0.8792 0.4684 0.0866
vn 0.4726 -0.8800 0.0466
vn 0.9530 0.2882 0.0939
vn 0.2986 -0.9539 0.0294
vn 0.9905 0.0973 0.0976
vn 0.1527 0.9882 0.0150
vn 0.1528 -0.9882 0.0150
vn 0.9905 -0.0973 0.0976
vn 0.8455 0.4684 0.2565
vn 0.4545 -0.8800 0.1379
vn 0.9163 0.2882 0.2780
vn 0.2872 -0.9539 0.0871
vn 0.9524 0.0973 0.2889
vn 0.1469 0.9882 0.0446
vn 0.1469 -0.9882 0.0446
vn 0.9524 -0.0973 0.2889
vn 0.2872 0.9539 0.0871
vn 0.9163 -0.2882 0.2780
vn 0.4545 0.8800 0.1379
vn 0.8455 -0.4684 0.2565
vn 0.6103 0.7703 0.1851
vn 0.7422 -0.6312 0.2251
vn 0.7422 0.6312 0.2251
vn 0.6103 -0.7703 0.1851
vn 0.8445 -0.2882 0.4514
vn 0.4189 0.8800 0.2239
vn 0.7792 -0.4684 0.4165
vn 0.5624 0.7703 0.3006
vn 0.6840 -0.6312 0.3656
vn 0.6840 0.6312 0.3656
vn 0.5624 -0.7703 0.3006
vn 0.7792 0.4684 0.4165
vn 0.4189 -0.8800 0.2239
vn 0.8445 0.2882 0.4514
vn 0.2647 -0.9539 0.1415
vn 0.8777 0.0973 0.4692
vn 0.1354 0.9882 0.0724
vn 0.1354 -0.9882 0.0724
vn 0.8777 -0.0973 0.4692
vn 0.2647 0.9539 0.1415
vn 0.3671 -0.8800 0.3013
vn 0.7402 0.2882 0.6075
vn 0.2320 -0.9539 0.1904
vn 0.7693 0.0973 0.6314
vn 0.1186 0.9882 0.0974
vn 0.1187 -0.9882 0.0974
vn 0.7693 -0.0973 0.6314
vn 0.2320 0.9539 0.1904
vn 0.7402 -0.2882 0.6075
vn 0.3671 0.8800 0.3013
vn 0.6830 -0.4684 0.5605
vn 0.4930 0.7703 0.4046
vn 0.5996 -0.6312 0.4920
vn 0.5996 0.6312 0.4920
vn 0.4930 -0.7703 0.4046
vn 0.6830 0.4684 0.5605
vn 0.3013 0.8800 0.3671
vn 0.5605 -0.4684 0.6830
vn 0.4046 0.7703 0.4930
vn 0.4920 -0.6312 0.5996
vn 0.4920 0.6312 0.5996
vn 0.4046 -0.7703 0.4930
vn 0.5605 0.4684 0.6830
vn 0.3013 -0.8800 0.3671
vn 0.6075 0.2882 0.7402
vn 0.1904 -0.9539 0.2320
vn 0.6314 0.0973 0.7693
vn 0.0974 0.9882 0.1186
vn 0.0974 -0.9882 0.1187
vn 0.6314 -0.0973 0.7693
vn 0.1904 0.9539 0.2320
vn 0.6075 -0.2882 0.7402
vn 0.4514 0.2882 0.8445
vn 0.1415 -0.9539 0.2647
vn 0.4692 0.0973 0.8777
vn 0.0724 0.9882 0.1354
vn 0.0724 -0.9882 0.1354
vn 0.4692 -0.0973 0.8777
vn 0.1415 0.9539 0.2647
vn 0.4514 -0.2882 0.8445
vn 0.2239 0.8800 0.4189
vn 0.4165 -0.4684 0.7792
vn 0.3006 0.7703 0.5624
vn 0.3656 -0.6312 0.6840
vn 0.3656 0.6312 0.6840
vn 0.3006 -0.7703 0.5624
vn 0.4165 0.4684 0.7792
vn 0.2239 -0.8800 0.4189
vn 0.2565 -0.4684 0.8455
vn 0.1851 0.7703 0.6103
vn 0.2251 -0.6312 0.7422
vn 0.2251 0.6312 0.7422
vn 0.1851 -0.7703 0.6103
vn 0.2565 0.4684 0.8455
vn 0.1379 -0.8800 0.4545
vn 0.2780 0.2882 0.9163
vn 0.0871 -0.9539 0.2872
vn 0.2889 0.0973 0.9524
vn 0.0446 0.9882 0.1469
vn 0.0446 -0.9882 0.1469
vn 0.2889 -0.0972 0.9524
vn 0.0871 0.9539 0.2872
vn 0.2780 -0.2882 0.9163
vn 0.1379 0.8800 0.4545
vn 0.0294 -0.9539 0.2986
vn 0.0976 0.0973 0.9905
vn 0.0150 0.9882 0.1527
vn 0.0150 -0.9882 0.1528
vn 0.0976 -0.0972 0.9905
vn 0.0294 0.9539 0.2986
vn 0.0939 -0.2882 0.9530
vn 0.0466 0.8800 0.4726
vn 0.0866 -0.4684 0.8792
vn 0.0625 0.7703 0.6347
vn 0.0760 -0.6312 0.7719
vn 0.0760 0.6312 0.7719
vn 0.0625 -0.7703 0.6347
vn 0.0866 0.4684 0.8792
vn 0.0466 -0.8800 0.4726
vn 0.0939 0.2882 0.9530
vn -0.0760 -0.6312 0.7719
vn -0.0760 0.6312 0.7719
vn -0.0625 -0.7703 0.6347
vn -0.0866 0.4684 0.8792
vn -0.0466 -0.8800 0.4726
vn -0.0939 0.2882 0.9530
vn -0.0294 -0.9539 0.2986
vn -0.0976 0.0972 0.9905
vn -0.0150 0.9882 0.1527
vn -0.0150 -0.9882 0.1528
vn -0.0976 -0.0972 0.9905
vn -0.0294 0.9539 0.2986
vn -0.0939 -0.2882 0.9530
vn -0.0466 0.8800 0.4726
vn -0.0866 -0.4684 0.8792
vn -0.0625 0.7703 0.6347
vn -0.0446 0.9882 0.1469
vn -0.0446 -0.9881 0.1469
vn -0.2889 -0.0973 0.9524
vn -0.0871 0.9539 0.2872
vn -0.2780 -0.2882 0.9163
vn -0.1379 0.8800 0.4545
vn -0.2565 -0.4684 0.8455
vn -0.1851 0.7703 0.6103
vn -0.2251 -0.6312 0.7422
vn -0.2251 0.6312 0.7422
vn -0.1851 -0.7703 0.6103
vn -0.2565 0.4684 0.8455
vn -0.1379 -0.8800 0.4545
vn -0.2780 0.2882 0.9163
vn -0.0871 -0.9539 0.2872
vn -0.2889 0.0973 0.9524
vn -0.3656 0.6312 0.6840
vn -0.3006 -0.7703 0.5624
vn -0.4165 0.4684 0.7792
vn -0.2239 -0.8800 0.4189
vn -0.4514 0.2882 0.8445
vn -0.1415 -0.9539 0.2647
vn -0.4692 0.0973 0.8777
vn -0.0724 0.9882 0.1354
vn -0.0724 -0.9882 0.1354
vn -0.4692 -0.0973 0.8777
vn -0.1415 0.9539 0.2647
vn -0.4514 -0.2882 0.8445
vn -0.2239 0.8800 0.4189
vn -0.4165 -0.4684 0.7792
vn -0.3006 0.7703 0.5624
vn -0.3656 -0.6312 0.6840
vn -0.6314 -0.0973 0.7693
vn -0.1904 0.9539 0.2320
vn -0.6075 -0.2882 0.7402
vn -0.3013 0.8800 0.3671
vn -0.5605 -0.4684 0.6830
vn -0.4046 0.7703 0.4930
vn -0.4920 -0.6312 0.5996
vn -0.4920 0.6312 0.5996
vn -0.4046 -0.7703 0.4930
vn -0.5605 0.4684 0.6830
vn -0.3013 -0.8800 0.3671
vn -0.6075 0.2882 0.7402
vn -0.1904 -0.9539 0.2320
vn -0.6314 0.0973 0.7693
vn -0.0974 0.9882 0.1186
vn -0.0974 -0.9881 0.1187
vn -0.4930 -0.7703 0.4046
vn -0.6830 0.4684 0.5605
vn -0.3671 -0.8800 0.3013
vn -0.7402 0.2882 0.6075
vn -0.2320 -0.9539 0.1904
vn -0.7693 0.0973 0.6314
vn -0.1186 0.9882 0.0974
vn -0.1187 -0.9881 0.0974
vn -0.7693 -0.0973 0.6314
vn -0.2320 0.9539 0.1904
vn -0.7402 -0.2882 0.6075
vn -0.3671 0.8800 0.3013
vn -0.6830 -0.4684 0.5605
vn -0.4930 0.7703 0.4046
vn -0.5996 -0.6312 0.4920
vn -0.5996 0.6312 0.4920
vn -0.2647 0.9539 0.1415
vn -0.8445 -0.2882 0.4514
vn -0.4189 0.8800 0.2239
vn -0.7792 -0.4684 0.4165
vn -0.5624 0.7703 0.3006
vn -0.6840 -0.6312 0.3656
vn -0.6840 0.6312 0.3656
vn -0.5624 -0.7703 0.3006
vn -0.7792 0.4684 0.4165
vn -0.4189 -0.8800 0.2239
vn -0.8445 0.2882 0.4514
vn -0.2647 -0.9539 0.1415
vn -0.8777 0.0972 0.4692
vn -0.1354 0.9882 0.0724
vn -0.1354 -0.9881 0.0724
vn -0.8777 -0.0972 0.4692
vn -0.8455 0.4684 0.2565
vn -0.4545 -0.8800 0.1379
vn -0.9163 0.2882 0.2780
vn -0.2872 -0.9539 0.0871
vn -0.9524 0.0973 0.2889
vn -0.1469 0.9882 0.0446
vn -0.1469 -0.9881 0.0446
vn -0.9524 -0.0972 0.2889
vn -0.2872 0.9539 0.0871
vn -0.9163 -0.2882 0.2780
vn -0.4545 0.8800 0.1379
vn -0.8455 -0.4684 0.2565
vn -0.6103 0.7703 0.1851
vn -0.7422 -0.6312 0.2251
vn -0.7422 0.6312 0.2251
vn -0.6103 -0.7703 0.1851
vn -0.9530 -0.2882 0.0939
vn -0.4726 0.8800 0.0466
vn -0.8792 -0.4684 0.0866
vn -0.6347 0.7703 0.0625
vn -0.7719 -0.6312 0.0760
vn -0.7719 0.6312 0.0760
vn -0.6347 -0.7703 0.0625
vn -0.8792 0.4684 0.0866
vn -0.4726 -0.8800 0.0466
vn -0.9530 0.2882 0.0939
vn -0.2986 -0.9539 0.0294
vn -0.9905 0.0972 0.0976
vn -0.1527 0.9882 0.0150
vn -0.1528 -0.9881 0.0150
vn -0.9905 -0.0972 0.0976
vn -0.2986 0.9539 0.0294
vn -0.4726 -0.8800 -0.0466
vn -0.9530 0.2882 -0.0939
vn -0.2986 -0.9539 -0.0294
vn -0.9905 0.0972 -0.0976
vn -0.1527 0.9882 -0.0150
vn -0.1528 -0.9881 -0.0150
vn -0.9905 -0.0972 -0.0976
vn -0.2986 0.9539 -0.0294
vn -0.9530 -0.2882 -0.0939
vn -0.4726 0.8800 -0.0466
vn -0.8792 -0.4684 -0.0866
vn -0.6347 0.7703 -0.0625
vn -0.7719 -0.6312 -0.0760
vn -0.7719 0.6312 -0.0760
vn -0.6347 -0.7703 -0.0625
vn -0.8792 0.4684 -0.0866
vn -0.8455 -0.4684 -0.2565
vn -0.6103 0.7703 -0.1851
vn -0.7422 -0.6312 -0.2251
vn -0.7422 0.6312 -0.2251
vn -0.6103 -0.7703 -0.1851
vn -0.8455 0.4684 -0.2565
vn -0.4545 -0.8800 -0.1379
vn -0.9163 0.2882 -0.2780
vn -0.2872 -0.9539 -0.0871
vn -0.9524 0.0972 -0.2889
vn -0.1469 0.9882 -0.0446
vn -0.1469 -0.9881 -0.0446
vn -0.9524 -0.0973 -0.2889
vn -0.2872 0.9539 -0.0871
vn -0.9163 -0.2882 -0.2780
vn -0.4545 0.8800 -0.1379
vn -0.2647 -0.9539 -0.1415
vn -0.8777 0.0973 -0.4692
vn -0.1354 0.9882 -0.0724
vn -0.1354 -0.9881 -0.0724
vn -0.8777 -0.0973 -0.4692
vn -0.2647 0.9539 -0.1415
vn -0.8445 -0.2882 -0.4514
vn -0.4189 0.8800 -0.2239
vn -0.7792 -0.4684 -0.4165
vn -0.5624 0.7703 -0.3006
vn -0.6840 -0.6312 -0.3656
vn -0.6840 0.6312 -0.3656
vn -0.5624 -0.7703 -0.3006
vn -0.7792 0.4684 -0.4165
vn -0.4189 -0.8800 -0.2239
vn -0.8445 0.2882 -0.4514
vn -0.4930 0.7703 -0.4046
vn -0.5996 -0.6312 -0.4920
vn -0.5996 0.6312 -0.4920
vn -0.4930 -0.7703 -0.4046
vn -0.6830 0.4684 -0.5605
vn -0.3671 -0.8800 -0.3013
vn -0.7402 0.2882 -0.6075
vn -0.2320 -0.9539 -0.1904
vn -0.7693 0.0972 -0.6314
vn -0.1186 0.9882 -0.0974
vn -0.1187 -0.9881 -0.0974
vn -0.7693 -0.0972 -0.6314
vn -0.2320 0.9539 -0.1904
vn -0.7402 -0.2882 -0.6075
vn -0.3671 0.8800 -0.3013
vn -0.6830 -0.4684 -0.5605
vn -0.6314 0.0972 -0.7693
vn -0.0974 0.9882 -0.1186
vn -0.0974 -0.9881 -0.1187
vn -0.6314 -0.0972 -0.7693
vn -0.1904 0.9539 -0.2320
vn -0.6075 -0.2882 -0.7402
vn -0.3013 0.8800 -0.3671
vn -0.5605 -0.4684 -0.6830
vn -0.4046 0.7703 -0.4930
vn -0.4920 -0.6312 -0.5996
vn -0.4920 0.6312 -0.5996
vn -0.4046 -0.7703 -0.4930
vn -0.5605 0.4684 -0.6830
vn -0.3013 -0.8800 -0.3671
vn -0.6075 0.2882 -0.7402
vn -0.1904 -0.9539 -0.2320
vn -0.3656 -0.6312 -0.6840
vn -0.3656 0.6312 -0.6840
vn -0.3006 -0.7703 -0.5624
vn -0.4165 0.4684 -0.7792
vn -0.2239 -0.8800 -0.4189
vn -0.4514 0.2882 -0.8445
vn -0.1415 -0.9539 -0.2647
vn -0.4692 0.0972 -0.8777
vn -0.0724 0.9882 -0.1354
vn -0.0724 -0.9881 -0.1354
vn -0.4692 -0.0972 -0.8777
vn -0.1415 0.9539 -0.2647
vn -0.4514 -0.2882 -0.8445
vn -0.2239 0.8800 -0.4189
vn -0.4165 -0.4684 -0.7792
vn -0.3006 0.7703 -0.5624
vn -0.0446 0.9882 -0.1469
vn -0.0446 -0.9881 -0.1469
vn -0.2889 -0.0972 -0.9524
vn -0.0871 0.9539 -0.2872
vn -0.2780 -0.2882 -0.9163
vn -0.1379 0.8800 -0.4545
vn -0.2565 -0.4684 -0.8455
vn -0.1851 0.7703 -0.6103
vn -0.2251 -0.6312 -0.7422
vn -0.2251 0.6312 -0.7422
vn -0.1851 -0.7703 -0.6103
vn -0.2565 0.4684 -0.8455
vn -0.1379 -0.8800 -0.4545
vn -0.2780 0.2882 -0.9163
vn -0.0871 -0.9539 -0.2872
vn -0.2889 0.0972 -0.9524
vn -0.0760 0.6312 -0.7719
vn -0.0625 -0.7703 -0.6347
vn -0.0866 0.4684 -0.8792
vn -0.0466 -0.8800 -0.4726
vn -0.0939 0.2882 -0.9530
vn -0.0294 -0.9539 -0.2986
vn -0.0976 0.0972 -0.9905
vn -0.0150 0.9882 -0.1527
vn -0.0150 -0.9882 -0.1528
vn -0.0976 -0.0972 -0.9905
vn -0.0294 0.9539 -0.2986
vn -0.0939 -0.2882 -0.9530
vn -0.0466 0.8800 -0.4726
vn -0.0866 -0.4684 -0.8792
vn -0.0625 0.7703 -0.6347
vn -0.0760 -0.6312 -0.7719
vt 0.750000 0.250000
vt 0.750000 0.281250
vt 0.734375 0.281250
vt 0.734375 0.250000
vt 0.750000 0.312500
vt 0.734375 0.312500
vt 0.718750 0.312500
vt 0.718750 0.281250
vt 0.718750 0.250000
vt 0.750000 0.687500
vt 0.750000 0.718750
vt 0.734375 0.718750
vt 0.734375 0.687500
vt 0.750000 0.750000
vt 0.734375 0.750000
vt 0.718750 0.750000
vt 0.718750 0.718750
vt 0.718750 0.687500
vt 0.750000 0.187500
vt 0.750000 0.218750
vt 0.734375 0.218750
vt 0.734375 0.187500
vt 0.718750 0.218750
vt 0.718750 0.187500
vt 0.750000 0.625000
vt 0.750000 0.656250
vt 0.734375 0.656250
vt 0.734375 0.625000
vt 0.718750 0.656250
vt 0.718750 0.625000
vt 0.750000 0.125000
vt 0.750000 0.156250
vt 0.734375 0.156250
vt 0.734375 0.125000
vt 0.718750 0.156250
vt 0.718750 0.125000
vt 0.750000 0.562500
vt 0.750000 0.593750
vt 0.734375 0.593750
vt 0.734375 0.562500
vt 0.718750 0.593750
vt 0.718750 0.562500
vt 0.750000 0.062500
vt 0.750000 0.093895
vt 0.734375 0.094039
vt 0.734375 0.064815
vt 0.750000 0.125000
vt 0.718750 0.125000
vt 0.718750 0.093895
vt 0.718750 0.062500
vt 0.750000 0.500000
vt 0.750000 0.531250
vt 0.734375 0.531250
vt 0.734375 0.500000
vt 0.718750 0.531250
vt 0.718750 0.500000
vt 0.750000 0.937500
vt 0.742188 0.968750
vt 0.734375 0.957899
vt 0.734375 0.935185
vt 0.734375 1.000000
vt 0.726563 0.968750
vt 0.742188 0.968750
vt 0.718750 0.937500
vt 0.734375 0.935185
vt 0.734375 0.000000
vt 0.742188 0.031250
vt 0.734375 0.042101
vt 0.726563 0.031250
vt 0.734375 0.064815
vt 0.742188 0.031250
vt 0.734375 0.064815
vt 0.750000 0.437500
vt 0.750000 0.468750
vt 0.734375 0.468750
vt 0.734375 0.437500
vt 0.718750 0.468750
vt 0.718750 0.437500
vt 0.750000 0.875000
vt 0.750000 0.906105
vt 0.734375 0.905961
vt 0.734375 0.875000
vt 0.718750 0.906105
vt 0.718750 0.875000
vt 0.750000 0.375000
vt 0.750000 0.406250
vt 0.734375 0.406250
vt 0.734375 0.375000
vt 0.718750 0.406250
vt 0.718750 0.375000
vt 0.750000 0.812500
vt 0.750000 0.843750
vt 0.734375 0.843750
vt 0.734375 0.812500
vt 0.750000 0.875000
vt 0.734375 0.875000
vt 0.718750 0.875000
vt 0.718750 0.843750
vt 0.718750 0.812500
vt 0.750000 0.343750
vt 0.734375 0.343750
vt 0.718750 0.343750
vt 0.750000 0.781250
vt 0.734375 0.781250
vt 0.718750 0.781250
vt 0.703125 0.343750
vt 0.703125 0.312500
vt 0.703125 0.375000
vt 0.687500 0.375000
vt 0.687500 0.343750
vt 0.687500 0.312500
vt 0.703125 0.781250
vt 0.703125 0.750000
vt 0.703125 0.812500
vt 0.687500 0.812500
vt 0.687500 0.781250
vt 0.687500 0.750000
vt 0.703125 0.281250
vt 0.703125 0.250000
vt 0.687500 0.281250
vt 0.687500 0.250000
vt 0.703125 0.718750
vt 0.703125 0.687500
vt 0.687500 0.718750
vt 0.687500 0.687500
vt 0.703125 0.218750
vt 0.703125 0.187500
vt 0.687500 0.218750
vt 0.687500 0.187500
vt 0.703125 0.656250
vt 0.703125 0.625000
vt 0.687500 0.656250
vt 0.687500 0.625000
vt 0.703125 0.156250
vt 0.703125 0.125000
vt 0.687500 0.156250
vt 0.687500 0.125000
vt 0.703125 0.593750
vt 0.703125 0.562500
vt 0.687500 0.593750
vt 0.687500 0.562500
vt 0.703125 0.094039
vt 0.703125 0.064815
vt 0.703125 0.125000
vt 0.687500 0.125000
vt 0.687500 0.093895
vt 0.687500 0.062500
vt 0.703125 0.531250
vt 0.703125 0.500000
vt 0.687500 0.531250
vt 0.687500 0.500000
vt 0.710938 0.968750
vt 0.703125 0.957899
vt 0.703125 0.935185
vt 0.703125 1.000000
vt 0.695313 0.968750
vt 0.710938 0.968750
vt 0.687500 0.937500
vt 0.703125 0.935185
vt 0.695313 0.968750
vt 0.703125 0.000000
vt 0.710938 0.031250
vt 0.703125 0.042101
vt 0.695313 0.031250
vt 0.710938 0.031250
vt 0.695313 0.031250
vt 0.703125 0.468750
vt 0.703125 0.437500
vt 0.687500 0.468750
vt 0.687500 0.437500
vt 0.703125 0.905961
vt 0.703125 0.875000
vt 0.687500 0.906105
vt 0.687500 0.875000
vt 0.703125 0.406250
vt 0.687500 0.406250
vt 0.703125 0.843750
vt 0.703125 0.875000
vt 0.687500 0.875000
vt 0.687500 0.843750
vt 0.671875 0.094039
vt 0.671875 0.064815
vt 0.671875 0.125000
vt 0.656250 0.125000
vt 0.656250 0.093895
vt 0.656250 0.062500
vt 0.671875 0.531250
vt 0.671875 0.500000
vt 0.671875 0.562500
vt 0.656250 0.562500
vt 0.656250 0.531250
vt 0.656250 0.500000
vt 0.679688 0.968750
vt 0.671875 0.957899
vt 0.671875 0.935185
vt 0.671875 1.000000
vt 0.664063 0.968750
vt 0.679688 0.968750
vt 0.656250 0.937500
vt 0.671875 0.935185
vt 0.671875 0.000000
vt 0.679688 0.031250
vt 0.671875 0.042101
vt 0.664063 0.031250
vt 0.671875 0.064815
vt 0.671875 0.064815
vt 0.671875 0.468750
vt 0.671875 0.437500
vt 0.656250 0.468750
vt 0.656250 0.437500
vt 0.671875 0.905961
vt 0.671875 0.875000
vt 0.656250 0.906105
vt 0.656250 0.875000
vt 0.671875 0.406250
vt 0.671875 0.375000
vt 0.656250 0.406250
vt 0.656250 0.375000
vt 0.671875 0.843750
vt 0.671875 0.812500
vt 0.671875 0.875000
vt 0.656250 0.875000
vt 0.656250 0.843750
vt 0.656250 0.812500
vt 0.671875 0.343750
vt 0.671875 0.312500
vt 0.656250 0.343750
vt 0.656250 0.312500
vt 0.671875 0.781250
vt 0.671875 0.750000
vt 0.656250 0.781250
vt 0.656250 0.750000
vt 0.671875 0.281250
vt 0.671875 0.250000
vt 0.656250 0.281250
vt 0.656250 0.250000
vt 0.671875 0.718750
vt 0.671875 0.687500
vt 0.656250 0.718750
vt 0.656250 0.687500
vt 0.671875 0.218750
vt 0.671875 0.187500
vt 0.656250 0.218750
vt 0.656250 0.187500
vt 0.671875 0.656250
vt 0.671875 0.625000
vt 0.656250 0.656250
vt 0.656250 0.625000
vt 0.671875 0.156250
vt 0.656250 0.156250
vt 0.671875 0.593750
vt 0.656250 0.593750
vt 0.640625 0.781250
vt 0.640625 0.750000
vt 0.640625 0.812500
vt 0.625000 0.812500
vt 0.625000 0.781250
vt 0.625000 0.750000
vt 0.640625 0.281250
vt 0.640625 0.250000
vt 0.640625 0.312500
vt 0.625000 0.312500
vt 0.625000 0.281250
vt 0.625000 0.250000
vt 0.640625 0.718750
vt 0.640625 0.687500
vt 0.625000 0.718750
vt 0.625000 0.687500
vt 0.640625 0.218750
vt 0.640625 0.187500
vt 0.625000 0.218750
vt 0.625000 0.187500
vt 0.640625 0.656250
vt 0.640625 0.625000
vt 0.625000 0.656250
vt 0.625000 0.625000
vt 0.640625 0.156250
vt 0.640625 0.125000
vt 0.625000 0.156250
vt 0.625000 0.125000
vt 0.640625 0.593750
vt 0.640625 0.562500
vt 0.625000 0.593750
vt 0.625000 0.562500
vt 0.640625 0.094039
vt 0.640625 0.064815
vt 0.640625 0.125000
vt 0.625000 0.125000
vt 0.625000 0.093895
vt 0.625000 0.062500
vt 0.640625 0.531250
vt 0.640625 0.500000
vt 0.625000 0.531250
vt 0.625000 0.500000
vt 0.648438 0.968750
vt 0.640625 0.957899
vt 0.640625 0.935185
vt 0.640625 1.000000
vt 0.632812 0.968750
vt 0.648438 0.968750
vt 0.625000 0.937500
vt 0.640625 0.935185
vt 0.640625 0.000000
vt 0.648438 0.031250
vt 0.640625 0.042101
vt 0.632812 0.031250
vt 0.640625 0.064815
vt 0.648438 0.031250
vt 0.640625 0.468750
vt 0.640625 0.437500
vt 0.625000 0.468750
vt 0.625000 0.437500
vt 0.640625 0.905961
vt 0.640625 0.875000
vt 0.625000 0.906105
vt 0.625000 0.875000
vt 0.640625 0.406250
vt 0.640625 0.375000
vt 0.625000 0.406250
vt 0.625000 0.375000
vt 0.640625 0.843750
vt 0.640625 0.875000
vt 0.625000 0.875000
vt 0.625000 0.843750
vt 0.640625 0.343750
vt 0.625000 0.343750
vt 0.609375 0.531250
vt 0.609375 0.500000
vt 0.609375 0.562500
vt 0.593750 0.562500
vt 0.593750 0.531250
vt 0.593750 0.500000
vt 0.617188 0.968750
vt 0.609375 0.957899
vt 0.609375 0.935185
vt 0.609375 1.000000
vt 0.601562 0.968750
vt 0.617188 0.968750
vt 0.593750 0.937500
vt 0.609375 0.935185
vt 0.609375 0.000000
vt 0.617188 0.031250
vt 0.609375 0.042101
vt 0.601562 0.031250
vt 0.609375 0.064815
vt 0.617188 0.031250
vt 0.593750 0.062500
vt 0.609375 0.468750
vt 0.609375 0.437500
vt 0.593750 0.468750
vt 0.593750 0.437500
vt 0.609375 0.905961
vt 0.609375 0.875000
vt 0.593750 0.906105
vt 0.593750 0.875000
vt 0.609375 0.406250
vt 0.609375 0.375000
vt 0.593750 0.406250
vt 0.593750 0.375000
vt 0.609375 0.843750
vt 0.609375 0.812500
vt 0.609375 0.875000
vt 0.593750 0.843750
vt 0.593750 0.812500
vt 0.609375 0.343750
vt 0.609375 0.312500
vt 0.593750 0.343750
vt 0.593750 0.312500
vt 0.609375 0.781250
vt 0.609375 0.750000
vt 0.593750 0.781250
vt 0.593750 0.750000
vt 0.609375 0.281250
vt 0.609375 0.250000
vt 0.593750 0.281250
vt 0.593750 0.250000
vt 0.609375 0.718750
vt 0.609375 0.687500
vt 0.593750 0.718750
vt 0.593750 0.687500
vt 0.609375 0.218750
vt 0.609375 0.187500
vt 0.593750 0.218750
vt 0.593750 0.187500
vt 0.609375 0.656250
vt 0.609375 0.625000
vt 0.593750 0.656250
vt 0.593750 0.625000
vt 0.609375 0.156250
vt 0.609375 0.125000
vt 0.593750 0.156250
vt 0.593750 0.125000
vt 0.609375 0.593750
vt 0.593750 0.593750
vt 0.609375 0.094039
vt 0.609375 0.064815
vt 0.609375 0.125000
vt 0.593750 0.125000
vt 0.593750 0.093895
vt 0.578125 0.281250
vt 0.578125 0.250000
vt 0.578125 0.312500
vt 0.562500 0.312500
vt 0.562500 0.281250
vt 0.562500 0.250000
vt 0.578125 0.718750
vt 0.578125 0.687500
vt 0.578125 0.750000
vt 0.562500 0.750000
vt 0.562500 0.718750
vt 0.562500 0.687500
vt 0.578125 0.218750
vt 0.578125 0.187500
vt 0.562500 0.218750
vt 0.562500 0.187500
vt 0.578125 0.656250
vt 0.578125 0.625000
vt 0.562500 0.656250
vt 0.562500 0.625000
vt 0.578125 0.156250
vt 0.578125 0.125000
vt 0.562500 0.156250
vt 0.562500 0.125000
vt 0.578125 0.593750
vt 0.578125 0.562500
vt 0.562500 0.593750
vt 0.562500 0.562500
vt 0.578125 0.094039
vt 0.578125 0.064815
vt 0.578125 0.125000
vt 0.562500 0.093895
vt 0.562500 0.062500
vt 0.578125 0.531250
vt 0.578125 0.500000
vt 0.562500 0.531250
vt 0.562500 0.500000
vt 0.585938 0.968750
vt 0.578125 0.957899
vt 0.578125 0.935185
vt 0.578125 1.000000
vt 0.570312 0.968750
vt 0.562500 0.937500
vt 0.578125 0.935185
vt 0.578125 0.000000
vt 0.585938 0.031250
vt 0.578125 0.042101
vt 0.570312 0.031250
vt 0.585937 0.031250
vt 0.570312 0.031250
vt 0.578125 0.064815
vt 0.578125 0.468750
vt 0.578125 0.437500
vt 0.562500 0.468750
vt 0.562500 0.437500
vt 0.578125 0.905961
vt 0.578125 0.875000
vt 0.562500 0.906105
vt 0.562500 0.875000
vt 0.578125 0.406250
vt 0.578125 0.375000
vt 0.562500 0.406250
vt 0.562500 0.375000
vt 0.578125 0.843750
vt 0.578125 0.812500
vt 0.578125 0.875000
vt 0.562500 0.843750
vt 0.562500 0.812500
vt 0.578125 0.343750
vt 0.562500 0.343750
vt 0.578125 0.781250
vt 0.562500 0.781250
vt 0.546875 0.000000
vt 0.554687 0.031250
vt 0.546875 0.042101
vt 0.539062 0.031250
vt 0.546875 0.064815
vt 0.531250 0.062500
vt 0.546875 0.468750
vt 0.546875 0.437500
vt 0.546875 0.500000
vt 0.531250 0.500000
vt 0.531250 0.468750
vt 0.531250 0.437500
vt 0.546875 0.905961
vt 0.546875 0.875000
vt 0.546875 0.935185
vt 0.531250 0.937500
vt 0.531250 0.906105
vt 0.531250 0.875000
vt 0.546875 0.406250
vt 0.546875 0.375000
vt 0.531250 0.406250
vt 0.531250 0.375000
vt 0.546875 0.843750
vt 0.546875 0.812500
vt 0.546875 0.875000
vt 0.531250 0.875000
vt 0.531250 0.843750
vt 0.531250 0.812500
vt 0.546875 0.343750
vt 0.546875 0.312500
vt 0.531250 0.343750
vt 0.531250 0.312500
vt 0.546875 0.781250
vt 0.546875 0.750000
vt 0.531250 0.781250
vt 0.531250 0.750000
vt 0.546875 0.281250
vt 0.546875 0.250000
vt 0.531250 0.281250
vt 0.531250 0.250000
vt 0.546875 0.718750
vt 0.546875 0.687500
vt 0.531250 0.718750
vt 0.531250 0.687500
vt 0.546875 0.218750
vt 0.546875 0.187500
vt 0.531250 0.218750
vt 0.531250 0.187500
vt 0.546875 0.656250
vt 0.546875 0.625000
vt 0.531250 0.656250
vt 0.531250 0.625000
vt 0.546875 0.156250
vt 0.546875 0.125000
vt 0.531250 0.156250
vt 0.531250 0.125000
vt 0.546875 0.593750
vt 0.546875 0.562500
vt 0.531250 0.593750
vt 0.531250 0.562500
vt 0.546875 0.094039
vt 0.546875 0.064815
vt 0.531250 0.093895
vt 0.546875 0.531250
vt 0.531250 0.531250
vt 0.554687 0.968750
vt 0.546875 0.957899
vt 0.546875 1.000000
vt 0.539062 0.968750
vt 0.546875 0.935185
vt 0.515625 0.218750
vt 0.515625 0.187500
vt 0.515625 0.250000
vt 0.500000 0.250000
vt 0.500000 0.218750
vt 0.500000 0.187500
vt 0.515625 0.656250
vt 0.515625 0.625000
vt 0.515625 0.687500
vt 0.500000 0.687500
vt 0.500000 0.656250
vt 0.500000 0.625000
vt 0.515625 0.156250
vt 0.515625 0.125000
vt 0.500000 0.156250
vt 0.500000 0.125000
vt 0.515625 0.593750
vt 0.515625 0.562500
vt 0.500000 0.593750
vt 0.500000 0.562500
vt 0.515625 0.094039
vt 0.515625 0.064815
vt 0.515625 0.125000
vt 0.500000 0.125000
vt 0.500000 0.093895
vt 0.500000 0.062500
vt 0.515625 0.531250
vt 0.515625 0.500000
vt 0.500000 0.531250
vt 0.500000 0.500000
vt 0.523437 0.968750
vt 0.515625 0.957899
vt 0.515625 0.935185
vt 0.515625 1.000000
vt 0.507812 0.968750
vt 0.500000 0.937500
vt 0.515625 0.935185
vt 0.515625 0.000000
vt 0.523437 0.031250
vt 0.515625 0.042101
vt 0.507812 0.031250
vt 0.515625 0.064815
vt 0.515625 0.468750
vt 0.515625 0.437500
vt 0.500000 0.468750
vt 0.500000 0.437500
vt 0.515625 0.905961
vt 0.515625 0.875000
vt 0.500000 0.906105
vt 0.500000 0.875000
vt 0.515625 0.406250
vt 0.515625 0.375000
vt 0.500000 0.406250
vt 0.500000 0.375000
vt 0.515625 0.843750
vt 0.515625 0.812500
vt 0.515625 0.875000
vt 0.500000 0.875000
vt 0.500000 0.843750
vt 0.500000 0.812500
vt 0.515625 0.343750
vt 0.515625 0.312500
vt 0.500000 0.343750
vt 0.500000 0.312500
vt 0.515625 0.781250
vt 0.515625 0.750000
vt 0.500000 0.781250
vt 0.500000 0.750000
vt 0.515625 0.281250
vt 0.500000 0.281250
vt 0.515625 0.718750
vt 0.500000 0.718750
vt 0.484375 0.905961
vt 0.484375 0.875000
vt 0.484375 0.935185
vt 0.468750 0.937500
vt 0.468750 0.906105
vt 0.468750 0.875000
vt 0.484375 0.406250
vt 0.484375 0.375000
vt 0.484375 0.437500
vt 0.468750 0.437500
vt 0.468750 0.406250
vt 0.468750 0.375000
vt 0.484375 0.843750
vt 0.484375 0.812500
vt 0.484375 0.875000
vt 0.468750 0.875000
vt 0.468750 0.843750
vt 0.468750 0.812500
vt 0.484375 0.343750
vt 0.484375 0.312500
vt 0.468750 0.343750
vt 0.468750 0.312500
vt 0.484375 0.781250
vt 0.484375 0.750000
vt 0.468750 0.781250
vt 0.468750 0.750000
vt 0.484375 0.281250
vt 0.484375 0.250000
vt 0.468750 0.281250
vt 0.468750 0.250000
vt 0.484375 0.718750
vt 0.484375 0.687500
vt 0.468750 0.718750
vt 0.468750 0.687500
vt 0.484375 0.218750
vt 0.484375 0.187500
vt 0.468750 0.218750
vt 0.468750 0.187500
vt 0.484375 0.656250
vt 0.484375 0.625000
vt 0.468750 0.656250
vt 0.468750 0.625000
vt 0.484375 0.156250
vt 0.484375 0.125000
vt 0.468750 0.156250
vt 0.468750 0.125000
vt 0.484375 0.593750
vt 0.484375 0.562500
vt 0.468750 0.593750
vt 0.468750 0.562500
vt 0.484375 0.094039
vt 0.484375 0.064815
vt 0.468750 0.125000
vt 0.468750 0.093895
vt 0.468750 0.062500
vt 0.484375 0.531250
vt 0.484375 0.500000
vt 0.468750 0.531250
vt 0.468750 0.500000
vt 0.492187 0.968750
vt 0.484375 0.957899
vt 0.484375 1.000000
vt 0.476562 0.968750
vt 0.484375 0.935185
vt 0.484375 0.000000
vt 0.492188 0.031250
vt 0.484375 0.042101
vt 0.476562 0.031250
vt 0.484375 0.064815
vt 0.484375 0.064815
vt 0.484375 0.468750
vt 0.468750 0.468750
vt 0.453125 0.656250
vt 0.453125 0.625000
vt 0.453125 0.687500
vt 0.437500 0.687500
vt 0.437500 0.656250
vt 0.437500 0.625000
vt 0.453125 0.156250
vt 0.453125 0.125000
vt 0.453125 0.187500
vt 0.437500 0.187500
vt 0.437500 0.156250
vt 0.437500 0.125000
vt 0.453125 0.593750
vt 0.453125 0.562500
vt 0.437500 0.593750
vt 0.437500 0.562500
vt 0.453125 0.094039
vt 0.453125 0.064815
vt 0.453125 0.125000
vt 0.437500 0.125000
vt 0.437500 0.093895
vt 0.437500 0.062500
vt 0.453125 0.531250
vt 0.453125 0.500000
vt 0.437500 0.531250
vt 0.437500 0.500000
vt 0.460938 0.968750
vt 0.453125 0.957899
vt 0.453125 0.935185
vt 0.453125 1.000000
vt 0.445312 0.968750
vt 0.437500 0.937500
vt 0.453125 0.935185
vt 0.445312 0.968750
vt 0.453125 0.000000
vt 0.460938 0.031250
vt 0.453125 0.042101
vt 0.445312 0.031250
vt 0.445312 0.031250
vt 0.453125 0.468750
vt 0.453125 0.437500
vt 0.437500 0.468750
vt 0.437500 0.437500
vt 0.453125 0.905961
vt 0.453125 0.875000
vt 0.437500 0.906105
vt 0.437500 0.875000
vt 0.453125 0.406250
vt 0.453125 0.375000
vt 0.437500 0.406250
vt 0.437500 0.375000
vt 0.453125 0.843750
vt 0.453125 0.812500
vt 0.453125 0.875000
vt 0.437500 0.875000
vt 0.437500 0.843750
vt 0.437500 0.812500
vt 0.453125 0.343750
vt 0.453125 0.312500
vt 0.437500 0.343750
vt 0.437500 0.312500
vt 0.453125 0.781250
vt 0.453125 0.750000
vt 0.437500 0.781250
vt 0.437500 0.750000
vt 0.453125 0.281250
vt 0.453125 0.250000
vt 0.437500 0.281250
vt 0.437500 0.250000
vt 0.453125 0.718750
vt 0.437500 0.718750
vt 0.453125 0.218750
vt 0.437500 0.218750
vt 0.421875 0.406250
vt 0.421875 0.375000
vt 0.421875 0.437500
vt 0.406250 0.437500
vt 0.406250 0.406250
vt 0.406250 0.375000
vt 0.421875 0.843750
vt 0.421875 0.812500
vt 0.421875 0.875000
vt 0.406250 0.875000
vt 0.406250 0.843750
vt 0.406250 0.812500
vt 0.421875 0.343750
vt 0.421875 0.312500
vt 0.406250 0.343750
vt 0.406250 0.312500
vt 0.421875 0.781250
vt 0.421875 0.750000
vt 0.406250 0.781250
vt 0.406250 0.750000
vt 0.421875 0.281250
vt 0.421875 0.250000
vt 0.406250 0.281250
vt 0.406250 0.250000
vt 0.421875 0.718750
vt 0.421875 0.687500
vt 0.406250 0.718750
vt 0.406250 0.687500
vt 0.421875 0.218750
vt 0.421875 0.187500
vt 0.406250 0.218750
vt 0.406250 0.187500
vt 0.421875 0.656250
vt 0.421875 0.625000
vt 0.406250 0.656250
vt 0.406250 0.625000
vt 0.421875 0.156250
vt 0.421875 0.125000
vt 0.406250 0.156250
vt 0.406250 0.125000
vt 0.421875 0.593750
vt 0.421875 0.562500
vt 0.406250 0.593750
vt 0.406250 0.562500
vt 0.421875 0.094039
vt 0.421875 0.064815
vt 0.421875 0.125000
vt 0.406250 0.093895
vt 0.406250 0.062500
vt 0.421875 0.531250
vt 0.421875 0.500000
vt 0.406250 0.531250
vt 0.406250 0.500000
vt 0.429687 0.968750
vt 0.421875 0.957899
vt 0.421875 0.935185
vt 0.421875 1.000000
vt 0.414062 0.968750
vt 0.406250 0.937500
vt 0.421875 0.935185
vt 0.421875 0.000000
vt 0.429687 0.031250
vt 0.421875 0.042101
vt 0.414062 0.031250
vt 0.421875 0.064815
vt 0.421875 0.468750
vt 0.406250 0.468750
vt 0.421875 0.905961
vt 0.421875 0.875000
vt 0.406250 0.906105
vt 0.390625 0.156250
vt 0.390625 0.125000
vt 0.390625 0.187500
vt 0.375000 0.187500
vt 0.375000 0.156250
vt 0.375000 0.125000
vt 0.390625 0.593750
vt 0.390625 0.562500
vt 0.390625 0.625000
vt 0.375000 0.625000
vt 0.375000 0.593750
vt 0.375000 0.562500
vt 0.390625 0.094039
vt 0.390625 0.064815
vt 0.390625 0.125000
vt 0.375000 0.125000
vt 0.375000 0.093895
vt 0.375000 0.062500
vt 0.390625 0.531250
vt 0.390625 0.500000
vt 0.375000 0.531250
vt 0.375000 0.500000
vt 0.398438 0.968750
vt 0.390625 0.957899
vt 0.390625 0.935185
vt 0.390625 1.000000
vt 0.382812 0.968750
vt 0.398437 0.968750
vt 0.375000 0.937500
vt 0.390625 0.935185
vt 0.390625 0.000000
vt 0.398437 0.031250
vt 0.390625 0.042101
vt 0.382812 0.031250
vt 0.398438 0.031250
vt 0.390625 0.064815
vt 0.390625 0.468750
vt 0.390625 0.437500
vt 0.375000 0.468750
vt 0.375000 0.437500
vt 0.390625 0.905961
vt 0.390625 0.875000
vt 0.375000 0.906105
vt 0.375000 0.875000
vt 0.390625 0.406250
vt 0.390625 0.375000
vt 0.375000 0.406250
vt 0.375000 0.375000
vt 0.390625 0.843750
vt 0.390625 0.812500
vt 0.390625 0.875000
vt 0.375000 0.875000
vt 0.375000 0.843750
vt 0.375000 0.812500
vt 0.390625 0.343750
vt 0.390625 0.312500
vt 0.375000 0.343750
vt 0.375000 0.312500
vt 0.390625 0.781250
vt 0.390625 0.750000
vt 0.375000 0.781250
vt 0.375000 0.750000
vt 0.390625 0.281250
vt 0.390625 0.250000
vt 0.375000 0.281250
vt 0.375000 0.250000
vt 0.390625 0.718750
vt 0.390625 0.687500
vt 0.375000 0.718750
vt 0.375000 0.687500
vt 0.390625 0.218750
vt 0.375000 0.218750
vt 0.390625 0.656250
vt 0.375000 0.656250
vt 0.359375 0.843750
vt 0.359375 0.812500
vt 0.359375 0.875000
vt 0.343750 0.875000
vt 0.343750 0.843750
vt 0.343750 0.812500
vt 0.359375 0.343750
vt 0.359375 0.312500
vt 0.359375 0.375000
vt 0.343750 0.375000
vt 0.343750 0.343750
vt 0.343750 0.312500
vt 0.359375 0.781250
vt 0.359375 0.750000
vt 0.343750 0.781250
vt 0.343750 0.750000
vt 0.359375 0.281250
vt 0.359375 0.250000
vt 0.343750 0.281250
vt 0.343750 0.250000
vt 0.359375 0.718750
vt 0.359375 0.687500
vt 0.343750 0.718750
vt 0.343750 0.687500
vt 0.359375 0.218750
vt 0.359375 0.187500
vt 0.343750 0.218750
vt 0.343750 0.187500
vt 0.359375 0.656250
vt 0.359375 0.625000
vt 0.343750 0.656250
vt 0.343750 0.625000
vt 0.359375 0.156250
vt 0.359375 0.125000
vt 0.343750 0.156250
vt 0.343750 0.125000
vt 0.359375 0.593750
vt 0.359375 0.562500
vt 0.343750 0.593750
vt 0.343750 0.562500
vt 0.359375 0.094039
vt 0.359375 0.064815
vt 0.359375 0.125000
vt 0.343750 0.125000
vt 0.343750 0.093895
vt 0.343750 0.062500
vt 0.359375 0.531250
vt 0.359375 0.500000
vt 0.343750 0.531250
vt 0.343750 0.500000
vt 0.367188 0.968750
vt 0.359375 0.957899
vt 0.359375 0.935185
vt 0.359375 1.000000
vt 0.351562 0.968750
vt 0.343750 0.937500
vt 0.359375 0.935185
vt 0.351562 0.968750
vt 0.359375 0.000000
vt 0.367188 0.031250
vt 0.359375 0.042101
vt 0.351562 0.031250
vt 0.359375 0.064815
vt 0.351562 0.031250
vt 0.359375 0.064815
vt 0.359375 0.468750
vt 0.359375 0.437500
vt 0.343750 0.468750
vt 0.343750 0.437500
vt 0.359375 0.905961
vt 0.359375 0.875000
vt 0.343750 0.906105
vt 0.343750 0.875000
vt 0.359375 0.406250
vt 0.343750 0.406250
vt 0.328125 0.593750
vt 0.328125 0.562500
vt 0.328125 0.625000
vt 0.312500 0.625000
vt 0.312500 0.593750
vt 0.312500 0.562500
vt 0.328125 0.094039
vt 0.328125 0.064815
vt 0.328125 0.125000
vt 0.312500 0.125000
vt 0.312500 0.093895
vt 0.312500 0.062500
vt 0.328125 0.531250
vt 0.328125 0.500000
vt 0.312500 0.531250
vt 0.312500 0.500000
vt 0.335937 0.968750
vt 0.328125 0.957899
vt 0.328125 0.935185
vt 0.328125 1.000000
vt 0.320312 0.968750
vt 0.312500 0.937500
vt 0.328125 0.935185
vt 0.328125 0.000000
vt 0.335937 0.031250
vt 0.328125 0.042101
vt 0.320312 0.031250
vt 0.328125 0.064815
vt 0.328125 0.468750
vt 0.328125 0.437500
vt 0.312500 0.468750
vt 0.312500 0.437500
vt 0.328125 0.905961
vt 0.328125 0.875000
vt 0.312500 0.906105
vt 0.312500 0.875000
vt 0.328125 0.406250
vt 0.328125 0.375000
vt 0.312500 0.406250
vt 0.312500 0.375000
vt 0.328125 0.843750
vt 0.328125 0.812500
vt 0.328125 0.875000
vt 0.312500 0.875000
vt 0.312500 0.843750
vt 0.312500 0.812500
vt 0.328125 0.343750
vt 0.328125 0.312500
vt 0.312500 0.343750
vt 0.312500 0.312500
vt 0.328125 0.781250
vt 0.328125 0.750000
vt 0.312500 0.781250
vt 0.312500 0.750000
vt 0.328125 0.281250
vt 0.328125 0.250000
vt 0.312500 0.281250
vt 0.312500 0.250000
vt 0.328125 0.718750
vt 0.328125 0.687500
vt 0.312500 0.718750
vt 0.312500 0.687500
vt 0.328125 0.218750
vt 0.328125 0.187500
vt 0.312500 0.218750
vt 0.312500 0.187500
vt 0.328125 0.656250
vt 0.312500 0.656250
vt 0.328125 0.156250
vt 0.328125 0.125000
vt 0.312500 0.156250
vt 0.312500 0.125000
vt 0.296875 0.343750
vt 0.296875 0.312500
vt 0.296875 0.375000
vt 0.281250 0.375000
vt 0.281250 0.343750
vt 0.281250 0.312500
vt 0.296875 0.781250
vt 0.296875 0.750000
vt 0.296875 0.812500
vt 0.281250 0.812500
vt 0.281250 0.781250
vt 0.281250 0.750000
vt 0.296875 0.281250
vt 0.296875 0.250000
vt 0.281250 0.281250
vt 0.281250 0.250000
vt 0.296875 0.718750
vt 0.296875 0.687500
vt 0.281250 0.718750
vt 0.281250 0.687500
vt 0.296875 0.218750
vt 0.296875 0.187500
vt 0.281250 0.218750
vt 0.281250 0.187500
vt 0.296875 0.656250
vt 0.296875 0.625000
vt 0.281250 0.656250
vt 0.281250 0.625000
vt 0.296875 0.156250
vt 0.296875 0.125000
vt 0.281250 0.156250
vt 0.281250 0.125000
vt 0.296875 0.593750
vt 0.296875 0.562500
vt 0.281250 0.593750
vt 0.281250 0.562500
vt 0.296875 0.094039
vt 0.296875 0.064815
vt 0.281250 0.125000
vt 0.281250 0.093895
vt 0.281250 0.062500
vt 0.296875 0.531250
vt 0.296875 0.500000
vt 0.281250 0.531250
vt 0.281250 0.500000
vt 0.304688 0.968750
vt 0.296875 0.957899
vt 0.296875 0.935185
vt 0.296875 1.000000
vt 0.289062 0.968750
vt 0.281250 0.937500
vt 0.296875 0.935185
vt 0.296875 0.000000
vt 0.304688 0.031250
vt 0.296875 0.042101
vt 0.289063 0.031250
vt 0.296875 0.064815
vt 0.304688 0.031250
vt 0.289063 0.031250
vt 0.296875 0.468750
vt 0.296875 0.437500
vt 0.281250 0.468750
vt 0.281250 0.437500
vt 0.296875 0.905961
vt 0.296875 0.875000
vt 0.281250 0.906105
vt 0.281250 0.875000
vt 0.296875 0.406250
vt 0.281250 0.406250
vt 0.296875 0.843750
vt 0.296875 0.875000
vt 0.281250 0.875000
vt 0.281250 0.843750
vt 0.265625 0.094039
vt 0.265625 0.064815
vt 0.265625 0.125000
vt 0.250000 0.125000
vt 0.250000 0.093895
vt 0.250000 0.062500
vt 0.265625 0.531250
vt 0.265625 0.500000
vt 0.265625 0.562500
vt 0.250000 0.562500
vt 0.250000 0.531250
vt 0.250000 0.500000
vt 0.273438 0.968750
vt 0.265625 0.957899
vt 0.265625 0.935185
vt 0.265625 1.000000
vt 0.257813 0.968750
vt 0.250000 0.937500
vt 0.265625 0.935185
vt 0.265625 0.000000
vt 0.273438 0.031250
vt 0.265625 0.042101
vt 0.257813 0.031250
vt 0.265625 0.468750
vt 0.265625 0.437500
vt 0.250000 0.468750
vt 0.250000 0.437500
vt 0.265625 0.905961
vt 0.265625 0.875000
vt 0.250000 0.906105
vt 0.250000 0.875000
vt 0.265625 0.406250
vt 0.265625 0.375000
vt 0.250000 0.406250
vt 0.250000 0.375000
vt 0.265625 0.843750
vt 0.265625 0.812500
vt 0.265625 0.875000
vt 0.250000 0.875000
vt 0.250000 0.843750
vt 0.250000 0.812500
vt 0.265625 0.343750
vt 0.265625 0.312500
vt 0.250000 0.343750
vt 0.250000 0.312500
vt 0.265625 0.781250
vt 0.265625 0.750000
vt 0.250000 0.781250
vt 0.250000 0.750000
vt 0.265625 0.281250
vt 0.265625 0.250000
vt 0.250000 0.281250
vt 0.250000 0.250000
vt 0.265625 0.718750
vt 0.265625 0.687500
vt 0.250000 0.718750
vt 0.250000 0.687500
vt 0.265625 0.218750
vt 0.265625 0.187500
vt 0.250000 0.218750
vt 0.250000 0.187500
vt 0.265625 0.656250
vt 0.265625 0.625000
vt 0.250000 0.656250
vt 0.250000 0.625000
vt 0.265625 0.156250
vt 0.265625 0.125000
vt 0.250000 0.156250
vt 0.250000 0.125000
vt 0.265625 0.593750
vt 0.250000 0.593750
vt 0.234375 0.281250
vt 0.234375 0.250000
vt 0.234375 0.312500
vt 0.218750 0.312500
vt 0.218750 0.281250
vt 0.218750 0.250000
vt 0.234375 0.718750
vt 0.234375 0.687500
vt 0.234375 0.750000
vt 0.218750 0.750000
vt 0.218750 0.718750
vt 0.218750 0.687500
vt 0.234375 0.218750
vt 0.234375 0.187500
vt 0.218750 0.218750
vt 0.218750 0.187500
vt 0.234375 0.656250
vt 0.234375 0.625000
vt 0.218750 0.656250
vt 0.218750 0.625000
vt 0.234375 0.156250
vt 0.234375 0.125000
vt 0.218750 0.156250
vt 0.218750 0.125000
vt 0.234375 0.593750
vt 0.234375 0.562500
vt 0.218750 0.593750
vt 0.218750 0.562500
vt 0.234375 0.094039
vt 0.234375 0.064815
vt 0.234375 0.125000
vt 0.218750 0.125000
vt 0.218750 0.093895
vt 0.218750 0.062500
vt 0.234375 0.531250
vt 0.234375 0.500000
vt 0.218750 0.531250
vt 0.218750 0.500000
vt 0.242188 0.968750
vt 0.234375 0.957899
vt 0.234375 0.935185
vt 0.234375 1.000000
vt 0.226563 0.968750
vt 0.218750 0.937500
vt 0.234375 0.935185
vt 0.234375 0.000000
vt 0.242188 0.031250
vt 0.234375 0.042101
vt 0.226563 0.031250
vt 0.234375 0.064815
vt 0.234375 0.468750
vt 0.234375 0.437500
vt 0.218750 0.468750
vt 0.218750 0.437500
vt 0.234375 0.905961
vt 0.234375 0.875000
vt 0.218750 0.906105
vt 0.218750 0.875000
vt 0.234375 0.406250
vt 0.234375 0.375000
vt 0.218750 0.406250
vt 0.218750 0.375000
vt 0.234375 0.843750
vt 0.234375 0.812500
vt 0.234375 0.875000
vt 0.218750 0.875000
vt 0.218750 0.843750
vt 0.218750 0.812500
vt 0.234375 0.343750
vt 0.218750 0.343750
vt 0.234375 0.781250
vt 0.218750 0.781250
vt 0.210938 0.968750
vt 0.203125 0.957899
vt 0.203125 0.935185
vt 0.203125 1.000000
vt 0.195313 0.968750
vt 0.187500 0.937500
vt 0.203125 0.935185
vt 0.195313 0.968750
vt 0.203125 0.000000
vt 0.210938 0.031250
vt 0.203125 0.042101
vt 0.195313 0.031250
vt 0.203125 0.064815
vt 0.187500 0.062500
vt 0.195313 0.031250
vt 0.203125 0.468750
vt 0.203125 0.437500
vt 0.203125 0.500000
vt 0.187500 0.500000
vt 0.187500 0.468750
vt 0.187500 0.437500
vt 0.203125 0.905961
vt 0.203125 0.875000
vt 0.187500 0.906105
vt 0.187500 0.875000
vt 0.203125 0.406250
vt 0.203125 0.375000
vt 0.187500 0.406250
vt 0.187500 0.375000
vt 0.203125 0.843750
vt 0.203125 0.812500
vt 0.203125 0.875000
vt 0.187500 0.875000
vt 0.187500 0.843750
vt 0.187500 0.812500
vt 0.203125 0.343750
vt 0.203125 0.312500
vt 0.187500 0.343750
vt 0.187500 0.312500
vt 0.203125 0.781250
vt 0.203125 0.750000
vt 0.187500 0.781250
vt 0.187500 0.750000
vt 0.203125 0.281250
vt 0.203125 0.250000
vt 0.187500 0.281250
vt 0.187500 0.250000
vt 0.203125 0.718750
vt 0.203125 0.687500
vt 0.187500 0.718750
vt 0.187500 0.687500
vt 0.203125 0.218750
vt 0.203125 0.187500
vt 0.187500 0.218750
vt 0.187500 0.187500
vt 0.203125 0.656250
vt 0.203125 0.625000
vt 0.187500 0.656250
vt 0.187500 0.625000
vt 0.203125 0.156250
vt 0.203125 0.125000
vt 0.187500 0.156250
vt 0.187500 0.125000
vt 0.203125 0.593750
vt 0.203125 0.562500
vt 0.187500 0.593750
vt 0.187500 0.562500
vt 0.203125 0.094039
vt 0.203125 0.064815
vt 0.203125 0.125000
vt 0.187500 0.093895
vt 0.203125 0.531250
vt 0.187500 0.531250
vt 0.171875 0.718750
vt 0.171875 0.687500
vt 0.171875 0.750000
vt 0.156250 0.750000
vt 0.156250 0.718750
vt 0.156250 0.687500
vt 0.171875 0.218750
vt 0.171875 0.187500
vt 0.171875 0.250000
vt 0.156250 0.250000
vt 0.156250 0.218750
vt 0.156250 0.187500
vt 0.171875 0.656250
vt 0.171875 0.625000
vt 0.156250 0.656250
vt 0.156250 0.625000
vt 0.171875 0.156250
vt 0.171875 0.125000
vt 0.156250 0.156250
vt 0.156250 0.125000
vt 0.171875 0.593750
vt 0.171875 0.562500
vt 0.156250 0.593750
vt 0.156250 0.562500
vt 0.171875 0.094039
vt 0.171875 0.064815
vt 0.171875 0.125000
vt 0.156250 0.093895
vt 0.156250 0.062500
vt 0.171875 0.531250
vt 0.171875 0.500000
vt 0.156250 0.531250
vt 0.156250 0.500000
vt 0.179688 0.968750
vt 0.171875 0.957899
vt 0.171875 0.935185
vt 0.171875 1.000000
vt 0.164063 0.968750
vt 0.156250 0.937500
vt 0.171875 0.935185
vt 0.171875 0.000000
vt 0.179688 0.031250
vt 0.171875 0.042101
vt 0.164063 0.031250
vt 0.179688 0.031250
vt 0.164063 0.031250
vt 0.171875 0.468750
vt 0.171875 0.437500
vt 0.156250 0.468750
vt 0.156250 0.437500
vt 0.171875 0.905961
vt 0.171875 0.875000
vt 0.156250 0.906105
vt 0.156250 0.875000
vt 0.171875 0.406250
vt 0.171875 0.375000
vt 0.156250 0.406250
vt 0.156250 0.375000
vt 0.171875 0.843750
vt 0.171875 0.812500
vt 0.171875 0.875000
vt 0.156250 0.843750
vt 0.156250 0.812500
vt 0.171875 0.343750
vt 0.171875 0.312500
vt 0.156250 0.343750
vt 0.156250 0.312500
vt 0.171875 0.781250
vt 0.156250 0.781250
vt 0.171875 0.281250
vt 0.156250 0.281250
vt 0.140625 0.468750
vt 0.140625 0.437500
vt 0.140625 0.500000
vt 0.125000 0.500000
vt 0.125000 0.468750
vt 0.125000 0.437500
vt 0.140625 0.905961
vt 0.140625 0.875000
vt 0.140625 0.935185
vt 0.125000 0.937500
vt 0.125000 0.906105
vt 0.125000 0.875000
vt 0.140625 0.406250
vt 0.140625 0.375000
vt 0.125000 0.406250
vt 0.125000 0.375000
vt 0.140625 0.843750
vt 0.140625 0.812500
vt 0.140625 0.875000
vt 0.125000 0.875000
vt 0.125000 0.843750
vt 0.125000 0.812500
vt 0.140625 0.343750
vt 0.140625 0.312500
vt 0.125000 0.343750
vt 0.125000 0.312500
vt 0.140625 0.781250
vt 0.140625 0.750000
vt 0.125000 0.781250
vt 0.125000 0.750000
vt 0.140625 0.281250
vt 0.140625 0.250000
vt 0.125000 0.281250
vt 0.125000 0.250000
vt 0.140625 0.718750
vt 0.140625 0.687500
vt 0.125000 0.718750
vt 0.125000 0.687500
vt 0.140625 0.218750
vt 0.140625 0.187500
vt 0.125000 0.218750
vt 0.125000 0.187500
vt 0.140625 0.656250
vt 0.140625 0.625000
vt 0.125000 0.656250
vt 0.125000 0.625000
vt 0.140625 0.156250
vt 0.140625 0.125000
vt 0.125000 0.156250
vt 0.125000 0.125000
vt 0.140625 0.593750
vt 0.140625 0.562500
vt 0.125000 0.593750
vt 0.125000 0.562500
vt 0.140625 0.094039
vt 0.140625 0.064815
vt 0.140625 0.125000
vt 0.125000 0.093895
vt 0.125000 0.062500
vt 0.140625 0.531250
vt 0.125000 0.531250
vt 0.148438 0.968750
vt 0.140625 0.957899
vt 0.140625 1.000000
vt 0.132813 0.968750
vt 0.148438 0.968750
vt 0.140625 0.935185
vt 0.140625 0.000000
vt 0.148438 0.031250
vt 0.140625 0.042101
vt 0.132813 0.031250
vt 0.140625 0.064815
vt 0.148438 0.031250
vt 0.140625 0.064815
vt 0.109375 0.218750
vt 0.109375 0.187500
vt 0.109375 0.250000
vt 0.093750 0.250000
vt 0.093750 0.218750
vt 0.093750 0.187500
vt 0.109375 0.656250
vt 0.109375 0.625000
vt 0.109375 0.687500
vt 0.093750 0.687500
vt 0.093750 0.656250
vt 0.093750 0.625000
vt 0.109375 0.156250
vt 0.109375 0.125000
vt 0.093750 0.156250
vt 0.093750 0.125000
vt 0.109375 0.593750
vt 0.109375 0.562500
vt 0.093750 0.593750
vt 0.093750 0.562500
vt 0.109375 0.094039
vt 0.109375 0.064815
vt 0.109375 0.125000
vt 0.093750 0.093895
vt 0.093750 0.062500
vt 0.109375 0.531250
vt 0.109375 0.500000
vt 0.093750 0.531250
vt 0.093750 0.500000
vt 0.117188 0.968750
vt 0.109375 0.957899
vt 0.109375 0.935185
vt 0.109375 1.000000
vt 0.101563 0.968750
vt 0.093750 0.937500
vt 0.109375 0.935185
vt 0.109375 0.000000
vt 0.117188 0.031250
vt 0.109375 0.042101
vt 0.101563 0.031250
vt 0.109375 0.064815
vt 0.109375 0.468750
vt 0.109375 0.437500
vt 0.093750 0.468750
vt 0.093750 0.437500
vt 0.109375 0.905961
vt 0.109375 0.875000
vt 0.093750 0.906105
vt 0.093750 0.875000
vt 0.109375 0.406250
vt 0.109375 0.375000
vt 0.093750 0.406250
vt 0.093750 0.375000
vt 0.109375 0.843750
vt 0.109375 0.812500
vt 0.109375 0.875000
vt 0.093750 0.875000
vt 0.093750 0.843750
vt 0.093750 0.812500
vt 0.109375 0.343750
vt 0.109375 0.312500
vt 0.093750 0.343750
vt 0.093750 0.312500
vt 0.109375 0.781250
vt 0.109375 0.750000
vt 0.093750 0.781250
vt 0.093750 0.750000
vt 0.109375 0.281250
vt 0.093750 0.281250
vt 0.109375 0.718750
vt 0.093750 0.718750
vt 0.078125 0.905961
vt 0.078125 0.875000
vt 0.078125 0.935185
vt 0.062500 0.937500
vt 0.062500 0.906105
vt 0.062500 0.875000
vt 0.078125 0.406250
vt 0.078125 0.375000
vt 0.078125 0.437500
vt 0.062500 0.437500
vt 0.062500 0.406250
vt 0.062500 0.375000
vt 0.078125 0.843750
vt 0.078125 0.812500
vt 0.078125 0.875000
vt 0.062500 0.875000
vt 0.062500 0.843750
vt 0.062500 0.812500
vt 0.078125 0.343750
vt 0.078125 0.312500
vt 0.062500 0.343750
vt 0.062500 0.312500
vt 0.078125 0.781250
vt 0.078125 0.750000
vt 0.062500 0.781250
vt 0.062500 0.750000
vt 0.078125 0.281250
vt 0.078125 0.250000
vt 0.062500 0.281250
vt 0.062500 0.250000
vt 0.078125 0.718750
vt 0.078125 0.687500
vt 0.062500 0.718750
vt 0.062500 0.687500
vt 0.078125 0.218750
vt 0.078125 0.187500
vt 0.062500 0.218750
vt 0.062500 0.187500
vt 0.078125 0.656250
vt 0.078125 0.625000
vt 0.062500 0.656250
vt 0.062500 0.625000
vt 0.078125 0.156250
vt 0.078125 0.125000
vt 0.062500 0.156250
vt 0.062500 0.125000
vt 0.078125 0.593750
vt 0.078125 0.562500
vt 0.062500 0.593750
vt 0.062500 0.562500
vt 0.078125 0.094039
vt 0.078125 0.064815
vt 0.078125 0.125000
vt 0.062500 0.125000
vt 0.062500 0.093895
vt 0.062500 0.062500
vt 0.078125 0.531250
vt 0.078125 0.500000
vt 0.062500 0.531250
vt 0.062500 0.500000
vt 0.085938 0.968750
vt 0.078125 0.957899
vt 0.078125 1.000000
vt 0.070313 0.968750
vt 0.078125 0.935185
vt 0.070313 0.968750
vt 0.078125 0.000000
vt 0.085938 0.031250
vt 0.078125 0.042101
vt 0.070313 0.031250
vt 0.078125 0.064815
vt 0.070313 0.031250
vt 0.078125 0.064815
vt 0.078125 0.468750
vt 0.062500 0.468750
vt 0.046875 0.656250
vt 0.046875 0.625000
vt 0.046875 0.687500
vt 0.031250 0.687500
vt 0.031250 0.656250
vt 0.031250 0.625000
vt 0.046875 0.156250
vt 0.046875 0.125000
vt 0.046875 0.187500
vt 0.031250 0.187500
vt 0.031250 0.156250
vt 0.031250 0.125000
vt 0.046875 0.593750
vt 0.046875 0.562500
vt 0.031250 0.593750
vt 0.031250 0.562500
vt 0.046875 0.094039
vt 0.046875 0.064815
vt 0.046875 0.125000
vt 0.031250 0.125000
vt 0.031250 0.093895
vt 0.031250 0.062500
vt 0.046875 0.531250
vt 0.046875 0.500000
vt 0.031250 0.531250
vt 0.031250 0.500000
vt 0.054688 0.968750
vt 0.046875 0.957899
vt 0.046875 0.935185
vt 0.046875 1.000000
vt 0.039063 0.968750
vt 0.054688 0.968750
vt 0.031250 0.937500
vt 0.046875 0.935185
vt 0.039063 0.968750
vt 0.046875 0.000000
vt 0.054688 0.031250
vt 0.046875 0.042101
vt 0.039063 0.031250
vt 0.054688 0.031250
vt 0.039063 0.031250
vt 0.046875 0.064815
vt 0.046875 0.468750
vt 0.046875 0.437500
vt 0.031250 0.468750
vt 0.031250 0.437500
vt 0.046875 0.905961
vt 0.046875 0.875000
vt 0.031250 0.906105
vt 0.031250 0.875000
vt 0.046875 0.406250
vt 0.046875 0.375000
vt 0.031250 0.406250
vt 0.031250 0.375000
vt 0.046875 0.843750
vt 0.046875 0.812500
vt 0.046875 0.875000
vt 0.031250 0.875000
vt 0.031250 0.843750
vt 0.031250 0.812500
vt 0.046875 0.343750
vt 0.046875 0.312500
vt 0.031250 0.343750
vt 0.031250 0.312500
vt 0.046875 0.781250
vt 0.046875 0.750000
vt 0.031250 0.781250
vt 0.031250 0.750000
vt 0.046875 0.281250
vt 0.046875 0.250000
vt 0.031250 0.281250
vt 0.031250 0.250000
vt 0.046875 0.718750
vt 0.031250 0.718750
vt 0.046875 0.218750
vt 0.031250 0.218750
vt 0.015625 0.406250
vt 0.015625 0.375000
vt 0.031250 0.437500
vt 0.015625 0.437500
vt 0.000000 0.437500
vt 0.000000 0.406250
vt 0.000000 0.375000
vt 0.031250 0.812500
vt 0.031250 0.843750
vt 0.015625 0.843750
vt 0.015625 0.812500
vt 0.015625 0.875000
vt 0.000000 0.875000
vt 0.000000 0.843750
vt 0.000000 0.812500
vt 0.031250 0.312500
vt 0.031250 0.343750
vt 0.015625 0.343750
vt 0.015625 0.312500
vt 0.000000 0.343750
vt 0.000000 0.312500
vt 0.031250 0.750000
vt 0.015625 0.781250
vt 0.015625 0.750000
vt 0.000000 0.781250
vt 0.000000 0.750000
vt 0.031250 0.250000
vt 0.031250 0.281250
vt 0.015625 0.281250
vt 0.015625 0.250000
vt 0.000000 0.281250
vt 0.000000 0.250000
vt 0.031250 0.687500
vt 0.031250 0.718750
vt 0.015625 0.718750
vt 0.015625 0.687500
vt 0.000000 0.718750
vt 0.000000 0.687500
vt 0.031250 0.187500
vt 0.015625 0.218750
vt 0.015625 0.187500
vt 0.000000 0.218750
vt 0.000000 0.187500
vt 0.031250 0.625000
vt 0.031250 0.656250
vt 0.015625 0.656250
vt 0.015625 0.625000
vt 0.000000 0.656250
vt 0.000000 0.625000
vt 0.031250 0.156250
vt 0.015625 0.156250
vt 0.015625 0.125000
vt 0.000000 0.156250
vt 0.000000 0.125000
vt 0.031250 0.562500
vt 0.031250 0.593750
vt 0.015625 0.593750
vt 0.015625 0.562500
vt 0.000000 0.593750
vt 0.000000 0.562500
vt 0.015625 0.094039
vt 0.015625 0.064815
vt 0.000000 0.093750
vt 0.000000 0.062500
vt 0.031250 0.500000
vt 0.015625 0.531250
vt 0.015625 0.500000
vt 0.000000 0.531250
vt 0.000000 0.500000
vt 0.023438 0.968750
vt 0.015625 0.957899
vt 0.015625 0.935185
vt 0.015625 1.000000
vt 0.007813 0.968750
vt 0.000000 0.937500
vt 0.015625 0.935185
vt 0.015625 0.000000
vt 0.023438 0.031250
vt 0.015625 0.042101
vt 0.007813 0.031250
vt 0.015625 0.064815
vt 0.031250 0.468750
vt 0.015625 0.468750
vt 0.000000 0.468750
vt 0.015625 0.905961
vt 0.000000 0.906250
vt 1.000000 0.125000
vt 1.000000 0.156250
vt 0.984375 0.156250
vt 0.984375 0.125000
vt 1.000000 0.187500
vt 0.984375 0.187500
vt 0.968750 0.187500
vt 0.968750 0.156250
vt 0.968750 0.125000
vt 1.000000 0.562500
vt 1.000000 0.593750
vt 0.984375 0.593750
vt 0.984375 0.562500
vt 1.000000 0.625000
vt 0.984375 0.625000
vt 0.968750 0.625000
vt 0.968750 0.593750
vt 0.968750 0.562500
vt 1.000000 0.062500
vt 1.000000 0.093750
vt 0.984375 0.094039
vt 0.984375 0.064815
vt 0.968750 0.093895
vt 0.968750 0.062500
vt 1.000000 0.500000
vt 1.000000 0.531250
vt 0.984375 0.531250
vt 0.984375 0.500000
vt 0.968750 0.531250
vt 0.968750 0.500000
vt 1.000000 0.937500
vt 0.992188 0.968750
vt 0.984375 0.957899
vt 0.984375 0.935185
vt 0.984375 1.000000
vt 0.976563 0.968750
vt 0.968750 0.937500
vt 0.984375 0.935185
vt 0.984375 0.000000
vt 0.992188 0.031250
vt 0.984375 0.042101
vt 0.976563 0.031250
vt 0.984375 0.064815
vt 1.000000 0.437500
vt 1.000000 0.468750
vt 0.984375 0.468750
vt 0.984375 0.437500
vt 0.968750 0.468750
vt 0.968750 0.437500
vt 1.000000 0.875000
vt 1.000000 0.906250
vt 0.984375 0.905961
vt 0.984375 0.875000
vt 0.968750 0.906105
vt 0.968750 0.875000
vt 1.000000 0.375000
vt 1.000000 0.406250
vt 0.984375 0.406250
vt 0.984375 0.375000
vt 0.968750 0.406250
vt 0.968750 0.375000
vt 1.000000 0.812500
vt 1.000000 0.843750
vt 0.984375 0.843750
vt 0.984375 0.812500
vt 0.968750 0.843750
vt 0.968750 0.812500
vt 1.000000 0.312500
vt 1.000000 0.343750
vt 0.984375 0.343750
vt 0.984375 0.312500
vt 0.968750 0.343750
vt 0.968750 0.312500
vt 1.000000 0.750000
vt 1.000000 0.781250
vt 0.984375 0.781250
vt 0.984375 0.750000
vt 0.968750 0.781250
vt 0.968750 0.750000
vt 1.000000 0.250000
vt 1.000000 0.281250
vt 0.984375 0.281250
vt 0.984375 0.250000
vt 0.968750 0.281250
vt 0.968750 0.250000
vt 1.000000 0.687500
vt 1.000000 0.718750
vt 0.984375 0.718750
vt 0.984375 0.687500
vt 0.968750 0.718750
vt 0.968750 0.687500
vt 1.000000 0.218750
vt 0.984375 0.218750
vt 0.968750 0.218750
vt 1.000000 0.656250
vt 0.984375 0.656250
vt 0.968750 0.656250
vt 0.968750 0.312500
vt 0.968750 0.343750
vt 0.953125 0.343750
vt 0.953125 0.312500
vt 0.968750 0.375000
vt 0.953125 0.375000
vt 0.937500 0.375000
vt 0.937500 0.343750
vt 0.937500 0.312500
vt 0.968750 0.750000
vt 0.968750 0.781250
vt 0.953125 0.781250
vt 0.953125 0.750000
vt 0.968750 0.812500
vt 0.953125 0.812500
vt 0.937500 0.812500
vt 0.937500 0.781250
vt 0.937500 0.750000
vt 0.968750 0.250000
vt 0.968750 0.281250
vt 0.953125 0.281250
vt 0.953125 0.250000
vt 0.937500 0.281250
vt 0.937500 0.250000
vt 0.968750 0.687500
vt 0.968750 0.718750
vt 0.953125 0.718750
vt 0.953125 0.687500
vt 0.937500 0.718750
vt 0.937500 0.687500
vt 0.968750 0.187500
vt 0.968750 0.218750
vt 0.953125 0.218750
vt 0.953125 0.187500
vt 0.937500 0.218750
vt 0.937500 0.187500
vt 0.968750 0.625000
vt 0.968750 0.656250
vt 0.953125 0.656250
vt 0.953125 0.625000
vt 0.937500 0.656250
vt 0.937500 0.625000
vt 0.968750 0.125000
vt 0.968750 0.156250
vt 0.953125 0.156250
vt 0.953125 0.125000
vt 0.937500 0.156250
vt 0.937500 0.125000
vt 0.968750 0.562500
vt 0.968750 0.593750
vt 0.953125 0.593750
vt 0.953125 0.562500
vt 0.937500 0.593750
vt 0.937500 0.562500
vt 0.953125 0.094039
vt 0.953125 0.064815
vt 0.953125 0.125000
vt 0.937500 0.125000
vt 0.937500 0.093895
vt 0.937500 0.062500
vt 0.968750 0.500000
vt 0.968750 0.531250
vt 0.953125 0.531250
vt 0.953125 0.500000
vt 0.937500 0.531250
vt 0.937500 0.500000
vt 0.960938 0.968750
vt 0.953125 0.957899
vt 0.953125 0.935185
vt 0.953125 1.000000
vt 0.945313 0.968750
vt 0.937500 0.937500
vt 0.953125 0.935185
vt 0.953125 0.000000
vt 0.960938 0.031250
vt 0.953125 0.042101
vt 0.945313 0.031250
vt 0.945313 0.031250
vt 0.953125 0.064815
vt 0.968750 0.437500
vt 0.968750 0.468750
vt 0.953125 0.468750
vt 0.953125 0.437500
vt 0.937500 0.468750
vt 0.937500 0.437500
vt 0.953125 0.905961
vt 0.953125 0.875000
vt 0.937500 0.906105
vt 0.937500 0.875000
vt 0.968750 0.406250
vt 0.953125 0.406250
vt 0.937500 0.406250
vt 0.968750 0.843750
vt 0.953125 0.843750
vt 0.968750 0.875000
vt 0.937500 0.843750
vt 0.921875 0.094039
vt 0.921875 0.064815
vt 0.921875 0.125000
vt 0.906250 0.125000
vt 0.906250 0.093895
vt 0.906250 0.062500
vt 0.921875 0.531250
vt 0.921875 0.500000
vt 0.921875 0.562500
vt 0.906250 0.562500
vt 0.906250 0.531250
vt 0.906250 0.500000
vt 0.929688 0.968750
vt 0.921875 0.957899
vt 0.921875 0.935185
vt 0.921875 1.000000
vt 0.914063 0.968750
vt 0.906250 0.937500
vt 0.921875 0.935185
vt 0.921875 0.000000
vt 0.929688 0.031250
vt 0.921875 0.042101
vt 0.914063 0.031250
vt 0.921875 0.064815
vt 0.921875 0.468750
vt 0.921875 0.437500
vt 0.906250 0.468750
vt 0.906250 0.437500
vt 0.921875 0.905961
vt 0.921875 0.875000
vt 0.906250 0.906105
vt 0.906250 0.875000
vt 0.921875 0.406250
vt 0.921875 0.375000
vt 0.906250 0.406250
vt 0.906250 0.375000
vt 0.921875 0.843750
vt 0.921875 0.812500
vt 0.921875 0.875000
vt 0.906250 0.875000
vt 0.906250 0.843750
vt 0.906250 0.812500
vt 0.921875 0.343750
vt 0.921875 0.312500
vt 0.906250 0.343750
vt 0.906250 0.312500
vt 0.921875 0.781250
vt 0.921875 0.750000
vt 0.906250 0.781250
vt 0.906250 0.750000
vt 0.921875 0.281250
vt 0.921875 0.250000
vt 0.906250 0.281250
vt 0.906250 0.250000
vt 0.921875 0.718750
vt 0.921875 0.687500
vt 0.906250 0.718750
vt 0.906250 0.687500
vt 0.921875 0.218750
vt 0.921875 0.187500
vt 0.906250 0.218750
vt 0.906250 0.187500
vt 0.921875 0.656250
vt 0.921875 0.625000
vt 0.906250 0.656250
vt 0.906250 0.625000
vt 0.921875 0.156250
vt 0.921875 0.125000
vt 0.906250 0.156250
vt 0.906250 0.125000
vt 0.921875 0.593750
vt 0.906250 0.593750
vt 0.890625 0.781250
vt 0.890625 0.750000
vt 0.890625 0.812500
vt 0.875000 0.812500
vt 0.875000 0.781250
vt 0.875000 0.750000
vt 0.890625 0.281250
vt 0.890625 0.250000
vt 0.890625 0.312500
vt 0.875000 0.312500
vt 0.875000 0.281250
vt 0.875000 0.250000
vt 0.890625 0.718750
vt 0.890625 0.687500
vt 0.875000 0.718750
vt 0.875000 0.687500
vt 0.890625 0.218750
vt 0.890625 0.187500
vt 0.875000 0.218750
vt 0.875000 0.187500
vt 0.890625 0.656250
vt 0.890625 0.625000
vt 0.875000 0.656250
vt 0.875000 0.625000
vt 0.890625 0.156250
vt 0.890625 0.125000
vt 0.875000 0.156250
vt 0.875000 0.125000
vt 0.890625 0.593750
vt 0.890625 0.562500
vt 0.875000 0.593750
vt 0.875000 0.562500
vt 0.890625 0.094039
vt 0.890625 0.064815
vt 0.890625 0.125000
vt 0.875000 0.093895
vt 0.875000 0.062500
vt 0.890625 0.531250
vt 0.890625 0.500000
vt 0.875000 0.531250
vt 0.875000 0.500000
vt 0.898438 0.968750
vt 0.890625 0.957899
vt 0.890625 0.935185
vt 0.890625 1.000000
vt 0.882813 0.968750
vt 0.875000 0.937500
vt 0.890625 0.935185
vt 0.890625 0.000000
vt 0.898438 0.031250
vt 0.890625 0.042101
vt 0.882813 0.031250
vt 0.890625 0.468750
vt 0.890625 0.437500
vt 0.875000 0.468750
vt 0.875000 0.437500
vt 0.890625 0.905961
vt 0.890625 0.875000
vt 0.875000 0.906105
vt 0.875000 0.875000
vt 0.890625 0.406250
vt 0.890625 0.375000
vt 0.875000 0.406250
vt 0.875000 0.375000
vt 0.890625 0.843750
vt 0.890625 0.875000
vt 0.875000 0.843750
vt 0.890625 0.343750
vt 0.875000 0.343750
vt 0.859375 0.531250
vt 0.859375 0.500000
vt 0.859375 0.562500
vt 0.843750 0.562500
vt 0.843750 0.531250
vt 0.843750 0.500000
vt 0.867188 0.968750
vt 0.859375 0.957899
vt 0.859375 0.935185
vt 0.859375 1.000000
vt 0.851563 0.968750
vt 0.843750 0.937500
vt 0.859375 0.935185
vt 0.851563 0.968750
vt 0.859375 0.000000
vt 0.867188 0.031250
vt 0.859375 0.042101
vt 0.851563 0.031250
vt 0.859375 0.064815
vt 0.867188 0.031250
vt 0.843750 0.062500
vt 0.859375 0.468750
vt 0.859375 0.437500
vt 0.843750 0.468750
vt 0.843750 0.437500
vt 0.859375 0.905961
vt 0.859375 0.875000
vt 0.843750 0.906105
vt 0.843750 0.875000
vt 0.859375 0.406250
vt 0.859375 0.375000
vt 0.843750 0.406250
vt 0.843750 0.375000
vt 0.859375 0.843750
vt 0.859375 0.812500
vt 0.859375 0.875000
vt 0.843750 0.875000
vt 0.843750 0.843750
vt 0.843750 0.812500
vt 0.859375 0.343750
vt 0.859375 0.312500
vt 0.843750 0.343750
vt 0.843750 0.312500
vt 0.859375 0.781250
vt 0.859375 0.750000
vt 0.843750 0.781250
vt 0.843750 0.750000
vt 0.859375 0.281250
vt 0.859375 0.250000
vt 0.843750 0.281250
vt 0.843750 0.250000
vt 0.859375 0.718750
vt 0.859375 0.687500
vt 0.843750 0.718750
vt 0.843750 0.687500
vt 0.859375 0.218750
vt 0.859375 0.187500
vt 0.843750 0.218750
vt 0.843750 0.187500
vt 0.859375 0.656250
vt 0.859375 0.625000
vt 0.843750 0.656250
vt 0.843750 0.625000
vt 0.859375 0.156250
vt 0.859375 0.125000
vt 0.843750 0.156250
vt 0.843750 0.125000
vt 0.859375 0.593750
vt 0.843750 0.593750
vt 0.859375 0.094039
vt 0.859375 0.064815
vt 0.859375 0.125000
vt 0.843750 0.125000
vt 0.843750 0.093895
vt 0.828125 0.281250
vt 0.828125 0.250000
vt 0.828125 0.312500
vt 0.812500 0.312500
vt 0.812500 0.281250
vt 0.812500 0.250000
vt 0.828125 0.718750
vt 0.828125 0.687500
vt 0.828125 0.750000
vt 0.812500 0.750000
vt 0.812500 0.718750
vt 0.812500 0.687500
vt 0.828125 0.218750
vt 0.828125 0.187500
vt 0.812500 0.218750
vt 0.812500 0.187500
vt 0.828125 0.656250
vt 0.828125 0.625000
vt 0.812500 0.656250
vt 0.812500 0.625000
vt 0.828125 0.156250
vt 0.828125 0.125000
vt 0.812500 0.156250
vt 0.812500 0.125000
vt 0.828125 0.593750
vt 0.828125 0.562500
vt 0.812500 0.593750
vt 0.812500 0.562500
vt 0.828125 0.094039
vt 0.828125 0.064815
vt 0.828125 0.125000
vt 0.812500 0.125000
vt 0.812500 0.093895
vt 0.812500 0.062500
vt 0.828125 0.531250
vt 0.828125 0.500000
vt 0.812500 0.531250
vt 0.812500 0.500000
vt 0.835938 0.968750
vt 0.828125 0.957899
vt 0.828125 0.935185
vt 0.828125 1.000000
vt 0.820313 0.968750
vt 0.812500 0.937500
vt 0.828125 0.935185
vt 0.820313 0.968750
vt 0.828125 0.000000
vt 0.835938 0.031250
vt 0.828125 0.042101
vt 0.820313 0.031250
vt 0.820313 0.031250
vt 0.828125 0.064815
vt 0.828125 0.468750
vt 0.828125 0.437500
vt 0.812500 0.468750
vt 0.812500 0.437500
vt 0.828125 0.905961
vt 0.828125 0.875000
vt 0.812500 0.906105
vt 0.812500 0.875000
vt 0.828125 0.406250
vt 0.828125 0.375000
vt 0.812500 0.406250
vt 0.812500 0.375000
vt 0.828125 0.843750
vt 0.828125 0.812500
vt 0.828125 0.875000
vt 0.812500 0.875000
vt 0.812500 0.843750
vt 0.812500 0.812500
vt 0.828125 0.343750
vt 0.812500 0.343750
vt 0.828125 0.781250
vt 0.812500 0.781250
vt 0.804688 0.968750
vt 0.796875 0.957899
vt 0.796875 0.935185
vt 0.796875 1.000000
vt 0.789063 0.968750
vt 0.781250 0.937500
vt 0.796875 0.935185
vt 0.796875 0.000000
vt 0.804688 0.031250
vt 0.796875 0.042101
vt 0.789063 0.031250
vt 0.796875 0.064815
vt 0.781250 0.062500
vt 0.789063 0.031250
vt 0.796875 0.064815
vt 0.796875 0.468750
vt 0.796875 0.437500
vt 0.796875 0.500000
vt 0.781250 0.500000
vt 0.781250 0.468750
vt 0.781250 0.437500
vt 0.796875 0.905961
vt 0.796875 0.875000
vt 0.781250 0.906105
vt 0.781250 0.875000
vt 0.796875 0.406250
vt 0.796875 0.375000
vt 0.781250 0.406250
vt 0.781250 0.375000
vt 0.796875 0.843750
vt 0.796875 0.812500
vt 0.796875 0.875000
vt 0.781250 0.875000
vt 0.781250 0.843750
vt 0.781250 0.812500
vt 0.796875 0.343750
vt 0.796875 0.312500
vt 0.781250 0.343750
vt 0.781250 0.312500
vt 0.796875 0.781250
vt 0.796875 0.750000
vt 0.781250 0.781250
vt 0.781250 0.750000
vt 0.796875 0.281250
vt 0.796875 0.250000
vt 0.781250 0.281250
vt 0.781250 0.250000
vt 0.796875 0.718750
vt 0.796875 0.687500
vt 0.781250 0.718750
vt 0.781250 0.687500
vt 0.796875 0.218750
vt 0.796875 0.187500
vt 0.781250 0.218750
vt 0.781250 0.187500
vt 0.796875 0.656250
vt 0.796875 0.625000
vt 0.781250 0.656250
vt 0.781250 0.625000
vt 0.796875 0.156250
vt 0.796875 0.125000
vt 0.781250 0.156250
vt 0.781250 0.125000
vt 0.796875 0.593750
vt 0.796875 0.562500
vt 0.781250 0.593750
vt 0.781250 0.562500
vt 0.796875 0.094039
vt 0.796875 0.064815
vt 0.796875 0.125000
vt 0.781250 0.125000
vt 0.781250 0.093895
vt 0.796875 0.531250
vt 0.781250 0.531250
vt 0.765625 0.718750
vt 0.765625 0.687500
vt 0.765625 0.750000
vt 0.765625 0.218750
vt 0.765625 0.187500
vt 0.765625 0.250000
vt 0.765625 0.656250
vt 0.765625 0.625000
vt 0.765625 0.156250
vt 0.765625 0.125000
vt 0.765625 0.593750
vt 0.765625 0.562500
vt 0.765625 0.094039
vt 0.765625 0.064815
vt 0.765625 0.125000
vt 0.765625 0.531250
vt 0.765625 0.500000
vt 0.773438 0.968750
vt 0.765625 0.957899
vt 0.765625 0.935185
vt 0.765625 1.000000
vt 0.757813 0.968750
vt 0.773438 0.968750
vt 0.765625 0.935185
vt 0.765625 0.000000
vt 0.773438 0.031250
vt 0.765625 0.042101
vt 0.757813 0.031250
vt 0.765625 0.064815
vt 0.773438 0.031250
vt 0.757813 0.031250
vt 0.765625 0.064815
vt 0.765625 0.468750
vt 0.765625 0.437500
vt 0.765625 0.905961
vt 0.765625 0.875000
vt 0.765625 0.406250
vt 0.765625 0.375000
vt 0.765625 0.843750
vt 0.765625 0.812500
vt 0.765625 0.875000
vt 0.765625 0.343750
vt 0.765625 0.312500
vt 0.765625 0.781250
vt 0.765625 0.281250
s 1
usemtl Material.002
f 9/1/9 489/2/489 1475/3/1475 505/4/505
f 489/2/489 8/5/8 506/6/506 1475/3/1475
f 1475/3/1475 506/6/506 21/7/21 501/8/501
f 505/4/505 1475/3/1475 501/8/501 22/9/22
f 5/10/5 486/11/486 1476/12/1476 507/13/507
f 486/11/486 4/14/4 508/15/508 1476/12/1476
f 1476/12/1476 508/15/508 14/16/14 494/17/494
f 507/13/507 1476/12/1476 494/17/494 15/18/15
f 10/19/10 490/20/490 1477/21/1477 509/22/509
f 490/20/490 9/1/9 505/4/505 1477/21/1477
f 1477/21/1477 505/4/505 22/9/22 502/23/502
f 509/22/509 1477/21/1477 502/23/502 23/24/23
f 6/25/6 487/26/487 1478/27/1478 510/28/510
f 487/26/487 5/10/5 507/13/507 1478/27/1478
f 1478/27/1478 507/13/507 15/18/15 495/29/495
f 510/28/510 1478/27/1478 495/29/495 16/30/16
f 480/31/480 1398/32/1398 1479/33/1479 1401/34/1401
f 1398/32/1398 10/19/10 509/22/509 1479/33/1479
f 1479/33/1479 509/22/509 23/24/23 503/35/503
f 1401/34/1401 1479/33/1479 503/35/503 24/36/24
f 7/37/7 488/38/488 1480/39/1480 511/40/511
f 488/38/488 6/25/6 510/28/510 1480/39/1480
f 1480/39/1480 510/28/510 16/30/16 496/41/496
f 511/40/511 1480/39/1480 496/41/496 17/42/17
f 481/43/481 1388/44/1388 1481/45/1481 1402/46/1402
f 1388/44/1388 480/47/480 1401/34/1401 1481/45/1481
f 1481/45/1481 1401/34/1401 24/48/24 504/49/504
f 1402/46/1402 1481/45/1481 504/49/504 25/50/25
f 477/51/477 1396/52/1396 1482/53/1482 1403/54/1403
f 1396/52/1396 7/37/7 511/40/511 1482/53/1482
f 1482/53/1482 511/40/511 17/42/17 497/55/497
f 1403/54/1403 1482/53/1482 497/55/497 18/56/18
f 1/57/1 1395/58/1395 1483/59/1483 512/60/512
f 326/61/326 1399/62/1399 1483/59/1483 1395/63/1395
f 11/64/11 512/65/512 1483/59/1483 1399/62/1399
f 482/66/482 1389/67/1389 1484/68/1484 1400/69/1400
f 481/43/481 1402/70/1402 1484/68/1484 1389/71/1389
f 25/50/25 1400/69/1400 1484/68/1484 1402/72/1402
f 478/73/478 1386/74/1386 1485/75/1485 1404/76/1404
f 1386/74/1386 477/51/477 1403/54/1403 1485/75/1485
f 1485/75/1485 1403/54/1403 18/56/18 498/77/498
f 1404/76/1404 1485/75/1485 498/77/498 19/78/19
f 2/79/2 483/80/483 1486/81/1486 513/82/513
f 483/80/483 1/57/1 512/60/512 1486/81/1486
f 1486/81/1486 512/60/512 11/64/11 491/83/491
f 513/82/513 1486/81/1486 491/83/491 12/84/12
f 479/85/479 1387/86/1387 1487/87/1487 1405/88/1405
f 1387/86/1387 478/73/478 1404/76/1404 1487/87/1487
f 1487/87/1487 1404/76/1404 19/78/19 499/89/499
f 1405/88/1405 1487/87/1487 499/89/499 20/90/20
f 3/91/3 484/92/484 1488/93/1488 514/94/514
f 484/92/484 2/95/2 513/96/513 1488/93/1488
f 1488/93/1488 513/96/513 12/97/12 492/98/492
f 514/94/514 1488/93/1488 492/98/492 13/99/13
f 8/5/8 1397/100/1397 1489/101/1489 506/6/506
f 1397/100/1397 479/85/479 1405/88/1405 1489/101/1489
f 1489/101/1489 1405/88/1405 20/90/20 500/102/500
f 506/6/506 1489/101/1489 500/102/500 21/7/21
f 4/14/4 485/103/485 1490/104/1490 508/15/508
f 485/103/485 3/91/3 514/94/514 1490/104/1490
f 1490/104/1490 514/94/514 13/99/13 493/105/493
f 508/15/508 1490/104/1490 493/105/493 14/16/14
f 21/7/21 500/102/500 1491/106/1491 529/107/529
f 500/102/500 20/90/20 530/108/530 1491/106/1491
f 1491/106/1491 530/108/530 35/109/35 524/110/524
f 529/107/529 1491/106/1491 524/110/524 36/111/36
f 14/16/14 493/105/493 1492/112/1492 531/113/531
f 493/105/493 13/99/13 532/114/532 1492/112/1492
f 1492/112/1492 532/114/532 28/115/28 517/116/517
f 531/113/531 1492/112/1492 517/116/517 29/117/29
f 22/9/22 501/8/501 1493/118/1493 533/119/533
f 501/8/501 21/7/21 529/107/529 1493/118/1493
f 1493/118/1493 529/107/529 36/111/36 525/120/525
f 533/119/533 1493/118/1493 525/120/525 37/121/37
f 15/18/15 494/17/494 1494/122/1494 534/123/534
f 494/17/494 14/16/14 531/113/531 1494/122/1494
f 1494/122/1494 531/113/531 29/117/29 518/124/518
f 534/123/534 1494/122/1494 518/124/518 30/125/30
f 23/24/23 502/23/502 1495/126/1495 535/127/535
f 502/23/502 22/9/22 533/119/533 1495/126/1495
f 1495/126/1495 533/119/533 37/121/37 526/128/526
f 535/127/535 1495/126/1495 526/128/526 38/129/38
f 16/30/16 495/29/495 1496/130/1496 536/131/536
f 495/29/495 15/18/15 534/123/534 1496/130/1496
f 1496/130/1496 534/123/534 30/125/30 519/132/519
f 536/131/536 1496/130/1496 519/132/519 31/133/31
f 24/36/24 503/35/503 1497/134/1497 537/135/537
f 503/35/503 23/24/23 535/127/535 1497/134/1497
f 1497/134/1497 535/127/535 38/129/38 527/136/527
f 537/135/537 1497/134/1497 527/136/527 39/137/39
f 17/42/17 496/41/496 1498/138/1498 538/139/538
f 496/41/496 16/30/16 536/131/536 1498/138/1498
f 1498/138/1498 536/131/536 31/133/31 520/140/520
f 538/139/538 1498/138/1498 520/140/520 32/141/32
f 25/50/25 504/49/504 1499/142/1499 539/143/539
f 504/49/504 24/48/24 537/144/537 1499/142/1499
f 1499/142/1499 537/144/537 39/145/39 528/146/528
f 539/143/539 1499/142/1499 528/146/528 40/147/40
f 18/56/18 497/55/497 1500/148/1500 540/149/540
f 497/55/497 17/42/17 538/139/538 1500/148/1500
f 1500/148/1500 538/139/538 32/141/32 521/150/521
f 540/149/540 1500/148/1500 521/150/521 33/151/33
f 11/64/11 1399/152/1399 1501/153/1501 541/154/541
f 326/155/326 1406/156/1406 1501/153/1501 1399/157/1399
f 26/158/26 541/159/541 1501/153/1501 1406/160/1406
f 482/161/482 1400/162/1400 1502/163/1502 1407/164/1407
f 25/50/25 539/143/539 1502/163/1502 1400/165/1400
f 40/147/40 1407/166/1407 1502/163/1502 539/143/539
f 19/78/19 498/77/498 1503/167/1503 542/168/542
f 498/77/498 18/56/18 540/149/540 1503/167/1503
f 1503/167/1503 540/149/540 33/151/33 522/169/522
f 542/168/542 1503/167/1503 522/169/522 34/170/34
f 12/84/12 491/83/491 1504/171/1504 543/172/543
f 491/83/491 11/64/11 541/154/541 1504/171/1504
f 1504/171/1504 541/154/541 26/158/26 515/173/515
f 543/172/543 1504/171/1504 515/173/515 27/174/27
f 20/90/20 499/89/499 1505/175/1505 530/108/530
f 499/89/499 19/78/19 542/168/542 1505/175/1505
f 1505/175/1505 542/168/542 34/170/34 523/176/523
f 530/108/530 1505/175/1505 523/176/523 35/109/35
f 13/99/13 492/98/492 1506/177/1506 532/114/532
f 492/98/492 12/97/12 543/178/543 1506/177/1506
f 1506/177/1506 543/178/543 27/179/27 516/180/516
f 532/114/532 1506/177/1506 516/180/516 28/115/28
f 40/147/40 528/146/528 1507/181/1507 558/182/558
f 528/146/528 39/145/39 559/183/559 1507/181/1507
f 1507/181/1507 559/183/559 54/184/54 557/185/557
f 558/182/558 1507/181/1507 557/185/557 55/186/55
f 33/151/33 521/150/521 1508/187/1508 560/188/560
f 521/150/521 32/141/32 561/189/561 1508/187/1508
f 1508/187/1508 561/189/561 47/190/47 550/191/550
f 560/188/560 1508/187/1508 550/191/550 48/192/48
f 26/158/26 1406/193/1406 1509/194/1509 562/195/562
f 326/196/326 1408/197/1408 1509/194/1509 1406/198/1406
f 41/199/41 562/200/562 1509/194/1509 1408/197/1408
f 482/201/482 1407/202/1407 1510/203/1510 1409/204/1409
f 40/147/40 558/205/558 1510/203/1510 1407/202/1407
f 55/186/55 1409/204/1409 1510/203/1510 558/206/558
f 34/170/34 522/169/522 1511/207/1511 563/208/563
f 522/169/522 33/151/33 560/188/560 1511/207/1511
f 1511/207/1511 560/188/560 48/192/48 551/209/551
f 563/208/563 1511/207/1511 551/209/551 49/210/49
f 27/174/27 515/173/515 1512/211/1512 564/212/564
f 515/173/515 26/158/26 562/195/562 1512/211/1512
f 1512/211/1512 562/195/562 41/199/41 544/213/544
f 564/212/564 1512/211/1512 544/213/544 42/214/42
f 35/109/35 523/176/523 1513/215/1513 565/216/565
f 523/176/523 34/170/34 563/208/563 1513/215/1513
f 1513/215/1513 563/208/563 49/210/49 552/217/552
f 565/216/565 1513/215/1513 552/217/552 50/218/50
f 28/115/28 516/180/516 1514/219/1514 566/220/566
f 516/180/516 27/179/27 564/221/564 1514/219/1514
f 1514/219/1514 564/221/564 42/222/42 545/223/545
f 566/220/566 1514/219/1514 545/223/545 43/224/43
f 36/111/36 524/110/524 1515/225/1515 567/226/567
f 524/110/524 35/109/35 565/216/565 1515/225/1515
f 1515/225/1515 565/216/565 50/218/50 553/227/553
f 567/226/567 1515/225/1515 553/227/553 51/228/51
f 29/117/29 517/116/517 1516/229/1516 568/230/568
f 517/116/517 28/115/28 566/220/566 1516/229/1516
f 1516/229/1516 566/220/566 43/224/43 546/231/546
f 568/230/568 1516/229/1516 546/231/546 44/232/44
f 37/121/37 525/120/525 1517/233/1517 569/234/569
f 525/120/525 36/111/36 567/226/567 1517/233/1517
f 1517/233/1517 567/226/567 51/228/51 554/235/554
f 569/234/569 1517/233/1517 554/235/554 52/236/52
f 30/125/30 518/124/518 1518/237/1518 570/238/570
f 518/124/518 29/117/29 568/230/568 1518/237/1518
f 1518/237/1518 568/230/568 44/232/44 547/239/547
f 570/238/570 1518/237/1518 547/239/547 45/240/45
f 38/129/38 526/128/526 1519/241/1519 571/242/571
f 526/128/526 37/121/37 569/234/569 1519/241/1519
f 1519/241/1519 569/234/569 52/236/52 555/243/555
f 571/242/571 1519/241/1519 555/243/555 53/244/53
f 31/133/31 519/132/519 1520/245/1520 572/246/572
f 519/132/519 30/125/30 570/238/570 1520/245/1520
f 1520/245/1520 570/238/570 45/240/45 548/247/548
f 572/246/572 1520/245/1520 548/247/548 46/248/46
f 39/137/39 527/136/527 1521/249/1521 559/183/559
f 527/136/527 38/129/38 571/242/571 1521/249/1521
f 1521/249/1521 571/242/571 53/244/53 556/250/556
f 559/183/559 1521/249/1521 556/250/556 54/184/54
f 32/141/32 520/140/520 1522/251/1522 561/189/561
f 520/140/520 31/133/31 572/246/572 1522/251/1522
f 1522/251/1522 572/246/572 46/248/46 549/252/549
f 561/189/561 1522/251/1522 549/252/549 47/190/47
f 44/232/44 546/231/546 1523/253/1523 587/254/587
f 546/231/546 43/224/43 588/255/588 1523/253/1523
f 1523/253/1523 588/255/588 58/256/58 575/257/575
f 587/254/587 1523/253/1523 575/257/575 59/258/59
f 52/236/52 554/235/554 1524/259/1524 589/260/589
f 554/235/554 51/228/51 590/261/590 1524/259/1524
f 1524/259/1524 590/261/590 66/262/66 583/263/583
f 589/260/589 1524/259/1524 583/263/583 67/264/67
f 45/240/45 547/239/547 1525/265/1525 591/266/591
f 547/239/547 44/232/44 587/254/587 1525/265/1525
f 1525/265/1525 587/254/587 59/258/59 576/267/576
f 591/266/591 1525/265/1525 576/267/576 60/268/60
f 53/244/53 555/243/555 1526/269/1526 592/270/592
f 555/243/555 52/236/52 589/260/589 1526/269/1526
f 1526/269/1526 589/260/589 67/264/67 584/271/584
f 592/270/592 1526/269/1526 584/271/584 68/272/68
f 46/248/46 548/247/548 1527/273/1527 593/274/593
f 548/247/548 45/240/45 591/266/591 1527/273/1527
f 1527/273/1527 591/266/591 60/268/60 577/275/577
f 593/274/593 1527/273/1527 577/275/577 61/276/61
f 54/184/54 556/250/556 1528/277/1528 594/278/594
f 556/250/556 53/244/53 592/270/592 1528/277/1528
f 1528/277/1528 592/270/592 68/272/68 585/279/585
f 594/278/594 1528/277/1528 585/279/585 69/280/69
f 47/190/47 549/252/549 1529/281/1529 595/282/595
f 549/252/549 46/248/46 593/274/593 1529/281/1529
f 1529/281/1529 593/274/593 61/276/61 578/283/578
f 595/282/595 1529/281/1529 578/283/578 62/284/62
f 55/186/55 557/185/557 1530/285/1530 596/286/596
f 557/185/557 54/184/54 594/287/594 1530/285/1530
f 1530/285/1530 594/287/594 69/288/69 586/289/586
f 596/286/596 1530/285/1530 586/289/586 70/290/70
f 48/192/48 550/191/550 1531/291/1531 597/292/597
f 550/191/550 47/190/47 595/282/595 1531/291/1531
f 1531/291/1531 595/282/595 62/284/62 579/293/579
f 597/292/597 1531/291/1531 579/293/579 63/294/63
f 41/199/41 1408/295/1408 1532/296/1532 598/297/598
f 326/298/326 1410/299/1410 1532/296/1532 1408/300/1408
f 56/301/56 598/302/598 1532/296/1532 1410/299/1410
f 482/303/482 1409/304/1409 1533/305/1533 1411/306/1411
f 55/186/55 596/307/596 1533/305/1533 1409/308/1409
f 70/290/70 1411/306/1411 1533/305/1533 596/307/596
f 49/210/49 551/209/551 1534/309/1534 599/310/599
f 551/209/551 48/192/48 597/292/597 1534/309/1534
f 1534/309/1534 597/292/597 63/294/63 580/311/580
f 599/310/599 1534/309/1534 580/311/580 64/312/64
f 42/214/42 544/213/544 1535/313/1535 600/314/600
f 544/213/544 41/199/41 598/297/598 1535/313/1535
f 1535/313/1535 598/297/598 56/301/56 573/315/573
f 600/314/600 1535/313/1535 573/315/573 57/316/57
f 50/218/50 552/217/552 1536/317/1536 601/318/601
f 552/217/552 49/210/49 599/310/599 1536/317/1536
f 1536/317/1536 599/310/599 64/312/64 581/319/581
f 601/318/601 1536/317/1536 581/319/581 65/320/65
f 43/224/43 545/223/545 1537/321/1537 588/255/588
f 545/223/545 42/222/42 600/322/600 1537/321/1537
f 1537/321/1537 600/322/600 57/323/57 574/324/574
f 588/255/588 1537/321/1537 574/324/574 58/256/58
f 51/228/51 553/227/553 1538/325/1538 590/261/590
f 553/227/553 50/218/50 601/318/601 1538/325/1538
f 1538/325/1538 601/318/601 65/320/65 582/326/582
f 590/261/590 1538/325/1538 582/326/582 66/262/66
f 63/294/63 579/293/579 1539/327/1539 616/328/616
f 579/293/579 62/284/62 617/329/617 1539/327/1539
f 1539/327/1539 617/329/617 77/330/77 608/331/608
f 616/328/616 1539/327/1539 608/331/608 78/332/78
f 56/301/56 1410/333/1410 1540/334/1540 618/335/618
f 326/336/326 1412/337/1412 1540/334/1540 1410/338/1410
f 71/339/71 618/340/618 1540/334/1540 1412/337/1412
f 482/341/482 1411/342/1411 1541/343/1541 1413/344/1413
f 70/290/70 619/345/619 1541/343/1541 1411/346/1411
f 85/347/85 1413/344/1413 1541/343/1541 619/345/619
f 64/312/64 580/311/580 1542/348/1542 620/349/620
f 580/311/580 63/294/63 616/328/616 1542/348/1542
f 1542/348/1542 616/328/616 78/332/78 609/350/609
f 620/349/620 1542/348/1542 609/350/609 79/351/79
f 57/316/57 573/315/573 1543/352/1543 621/353/621
f 573/315/573 56/301/56 618/335/618 1543/352/1543
f 1543/352/1543 618/335/618 71/339/71 602/354/602
f 621/353/621 1543/352/1543 602/354/602 72/355/72
f 65/320/65 581/319/581 1544/356/1544 622/357/622
f 581/319/581 64/312/64 620/349/620 1544/356/1544
f 1544/356/1544 620/349/620 79/351/79 610/358/610
f 622/357/622 1544/356/1544 610/358/610 80/359/80
f 58/256/58 574/324/574 1545/360/1545 623/361/623
f 574/324/574 57/323/57 621/362/621 1545/360/1545
f 1545/360/1545 621/362/621 72/355/72 603/363/603
f 623/361/623 1545/360/1545 603/363/603 73/364/73
f 66/262/66 582/326/582 1546/365/1546 624/366/624
f 582/326/582 65/320/65 622/357/622 1546/365/1546
f 1546/365/1546 622/357/622 80/359/80 611/367/611
f 624/366/624 1546/365/1546 611/367/611 81/368/81
f 59/258/59 575/257/575 1547/369/1547 625/370/625
f 575/257/575 58/256/58 623/361/623 1547/369/1547
f 1547/369/1547 623/361/623 73/364/73 604/371/604
f 625/370/625 1547/369/1547 604/371/604 74/372/74
f 67/264/67 583/263/583 1548/373/1548 626/374/626
f 583/263/583 66/262/66 624/366/624 1548/373/1548
f 1548/373/1548 624/366/624 81/368/81 612/375/612
f 626/374/626 1548/373/1548 612/375/612 82/376/82
f 60/268/60 576/267/576 1549/377/1549 627/378/627
f 576/267/576 59/258/59 625/370/625 1549/377/1549
f 1549/377/1549 625/370/625 74/372/74 605/379/605
f 627/378/627 1549/377/1549 605/379/605 75/380/75
f 68/272/68 584/271/584 1550/381/1550 628/382/628
f 584/271/584 67/264/67 626/374/626 1550/381/1550
f 1550/381/1550 626/374/626 82/376/82 613/383/613
f 628/382/628 1550/381/1550 613/383/613 83/384/83
f 61/276/61 577/275/577 1551/385/1551 629/386/629
f 577/275/577 60/268/60 627/378/627 1551/385/1551
f 1551/385/1551 627/378/627 75/380/75 606/387/606
f 629/386/629 1551/385/1551 606/387/606 76/388/76
f 69/280/69 585/279/585 1552/389/1552 630/390/630
f 585/279/585 68/272/68 628/382/628 1552/389/1552
f 1552/389/1552 628/382/628 83/384/83 614/391/614
f 630/390/630 1552/389/1552 614/391/614 84/392/84
f 62/284/62 578/283/578 1553/393/1553 617/329/617
f 578/283/578 61/276/61 629/386/629 1553/393/1553
f 1553/393/1553 629/386/629 76/388/76 607/394/607
f 617/329/617 1553/393/1553 607/394/607 77/330/77
f 70/290/70 586/289/586 1554/395/1554 619/396/619
f 586/289/586 69/288/69 630/397/630 1554/395/1554
f 1554/395/1554 630/397/630 84/398/84 615/399/615
f 619/396/619 1554/395/1554 615/399/615 85/347/85
f 82/376/82 612/375/612 1555/400/1555 645/401/645
f 612/375/612 81/368/81 646/402/646 1555/400/1555
f 1555/400/1555 646/402/646 96/403/96 641/404/641
f 645/401/645 1555/400/1555 641/404/641 97/405/97
f 75/380/75 605/379/605 1556/406/1556 647/407/647
f 605/379/605 74/372/74 648/408/648 1556/406/1556
f 1556/406/1556 648/408/648 89/409/89 634/410/634
f 647/407/647 1556/406/1556 634/410/634 90/411/90
f 83/384/83 613/383/613 1557/412/1557 649/413/649
f 613/383/613 82/376/82 645/401/645 1557/412/1557
f 1557/412/1557 645/401/645 97/405/97 642/414/642
f 649/413/649 1557/412/1557 642/414/642 98/415/98
f 76/388/76 606/387/606 1558/416/1558 650/417/650
f 606/387/606 75/380/75 647/407/647 1558/416/1558
f 1558/416/1558 647/407/647 90/411/90 635/418/635
f 650/417/650 1558/416/1558 635/418/635 91/419/91
f 84/392/84 614/391/614 1559/420/1559 651/421/651
f 614/391/614 83/384/83 649/413/649 1559/420/1559
f 1559/420/1559 649/413/649 98/415/98 643/422/643
f 651/421/651 1559/420/1559 643/422/643 99/423/99
f 77/330/77 607/394/607 1560/424/1560 652/425/652
f 607/394/607 76/388/76 650/417/650 1560/424/1560
f 1560/424/1560 650/417/650 91/419/91 636/426/636
f 652/425/652 1560/424/1560 636/426/636 92/427/92
f 85/347/85 615/399/615 1561/428/1561 653/429/653
f 615/399/615 84/398/84 651/430/651 1561/428/1561
f 1561/428/1561 651/430/651 99/423/99 644/431/644
f 653/429/653 1561/428/1561 644/431/644 100/432/100
f 78/332/78 608/331/608 1562/433/1562 654/434/654
f 608/331/608 77/330/77 652/425/652 1562/433/1562
f 1562/433/1562 652/425/652 92/427/92 637/435/637
f 654/434/654 1562/433/1562 637/435/637 93/436/93
f 71/339/71 1412/437/1412 1563/438/1563 655/439/655
f 326/440/326 1414/441/1414 1563/438/1563 1412/437/1412
f 86/442/86 655/443/655 1563/438/1563 1414/441/1414
f 482/444/482 1413/445/1413 1564/446/1564 1415/447/1415
f 85/347/85 653/429/653 1564/446/1564 1413/448/1413
f 100/432/100 1415/449/1415 1564/446/1564 653/450/653
f 79/351/79 609/350/609 1565/451/1565 656/452/656
f 609/350/609 78/332/78 654/434/654 1565/451/1565
f 1565/451/1565 654/434/654 93/436/93 638/453/638
f 656/452/656 1565/451/1565 638/453/638 94/454/94
f 72/355/72 602/354/602 1566/455/1566 657/456/657
f 602/354/602 71/339/71 655/439/655 1566/455/1566
f 1566/455/1566 655/439/655 86/442/86 631/457/631
f 657/456/657 1566/455/1566 631/457/631 87/458/87
f 80/359/80 610/358/610 1567/459/1567 658/460/658
f 610/358/610 79/351/79 656/452/656 1567/459/1567
f 1567/459/1567 656/452/656 94/454/94 639/461/639
f 658/460/658 1567/459/1567 639/461/639 95/462/95
f 73/364/73 603/363/603 1568/463/1568 659/464/659
f 603/363/603 72/355/72 657/465/657 1568/463/1568
f 1568/463/1568 657/465/657 87/458/87 632/466/632
f 659/464/659 1568/463/1568 632/466/632 88/467/88
f 81/368/81 611/367/611 1569/468/1569 646/402/646
f 611/367/611 80/359/80 658/460/658 1569/468/1569
f 1569/468/1569 658/460/658 95/462/95 640/469/640
f 646/402/646 1569/468/1569 640/469/640 96/403/96
f 74/372/74 604/371/604 1570/470/1570 648/408/648
f 604/371/604 73/364/73 659/464/659 1570/470/1570
f 1570/470/1570 659/464/659 88/467/88 633/471/633
f 648/408/648 1570/470/1570 633/471/633 89/409/89
f 482/472/482 1415/473/1415 1571/474/1571 1417/475/1417
f 100/432/100 674/476/674 1571/474/1571 1415/473/1415
f 115/477/115 1417/475/1417 1571/474/1571 674/476/674
f 94/454/94 638/453/638 1572/478/1572 675/479/675
f 638/453/638 93/436/93 676/480/676 1572/478/1572
f 1572/478/1572 676/480/676 108/481/108 667/482/667
f 675/479/675 1572/478/1572 667/482/667 109/483/109
f 87/458/87 631/457/631 1573/484/1573 677/485/677
f 631/457/631 86/442/86 678/486/678 1573/484/1573
f 1573/484/1573 678/486/678 101/487/101 660/488/660
f 677/485/677 1573/484/1573 660/488/660 102/489/102
f 95/462/95 639/461/639 1574/490/1574 679/491/679
f 639/461/639 94/454/94 675/479/675 1574/490/1574
f 1574/490/1574 675/479/675 109/483/109 668/492/668
f 679/491/679 1574/490/1574 668/492/668 110/493/110
f 88/467/88 632/466/632 1575/494/1575 680/495/680
f 632/466/632 87/458/87 677/496/677 1575/494/1575
f 1575/494/1575 677/496/677 102/497/102 661/498/661
f 680/495/680 1575/494/1575 661/498/661 103/499/103
f 96/403/96 640/469/640 1576/500/1576 681/501/681
f 640/469/640 95/462/95 679/491/679 1576/500/1576
f 1576/500/1576 679/491/679 110/493/110 669/502/669
f 681/501/681 1576/500/1576 669/502/669 111/503/111
f 89/409/89 633/471/633 1577/504/1577 682/505/682
f 633/471/633 88/467/88 680/495/680 1577/504/1577
f 1577/504/1577 680/495/680 103/499/103 662/506/662
f 682/505/682 1577/504/1577 662/506/662 104/507/104
f 97/405/97 641/404/641 1578/508/1578 683/509/683
f 641/404/641 96/403/96 681/501/681 1578/508/1578
f 1578/508/1578 681/501/681 111/503/111 670/510/670
f 683/509/683 1578/508/1578 670/510/670 112/511/112
f 90/411/90 634/410/634 1579/512/1579 684/513/684
f 634/410/634 89/409/89 682/505/682 1579/512/1579
f 1579/512/1579 682/505/682 104/507/104 663/514/663
f 684/513/684 1579/512/1579 663/514/663 105/515/105
f 98/415/98 642/414/642 1580/516/1580 685/517/685
f 642/414/642 97/405/97 683/509/683 1580/516/1580
f 1580/516/1580 683/509/683 112/511/112 671/518/671
f 685/517/685 1580/516/1580 671/518/671 113/519/113
f 91/419/91 635/418/635 1581/520/1581 686/521/686
f 635/418/635 90/411/90 684/513/684 1581/520/1581
f 1581/520/1581 684/513/684 105/515/105 664/522/664
f 686/521/686 1581/520/1581 664/522/664 106/523/106
f 99/423/99 643/422/643 1582/524/1582 687/525/687
f 643/422/643 98/415/98 685/517/685 1582/524/1582
f 1582/524/1582 685/517/685 113/519/113 672/526/672
f 687/525/687 1582/524/1582 672/526/672 114/527/114
f 92/427/92 636/426/636 1583/528/1583 688/529/688
f 636/426/636 91/419/91 686/521/686 1583/528/1583
f 1583/528/1583 686/521/686 106/523/106 665/530/665
f 688/529/688 1583/528/1583 665/530/665 107/531/107
f 100/432/100 644/431/644 1584/532/1584 674/533/674
f 644/431/644 99/423/99 687/525/687 1584/532/1584
f 1584/532/1584 687/525/687 114/527/114 673/534/673
f 674/533/674 1584/532/1584 673/534/673 115/477/115
f 93/436/93 637/435/637 1585/535/1585 676/480/676
f 637/435/637 92/427/92 688/529/688 1585/535/1585
f 1585/535/1585 688/529/688 107/531/107 666/536/666
f 676/480/676 1585/535/1585 666/536/666 108/481/108
f 86/442/86 1414/537/1414 1586/538/1586 678/486/678
f 326/539/326 1416/540/1416 1586/538/1586 1414/537/1414
f 101/487/101 678/541/678 1586/538/1586 1416/540/1416
f 113/519/113 671/518/671 1587/542/1587 703/543/703
f 671/518/671 112/511/112 704/544/704 1587/542/1587
f 1587/542/1587 704/544/704 127/545/127 700/546/700
f 703/543/703 1587/542/1587 700/546/700 128/547/128
f 106/523/106 664/522/664 1588/548/1588 705/549/705
f 664/522/664 105/515/105 706/550/706 1588/548/1588
f 1588/548/1588 706/550/706 120/551/120 693/552/693
f 705/549/705 1588/548/1588 693/552/693 121/553/121
f 114/527/114 672/526/672 1589/554/1589 707/555/707
f 672/526/672 113/519/113 703/543/703 1589/554/1589
f 1589/554/1589 703/543/703 128/547/128 701/556/701
f 707/555/707 1589/554/1589 701/556/701 129/557/129
f 107/531/107 665/530/665 1590/558/1590 708/559/708
f 665/530/665 106/523/106 705/549/705 1590/558/1590
f 1590/558/1590 705/549/705 121/553/121 694/560/694
f 708/559/708 1590/558/1590 694/560/694 122/561/122
f 115/477/115 673/534/673 1591/562/1591 709/563/709
f 673/534/673 114/527/114 707/564/707 1591/562/1591
f 1591/562/1591 707/564/707 129/565/129 702/566/702
f 709/563/709 1591/562/1591 702/566/702 130/567/130
f 108/481/108 666/536/666 1592/568/1592 710/569/710
f 666/536/666 107/531/107 708/559/708 1592/568/1592
f 1592/568/1592 708/559/708 122/561/122 695/570/695
f 710/569/710 1592/568/1592 695/570/695 123/571/123
f 101/487/101 1416/572/1416 1593/573/1593 711/574/711
f 326/575/326 1418/576/1418 1593/573/1593 1416/572/1416
f 116/577/116 711/578/711 1593/573/1593 1418/576/1418
f 482/579/482 1417/580/1417 1594/581/1594 1419/582/1419
f 115/477/115 709/563/709 1594/581/1594 1417/580/1417
f 130/567/130 1419/582/1419 1594/581/1594 709/583/709
f 109/483/109 667/482/667 1595/584/1595 712/585/712
f 667/482/667 108/481/108 710/569/710 1595/584/1595
f 1595/584/1595 710/569/710 123/571/123 696/586/696
f 712/585/712 1595/584/1595 696/586/696 124/587/124
f 102/489/102 660/488/660 1596/588/1596 713/589/713
f 660/488/660 101/487/101 711/574/711 1596/588/1596
f 1596/588/1596 711/574/711 116/577/116 689/590/689
f 713/589/713 1596/588/1596 689/590/689 117/591/117
f 110/493/110 668/492/668 1597/592/1597 714/593/714
f 668/492/668 109/483/109 712/585/712 1597/592/1597
f 1597/592/1597 712/585/712 124/587/124 697/594/697
f 714/593/714 1597/592/1597 697/594/697 125/595/125
f 103/499/103 661/498/661 1598/596/1598 715/597/715
f 661/498/661 102/497/102 713/598/713 1598/596/1598
f 1598/596/1598 713/598/713 117/599/117 690/600/690
f 715/597/715 1598/596/1598 690/600/690 118/601/118
f 111/503/111 669/502/669 1599/602/1599 716/603/716
f 669/502/669 110/493/110 714/593/714 1599/602/1599
f 1599/602/1599 714/593/714 125/595/125 698/604/698
f 716/603/716 1599/602/1599 698/604/698 126/605/126
f 104/507/104 662/506/662 1600/606/1600 717/607/717
f 662/506/662 103/499/103 715/597/715 1600/606/1600
f 1600/606/1600 715/597/715 118/601/118 691/608/691
f 717/607/717 1600/606/1600 691/608/691 119/609/119
f 112/511/112 670/510/670 1601/610/1601 704/544/704
f 670/510/670 111/503/111 716/603/716 1601/610/1601
f 1601/610/1601 716/603/716 126/605/126 699/611/699
f 704/544/704 1601/610/1601 699/611/699 127/545/127
f 105/515/105 663/514/663 1602/612/1602 706/550/706
f 663/514/663 104/507/104 717/607/717 1602/612/1602
f 1602/612/1602 717/607/717 119/609/119 692/613/692
f 706/550/706 1602/612/1602 692/613/692 120/551/120
f 117/591/117 689/590/689 1603/614/1603 732/615/732
f 689/590/689 116/577/116 733/616/733 1603/614/1603
f 1603/614/1603 733/616/733 131/617/131 718/618/718
f 732/615/732 1603/614/1603 718/618/718 132/619/132
f 125/595/125 697/594/697 1604/620/1604 734/621/734
f 697/594/697 124/587/124 735/622/735 1604/620/1604
f 1604/620/1604 735/622/735 139/623/139 726/624/726
f 734/621/734 1604/620/1604 726/624/726 140/625/140
f 118/601/118 690/600/690 1605/626/1605 736/627/736
f 690/600/690 117/599/117 732/628/732 1605/626/1605
f 1605/626/1605 732/628/732 132/629/132 719/630/719
f 736/627/736 1605/626/1605 719/630/719 133/631/133
f 126/605/126 698/604/698 1606/632/1606 737/633/737
f 698/604/698 125/595/125 734/621/734 1606/632/1606
f 1606/632/1606 734/621/734 140/625/140 727/634/727
f 737/633/737 1606/632/1606 727/634/727 141/635/141
f 119/609/119 691/608/691 1607/636/1607 738/637/738
f 691/608/691 118/601/118 736/627/736 1607/636/1607
f 1607/636/1607 736/627/736 133/631/133 720/638/720
f 738/637/738 1607/636/1607 720/638/720 134/639/134
f 127/545/127 699/611/699 1608/640/1608 739/641/739
f 699/611/699 126/605/126 737/633/737 1608/640/1608
f 1608/640/1608 737/633/737 141/635/141 728/642/728
f 739/641/739 1608/640/1608 728/642/728 142/643/142
f 120/551/120 692/613/692 1609/644/1609 740/645/740
f 692/613/692 119/609/119 738/637/738 1609/644/1609
f 1609/644/1609 738/637/738 134/639/134 721/646/721
f 740/645/740 1609/644/1609 721/646/721 135/647/135
f 128/547/128 700/546/700 1610/648/1610 741/649/741
f 700/546/700 127/545/127 739/641/739 1610/648/1610
f 1610/648/1610 739/641/739 142/643/142 729/650/729
f 741/649/741 1610/648/1610 729/650/729 143/651/143
f 121/553/121 693/552/693 1611/652/1611 742/653/742
f 693/552/693 120/551/120 740/645/740 1611/652/1611
f 1611/652/1611 740/645/740 135/647/135 722/654/722
f 742/653/742 1611/652/1611 722/654/722 136/655/136
f 129/557/129 701/556/701 1612/656/1612 743/657/743
f 701/556/701 128/547/128 741/649/741 1612/656/1612
f 1612/656/1612 741/649/741 143/651/143 730/658/730
f 743/657/743 1612/656/1612 730/658/730 144/659/144
f 122/561/122 694/560/694 1613/660/1613 744/661/744
f 694/560/694 121/553/121 742/653/742 1613/660/1613
f 1613/660/1613 742/653/742 136/655/136 723/662/723
f 744/661/744 1613/660/1613 723/662/723 137/663/137
f 130/567/130 702/566/702 1614/664/1614 745/665/745
f 702/566/702 129/565/129 743/657/743 1614/664/1614
f 1614/664/1614 743/657/743 144/666/144 731/667/731
f 745/665/745 1614/664/1614 731/667/731 145/668/145
f 123/571/123 695/570/695 1615/669/1615 746/670/746
f 695/570/695 122/561/122 744/661/744 1615/669/1615
f 1615/669/1615 744/661/744 137/663/137 724/671/724
f 746/670/746 1615/669/1615 724/671/724 138/672/138
f 116/577/116 1418/673/1418 1616/674/1616 733/616/733
f 326/675/326 1420/676/1420 1616/674/1616 1418/673/1418
f 131/617/131 733/677/733 1616/674/1616 1420/676/1420
f 482/678/482 1419/679/1419 1617/680/1617 1421/681/1421
f 130/567/130 745/682/745 1617/680/1617 1419/679/1419
f 145/668/145 1421/681/1421 1617/680/1617 745/683/745
f 124/587/124 696/586/696 1618/684/1618 735/622/735
f 696/586/696 123/571/123 746/670/746 1618/684/1618
f 1618/684/1618 746/670/746 138/672/138 725/685/725
f 735/622/735 1618/684/1618 725/685/725 139/623/139
f 136/655/136 722/654/722 1619/686/1619 761/687/761
f 722/654/722 135/647/135 762/688/762 1619/686/1619
f 1619/686/1619 762/688/762 150/689/150 751/690/751
f 761/687/761 1619/686/1619 751/690/751 151/691/151
f 144/659/144 730/658/730 1620/692/1620 763/693/763
f 730/658/730 143/651/143 764/694/764 1620/692/1620
f 1620/692/1620 764/694/764 158/695/158 759/696/759
f 763/693/763 1620/692/1620 759/696/759 159/697/159
f 137/663/137 723/662/723 1621/698/1621 765/699/765
f 723/662/723 136/655/136 761/687/761 1621/698/1621
f 1621/698/1621 761/687/761 151/691/151 752/700/752
f 765/699/765 1621/698/1621 752/700/752 152/701/152
f 145/668/145 731/667/731 1622/702/1622 766/703/766
f 731/667/731 144/666/144 763/704/763 1622/702/1622
f 1622/702/1622 763/704/763 159/705/159 760/706/760
f 766/703/766 1622/702/1622 760/706/760 160/707/160
f 138/672/138 724/671/724 1623/708/1623 767/709/767
f 724/671/724 137/663/137 765/699/765 1623/708/1623
f 1623/708/1623 765/699/765 152/701/152 753/710/753
f 767/709/767 1623/708/1623 753/710/753 153/711/153
f 131/617/131 1420/712/1420 1624/713/1624 768/714/768
f 326/715/326 1422/716/1422 1624/713/1624 1420/712/1420
f 146/717/146 768/718/768 1624/713/1624 1422/719/1422
f 482/720/482 1421/721/1421 1625/722/1625 1423/723/1423
f 145/668/145 766/703/766 1625/722/1625 1421/721/1421
f 160/707/160 1423/724/1423 1625/722/1625 766/703/766
f 139/623/139 725/685/725 1626/725/1626 769/726/769
f 725/685/725 138/672/138 767/709/767 1626/725/1626
f 1626/725/1626 767/709/767 153/711/153 754/727/754
f 769/726/769 1626/725/1626 754/727/754 154/728/154
f 132/619/132 718/618/718 1627/729/1627 770/730/770
f 718/618/718 131/617/131 768/714/768 1627/729/1627
f 1627/729/1627 768/714/768 146/717/146 747/731/747
f 770/730/770 1627/729/1627 747/731/747 147/732/147
f 140/625/140 726/624/726 1628/733/1628 771/734/771
f 726/624/726 139/623/139 769/726/769 1628/733/1628
f 1628/733/1628 769/726/769 154/728/154 755/735/755
f 771/734/771 1628/733/1628 755/735/755 155/736/155
f 133/631/133 719/630/719 1629/737/1629 772/738/772
f 719/630/719 132/629/132 770/739/770 1629/737/1629
f 1629/737/1629 770/739/770 147/740/147 748/741/748
f 772/738/772 1629/737/1629 748/741/748 148/742/148
f 141/635/141 727/634/727 1630/743/1630 773/744/773
f 727/634/727 140/625/140 771/734/771 1630/743/1630
f 1630/743/1630 771/734/771 155/736/155 756/745/756
f 773/744/773 1630/743/1630 756/745/756 156/746/156
f 134/639/134 720/638/720 1631/747/1631 774/748/774
f 720/638/720 133/631/133 772/738/772 1631/747/1631
f 1631/747/1631 772/738/772 148/742/148 749/749/749
f 774/748/774 1631/747/1631 749/749/749 149/750/149
f 142/643/142 728/642/728 1632/751/1632 775/752/775
f 728/642/728 141/635/141 773/744/773 1632/751/1632
f 1632/751/1632 773/744/773 156/746/156 757/753/757
f 775/752/775 1632/751/1632 757/753/757 157/754/157
f 135/647/135 721/646/721 1633/755/1633 762/688/762
f 721/646/721 134/639/134 774/748/774 1633/755/1633
f 1633/755/1633 774/748/774 149/750/149 750/756/750
f 762/688/762 1633/755/1633 750/756/750 150/689/150
f 143/651/143 729/650/729 1634/757/1634 764/694/764
f 729/650/729 142/643/142 775/752/775 1634/757/1634
f 1634/757/1634 775/752/775 157/754/157 758/758/758
f 764/694/764 1634/757/1634 758/758/758 158/695/158
f 155/736/155 755/735/755 1635/759/1635 790/760/790
f 755/735/755 154/728/154 791/761/791 1635/759/1635
f 1635/759/1635 791/761/791 169/762/169 784/763/784
f 790/760/790 1635/759/1635 784/763/784 170/764/170
f 148/742/148 748/741/748 1636/765/1636 792/766/792
f 748/741/748 147/740/147 793/767/793 1636/765/1636
f 1636/765/1636 793/767/793 162/768/162 777/769/777
f 792/766/792 1636/765/1636 777/769/777 163/770/163
f 156/746/156 756/745/756 1637/771/1637 794/772/794
f 756/745/756 155/736/155 790/760/790 1637/771/1637
f 1637/771/1637 790/760/790 170/764/170 785/773/785
f 794/772/794 1637/771/1637 785/773/785 171/774/171
f 149/750/149 749/749/749 1638/775/1638 795/776/795
f 749/749/749 148/742/148 792/766/792 1638/775/1638
f 1638/775/1638 792/766/792 163/770/163 778/777/778
f 795/776/795 1638/775/1638 778/777/778 164/778/164
f 157/754/157 757/753/757 1639/779/1639 796/780/796
f 757/753/757 156/746/156 794/772/794 1639/779/1639
f 1639/779/1639 794/772/794 171/774/171 786/781/786
f 796/780/796 1639/779/1639 786/781/786 172/782/172
f 150/689/150 750/756/750 1640/783/1640 797/784/797
f 750/756/750 149/750/149 795/776/795 1640/783/1640
f 1640/783/1640 795/776/795 164/778/164 779/785/779
f 797/784/797 1640/783/1640 779/785/779 165/786/165
f 158/695/158 758/758/758 1641/787/1641 798/788/798
f 758/758/758 157/754/157 796/780/796 1641/787/1641
f 1641/787/1641 796/780/796 172/782/172 787/789/787
f 798/788/798 1641/787/1641 787/789/787 173/790/173
f 151/691/151 751/690/751 1642/791/1642 799/792/799
f 751/690/751 150/689/150 797/784/797 1642/791/1642
f 1642/791/1642 797/784/797 165/786/165 780/793/780
f 799/792/799 1642/791/1642 780/793/780 166/794/166
f 159/697/159 759/696/759 1643/795/1643 800/796/800
f 759/696/759 158/695/158 798/788/798 1643/795/1643
f 1643/795/1643 798/788/798 173/790/173 788/797/788
f 800/796/800 1643/795/1643 788/797/788 174/798/174
f 152/701/152 752/700/752 1644/799/1644 801/800/801
f 752/700/752 151/691/151 799/792/799 1644/799/1644
f 1644/799/1644 799/792/799 166/794/166 781/801/781
f 801/800/801 1644/799/1644 781/801/781 167/802/167
f 160/707/160 760/706/760 1645/803/1645 802/804/802
f 760/706/760 159/705/159 800/805/800 1645/803/1645
f 1645/803/1645 800/805/800 174/798/174 789/806/789
f 802/804/802 1645/803/1645 789/806/789 175/807/175
f 153/711/153 753/710/753 1646/808/1646 803/809/803
f 753/710/753 152/701/152 801/800/801 1646/808/1646
f 1646/808/1646 801/800/801 167/802/167 782/810/782
f 803/809/803 1646/808/1646 782/810/782 168/811/168
f 146/717/146 1422/812/1422 1647/813/1647 804/814/804
f 326/815/326 1424/816/1424 1647/813/1647 1422/812/1422
f 161/817/161 804/818/804 1647/813/1647 1424/816/1424
f 482/819/482 1423/820/1423 1648/821/1648 1425/822/1425
f 160/707/160 802/804/802 1648/821/1648 1423/820/1423
f 175/807/175 1425/822/1425 1648/821/1648 802/823/802
f 154/728/154 754/727/754 1649/824/1649 791/761/791
f 754/727/754 153/711/153 803/809/803 1649/824/1649
f 1649/824/1649 803/809/803 168/811/168 783/825/783
f 791/761/791 1649/824/1649 783/825/783 169/762/169
f 147/732/147 747/731/747 1650/826/1650 793/827/793
f 747/731/747 146/717/146 804/814/804 1650/826/1650
f 1650/826/1650 804/814/804 161/817/161 776/828/776
f 793/827/793 1650/826/1650 776/828/776 162/768/162
f 174/798/174 788/797/788 1651/829/1651 819/830/819
f 788/797/788 173/790/173 820/831/820 1651/829/1651
f 1651/829/1651 820/831/820 188/832/188 817/833/817
f 819/830/819 1651/829/1651 817/833/817 189/834/189
f 167/802/167 781/801/781 1652/835/1652 821/836/821
f 781/801/781 166/794/166 822/837/822 1652/835/1652
f 1652/835/1652 822/837/822 181/838/181 810/839/810
f 821/836/821 1652/835/1652 810/839/810 182/840/182
f 175/807/175 789/806/789 1653/841/1653 823/842/823
f 789/806/789 174/798/174 819/843/819 1653/841/1653
f 1653/841/1653 819/843/819 189/844/189 818/845/818
f 823/842/823 1653/841/1653 818/845/818 190/846/190
f 168/811/168 782/810/782 1654/847/1654 824/848/824
f 782/810/782 167/802/167 821/836/821 1654/847/1654
f 1654/847/1654 821/836/821 182/840/182 811/849/811
f 824/848/824 1654/847/1654 811/849/811 183/850/183
f 161/817/161 1424/851/1424 1655/852/1655 825/853/825
f 326/854/326 1426/855/1426 1655/852/1655 1424/856/1424
f 176/857/176 825/858/825 1655/852/1655 1426/855/1426
f 482/859/482 1425/860/1425 1656/861/1656 1427/862/1427
f 175/807/175 823/842/823 1656/861/1656 1425/863/1425
f 190/846/190 1427/862/1427 1656/861/1656 823/864/823
f 169/762/169 783/825/783 1657/865/1657 826/866/826
f 783/825/783 168/811/168 824/848/824 1657/865/1657
f 1657/865/1657 824/848/824 183/850/183 812/867/812
f 826/866/826 1657/865/1657 812/867/812 184/868/184
f 162/768/162 776/828/776 1658/869/1658 827/870/827
f 776/828/776 161/817/161 825/853/825 1658/869/1658
f 1658/869/1658 825/853/825 176/857/176 805/871/805
f 827/870/827 1658/869/1658 805/871/805 177/872/177
f 170/764/170 784/763/784 1659/873/1659 828/874/828
f 784/763/784 169/762/169 826/866/826 1659/873/1659
f 1659/873/1659 826/866/826 184/868/184 813/875/813
f 828/874/828 1659/873/1659 813/875/813 185/876/185
f 163/770/163 777/769/777 1660/877/1660 829/878/829
f 777/769/777 162/768/162 827/879/827 1660/877/1660
f 1660/877/1660 827/879/827 177/880/177 806/881/806
f 829/878/829 1660/877/1660 806/881/806 178/882/178
f 171/774/171 785/773/785 1661/883/1661 830/884/830
f 785/773/785 170/764/170 828/874/828 1661/883/1661
f 1661/883/1661 828/874/828 185/876/185 814/885/814
f 830/884/830 1661/883/1661 814/885/814 186/886/186
f 164/778/164 778/777/778 1662/887/1662 831/888/831
f 778/777/778 163/770/163 829/878/829 1662/887/1662
f 1662/887/1662 829/878/829 178/882/178 807/889/807
f 831/888/831 1662/887/1662 807/889/807 179/890/179
f 172/782/172 786/781/786 1663/891/1663 832/892/832
f 786/781/786 171/774/171 830/884/830 1663/891/1663
f 1663/891/1663 830/884/830 186/886/186 815/893/815
f 832/892/832 1663/891/1663 815/893/815 187/894/187
f 165/786/165 779/785/779 1664/895/1664 833/896/833
f 779/785/779 164/778/164 831/888/831 1664/895/1664
f 1664/895/1664 831/888/831 179/890/179 808/897/808
f 833/896/833 1664/895/1664 808/897/808 180/898/180
f 173/790/173 787/789/787 1665/899/1665 820/831/820
f 787/789/787 172/782/172 832/892/832 1665/899/1665
f 1665/899/1665 832/892/832 187/894/187 816/900/816
f 820/831/820 1665/899/1665 816/900/816 188/832/188
f 166/794/166 780/793/780 1666/901/1666 822/837/822
f 780/793/780 165/786/165 833/896/833 1666/901/1666
f 1666/901/1666 833/896/833 180/898/180 809/902/809
f 822/837/822 1666/901/1666 809/902/809 181/838/181
f 178/882/178 806/881/806 1667/903/1667 848/904/848
f 806/881/806 177/880/177 849/905/849 1667/903/1667
f 1667/903/1667 849/905/849 192/906/192 835/907/835
f 848/904/848 1667/903/1667 835/907/835 193/908/193
f 186/886/186 814/885/814 1668/909/1668 850/910/850
f 814/885/814 185/876/185 851/911/851 1668/909/1668
f 1668/909/1668 851/911/851 200/912/200 843/913/843
f 850/910/850 1668/909/1668 843/913/843 201/914/201
f 179/890/179 807/889/807 1669/915/1669 852/916/852
f 807/889/807 178/882/178 848/904/848 1669/915/1669
f 1669/915/1669 848/904/848 193/908/193 836/917/836
f 852/916/852 1669/915/1669 836/917/836 194/918/194
f 187/894/187 815/893/815 1670/919/1670 853/920/853
f 815/893/815 186/886/186 850/910/850 1670/919/1670
f 1670/919/1670 850/910/850 201/914/201 844/921/844
f 853/920/853 1670/919/1670 844/921/844 202/922/202
f 180/898/180 808/897/808 1671/923/1671 854/924/854
f 808/897/808 179/890/179 852/916/852 1671/923/1671
f 1671/923/1671 852/916/852 194/918/194 837/925/837
f 854/924/854 1671/923/1671 837/925/837 195/926/195
f 188/832/188 816/900/816 1672/927/1672 855/928/855
f 816/900/816 187/894/187 853/920/853 1672/927/1672
f 1672/927/1672 853/920/853 202/922/202 845/929/845
f 855/928/855 1672/927/1672 845/929/845 203/930/203
f 181/838/181 809/902/809 1673/931/1673 856/932/856
f 809/902/809 180/898/180 854/924/854 1673/931/1673
f 1673/931/1673 854/924/854 195/926/195 838/933/838
f 856/932/856 1673/931/1673 838/933/838 196/934/196
f 189/834/189 817/833/817 1674/935/1674 857/936/857
f 817/833/817 188/832/188 855/928/855 1674/935/1674
f 1674/935/1674 855/928/855 203/930/203 846/937/846
f 857/936/857 1674/935/1674 846/937/846 204/938/204
f 182/840/182 810/839/810 1675/939/1675 858/940/858
f 810/839/810 181/838/181 856/932/856 1675/939/1675
f 1675/939/1675 856/932/856 196/934/196 839/941/839
f 858/940/858 1675/939/1675 839/941/839 197/942/197
f 190/846/190 818/845/818 1676/943/1676 859/944/859
f 818/845/818 189/844/189 857/945/857 1676/943/1676
f 1676/943/1676 857/945/857 204/946/204 847/947/847
f 859/944/859 1676/943/1676 847/947/847 205/948/205
f 183/850/183 811/849/811 1677/949/1677 860/950/860
f 811/849/811 182/840/182 858/940/858 1677/949/1677
f 1677/949/1677 858/940/858 197/942/197 840/951/840
f 860/950/860 1677/949/1677 840/951/840 198/952/198
f 176/857/176 1426/953/1426 1678/954/1678 861/955/861
f 326/956/326 1428/957/1428 1678/954/1678 1426/953/1426
f 191/958/191 861/959/861 1678/954/1678 1428/960/1428
f 482/961/482 1427/962/1427 1679/963/1679 1429/964/1429
f 190/846/190 859/965/859 1679/963/1679 1427/962/1427
f 205/948/205 1429/966/1429 1679/963/1679 859/967/859
f 184/868/184 812/867/812 1680/968/1680 862/969/862
f 812/867/812 183/850/183 860/950/860 1680/968/1680
f 1680/968/1680 860/950/860 198/952/198 841/970/841
f 862/969/862 1680/968/1680 841/970/841 199/971/199
f 177/872/177 805/871/805 1681/972/1681 849/973/849
f 805/871/805 176/857/176 861/955/861 1681/972/1681
f 1681/972/1681 861/955/861 191/958/191 834/974/834
f 849/973/849 1681/972/1681 834/974/834 192/975/192
f 185/876/185 813/875/813 1682/976/1682 851/911/851
f 813/875/813 184/868/184 862/969/862 1682/976/1682
f 1682/976/1682 862/969/862 199/971/199 842/977/842
f 851/911/851 1682/976/1682 842/977/842 200/912/200
f 197/942/197 839/941/839 1683/978/1683 877/979/877
f 839/941/839 196/934/196 878/980/878 1683/978/1683
f 1683/978/1683 878/980/878 211/981/211 868/982/868
f 877/979/877 1683/978/1683 868/982/868 212/983/212
f 205/948/205 847/947/847 1684/984/1684 879/985/879
f 847/947/847 204/946/204 880/986/880 1684/984/1684
f 1684/984/1684 880/986/880 219/987/219 876/988/876
f 879/985/879 1684/984/1684 876/988/876 220/989/220
f 198/952/198 840/951/840 1685/990/1685 881/991/881
f 840/951/840 197/942/197 877/979/877 1685/990/1685
f 1685/990/1685 877/979/877 212/983/212 869/992/869
f 881/991/881 1685/990/1685 869/992/869 213/993/213
f 191/958/191 1428/994/1428 1686/995/1686 882/996/882
f 326/997/326 1430/998/1430 1686/995/1686 1428/994/1428
f 206/999/206 882/1000/882 1686/995/1686 1430/998/1430
f 482/1001/482 1429/1002/1429 1687/1003/1687 1431/1004/1431
f 205/948/205 879/1005/879 1687/1003/1687 1429/1002/1429
f 220/989/220 1431/1004/1431 1687/1003/1687 879/985/879
f 199/971/199 841/970/841 1688/1006/1688 883/1007/883
f 841/970/841 198/952/198 881/991/881 1688/1006/1688
f 1688/1006/1688 881/991/881 213/993/213 870/1008/870
f 883/1007/883 1688/1006/1688 870/1008/870 214/1009/214
f 192/975/192 834/974/834 1689/1010/1689 884/1011/884
f 834/974/834 191/958/191 882/996/882 1689/1010/1689
f 1689/1010/1689 882/996/882 206/999/206 863/1012/863
f 884/1011/884 1689/1010/1689 863/1012/863 207/1013/207
f 200/912/200 842/977/842 1690/1014/1690 885/1015/885
f 842/977/842 199/971/199 883/1007/883 1690/1014/1690
f 1690/1014/1690 883/1007/883 214/1009/214 871/1016/871
f 885/1015/885 1690/1014/1690 871/1016/871 215/1017/215
f 193/908/193 835/907/835 1691/1018/1691 886/1019/886
f 835/907/835 192/906/192 884/1020/884 1691/1018/1691
f 1691/1018/1691 884/1020/884 207/1021/207 864/1022/864
f 886/1019/886 1691/1018/1691 864/1022/864 208/1023/208
f 201/914/201 843/913/843 1692/1024/1692 887/1025/887
f 843/913/843 200/912/200 885/1015/885 1692/1024/1692
f 1692/1024/1692 885/1015/885 215/1017/215 872/1026/872
f 887/1025/887 1692/1024/1692 872/1026/872 216/1027/216
f 194/918/194 836/917/836 1693/1028/1693 888/1029/888
f 836/917/836 193/908/193 886/1019/886 1693/1028/1693
f 1693/1028/1693 886/1019/886 208/1023/208 865/1030/865
f 888/1029/888 1693/1028/1693 865/1030/865 209/1031/209
f 202/922/202 844/921/844 1694/1032/1694 889/1033/889
f 844/921/844 201/914/201 887/1025/887 1694/1032/1694
f 1694/1032/1694 887/1025/887 216/1027/216 873/1034/873
f 889/1033/889 1694/1032/1694 873/1034/873 217/1035/217
f 195/926/195 837/925/837 1695/1036/1695 890/1037/890
f 837/925/837 194/918/194 888/1029/888 1695/1036/1695
f 1695/1036/1695 888/1029/888 209/1031/209 866/1038/866
f 890/1037/890 1695/1036/1695 866/1038/866 210/1039/210
f 203/930/203 845/929/845 1696/1040/1696 891/1041/891
f 845/929/845 202/922/202 889/1033/889 1696/1040/1696
f 1696/1040/1696 889/1033/889 217/1035/217 874/1042/874
f 891/1041/891 1696/1040/1696 874/1042/874 218/1043/218
f 196/934/196 838/933/838 1697/1044/1697 878/980/878
f 838/933/838 195/926/195 890/1037/890 1697/1044/1697
f 1697/1044/1697 890/1037/890 210/1039/210 867/1045/867
f 878/980/878 1697/1044/1697 867/1045/867 211/981/211
f 204/938/204 846/937/846 1698/1046/1698 880/1047/880
f 846/937/846 203/930/203 891/1041/891 1698/1046/1698
f 1698/1046/1698 891/1041/891 218/1043/218 875/1048/875
f 880/1047/880 1698/1046/1698 875/1048/875 219/1049/219
f 216/1027/216 872/1026/872 1699/1050/1699 906/1051/906
f 872/1026/872 215/1017/215 907/1052/907 1699/1050/1699
f 1699/1050/1699 907/1052/907 230/1053/230 901/1054/901
f 906/1051/906 1699/1050/1699 901/1054/901 231/1055/231
f 209/1031/209 865/1030/865 1700/1056/1700 908/1057/908
f 865/1030/865 208/1023/208 909/1058/909 1700/1056/1700
f 1700/1056/1700 909/1058/909 223/1059/223 894/1060/894
f 908/1057/908 1700/1056/1700 894/1060/894 224/1061/224
f 217/1035/217 873/1034/873 1701/1062/1701 910/1063/910
f 873/1034/873 216/1027/216 906/1051/906 1701/1062/1701
f 1701/1062/1701 906/1051/906 231/1055/231 902/1064/902
f 910/1063/910 1701/1062/1701 902/1064/902 232/1065/232
f 210/1039/210 866/1038/866 1702/1066/1702 911/1067/911
f 866/1038/866 209/1031/209 908/1057/908 1702/1066/1702
f 1702/1066/1702 908/1057/908 224/1061/224 895/1068/895
f 911/1067/911 1702/1066/1702 895/1068/895 225/1069/225
f 218/1043/218 874/1042/874 1703/1070/1703 912/1071/912
f 874/1042/874 217/1035/217 910/1063/910 1703/1070/1703
f 1703/1070/1703 910/1063/910 232/1065/232 903/1072/903
f 912/1071/912 1703/1070/1703 903/1072/903 233/1073/233
f 211/981/211 867/1045/867 1704/1074/1704 913/1075/913
f 867/1045/867 210/1039/210 911/1067/911 1704/1074/1704
f 1704/1074/1704 911/1067/911 225/1069/225 896/1076/896
f 913/1075/913 1704/1074/1704 896/1076/896 226/1077/226
f 219/1049/219 875/1048/875 1705/1078/1705 914/1079/914
f 875/1048/875 218/1043/218 912/1071/912 1705/1078/1705
f 1705/1078/1705 912/1071/912 233/1073/233 904/1080/904
f 914/1079/914 1705/1078/1705 904/1080/904 234/1081/234
f 212/983/212 868/982/868 1706/1082/1706 915/1083/915
f 868/982/868 211/981/211 913/1075/913 1706/1082/1706
f 1706/1082/1706 913/1075/913 226/1077/226 897/1084/897
f 915/1083/915 1706/1082/1706 897/1084/897 227/1085/227
f 220/989/220 876/988/876 1707/1086/1707 916/1087/916
f 876/988/876 219/987/219 914/1079/914 1707/1086/1707
f 1707/1086/1707 914/1079/914 234/1088/234 905/1089/905
f 916/1087/916 1707/1086/1707 905/1089/905 235/1090/235
f 213/993/213 869/992/869 1708/1091/1708 917/1092/917
f 869/992/869 212/983/212 915/1083/915 1708/1091/1708
f 1708/1091/1708 915/1083/915 227/1085/227 898/1093/898
f 917/1092/917 1708/1091/1708 898/1093/898 228/1094/228
f 206/999/206 1430/1095/1430 1709/1096/1709 918/1097/918
f 326/1098/326 1432/1099/1432 1709/1096/1709 1430/1095/1430
f 221/1100/221 918/1101/918 1709/1096/1709 1432/1099/1432
f 482/1102/482 1431/1103/1431 1710/1104/1710 1433/1105/1433
f 220/989/220 916/1106/916 1710/1104/1710 1431/1107/1431
f 235/1090/235 1433/1108/1433 1710/1104/1710 916/1106/916
f 214/1009/214 870/1008/870 1711/1109/1711 919/1110/919
f 870/1008/870 213/993/213 917/1092/917 1711/1109/1711
f 1711/1109/1711 917/1092/917 228/1094/228 899/1111/899
f 919/1110/919 1711/1109/1711 899/1111/899 229/1112/229
f 207/1013/207 863/1012/863 1712/1113/1712 920/1114/920
f 863/1012/863 206/999/206 918/1097/918 1712/1113/1712
f 1712/1113/1712 918/1097/918 221/1100/221 892/1115/892
f 920/1114/920 1712/1113/1712 892/1115/892 222/1116/222
f 215/1017/215 871/1016/871 1713/1117/1713 907/1052/907
f 871/1016/871 214/1009/214 919/1110/919 1713/1117/1713
f 1713/1117/1713 919/1110/919 229/1112/229 900/1118/900
f 907/1052/907 1713/1117/1713 900/1118/900 230/1053/230
f 208/1023/208 864/1022/864 1714/1119/1714 909/1058/909
f 864/1022/864 207/1021/207 920/1120/920 1714/1119/1714
f 1714/1119/1714 920/1120/920 222/1121/222 893/1122/893
f 909/1058/909 1714/1119/1714 893/1122/893 223/1059/223
f 235/1090/235 905/1089/905 1715/1123/1715 935/1124/935
f 905/1089/905 234/1088/234 936/1125/936 1715/1123/1715
f 1715/1123/1715 936/1125/936 249/1126/249 934/1127/934
f 935/1124/935 1715/1123/1715 934/1127/934 250/1128/250
f 228/1094/228 898/1093/898 1716/1129/1716 937/1130/937
f 898/1093/898 227/1085/227 938/1131/938 1716/1129/1716
f 1716/1129/1716 938/1131/938 242/1132/242 927/1133/927
f 937/1130/937 1716/1129/1716 927/1133/927 243/1134/243
f 221/1100/221 1432/1135/1432 1717/1136/1717 939/1137/939
f 326/1138/326 1434/1139/1434 1717/1136/1717 1432/1135/1432
f 236/1140/236 939/1141/939 1717/1136/1717 1434/1139/1434
f 482/1142/482 1433/1143/1433 1718/1144/1718 1435/1145/1435
f 235/1090/235 935/1124/935 1718/1144/1718 1433/1143/1433
f 250/1128/250 1435/1145/1435 1718/1144/1718 935/1124/935
f 229/1112/229 899/1111/899 1719/1146/1719 940/1147/940
f 899/1111/899 228/1094/228 937/1130/937 1719/1146/1719
f 1719/1146/1719 937/1130/937 243/1134/243 928/1148/928
f 940/1147/940 1719/1146/1719 928/1148/928 244/1149/244
f 222/1116/222 892/1115/892 1720/1150/1720 941/1151/941
f 892/1115/892 221/1100/221 939/1137/939 1720/1150/1720
f 1720/1150/1720 939/1137/939 236/1140/236 921/1152/921
f 941/1151/941 1720/1150/1720 921/1152/921 237/1153/237
f 230/1053/230 900/1118/900 1721/1154/1721 942/1155/942
f 900/1118/900 229/1112/229 940/1147/940 1721/1154/1721
f 1721/1154/1721 940/1147/940 244/1149/244 929/1156/929
f 942/1155/942 1721/1154/1721 929/1156/929 245/1157/245
f 223/1059/223 893/1122/893 1722/1158/1722 943/1159/943
f 893/1122/893 222/1121/222 941/1160/941 1722/1158/1722
f 1722/1158/1722 941/1160/941 237/1161/237 922/1162/922
f 943/1159/943 1722/1158/1722 922/1162/922 238/1163/238
f 231/1055/231 901/1054/901 1723/1164/1723 944/1165/944
f 901/1054/901 230/1053/230 942/1155/942 1723/1164/1723
f 1723/1164/1723 942/1155/942 245/1157/245 930/1166/930
f 944/1165/944 1723/1164/1723 930/1166/930 246/1167/246
f 224/1061/224 894/1060/894 1724/1168/1724 945/1169/945
f 894/1060/894 223/1059/223 943/1159/943 1724/1168/1724
f 1724/1168/1724 943/1159/943 238/1163/238 923/1170/923
f 945/1169/945 1724/1168/1724 923/1170/923 239/1171/239
f 232/1065/232 902/1064/902 1725/1172/1725 946/1173/946
f 902/1064/902 231/1055/231 944/1165/944 1725/1172/1725
f 1725/1172/1725 944/1165/944 246/1167/246 931/1174/931
f 946/1173/946 1725/1172/1725 931/1174/931 247/1175/247
f 225/1069/225 895/1068/895 1726/1176/1726 947/1177/947
f 895/1068/895 224/1061/224 945/1169/945 1726/1176/1726
f 1726/1176/1726 945/1169/945 239/1171/239 924/1178/924
f 947/1177/947 1726/1176/1726 924/1178/924 240/1179/240
f 233/1073/233 903/1072/903 1727/1180/1727 948/1181/948
f 903/1072/903 232/1065/232 946/1173/946 1727/1180/1727
f 1727/1180/1727 946/1173/946 247/1175/247 932/1182/932
f 948/1181/948 1727/1180/1727 932/1182/932 248/1183/248
f 226/1077/226 896/1076/896 1728/1184/1728 949/1185/949
f 896/1076/896 225/1069/225 947/1177/947 1728/1184/1728
f 1728/1184/1728 947/1177/947 240/1179/240 925/1186/925
f 949/1185/949 1728/1184/1728 925/1186/925 241/1187/241
f 234/1081/234 904/1080/904 1729/1188/1729 936/1189/936
f 904/1080/904 233/1073/233 948/1181/948 1729/1188/1729
f 1729/1188/1729 948/1181/948 248/1183/248 933/1190/933
f 936/1189/936 1729/1188/1729 933/1190/933 249/1191/249
f 227/1085/227 897/1084/897 1730/1192/1730 938/1131/938
f 897/1084/897 226/1077/226 949/1185/949 1730/1192/1730
f 1730/1192/1730 949/1185/949 241/1187/241 926/1193/926
f 938/1131/938 1730/1192/1730 926/1193/926 242/1132/242
f 247/1175/247 931/1174/931 1731/1194/1731 964/1195/964
f 931/1174/931 246/1167/246 965/1196/965 1731/1194/1731
f 1731/1194/1731 965/1196/965 261/1197/261 960/1198/960
f 964/1195/964 1731/1194/1731 960/1198/960 262/1199/262
f 240/1179/240 924/1178/924 1732/1200/1732 966/1201/966
f 924/1178/924 239/1171/239 967/1202/967 1732/1200/1732
f 1732/1200/1732 967/1202/967 254/1203/254 953/1204/953
f 966/1201/966 1732/1200/1732 953/1204/953 255/1205/255
f 248/1183/248 932/1182/932 1733/1206/1733 968/1207/968
f 932/1182/932 247/1175/247 964/1195/964 1733/1206/1733
f 1733/1206/1733 964/1195/964 262/1199/262 961/1208/961
f 968/1207/968 1733/1206/1733 961/1208/961 263/1209/263
f 241/1187/241 925/1186/925 1734/1210/1734 969/1211/969
f 925/1186/925 240/1179/240 966/1201/966 1734/1210/1734
f 1734/1210/1734 966/1201/966 255/1205/255 954/1212/954
f 969/1211/969 1734/1210/1734 954/1212/954 256/1213/256
f 249/1191/249 933/1190/933 1735/1214/1735 970/1215/970
f 933/1190/933 248/1183/248 968/1207/968 1735/1214/1735
f 1735/1214/1735 968/1207/968 263/1209/263 962/1216/962
f 970/1215/970 1735/1214/1735 962/1216/962 264/1217/264
f 242/1132/242 926/1193/926 1736/1218/1736 971/1219/971
f 926/1193/926 241/1187/241 969/1211/969 1736/1218/1736
f 1736/1218/1736 969/1211/969 256/1213/256 955/1220/955
f 971/1219/971 1736/1218/1736 955/1220/955 257/1221/257
f 250/1128/250 934/1127/934 1737/1222/1737 972/1223/972
f 934/1127/934 249/1126/249 970/1224/970 1737/1222/1737
f 1737/1222/1737 970/1224/970 264/1225/264 963/1226/963
f 972/1223/972 1737/1222/1737 963/1226/963 265/1227/265
f 243/1134/243 927/1133/927 1738/1228/1738 973/1229/973
f 927/1133/927 242/1132/242 971/1219/971 1738/1228/1738
f 1738/1228/1738 971/1219/971 257/1221/257 956/1230/956
f 973/1229/973 1738/1228/1738 956/1230/956 258/1231/258
f 236/1140/236 1434/1232/1434 1739/1233/1739 974/1234/974
f 326/1235/326 1436/1236/1436 1739/1233/1739 1434/1232/1434
f 251/1237/251 974/1238/974 1739/1233/1739 1436/1236/1436
f 482/1239/482 1435/1240/1435 1740/1241/1740 1437/1242/1437
f 250/1128/250 972/1223/972 1740/1241/1740 1435/1240/1435
f 265/1227/265 1437/1242/1437 1740/1241/1740 972/1243/972
f 244/1149/244 928/1148/928 1741/1244/1741 975/1245/975
f 928/1148/928 243/1134/243 973/1229/973 1741/1244/1741
f 1741/1244/1741 973/1229/973 258/1231/258 957/1246/957
f 975/1245/975 1741/1244/1741 957/1246/957 259/1247/259
f 237/1153/237 921/1152/921 1742/1248/1742 976/1249/976
f 921/1152/921 236/1140/236 974/1234/974 1742/1248/1742
f 1742/1248/1742 974/1234/974 251/1237/251 950/1250/950
f 976/1249/976 1742/1248/1742 950/1250/950 252/1251/252
f 245/1157/245 929/1156/929 1743/1252/1743 977/1253/977
f 929/1156/929 244/1149/244 975/1245/975 1743/1252/1743
f 1743/1252/1743 975/1245/975 259/1247/259 958/1254/958
f 977/1253/977 1743/1252/1743 958/1254/958 260/1255/260
f 238/1163/238 922/1162/922 1744/1256/1744 978/1257/978
f 922/1162/922 237/1161/237 976/1258/976 1744/1256/1744
f 1744/1256/1744 976/1258/976 252/1259/252 951/1260/951
f 978/1257/978 1744/1256/1744 951/1260/951 253/1261/253
f 246/1167/246 930/1166/930 1745/1262/1745 965/1196/965
f 930/1166/930 245/1157/245 977/1253/977 1745/1262/1745
f 1745/1262/1745 977/1253/977 260/1255/260 959/1263/959
f 965/1196/965 1745/1262/1745 959/1263/959 261/1197/261
f 239/1171/239 923/1170/923 1746/1264/1746 967/1202/967
f 923/1170/923 238/1163/238 978/1257/978 1746/1264/1746
f 1746/1264/1746 978/1257/978 253/1261/253 952/1265/952
f 967/1202/967 1746/1264/1746 952/1265/952 254/1203/254
f 251/1237/251 1436/1266/1436 1747/1267/1747 993/1268/993
f 326/1269/326 1438/1270/1438 1747/1267/1747 1436/1266/1436
f 266/1271/266 993/1272/993 1747/1267/1747 1438/1273/1438
f 482/1274/482 1437/1275/1437 1748/1276/1748 1439/1277/1439
f 265/1227/265 994/1278/994 1748/1276/1748 1437/1275/1437
f 280/1279/280 1439/1280/1439 1748/1276/1748 994/1278/994
f 259/1247/259 957/1246/957 1749/1281/1749 995/1282/995
f 957/1246/957 258/1231/258 996/1283/996 1749/1281/1749
f 1749/1281/1749 996/1283/996 273/1284/273 986/1285/986
f 995/1282/995 1749/1281/1749 986/1285/986 274/1286/274
f 252/1251/252 950/1250/950 1750/1287/1750 997/1288/997
f 950/1250/950 251/1237/251 993/1268/993 1750/1287/1750
f 1750/1287/1750 993/1268/993 266/1271/266 979/1289/979
f 997/1288/997 1750/1287/1750 979/1289/979 267/1290/267
f 260/1255/260 958/1254/958 1751/1291/1751 998/1292/998
f 958/1254/958 259/1247/259 995/1282/995 1751/1291/1751
f 1751/1291/1751 995/1282/995 274/1286/274 987/1293/987
f 998/1292/998 1751/1291/1751 987/1293/987 275/1294/275
f 253/1261/253 951/1260/951 1752/1295/1752 999/1296/999
f 951/1260/951 252/1259/252 997/1297/997 1752/1295/1752
f 1752/1295/1752 997/1297/997 267/1298/267 980/1299/980
f 999/1296/999 1752/1295/1752 980/1299/980 268/1300/268
f 261/1197/261 959/1263/959 1753/1301/1753 1000/1302/1000
f 959/1263/959 260/1255/260 998/1292/998 1753/1301/1753
f 1753/1301/1753 998/1292/998 275/1294/275 988/1303/988
f 1000/1302/1000 1753/1301/1753 988/1303/988 276/1304/276
f 254/1203/254 952/1265/952 1754/1305/1754 1001/1306/1001
f 952/1265/952 253/1261/253 999/1296/999 1754/1305/1754
f 1754/1305/1754 999/1296/999 268/1300/268 981/1307/981
f 1001/1306/1001 1754/1305/1754 981/1307/981 269/1308/269
f 262/1199/262 960/1198/960 1755/1309/1755 1002/1310/1002
f 960/1198/960 261/1197/261 1000/1302/1000 1755/1309/1755
f 1755/1309/1755 1000/1302/1000 276/1304/276 989/1311/989
f 1002/1310/1002 1755/1309/1755 989/1311/989 277/1312/277
f 255/1205/255 953/1204/953 1756/1313/1756 1003/1314/1003
f 953/1204/953 254/1203/254 1001/1306/1001 1756/1313/1756
f 1756/1313/1756 1001/1306/1001 269/1308/269 982/1315/982
f 1003/1314/1003 1756/1313/1756 982/1315/982 270/1316/270
f 263/1209/263 961/1208/961 1757/1317/1757 1004/1318/1004
f 961/1208/961 262/1199/262 1002/1310/1002 1757/1317/1757
f 1757/1317/1757 1002/1310/1002 277/1312/277 990/1319/990
f 1004/1318/1004 1757/1317/1757 990/1319/990 278/1320/278
f 256/1213/256 954/1212/954 1758/1321/1758 1005/1322/1005
f 954/1212/954 255/1205/255 1003/1314/1003 1758/1321/1758
f 1758/1321/1758 1003/1314/1003 270/1316/270 983/1323/983
f 1005/1322/1005 1758/1321/1758 983/1323/983 271/1324/271
f 264/1217/264 962/1216/962 1759/1325/1759 1006/1326/1006
f 962/1216/962 263/1209/263 1004/1318/1004 1759/1325/1759
f 1759/1325/1759 1004/1318/1004 278/1320/278 991/1327/991
f 1006/1326/1006 1759/1325/1759 991/1327/991 279/1328/279
f 257/1221/257 955/1220/955 1760/1329/1760 1007/1330/1007
f 955/1220/955 256/1213/256 1005/1322/1005 1760/1329/1760
f 1760/1329/1760 1005/1322/1005 271/1324/271 984/1331/984
f 1007/1330/1007 1760/1329/1760 984/1331/984 272/1332/272
f 265/1227/265 963/1226/963 1761/1333/1761 994/1334/994
f 963/1226/963 264/1225/264 1006/1335/1006 1761/1333/1761
f 1761/1333/1761 1006/1335/1006 279/1328/279 992/1336/992
f 994/1334/994 1761/1333/1761 992/1336/992 280/1279/280
f 258/1231/258 956/1230/956 1762/1337/1762 996/1283/996
f 956/1230/956 257/1221/257 1007/1330/1007 1762/1337/1762
f 1762/1337/1762 1007/1330/1007 272/1332/272 985/1338/985
f 996/1283/996 1762/1337/1762 985/1338/985 273/1284/273
f 270/1316/270 982/1315/982 1763/1339/1763 1022/1340/1022
f 982/1315/982 269/1308/269 1023/1341/1023 1763/1339/1763
f 1763/1339/1763 1023/1341/1023 284/1342/284 1011/1343/1011
f 1022/1340/1022 1763/1339/1763 1011/1343/1011 285/1344/285
f 278/1320/278 990/1319/990 1764/1345/1764 1024/1346/1024
f 990/1319/990 277/1312/277 1025/1347/1025 1764/1345/1764
f 1764/1345/1764 1025/1347/1025 292/1348/292 1019/1349/1019
f 1024/1346/1024 1764/1345/1764 1019/1349/1019 293/1350/293
f 271/1324/271 983/1323/983 1765/1351/1765 1026/1352/1026
f 983/1323/983 270/1316/270 1022/1340/1022 1765/1351/1765
f 1765/1351/1765 1022/1340/1022 285/1344/285 1012/1353/1012
f 1026/1352/1026 1765/1351/1765 1012/1353/1012 286/1354/286
f 279/1328/279 991/1327/991 1766/1355/1766 1027/1356/1027
f 991/1327/991 278/1320/278 1024/1346/1024 1766/1355/1766
f 1766/1355/1766 1024/1346/1024 293/1350/293 1020/1357/1020
f 1027/1356/1027 1766/1355/1766 1020/1357/1020 294/1358/294
f 272/1332/272 984/1331/984 1767/1359/1767 1028/1360/1028
f 984/1331/984 271/1324/271 1026/1352/1026 1767/1359/1767
f 1767/1359/1767 1026/1352/1026 286/1354/286 1013/1361/1013
f 1028/1360/1028 1767/1359/1767 1013/1361/1013 287/1362/287
f 280/1279/280 992/1336/992 1768/1363/1768 1029/1364/1029
f 992/1336/992 279/1328/279 1027/1365/1027 1768/1363/1768
f 1768/1363/1768 1027/1365/1027 294/1358/294 1021/1366/1021
f 1029/1364/1029 1768/1363/1768 1021/1366/1021 295/1367/295
f 273/1284/273 985/1338/985 1769/1368/1769 1030/1369/1030
f 985/1338/985 272/1332/272 1028/1360/1028 1769/1368/1769
f 1769/1368/1769 1028/1360/1028 287/1362/287 1014/1370/1014
f 1030/1369/1030 1769/1368/1769 1014/1370/1014 288/1371/288
f 266/1271/266 1438/1372/1438 1770/1373/1770 1031/1374/1031
f 326/1375/326 1440/1376/1440 1770/1373/1770 1438/1372/1438
f 281/1377/281 1031/1378/1031 1770/1373/1770 1440/1376/1440
f 482/1379/482 1439/1380/1439 1771/1381/1771 1441/1382/1441
f 280/1279/280 1029/1364/1029 1771/1381/1771 1439/1383/1439
f 295/1367/295 1441/1384/1441 1771/1381/1771 1029/1364/1029
f 274/1286/274 986/1285/986 1772/1385/1772 1032/1386/1032
f 986/1285/986 273/1284/273 1030/1369/1030 1772/1385/1772
f 1772/1385/1772 1030/1369/1030 288/1371/288 1015/1387/1015
f 1032/1386/1032 1772/1385/1772 1015/1387/1015 289/1388/289
f 267/1290/267 979/1289/979 1773/1389/1773 1033/1390/1033
f 979/1289/979 266/1271/266 1031/1374/1031 1773/1389/1773
f 1773/1389/1773 1031/1374/1031 281/1377/281 1008/1391/1008
f 1033/1390/1033 1773/1389/1773 1008/1391/1008 282/1392/282
f 275/1294/275 987/1293/987 1774/1393/1774 1034/1394/1034
f 987/1293/987 274/1286/274 1032/1386/1032 1774/1393/1774
f 1774/1393/1774 1032/1386/1032 289/1388/289 1016/1395/1016
f 1034/1394/1034 1774/1393/1774 1016/1395/1016 290/1396/290
f 268/1300/268 980/1299/980 1775/1397/1775 1035/1398/1035
f 980/1299/980 267/1298/267 1033/1399/1033 1775/1397/1775
f 1775/1397/1775 1033/1399/1033 282/1392/282 1009/1400/1009
f 1035/1398/1035 1775/1397/1775 1009/1400/1009 283/1401/283
f 276/1304/276 988/1303/988 1776/1402/1776 1036/1403/1036
f 988/1303/988 275/1294/275 1034/1394/1034 1776/1402/1776
f 1776/1402/1776 1034/1394/1034 290/1396/290 1017/1404/1017
f 1036/1403/1036 1776/1402/1776 1017/1404/1017 291/1405/291
f 269/1308/269 981/1307/981 1777/1406/1777 1023/1341/1023
f 981/1307/981 268/1300/268 1035/1398/1035 1777/1406/1777
f 1777/1406/1777 1035/1398/1035 283/1401/283 1010/1407/1010
f 1023/1341/1023 1777/1406/1777 1010/1407/1010 284/1342/284
f 277/1312/277 989/1311/989 1778/1408/1778 1025/1347/1025
f 989/1311/989 276/1304/276 1036/1403/1036 1778/1408/1778
f 1778/1408/1778 1036/1403/1036 291/1405/291 1018/1409/1018
f 1025/1347/1025 1778/1408/1778 1018/1409/1018 292/1348/292
f 289/1388/289 1015/1387/1015 1779/1410/1779 1051/1411/1051
f 1015/1387/1015 288/1371/288 1052/1412/1052 1779/1410/1779
f 1779/1410/1779 1052/1412/1052 303/1413/303 1044/1414/1044
f 1051/1411/1051 1779/1410/1779 1044/1414/1044 304/1415/304
f 282/1392/282 1008/1391/1008 1780/1416/1780 1053/1417/1053
f 1008/1391/1008 281/1377/281 1054/1418/1054 1780/1416/1780
f 1780/1416/1780 1054/1418/1054 296/1419/296 1037/1420/1037
f 1053/1417/1053 1780/1416/1780 1037/1420/1037 297/1421/297
f 290/1396/290 1016/1395/1016 1781/1422/1781 1055/1423/1055
f 1016/1395/1016 289/1388/289 1051/1411/1051 1781/1422/1781
f 1781/1422/1781 1051/1411/1051 304/1415/304 1045/1424/1045
f 1055/1423/1055 1781/1422/1781 1045/1424/1045 305/1425/305
f 283/1401/283 1009/1400/1009 1782/1426/1782 1056/1427/1056
f 1009/1400/1009 282/1392/282 1053/1428/1053 1782/1426/1782
f 1782/1426/1782 1053/1428/1053 297/1429/297 1038/1430/1038
f 1056/1427/1056 1782/1426/1782 1038/1430/1038 298/1431/298
f 291/1405/291 1017/1404/1017 1783/1432/1783 1057/1433/1057
f 1017/1404/1017 290/1396/290 1055/1423/1055 1783/1432/1783
f 1783/1432/1783 1055/1423/1055 305/1425/305 1046/1434/1046
f 1057/1433/1057 1783/1432/1783 1046/1434/1046 306/1435/306
f 284/1342/284 1010/1407/1010 1784/1436/1784 1058/1437/1058
f 1010/1407/1010 283/1401/283 1056/1427/1056 1784/1436/1784
f 1784/1436/1784 1056/1427/1056 298/1431/298 1039/1438/1039
f 1058/1437/1058 1784/1436/1784 1039/1438/1039 299/1439/299
f 292/1348/292 1018/1409/1018 1785/1440/1785 1059/1441/1059
f 1018/1409/1018 291/1405/291 1057/1433/1057 1785/1440/1785
f 1785/1440/1785 1057/1433/1057 306/1435/306 1047/1442/1047
f 1059/1441/1059 1785/1440/1785 1047/1442/1047 307/1443/307
f 285/1344/285 1011/1343/1011 1786/1444/1786 1060/1445/1060
f 1011/1343/1011 284/1342/284 1058/1437/1058 1786/1444/1786
f 1786/1444/1786 1058/1437/1058 299/1439/299 1040/1446/1040
f 1060/1445/1060 1786/1444/1786 1040/1446/1040 300/1447/300
f 293/1350/293 1019/1349/1019 1787/1448/1787 1061/1449/1061
f 1019/1349/1019 292/1348/292 1059/1441/1059 1787/1448/1787
f 1787/1448/1787 1059/1441/1059 307/1443/307 1048/1450/1048
f 1061/1449/1061 1787/1448/1787 1048/1450/1048 308/1451/308
f 286/1354/286 1012/1353/1012 1788/1452/1788 1062/1453/1062
f 1012/1353/1012 285/1344/285 1060/1445/1060 1788/1452/1788
f 1788/1452/1788 1060/1445/1060 300/1447/300 1041/1454/1041
f 1062/1453/1062 1788/1452/1788 1041/1454/1041 301/1455/301
f 294/1358/294 1020/1357/1020 1789/1456/1789 1063/1457/1063
f 1020/1357/1020 293/1350/293 1061/1449/1061 1789/1456/1789
f 1789/1456/1789 1061/1449/1061 308/1451/308 1049/1458/1049
f 1063/1457/1063 1789/1456/1789 1049/1458/1049 309/1459/309
f 287/1362/287 1013/1361/1013 1790/1460/1790 1064/1461/1064
f 1013/1361/1013 286/1354/286 1062/1453/1062 1790/1460/1790
f 1790/1460/1790 1062/1453/1062 301/1455/301 1042/1462/1042
f 1064/1461/1064 1790/1460/1790 1042/1462/1042 302/1463/302
f 295/1367/295 1021/1366/1021 1791/1464/1791 1065/1465/1065
f 1021/1366/1021 294/1358/294 1063/1466/1063 1791/1464/1791
f 1791/1464/1791 1063/1466/1063 309/1459/309 1050/1467/1050
f 1065/1465/1065 1791/1464/1791 1050/1467/1050 310/1468/310
f 288/1371/288 1014/1370/1014 1792/1469/1792 1052/1412/1052
f 1014/1370/1014 287/1362/287 1064/1461/1064 1792/1469/1792
f 1792/1469/1792 1064/1461/1064 302/1463/302 1043/1470/1043
f 1052/1412/1052 1792/1469/1792 1043/1470/1043 303/1413/303
f 281/1377/281 1440/1471/1440 1793/1472/1793 1054/1418/1054
f 326/1473/326 1442/1474/1442 1793/1472/1793 1440/1475/1440
f 296/1419/296 1054/1476/1054 1793/1472/1793 1442/1474/1442
f 482/1477/482 1441/1478/1441 1794/1479/1794 1443/1480/1443
f 295/1367/295 1065/1481/1065 1794/1479/1794 1441/1482/1441
f 310/1468/310 1443/1480/1443 1794/1479/1794 1065/1483/1065
f 308/1451/308 1048/1450/1048 1795/1484/1795 1080/1485/1080
f 1048/1450/1048 307/1443/307 1081/1486/1081 1795/1484/1795
f 1795/1484/1795 1081/1486/1081 322/1487/322 1077/1488/1077
f 1080/1485/1080 1795/1484/1795 1077/1488/1077 323/1489/323
f 301/1455/301 1041/1454/1041 1796/1490/1796 1082/1491/1082
f 1041/1454/1041 300/1447/300 1083/1492/1083 1796/1490/1796
f 1796/1490/1796 1083/1492/1083 315/1493/315 1070/1494/1070
f 1082/1491/1082 1796/1490/1796 1070/1494/1070 316/1495/316
f 309/1459/309 1049/1458/1049 1797/1496/1797 1084/1497/1084
f 1049/1458/1049 308/1451/308 1080/1485/1080 1797/1496/1797
f 1797/1496/1797 1080/1485/1080 323/1489/323 1078/1498/1078
f 1084/1497/1084 1797/1496/1797 1078/1498/1078 324/1499/324
f 302/1463/302 1042/1462/1042 1798/1500/1798 1085/1501/1085
f 1042/1462/1042 301/1455/301 1082/1491/1082 1798/1500/1798
f 1798/1500/1798 1082/1491/1082 316/1495/316 1071/1502/1071
f 1085/1501/1085 1798/1500/1798 1071/1502/1071 317/1503/317
f 310/1468/310 1050/1467/1050 1799/1504/1799 1086/1505/1086
f 1050/1467/1050 309/1459/309 1084/1506/1084 1799/1504/1799
f 1799/1504/1799 1084/1506/1084 324/1499/324 1079/1507/1079
f 1086/1505/1086 1799/1504/1799 1079/1507/1079 325/1508/325
f 303/1413/303 1043/1470/1043 1800/1509/1800 1087/1510/1087
f 1043/1470/1043 302/1463/302 1085/1501/1085 1800/1509/1800
f 1800/1509/1800 1085/1501/1085 317/1503/317 1072/1511/1072
f 1087/1510/1087 1800/1509/1800 1072/1511/1072 318/1512/318
f 296/1419/296 1442/1513/1442 1801/1514/1801 1088/1515/1088
f 326/1516/326 1444/1517/1444 1801/1514/1801 1442/1513/1442
f 311/1518/311 1088/1519/1088 1801/1514/1801 1444/1517/1444
f 482/1520/482 1443/1521/1443 1802/1522/1802 1445/1523/1445
f 310/1468/310 1086/1524/1086 1802/1522/1802 1443/1521/1443
f 325/1508/325 1445/1523/1445 1802/1522/1802 1086/1524/1086
f 304/1415/304 1044/1414/1044 1803/1525/1803 1089/1526/1089
f 1044/1414/1044 303/1413/303 1087/1510/1087 1803/1525/1803
f 1803/1525/1803 1087/1510/1087 318/1512/318 1073/1527/1073
f 1089/1526/1089 1803/1525/1803 1073/1527/1073 319/1528/319
f 297/1421/297 1037/1420/1037 1804/1529/1804 1090/1530/1090
f 1037/1420/1037 296/1419/296 1088/1515/1088 1804/1529/1804
f 1804/1529/1804 1088/1515/1088 311/1518/311 1066/1531/1066
f 1090/1530/1090 1804/1529/1804 1066/1531/1066 312/1532/312
f 305/1425/305 1045/1424/1045 1805/1533/1805 1091/1534/1091
f 1045/1424/1045 304/1415/304 1089/1526/1089 1805/1533/1805
f 1805/1533/1805 1089/1526/1089 319/1528/319 1074/1535/1074
f 1091/1534/1091 1805/1533/1805 1074/1535/1074 320/1536/320
f 298/1431/298 1038/1430/1038 1806/1537/1806 1092/1538/1092
f 1038/1430/1038 297/1429/297 1090/1539/1090 1806/1537/1806
f 1806/1537/1806 1090/1539/1090 312/1540/312 1067/1541/1067
f 1092/1538/1092 1806/1537/1806 1067/1541/1067 313/1542/313
f 306/1435/306 1046/1434/1046 1807/1543/1807 1093/1544/1093
f 1046/1434/1046 305/1425/305 1091/1534/1091 1807/1543/1807
f 1807/1543/1807 1091/1534/1091 320/1536/320 1075/1545/1075
f 1093/1544/1093 1807/1543/1807 1075/1545/1075 321/1546/321
f 299/1439/299 1039/1438/1039 1808/1547/1808 1094/1548/1094
f 1039/1438/1039 298/1431/298 1092/1538/1092 1808/1547/1808
f 1808/1547/1808 1092/1538/1092 313/1542/313 1068/1549/1068
f 1094/1548/1094 1808/1547/1808 1068/1549/1068 314/1550/314
f 307/1443/307 1047/1442/1047 1809/1551/1809 1081/1486/1081
f 1047/1442/1047 306/1435/306 1093/1544/1093 1809/1551/1809
f 1809/1551/1809 1093/1544/1093 321/1546/321 1076/1552/1076
f 1081/1486/1081 1809/1551/1809 1076/1552/1076 322/1487/322
f 300/1447/300 1040/1446/1040 1810/1553/1810 1083/1492/1083
f 1040/1446/1040 299/1439/299 1094/1548/1094 1810/1553/1810
f 1810/1553/1810 1094/1548/1094 314/1550/314 1069/1554/1069
f 1083/1492/1083 1810/1553/1810 1069/1554/1069 315/1493/315
f 312/1532/312 1066/1531/1066 1811/1555/1811 1110/1556/1110
f 1066/1531/1066 311/1518/311 1111/1557/1111 1811/1555/1811
f 1811/1555/1811 1111/1557/1111 327/1558/327 1096/1559/1096
f 1110/1556/1110 1811/1555/1811 1096/1559/1096 328/1560/328
f 320/1536/320 1074/1535/1074 1812/1561/1812 1112/1562/1112
f 1074/1535/1074 319/1528/319 1113/1563/1113 1812/1561/1812
f 1812/1561/1812 1113/1563/1113 335/1564/335 1104/1565/1104
f 1112/1562/1112 1812/1561/1812 1104/1565/1104 336/1566/336
f 313/1542/313 1067/1541/1067 1813/1567/1813 1114/1568/1114
f 1067/1541/1067 312/1540/312 1110/1569/1110 1813/1567/1813
f 1813/1567/1813 1110/1569/1110 328/1570/328 1097/1571/1097
f 1114/1568/1114 1813/1567/1813 1097/1571/1097 329/1572/329
f 321/1546/321 1075/1545/1075 1814/1573/1814 1115/1574/1115
f 1075/1545/1075 320/1536/320 1112/1562/1112 1814/1573/1814
f 1814/1573/1814 1112/1562/1112 336/1566/336 1105/1575/1105
f 1115/1574/1115 1814/1573/1814 1105/1575/1105 337/1576/337
f 314/1550/314 1068/1549/1068 1815/1577/1815 1116/1578/1116
f 1068/1549/1068 313/1542/313 1114/1568/1114 1815/1577/1815
f 1815/1577/1815 1114/1568/1114 329/1572/329 1098/1579/1098
f 1116/1578/1116 1815/1577/1815 1098/1579/1098 330/1580/330
f 322/1487/322 1076/1552/1076 1816/1581/1816 1117/1582/1117
f 1076/1552/1076 321/1546/321 1115/1574/1115 1816/1581/1816
f 1816/1581/1816 1115/1574/1115 337/1576/337 1106/1583/1106
f 1117/1582/1117 1816/1581/1816 1106/1583/1106 338/1584/338
f 315/1493/315 1069/1554/1069 1817/1585/1817 1118/1586/1118
f 1069/1554/1069 314/1550/314 1116/1578/1116 1817/1585/1817
f 1817/1585/1817 1116/1578/1116 330/1580/330 1099/1587/1099
f 1118/1586/1118 1817/1585/1817 1099/1587/1099 331/1588/331
f 323/1489/323 1077/1488/1077 1818/1589/1818 1119/1590/1119
f 1077/1488/1077 322/1487/322 1117/1582/1117 1818/1589/1818
f 1818/1589/1818 1117/1582/1117 338/1584/338 1107/1591/1107
f 1119/1590/1119 1818/1589/1818 1107/1591/1107 339/1592/339
f 316/1495/316 1070/1494/1070 1819/1593/1819 1120/1594/1120
f 1070/1494/1070 315/1493/315 1118/1586/1118 1819/1593/1819
f 1819/1593/1819 1118/1586/1118 331/1588/331 1100/1595/1100
f 1120/1594/1120 1819/1593/1819 1100/1595/1100 332/1596/332
f 324/1499/324 1078/1498/1078 1820/1597/1820 1121/1598/1121
f 1078/1498/1078 323/1489/323 1119/1590/1119 1820/1597/1820
f 1820/1597/1820 1119/1590/1119 339/1592/339 1108/1599/1108
f 1121/1598/1121 1820/1597/1820 1108/1599/1108 340/1600/340
f 317/1503/317 1071/1502/1071 1821/1601/1821 1122/1602/1122
f 1071/1502/1071 316/1495/316 1120/1594/1120 1821/1601/1821
f 1821/1601/1821 1120/1594/1120 332/1596/332 1101/1603/1101
f 1122/1602/1122 1821/1601/1821 1101/1603/1101 333/1604/333
f 325/1508/325 1079/1507/1079 1822/1605/1822 1123/1606/1123
f 1079/1507/1079 324/1499/324 1121/1607/1121 1822/1605/1822
f 1822/1605/1822 1121/1607/1121 340/1608/340 1109/1609/1109
f 1123/1606/1123 1822/1605/1822 1109/1609/1109 341/1610/341
f 318/1512/318 1072/1511/1072 1823/1611/1823 1124/1612/1124
f 1072/1511/1072 317/1503/317 1122/1602/1122 1823/1611/1823
f 1823/1611/1823 1122/1602/1122 333/1604/333 1102/1613/1102
f 1124/1612/1124 1823/1611/1823 1102/1613/1102 334/1614/334
f 311/1518/311 1444/1615/1444 1824/1616/1824 1111/1557/1111
f 326/1617/326 1095/1618/1095 1824/1616/1824 1444/1615/1444
f 327/1558/327 1111/1619/1111 1824/1616/1824 1095/1620/1095
f 482/1621/482 1445/1622/1445 1825/1623/1825 1446/1624/1446
f 325/1508/325 1123/1625/1123 1825/1623/1825 1445/1622/1445
f 341/1610/341 1446/1626/1446 1825/1623/1825 1123/1627/1123
f 319/1528/319 1073/1527/1073 1826/1628/1826 1113/1563/1113
f 1073/1527/1073 318/1512/318 1124/1612/1124 1826/1628/1826
f 1826/1628/1826 1124/1612/1124 334/1614/334 1103/1629/1103
f 1113/1563/1113 1826/1628/1826 1103/1629/1103 335/1564/335
f 332/1596/332 1100/1595/1100 1827/1630/1827 1139/1631/1139
f 1100/1595/1100 331/1588/331 1140/1632/1140 1827/1630/1827
f 1827/1630/1827 1140/1632/1140 346/1633/346 1129/1634/1129
f 1139/1631/1139 1827/1630/1827 1129/1634/1129 347/1635/347
f 340/1600/340 1108/1599/1108 1828/1636/1828 1141/1637/1141
f 1108/1599/1108 339/1592/339 1142/1638/1142 1828/1636/1828
f 1828/1636/1828 1142/1638/1142 354/1639/354 1137/1640/1137
f 1141/1637/1141 1828/1636/1828 1137/1640/1137 355/1641/355
f 333/1604/333 1101/1603/1101 1829/1642/1829 1143/1643/1143
f 1101/1603/1101 332/1596/332 1139/1631/1139 1829/1642/1829
f 1829/1642/1829 1139/1631/1139 347/1635/347 1130/1644/1130
f 1143/1643/1143 1829/1642/1829 1130/1644/1130 348/1645/348
f 341/1610/341 1109/1609/1109 1830/1646/1830 1144/1647/1144
f 1109/1609/1109 340/1608/340 1141/1648/1141 1830/1646/1830
f 1830/1646/1830 1141/1648/1141 355/1649/355 1138/1650/1138
f 1144/1647/1144 1830/1646/1830 1138/1650/1138 356/1651/356
f 334/1614/334 1102/1613/1102 1831/1652/1831 1145/1653/1145
f 1102/1613/1102 333/1604/333 1143/1643/1143 1831/1652/1831
f 1831/1652/1831 1143/1643/1143 348/1645/348 1131/1654/1131
f 1145/1653/1145 1831/1652/1831 1131/1654/1131 349/1655/349
f 327/1558/327 1095/1656/1095 1832/1657/1832 1146/1658/1146
f 326/1659/326 1447/1660/1447 1832/1657/1832 1095/1661/1095
f 342/1662/342 1146/1663/1146 1832/1657/1832 1447/1664/1447
f 482/1665/482 1446/1666/1446 1833/1667/1833 1448/1668/1448
f 341/1610/341 1144/1647/1144 1833/1667/1833 1446/1669/1446
f 356/1651/356 1448/1670/1448 1833/1667/1833 1144/1671/1144
f 335/1564/335 1103/1629/1103 1834/1672/1834 1147/1673/1147
f 1103/1629/1103 334/1614/334 1145/1653/1145 1834/1672/1834
f 1834/1672/1834 1145/1653/1145 349/1655/349 1132/1674/1132
f 1147/1673/1147 1834/1672/1834 1132/1674/1132 350/1675/350
f 328/1560/328 1096/1559/1096 1835/1676/1835 1148/1677/1148
f 1096/1559/1096 327/1558/327 1146/1658/1146 1835/1676/1835
f 1835/1676/1835 1146/1658/1146 342/1662/342 1125/1678/1125
f 1148/1677/1148 1835/1676/1835 1125/1678/1125 343/1679/343
f 336/1566/336 1104/1565/1104 1836/1680/1836 1149/1681/1149
f 1104/1565/1104 335/1564/335 1147/1673/1147 1836/1680/1836
f 1836/1680/1836 1147/1673/1147 350/1675/350 1133/1682/1133
f 1149/1681/1149 1836/1680/1836 1133/1682/1133 351/1683/351
f 329/1572/329 1097/1571/1097 1837/1684/1837 1150/1685/1150
f 1097/1571/1097 328/1570/328 1148/1686/1148 1837/1684/1837
f 1837/1684/1837 1148/1686/1148 343/1687/343 1126/1688/1126
f 1150/1685/1150 1837/1684/1837 1126/1688/1126 344/1689/344
f 337/1576/337 1105/1575/1105 1838/1690/1838 1151/1691/1151
f 1105/1575/1105 336/1566/336 1149/1681/1149 1838/1690/1838
f 1838/1690/1838 1149/1681/1149 351/1683/351 1134/1692/1134
f 1151/1691/1151 1838/1690/1838 1134/1692/1134 352/1693/352
f 330/1580/330 1098/1579/1098 1839/1694/1839 1152/1695/1152
f 1098/1579/1098 329/1572/329 1150/1685/1150 1839/1694/1839
f 1839/1694/1839 1150/1685/1150 344/1689/344 1127/1696/1127
f 1152/1695/1152 1839/1694/1839 1127/1696/1127 345/1697/345
f 338/1584/338 1106/1583/1106 1840/1698/1840 1153/1699/1153
f 1106/1583/1106 337/1576/337 1151/1691/1151 1840/1698/1840
f 1840/1698/1840 1151/1691/1151 352/1693/352 1135/1700/1135
f 1153/1699/1153 1840/1698/1840 1135/1700/1135 353/1701/353
f 331/1588/331 1099/1587/1099 1841/1702/1841 1140/1632/1140
f 1099/1587/1099 330/1580/330 1152/1695/1152 1841/1702/1841
f 1841/1702/1841 1152/1695/1152 345/1697/345 1128/1703/1128
f 1140/1632/1140 1841/1702/1841 1128/1703/1128 346/1633/346
f 339/1592/339 1107/1591/1107 1842/1704/1842 1142/1638/1142
f 1107/1591/1107 338/1584/338 1153/1699/1153 1842/1704/1842
f 1842/1704/1842 1153/1699/1153 353/1701/353 1136/1705/1136
f 1142/1638/1142 1842/1704/1842 1136/1705/1136 354/1639/354
f 351/1683/351 1133/1682/1133 1843/1706/1843 1168/1707/1168
f 1133/1682/1133 350/1708/350 1169/1709/1169 1843/1706/1843
f 1843/1706/1843 1169/1709/1169 365/1710/365 1162/1711/1162
f 1168/1707/1168 1843/1706/1843 1162/1711/1162 366/1712/366
f 344/1713/344 1126/1714/1126 1844/1715/1844 1170/1716/1170
f 1126/1714/1126 343/1679/343 1171/1717/1171 1844/1715/1844
f 1844/1715/1844 1171/1717/1171 358/1718/358 1155/1719/1155
f 1170/1716/1170 1844/1715/1844 1155/1719/1155 359/1720/359
f 352/1721/352 1134/1722/1134 1845/1723/1845 1172/1724/1172
f 1134/1722/1134 351/1683/351 1168/1707/1168 1845/1723/1845
f 1845/1723/1845 1168/1707/1168 366/1712/366 1163/1725/1163
f 1172/1724/1172 1845/1723/1845 1163/1725/1163 367/1726/367
f 345/1727/345 1127/1696/1127 1846/1728/1846 1173/1729/1173
f 1127/1696/1127 344/1713/344 1170/1716/1170 1846/1728/1846
f 1846/1728/1846 1170/1716/1170 359/1720/359 1156/1730/1156
f 1173/1729/1173 1846/1728/1846 1156/1730/1156 360/1731/360
f 353/1732/353 1135/1733/1135 1847/1734/1847 1174/1735/1174
f 1135/1733/1135 352/1721/352 1172/1724/1172 1847/1734/1847
f 1847/1734/1847 1172/1724/1172 367/1726/367 1164/1736/1164
f 1174/1735/1174 1847/1734/1847 1164/1736/1164 368/1737/368
f 346/1738/346 1128/1739/1128 1848/1740/1848 1175/1741/1175
f 1128/1739/1128 345/1727/345 1173/1729/1173 1848/1740/1848
f 1848/1740/1848 1173/1729/1173 360/1731/360 1157/1742/1157
f 1175/1741/1175 1848/1740/1848 1157/1742/1157 361/1743/361
f 354/1744/354 1136/1705/1136 1849/1745/1849 1176/1746/1176
f 1136/1705/1136 353/1732/353 1174/1735/1174 1849/1745/1849
f 1849/1745/1849 1174/1735/1174 368/1737/368 1165/1747/1165
f 1176/1746/1176 1849/1745/1849 1165/1747/1165 369/1748/369
f 347/1749/347 1129/1750/1129 1850/1751/1850 1177/1752/1177
f 1129/1750/1129 346/1738/346 1175/1741/1175 1850/1751/1850
f 1850/1751/1850 1175/1741/1175 361/1743/361 1158/1753/1158
f 1177/1752/1177 1850/1751/1850 1158/1753/1158 362/1754/362
f 355/1649/355 1137/1755/1137 1851/1756/1851 1178/1757/1178
f 1137/1755/1137 354/1744/354 1176/1746/1176 1851/1756/1851
f 1851/1756/1851 1176/1746/1176 369/1748/369 1166/1758/1166
f 1178/1757/1178 1851/1756/1851 1166/1758/1166 370/1759/370
f 348/1760/348 1130/1761/1130 1852/1762/1852 1179/1763/1179
f 1130/1761/1130 347/1749/347 1177/1752/1177 1852/1762/1852
f 1852/1762/1852 1177/1752/1177 362/1754/362 1159/1764/1159
f 1179/1763/1179 1852/1762/1852 1159/1764/1159 363/1765/363
f 356/1651/356 1138/1650/1138 1853/1766/1853 1180/1767/1180
f 1138/1650/1138 355/1649/355 1178/1757/1178 1853/1766/1853
f 1853/1766/1853 1178/1757/1178 370/1759/370 1167/1768/1167
f 1180/1767/1180 1853/1766/1853 1167/1768/1167 371/1769/371
f 349/1770/349 1131/1654/1131 1854/1771/1854 1181/1772/1181
f 1131/1654/1131 348/1760/348 1179/1763/1179 1854/1771/1854
f 1854/1771/1854 1179/1763/1179 363/1765/363 1160/1773/1160
f 1181/1772/1181 1854/1771/1854 1160/1773/1160 364/1774/364
f 342/1662/342 1447/1775/1447 1855/1776/1855 1182/1777/1182
f 326/1778/326 1449/1779/1449 1855/1776/1855 1447/1775/1447
f 357/1780/357 1182/1781/1182 1855/1776/1855 1449/1779/1449
f 482/1782/482 1448/1783/1448 1856/1784/1856 1450/1785/1450
f 356/1651/356 1180/1786/1180 1856/1784/1856 1448/1783/1448
f 371/1769/371 1450/1785/1450 1856/1784/1856 1180/1767/1180
f 350/1708/350 1132/1787/1132 1857/1788/1857 1169/1709/1169
f 1132/1787/1132 349/1770/349 1181/1772/1181 1857/1788/1857
f 1857/1788/1857 1181/1772/1181 364/1774/364 1161/1789/1161
f 1169/1709/1169 1857/1788/1857 1161/1789/1161 365/1710/365
f 343/1679/343 1125/1678/1125 1858/1790/1858 1171/1717/1171
f 1125/1678/1125 342/1662/342 1182/1777/1182 1858/1790/1858
f 1858/1790/1858 1182/1777/1182 357/1780/357 1154/1791/1154
f 1171/1717/1171 1858/1790/1858 1154/1791/1154 358/1718/358
f 370/1792/370 1166/1793/1166 1859/1794/1859 1197/1795/1197
f 1166/1793/1166 369/1796/369 1198/1797/1198 1859/1794/1859
f 1859/1794/1859 1198/1797/1198 384/1798/384 1195/1799/1195
f 1197/1795/1197 1859/1794/1859 1195/1799/1195 385/1800/385
f 363/1801/363 1159/1802/1159 1860/1803/1860 1199/1804/1199
f 1159/1802/1159 362/1805/362 1200/1806/1200 1860/1803/1860
f 1860/1803/1860 1200/1806/1200 377/1807/377 1188/1808/1188
f 1199/1804/1199 1860/1803/1860 1188/1808/1188 378/1809/378
f 371/1810/371 1167/1811/1167 1861/1812/1861 1201/1813/1201
f 1167/1811/1167 370/1792/370 1197/1795/1197 1861/1812/1861
f 1861/1812/1861 1197/1795/1197 385/1800/385 1196/1814/1196
f 1201/1813/1201 1861/1812/1861 1196/1814/1196 386/1815/386
f 364/1816/364 1160/1817/1160 1862/1818/1862 1202/1819/1202
f 1160/1817/1160 363/1801/363 1199/1804/1199 1862/1818/1862
f 1862/1818/1862 1199/1804/1199 378/1809/378 1189/1820/1189
f 1202/1819/1202 1862/1818/1862 1189/1820/1189 379/1821/379
f 357/1822/357 1449/1823/1449 1863/1824/1863 1203/1825/1203
f 326/1826/326 1451/1827/1451 1863/1824/1863 1449/1823/1449
f 372/1828/372 1203/1829/1203 1863/1824/1863 1451/1827/1451
f 482/1830/482 1450/1831/1450 1864/1832/1864 1452/1833/1452
f 371/1810/371 1201/1813/1201 1864/1832/1864 1450/1831/1450
f 386/1815/386 1452/1833/1452 1864/1832/1864 1201/1834/1201
f 365/1835/365 1161/1836/1161 1865/1837/1865 1204/1838/1204
f 1161/1836/1161 364/1816/364 1202/1819/1202 1865/1837/1865
f 1865/1837/1865 1202/1819/1202 379/1821/379 1190/1839/1190
f 1204/1838/1204 1865/1837/1865 1190/1839/1190 380/1840/380
f 358/1841/358 1154/1842/1154 1866/1843/1866 1205/1844/1205
f 1154/1842/1154 357/1822/357 1203/1825/1203 1866/1843/1866
f 1866/1843/1866 1203/1825/1203 372/1828/372 1183/1845/1183
f 1205/1844/1205 1866/1843/1866 1183/1845/1183 373/1846/373
f 366/1847/366 1162/1848/1162 1867/1849/1867 1206/1850/1206
f 1162/1848/1162 365/1835/365 1204/1838/1204 1867/1849/1867
f 1867/1849/1867 1204/1838/1204 380/1840/380 1191/1851/1191
f 1206/1850/1206 1867/1849/1867 1191/1851/1191 381/1852/381
f 359/1853/359 1155/1854/1155 1868/1855/1868 1207/1856/1207
f 1155/1854/1155 358/1841/358 1205/1844/1205 1868/1855/1868
f 1868/1855/1868 1205/1844/1205 373/1846/373 1184/1857/1184
f 1207/1856/1207 1868/1855/1868 1184/1857/1184 374/1858/374
f 367/1859/367 1163/1860/1163 1869/1861/1869 1208/1862/1208
f 1163/1860/1163 366/1847/366 1206/1850/1206 1869/1861/1869
f 1869/1861/1869 1206/1850/1206 381/1852/381 1192/1863/1192
f 1208/1862/1208 1869/1861/1869 1192/1863/1192 382/1864/382
f 360/1865/360 1156/1866/1156 1870/1867/1870 1209/1868/1209
f 1156/1866/1156 359/1853/359 1207/1856/1207 1870/1867/1870
f 1870/1867/1870 1207/1856/1207 374/1858/374 1185/1869/1185
f 1209/1868/1209 1870/1867/1870 1185/1869/1185 375/1870/375
f 368/1871/368 1164/1872/1164 1871/1873/1871 1210/1874/1210
f 1164/1872/1164 367/1859/367 1208/1862/1208 1871/1873/1871
f 1871/1873/1871 1208/1862/1208 382/1864/382 1193/1875/1193
f 1210/1874/1210 1871/1873/1871 1193/1875/1193 383/1876/383
f 361/1877/361 1157/1878/1157 1872/1879/1872 1211/1880/1211
f 1157/1878/1157 360/1865/360 1209/1868/1209 1872/1879/1872
f 1872/1879/1872 1209/1868/1209 375/1870/375 1186/1881/1186
f 1211/1880/1211 1872/1879/1872 1186/1881/1186 376/1882/376
f 369/1796/369 1165/1883/1165 1873/1884/1873 1198/1797/1198
f 1165/1883/1165 368/1871/368 1210/1874/1210 1873/1884/1873
f 1873/1884/1873 1210/1874/1210 383/1876/383 1194/1885/1194
f 1198/1797/1198 1873/1884/1873 1194/1885/1194 384/1798/384
f 362/1805/362 1158/1886/1158 1874/1887/1874 1200/1806/1200
f 1158/1886/1158 361/1877/361 1211/1880/1211 1874/1887/1874
f 1874/1887/1874 1211/1880/1211 376/1882/376 1187/1888/1187
f 1200/1806/1200 1874/1887/1874 1187/1888/1187 377/1807/377
f 382/1889/382 1192/1890/1192 1875/1891/1875 1226/1892/1226
f 1192/1890/1192 381/1893/381 1227/1894/1227 1875/1891/1875
f 1875/1891/1875 1227/1894/1227 396/1895/396 1221/1896/1221
f 1226/1892/1226 1875/1891/1875 1221/1896/1221 397/1897/397
f 375/1898/375 1185/1899/1185 1876/1900/1876 1228/1901/1228
f 1185/1899/1185 374/1902/374 1229/1903/1229 1876/1900/1876
f 1876/1900/1876 1229/1903/1229 389/1904/389 1214/1905/1214
f 1228/1901/1228 1876/1900/1876 1214/1905/1214 390/1906/390
f 383/1907/383 1193/1908/1193 1877/1909/1877 1230/1910/1230
f 1193/1908/1193 382/1889/382 1226/1892/1226 1877/1909/1877
f 1877/1909/1877 1226/1892/1226 397/1897/397 1222/1911/1222
f 1230/1910/1230 1877/1909/1877 1222/1911/1222 398/1912/398
f 376/1913/376 1186/1914/1186 1878/1915/1878 1231/1916/1231
f 1186/1914/1186 375/1898/375 1228/1901/1228 1878/1915/1878
f 1878/1915/1878 1228/1901/1228 390/1906/390 1215/1917/1215
f 1231/1916/1231 1878/1915/1878 1215/1917/1215 391/1918/391
f 384/1919/384 1194/1920/1194 1879/1921/1879 1232/1922/1232
f 1194/1920/1194 383/1907/383 1230/1910/1230 1879/1921/1879
f 1879/1921/1879 1230/1910/1230 398/1912/398 1223/1923/1223
f 1232/1922/1232 1879/1921/1879 1223/1923/1223 399/1924/399
f 377/1925/377 1187/1926/1187 1880/1927/1880 1233/1928/1233
f 1187/1926/1187 376/1913/376 1231/1916/1231 1880/1927/1880
f 1880/1927/1880 1231/1916/1231 391/1918/391 1216/1929/1216
f 1233/1928/1233 1880/1927/1880 1216/1929/1216 392/1930/392
f 385/1931/385 1195/1932/1195 1881/1933/1881 1234/1934/1234
f 1195/1932/1195 384/1919/384 1232/1922/1232 1881/1933/1881
f 1881/1933/1881 1232/1922/1232 399/1924/399 1224/1935/1224
f 1234/1934/1234 1881/1933/1881 1224/1935/1224 400/1936/400
f 378/1937/378 1188/1938/1188 1882/1939/1882 1235/1940/1235
f 1188/1938/1188 377/1925/377 1233/1928/1233 1882/1939/1882
f 1882/1939/1882 1233/1928/1233 392/1930/392 1217/1941/1217
f 1235/1940/1235 1882/1939/1882 1217/1941/1217 393/1942/393
f 386/1815/386 1196/1814/1196 1883/1943/1883 1236/1944/1236
f 1196/1814/1196 385/1800/385 1234/1945/1234 1883/1943/1883
f 1883/1943/1883 1234/1945/1234 400/1946/400 1225/1947/1225
f 1236/1944/1236 1883/1943/1883 1225/1947/1225 401/1948/401
f 379/1949/379 1189/1950/1189 1884/1951/1884 1237/1952/1237
f 1189/1950/1189 378/1937/378 1235/1940/1235 1884/1951/1884
f 1884/1951/1884 1235/1940/1235 393/1942/393 1218/1953/1218
f 1237/1952/1237 1884/1951/1884 1218/1953/1218 394/1954/394
f 372/1828/372 1451/1955/1451 1885/1956/1885 1238/1957/1238
f 326/1958/326 1453/1959/1453 1885/1956/1885 1451/1955/1451
f 387/1960/387 1238/1961/1238 1885/1956/1885 1453/1959/1453
f 482/1962/482 1452/1963/1452 1886/1964/1886 1454/1965/1454
f 386/1815/386 1236/1944/1236 1886/1964/1886 1452/1963/1452
f 401/1948/401 1454/1966/1454 1886/1964/1886 1236/1967/1236
f 380/1968/380 1190/1969/1190 1887/1970/1887 1239/1971/1239
f 1190/1969/1190 379/1949/379 1237/1952/1237 1887/1970/1887
f 1887/1970/1887 1237/1952/1237 394/1954/394 1219/1972/1219
f 1239/1971/1239 1887/1970/1887 1219/1972/1219 395/1973/395
f 373/1846/373 1183/1845/1183 1888/1974/1888 1240/1975/1240
f 1183/1845/1183 372/1828/372 1238/1957/1238 1888/1974/1888
f 1888/1974/1888 1238/1957/1238 387/1960/387 1212/1976/1212
f 1240/1975/1240 1888/1974/1888 1212/1976/1212 388/1977/388
f 381/1893/381 1191/1978/1191 1889/1979/1889 1227/1894/1227
f 1191/1978/1191 380/1968/380 1239/1971/1239 1889/1979/1889
f 1889/1979/1889 1239/1971/1239 395/1973/395 1220/1980/1220
f 1227/1894/1227 1889/1979/1889 1220/1980/1220 396/1895/396
f 374/1902/374 1184/1981/1184 1890/1982/1890 1229/1903/1229
f 1184/1981/1184 373/1983/373 1240/1975/1240 1890/1982/1890
f 1890/1982/1890 1240/1975/1240 388/1977/388 1213/1984/1213
f 1229/1903/1229 1890/1982/1890 1213/1984/1213 389/1904/389
f 401/1948/401 1225/1947/1225 1891/1985/1891 1255/1986/1255
f 1225/1947/1225 400/1946/400 1256/1987/1256 1891/1985/1891
f 1891/1985/1891 1256/1987/1256 415/1988/415 1254/1989/1254
f 1255/1986/1255 1891/1985/1891 1254/1989/1254 416/1990/416
f 394/1954/394 1218/1953/1218 1892/1991/1892 1257/1992/1257
f 1218/1953/1218 393/1942/393 1258/1993/1258 1892/1991/1892
f 1892/1991/1892 1258/1993/1258 408/1994/408 1247/1995/1247
f 1257/1992/1257 1892/1991/1892 1247/1995/1247 409/1996/409
f 387/1960/387 1453/1997/1453 1893/1998/1893 1259/1999/1259
f 326/2000/326 1455/2001/1455 1893/1998/1893 1453/1997/1453
f 402/2002/402 1259/2003/1259 1893/1998/1893 1455/2001/1455
f 482/2004/482 1454/2005/1454 1894/2006/1894 1456/2007/1456
f 401/1948/401 1255/2008/1255 1894/2006/1894 1454/2005/1454
f 416/1990/416 1456/2007/1456 1894/2006/1894 1255/2008/1255
f 395/1973/395 1219/1972/1219 1895/2009/1895 1260/2010/1260
f 1219/1972/1219 394/1954/394 1257/1992/1257 1895/2009/1895
f 1895/2009/1895 1257/1992/1257 409/1996/409 1248/2011/1248
f 1260/2010/1260 1895/2009/1895 1248/2011/1248 410/2012/410
f 388/1977/388 1212/1976/1212 1896/2013/1896 1261/2014/1261
f 1212/1976/1212 387/1960/387 1259/1999/1259 1896/2013/1896
f 1896/2013/1896 1259/1999/1259 402/2002/402 1241/2015/1241
f 1261/2014/1261 1896/2013/1896 1241/2015/1241 403/2016/403
f 396/1895/396 1220/1980/1220 1897/2017/1897 1262/2018/1262
f 1220/1980/1220 395/1973/395 1260/2010/1260 1897/2017/1897
f 1897/2017/1897 1260/2010/1260 410/2012/410 1249/2019/1249
f 1262/2018/1262 1897/2017/1897 1249/2019/1249 411/2020/411
f 389/1904/389 1213/1984/1213 1898/2021/1898 1263/2022/1263
f 1213/1984/1213 388/1977/388 1261/2023/1261 1898/2021/1898
f 1898/2021/1898 1261/2023/1261 403/2024/403 1242/2025/1242
f 1263/2022/1263 1898/2021/1898 1242/2025/1242 404/2026/404
f 397/1897/397 1221/1896/1221 1899/2027/1899 1264/2028/1264
f 1221/1896/1221 396/1895/396 1262/2018/1262 1899/2027/1899
f 1899/2027/1899 1262/2018/1262 411/2020/411 1250/2029/1250
f 1264/2028/1264 1899/2027/1899 1250/2029/1250 412/2030/412
f 390/1906/390 1214/1905/1214 1900/2031/1900 1265/2032/1265
f 1214/1905/1214 389/1904/389 1263/2022/1263 1900/2031/1900
f 1900/2031/1900 1263/2022/1263 404/2026/404 1243/2033/1243
f 1265/2032/1265 1900/2031/1900 1243/2033/1243 405/2034/405
f 398/1912/398 1222/1911/1222 1901/2035/1901 1266/2036/1266
f 1222/1911/1222 397/1897/397 1264/2028/1264 1901/2035/1901
f 1901/2035/1901 1264/2028/1264 412/2030/412 1251/2037/1251
f 1266/2036/1266 1901/2035/1901 1251/2037/1251 413/2038/413
f 391/1918/391 1215/1917/1215 1902/2039/1902 1267/2040/1267
f 1215/1917/1215 390/1906/390 1265/2032/1265 1902/2039/1902
f 1902/2039/1902 1265/2032/1265 405/2034/405 1244/2041/1244
f 1267/2040/1267 1902/2039/1902 1244/2041/1244 406/2042/406
f 399/1924/399 1223/1923/1223 1903/2043/1903 1268/2044/1268
f 1223/1923/1223 398/1912/398 1266/2036/1266 1903/2043/1903
f 1903/2043/1903 1266/2036/1266 413/2038/413 1252/2045/1252
f 1268/2044/1268 1903/2043/1903 1252/2045/1252 414/2046/414
f 392/1930/392 1216/1929/1216 1904/2047/1904 1269/2048/1269
f 1216/1929/1216 391/1918/391 1267/2040/1267 1904/2047/1904
f 1904/2047/1904 1267/2040/1267 406/2042/406 1245/2049/1245
f 1269/2048/1269 1904/2047/1904 1245/2049/1245 407/2050/407
f 400/1936/400 1224/1935/1224 1905/2051/1905 1256/2052/1256
f 1224/1935/1224 399/1924/399 1268/2044/1268 1905/2051/1905
f 1905/2051/1905 1268/2044/1268 414/2046/414 1253/2053/1253
f 1256/2052/1256 1905/2051/1905 1253/2053/1253 415/2054/415
f 393/1942/393 1217/1941/1217 1906/2055/1906 1258/1993/1258
f 1217/1941/1217 392/1930/392 1269/2048/1269 1906/2055/1906
f 1906/2055/1906 1269/2048/1269 407/2050/407 1246/2056/1246
f 1258/1993/1258 1906/2055/1906 1246/2056/1246 408/1994/408
f 405/2034/405 1243/2033/1243 1907/2057/1907 1284/2058/1284
f 1243/2033/1243 404/2026/404 1285/2059/1285 1907/2057/1907
f 1907/2057/1907 1285/2059/1285 419/2060/419 1272/2061/1272
f 1284/2058/1284 1907/2057/1907 1272/2061/1272 420/2062/420
f 413/2038/413 1251/2037/1251 1908/2063/1908 1286/2064/1286
f 1251/2037/1251 412/2030/412 1287/2065/1287 1908/2063/1908
f 1908/2063/1908 1287/2065/1287 427/2066/427 1280/2067/1280
f 1286/2064/1286 1908/2063/1908 1280/2067/1280 428/2068/428
f 406/2042/406 1244/2041/1244 1909/2069/1909 1288/2070/1288
f 1244/2041/1244 405/2034/405 1284/2058/1284 1909/2069/1909
f 1909/2069/1909 1284/2058/1284 420/2062/420 1273/2071/1273
f 1288/2070/1288 1909/2069/1909 1273/2071/1273 421/2072/421
f 414/2046/414 1252/2045/1252 1910/2073/1910 1289/2074/1289
f 1252/2045/1252 413/2038/413 1286/2064/1286 1910/2073/1910
f 1910/2073/1910 1286/2064/1286 428/2068/428 1281/2075/1281
f 1289/2074/1289 1910/2073/1910 1281/2075/1281 429/2076/429
f 407/2050/407 1245/2049/1245 1911/2077/1911 1290/2078/1290
f 1245/2049/1245 406/2042/406 1288/2070/1288 1911/2077/1911
f 1911/2077/1911 1288/2070/1288 421/2072/421 1274/2079/1274
f 1290/2078/1290 1911/2077/1911 1274/2079/1274 422/2080/422
f 415/2054/415 1253/2053/1253 1912/2081/1912 1291/2082/1291
f 1253/2053/1253 414/2046/414 1289/2074/1289 1912/2081/1912
f 1912/2081/1912 1289/2074/1289 429/2076/429 1282/2083/1282
f 1291/2082/1291 1912/2081/1912 1282/2083/1282 430/2084/430
f 408/1994/408 1246/2056/1246 1913/2085/1913 1292/2086/1292
f 1246/2056/1246 407/2050/407 1290/2078/1290 1913/2085/1913
f 1913/2085/1913 1290/2078/1290 422/2080/422 1275/2087/1275
f 1292/2086/1292 1913/2085/1913 1275/2087/1275 423/2088/423
f 416/1990/416 1254/1989/1254 1914/2089/1914 1293/2090/1293
f 1254/1989/1254 415/1988/415 1291/2091/1291 1914/2089/1914
f 1914/2089/1914 1291/2091/1291 430/2084/430 1283/2092/1283
f 1293/2090/1293 1914/2089/1914 1283/2092/1283 431/2093/431
f 409/1996/409 1247/1995/1247 1915/2094/1915 1294/2095/1294
f 1247/1995/1247 408/1994/408 1292/2086/1292 1915/2094/1915
f 1915/2094/1915 1292/2086/1292 423/2088/423 1276/2096/1276
f 1294/2095/1294 1915/2094/1915 1276/2096/1276 424/2097/424
f 402/2002/402 1455/2098/1455 1916/2099/1916 1295/2100/1295
f 326/2101/326 1457/2102/1457 1916/2099/1916 1455/2098/1455
f 417/2103/417 1295/2104/1295 1916/2099/1916 1457/2102/1457
f 482/2105/482 1456/2106/1456 1917/2107/1917 1458/2108/1458
f 416/1990/416 1293/2090/1293 1917/2107/1917 1456/2106/1456
f 431/2093/431 1458/2108/1458 1917/2107/1917 1293/2090/1293
f 410/2012/410 1248/2011/1248 1918/2109/1918 1296/2110/1296
f 1248/2011/1248 409/1996/409 1294/2095/1294 1918/2109/1918
f 1918/2109/1918 1294/2095/1294 424/2097/424 1277/2111/1277
f 1296/2110/1296 1918/2109/1918 1277/2111/1277 425/2112/425
f 403/2016/403 1241/2015/1241 1919/2113/1919 1297/2114/1297
f 1241/2015/1241 402/2002/402 1295/2100/1295 1919/2113/1919
f 1919/2113/1919 1295/2100/1295 417/2103/417 1270/2115/1270
f 1297/2114/1297 1919/2113/1919 1270/2115/1270 418/2116/418
f 411/2020/411 1249/2019/1249 1920/2117/1920 1298/2118/1298
f 1249/2019/1249 410/2012/410 1296/2110/1296 1920/2117/1920
f 1920/2117/1920 1296/2110/1296 425/2112/425 1278/2119/1278
f 1298/2118/1298 1920/2117/1920 1278/2119/1278 426/2120/426
f 404/2026/404 1242/2025/1242 1921/2121/1921 1285/2059/1285
f 1242/2025/1242 403/2024/403 1297/2122/1297 1921/2121/1921
f 1921/2121/1921 1297/2122/1297 418/2116/418 1271/2123/1271
f 1285/2059/1285 1921/2121/1921 1271/2123/1271 419/2060/419
f 412/2030/412 1250/2029/1250 1922/2124/1922 1287/2065/1287
f 1250/2029/1250 411/2020/411 1298/2118/1298 1922/2124/1922
f 1922/2124/1922 1298/2118/1298 426/2120/426 1279/2125/1279
f 1287/2065/1287 1922/2124/1922 1279/2125/1279 427/2066/427
f 424/2097/424 1276/2096/1276 1923/2126/1923 1313/2127/1313
f 1276/2096/1276 423/2088/423 1314/2128/1314 1923/2126/1923
f 1923/2126/1923 1314/2128/1314 438/2129/438 1305/2130/1305
f 1313/2127/1313 1923/2126/1923 1305/2130/1305 439/2131/439
f 417/2103/417 1457/2132/1457 1924/2133/1924 1315/2134/1315
f 326/2135/326 1459/2136/1459 1924/2133/1924 1457/2132/1457
f 432/2137/432 1315/2138/1315 1924/2133/1924 1459/2139/1459
f 482/2140/482 1458/2141/1458 1925/2142/1925 1460/2143/1460
f 431/2093/431 1316/2144/1316 1925/2142/1925 1458/2145/1458
f 446/2146/446 1460/2143/1460 1925/2142/1925 1316/2144/1316
f 425/2112/425 1277/2111/1277 1926/2147/1926 1317/2148/1317
f 1277/2111/1277 424/2097/424 1313/2127/1313 1926/2147/1926
f 1926/2147/1926 1313/2127/1313 439/2131/439 1306/2149/1306
f 1317/2148/1317 1926/2147/1926 1306/2149/1306 440/2150/440
f 418/2116/418 1270/2115/1270 1927/2151/1927 1318/2152/1318
f 1270/2115/1270 417/2103/417 1315/2134/1315 1927/2151/1927
f 1927/2151/1927 1315/2134/1315 432/2137/432 1299/2153/1299
f 1318/2152/1318 1927/2151/1927 1299/2153/1299 433/2154/433
f 426/2120/426 1278/2119/1278 1928/2155/1928 1319/2156/1319
f 1278/2119/1278 425/2112/425 1317/2148/1317 1928/2155/1928
f 1928/2155/1928 1317/2148/1317 440/2150/440 1307/2157/1307
f 1319/2156/1319 1928/2155/1928 1307/2157/1307 441/2158/441
f 419/2060/419 1271/2123/1271 1929/2159/1929 1320/2160/1320
f 1271/2123/1271 418/2116/418 1318/2161/1318 1929/2159/1929
f 1929/2159/1929 1318/2161/1318 433/2162/433 1300/2163/1300
f 1320/2160/1320 1929/2159/1929 1300/2163/1300 434/2164/434
f 427/2066/427 1279/2125/1279 1930/2165/1930 1321/2166/1321
f 1279/2125/1279 426/2120/426 1319/2156/1319 1930/2165/1930
f 1930/2165/1930 1319/2156/1319 441/2158/441 1308/2167/1308
f 1321/2166/1321 1930/2165/1930 1308/2167/1308 442/2168/442
f 420/2062/420 1272/2061/1272 1931/2169/1931 1322/2170/1322
f 1272/2061/1272 419/2060/419 1320/2160/1320 1931/2169/1931
f 1931/2169/1931 1320/2160/1320 434/2164/434 1301/2171/1301
f 1322/2170/1322 1931/2169/1931 1301/2171/1301 435/2172/435
f 428/2068/428 1280/2067/1280 1932/2173/1932 1323/2174/1323
f 1280/2067/1280 427/2066/427 1321/2166/1321 1932/2173/1932
f 1932/2173/1932 1321/2166/1321 442/2168/442 1309/2175/1309
f 1323/2174/1323 1932/2173/1932 1309/2175/1309 443/2176/443
f 421/2072/421 1273/2071/1273 1933/2177/1933 1324/2178/1324
f 1273/2071/1273 420/2062/420 1322/2170/1322 1933/2177/1933
f 1933/2177/1933 1322/2170/1322 435/2172/435 1302/2179/1302
f 1324/2178/1324 1933/2177/1933 1302/2179/1302 436/2180/436
f 429/2076/429 1281/2075/1281 1934/2181/1934 1325/2182/1325
f 1281/2075/1281 428/2068/428 1323/2174/1323 1934/2181/1934
f 1934/2181/1934 1323/2174/1323 443/2176/443 1310/2183/1310
f 1325/2182/1325 1934/2181/1934 1310/2183/1310 444/2184/444
f 422/2080/422 1274/2079/1274 1935/2185/1935 1326/2186/1326
f 1274/2079/1274 421/2072/421 1324/2178/1324 1935/2185/1935
f 1935/2185/1935 1324/2178/1324 436/2180/436 1303/2187/1303
f 1326/2186/1326 1935/2185/1935 1303/2187/1303 437/2188/437
f 430/2084/430 1282/2083/1282 1936/2189/1936 1327/2190/1327
f 1282/2083/1282 429/2076/429 1325/2182/1325 1936/2189/1936
f 1936/2189/1936 1325/2182/1325 444/2184/444 1311/2191/1311
f 1327/2190/1327 1936/2189/1936 1311/2191/1311 445/2192/445
f 423/2088/423 1275/2087/1275 1937/2193/1937 1314/2128/1314
f 1275/2087/1275 422/2080/422 1326/2186/1326 1937/2193/1937
f 1937/2193/1937 1326/2186/1326 437/2188/437 1304/2194/1304
f 1314/2128/1314 1937/2193/1937 1304/2194/1304 438/2129/438
f 431/2093/431 1283/2092/1283 1938/2195/1938 1316/2196/1316
f 1283/2092/1283 430/2084/430 1327/2197/1327 1938/2195/1938
f 1938/2195/1938 1327/2197/1327 445/2198/445 1312/2199/1312
f 1316/2196/1316 1938/2195/1938 1312/2199/1312 446/2146/446
f 443/2176/443 1309/2175/1309 1939/2200/1939 1342/2201/1342
f 1309/2175/1309 442/2168/442 1343/2202/1343 1939/2200/1939
f 1939/2200/1939 1343/2202/1343 457/2203/457 1338/2204/1338
f 1342/2201/1342 1939/2200/1939 1338/2204/1338 458/2205/458
f 436/2180/436 1302/2179/1302 1940/2206/1940 1344/2207/1344
f 1302/2179/1302 435/2172/435 1345/2208/1345 1940/2206/1940
f 1940/2206/1940 1345/2208/1345 450/2209/450 1331/2210/1331
f 1344/2207/1344 1940/2206/1940 1331/2210/1331 451/2211/451
f 444/2184/444 1310/2183/1310 1941/2212/1941 1346/2213/1346
f 1310/2183/1310 443/2176/443 1342/2201/1342 1941/2212/1941
f 1941/2212/1941 1342/2201/1342 458/2205/458 1339/2214/1339
f 1346/2213/1346 1941/2212/1941 1339/2214/1339 459/2215/459
f 437/2188/437 1303/2187/1303 1942/2216/1942 1347/2217/1347
f 1303/2187/1303 436/2180/436 1344/2207/1344 1942/2216/1942
f 1942/2216/1942 1344/2207/1344 451/2211/451 1332/2218/1332
f 1347/2217/1347 1942/2216/1942 1332/2218/1332 452/2219/452
f 445/2192/445 1311/2191/1311 1943/2220/1943 1348/2221/1348
f 1311/2191/1311 444/2184/444 1346/2213/1346 1943/2220/1943
f 1943/2220/1943 1346/2213/1346 459/2215/459 1340/2222/1340
f 1348/2221/1348 1943/2220/1943 1340/2222/1340 460/2223/460
f 438/2129/438 1304/2194/1304 1944/2224/1944 1349/2225/1349
f 1304/2194/1304 437/2188/437 1347/2217/1347 1944/2224/1944
f 1944/2224/1944 1347/2217/1347 452/2219/452 1333/2226/1333
f 1349/2225/1349 1944/2224/1944 1333/2226/1333 453/2227/453
f 446/2146/446 1312/2199/1312 1945/2228/1945 1350/2229/1350
f 1312/2199/1312 445/2198/445 1348/2230/1348 1945/2228/1945
f 1945/2228/1945 1348/2230/1348 460/2231/460 1341/2232/1341
f 1350/2229/1350 1945/2228/1945 1341/2232/1341 461/2233/461
f 439/2131/439 1305/2130/1305 1946/2234/1946 1351/2235/1351
f 1305/2130/1305 438/2129/438 1349/2225/1349 1946/2234/1946
f 1946/2234/1946 1349/2225/1349 453/2227/453 1334/2236/1334
f 1351/2235/1351 1946/2234/1946 1334/2236/1334 454/2237/454
f 432/2137/432 1459/2238/1459 1947/2239/1947 1352/2240/1352
f 326/2241/326 1461/2242/1461 1947/2239/1947 1459/2238/1459
f 447/2243/447 1352/2244/1352 1947/2239/1947 1461/2245/1461
f 482/2246/482 1460/2247/1460 1948/2248/1948 1462/2249/1462
f 446/2146/446 1350/2229/1350 1948/2248/1948 1460/2247/1460
f 461/2233/461 1462/2250/1462 1948/2248/1948 1350/2251/1350
f 440/2150/440 1306/2149/1306 1949/2252/1949 1353/2253/1353
f 1306/2149/1306 439/2131/439 1351/2235/1351 1949/2252/1949
f 1949/2252/1949 1351/2235/1351 454/2237/454 1335/2254/1335
f 1353/2253/1353 1949/2252/1949 1335/2254/1335 455/2255/455
f 433/2154/433 1299/2153/1299 1950/2256/1950 1354/2257/1354
f 1299/2153/1299 432/2137/432 1352/2240/1352 1950/2256/1950
f 1950/2256/1950 1352/2240/1352 447/2243/447 1328/2258/1328
f 1354/2257/1354 1950/2256/1950 1328/2258/1328 448/2259/448
f 441/2158/441 1307/2157/1307 1951/2260/1951 1355/2261/1355
f 1307/2157/1307 440/2150/440 1353/2253/1353 1951/2260/1951
f 1951/2260/1951 1353/2253/1353 455/2255/455 1336/2262/1336
f 1355/2261/1355 1951/2260/1951 1336/2262/1336 456/2263/456
f 434/2164/434 1300/2163/1300 1952/2264/1952 1356/2265/1356
f 1300/2163/1300 433/2162/433 1354/2266/1354 1952/2264/1952
f 1952/2264/1952 1354/2266/1354 448/2267/448 1329/2268/1329
f 1356/2265/1356 1952/2264/1952 1329/2268/1329 449/2269/449
f 442/2168/442 1308/2167/1308 1953/2270/1953 1343/2202/1343
f 1308/2167/1308 441/2158/441 1355/2261/1355 1953/2270/1953
f 1953/2270/1953 1355/2261/1355 456/2263/456 1337/2271/1337
f 1343/2202/1343 1953/2270/1953 1337/2271/1337 457/2203/457
f 435/2172/435 1301/2171/1301 1954/2272/1954 1345/2208/1345
f 1301/2171/1301 434/2164/434 1356/2265/1356 1954/2272/1954
f 1954/2272/1954 1356/2265/1356 449/2269/449 1330/2273/1330
f 1345/2208/1345 1954/2272/1954 1330/2273/1330 450/2209/450
f 447/2243/447 1461/2274/1461 1955/2275/1955 1371/2276/1371
f 326/2277/326 1463/2278/1463 1955/2275/1955 1461/2274/1461
f 462/2279/462 1371/2280/1371 1955/2275/1955 1463/2278/1463
f 482/2281/482 1462/2282/1462 1956/2283/1956 1464/2284/1464
f 461/2233/461 1372/2285/1372 1956/2283/1956 1462/2282/1462
f 476/2286/476 1464/2287/1464 1956/2283/1956 1372/2288/1372
f 455/2255/455 1335/2254/1335 1957/2289/1957 1373/2290/1373
f 1335/2254/1335 454/2237/454 1374/2291/1374 1957/2289/1957
f 1957/2289/1957 1374/2291/1374 469/2292/469 1364/2293/1364
f 1373/2290/1373 1957/2289/1957 1364/2293/1364 470/2294/470
f 448/2259/448 1328/2258/1328 1958/2295/1958 1375/2296/1375
f 1328/2258/1328 447/2243/447 1371/2276/1371 1958/2295/1958
f 1958/2295/1958 1371/2276/1371 462/2279/462 1357/2297/1357
f 1375/2296/1375 1958/2295/1958 1357/2297/1357 463/2298/463
f 456/2263/456 1336/2262/1336 1959/2299/1959 1376/2300/1376
f 1336/2262/1336 455/2255/455 1373/2290/1373 1959/2299/1959
f 1959/2299/1959 1373/2290/1373 470/2294/470 1365/2301/1365
f 1376/2300/1376 1959/2299/1959 1365/2301/1365 471/2302/471
f 449/2269/449 1329/2268/1329 1960/2303/1960 1377/2304/1377
f 1329/2268/1329 448/2267/448 1375/2305/1375 1960/2303/1960
f 1960/2303/1960 1375/2305/1375 463/2306/463 1358/2307/1358
f 1377/2304/1377 1960/2303/1960 1358/2307/1358 464/2308/464
f 457/2203/457 1337/2271/1337 1961/2309/1961 1378/2310/1378
f 1337/2271/1337 456/2263/456 1376/2300/1376 1961/2309/1961
f 1961/2309/1961 1376/2300/1376 471/2302/471 1366/2311/1366
f 1378/2310/1378 1961/2309/1961 1366/2311/1366 472/2312/472
f 450/2209/450 1330/2273/1330 1962/2313/1962 1379/2314/1379
f 1330/2273/1330 449/2269/449 1377/2304/1377 1962/2313/1962
f 1962/2313/1962 1377/2304/1377 464/2308/464 1359/2315/1359
f 1379/2314/1379 1962/2313/1962 1359/2315/1359 465/2316/465
f 458/2205/458 1338/2204/1338 1963/2317/1963 1380/2318/1380
f 1338/2204/1338 457/2203/457 1378/2310/1378 1963/2317/1963
f 1963/2317/1963 1378/2310/1378 472/2312/472 1367/2319/1367
f 1380/2318/1380 1963/2317/1963 1367/2319/1367 473/2320/473
f 451/2211/451 1331/2210/1331 1964/2321/1964 1381/2322/1381
f 1331/2210/1331 450/2209/450 1379/2314/1379 1964/2321/1964
f 1964/2321/1964 1379/2314/1379 465/2316/465 1360/2323/1360
f 1381/2322/1381 1964/2321/1964 1360/2323/1360 466/2324/466
f 459/2215/459 1339/2214/1339 1965/2325/1965 1382/2326/1382
f 1339/2214/1339 458/2205/458 1380/2318/1380 1965/2325/1965
f 1965/2325/1965 1380/2318/1380 473/2320/473 1368/2327/1368
f 1382/2326/1382 1965/2325/1965 1368/2327/1368 474/2328/474
f 452/2219/452 1332/2218/1332 1966/2329/1966 1383/2330/1383
f 1332/2218/1332 451/2211/451 1381/2322/1381 1966/2329/1966
f 1966/2329/1966 1381/2322/1381 466/2324/466 1361/2331/1361
f 1383/2330/1383 1966/2329/1966 1361/2331/1361 467/2332/467
f 460/2223/460 1340/2222/1340 1967/2333/1967 1384/2334/1384
f 1340/2222/1340 459/2215/459 1382/2326/1382 1967/2333/1967
f 1967/2333/1967 1382/2326/1382 474/2328/474 1369/2335/1369
f 1384/2334/1384 1967/2333/1967 1369/2335/1369 475/2336/475
f 453/2227/453 1333/2226/1333 1968/2337/1968 1385/2338/1385
f 1333/2226/1333 452/2219/452 1383/2330/1383 1968/2337/1968
f 1968/2337/1968 1383/2330/1383 467/2332/467 1362/2339/1362
f 1385/2338/1385 1968/2337/1968 1362/2339/1362 468/2340/468
f 461/2233/461 1341/2232/1341 1969/2341/1969 1372/2342/1372
f 1341/2232/1341 460/2231/460 1384/2343/1384 1969/2341/1969
f 1969/2341/1969 1384/2343/1384 475/2344/475 1370/2345/1370
f 1372/2342/1372 1969/2341/1969 1370/2345/1370 476/2286/476
f 454/2237/454 1334/2236/1334 1970/2346/1970 1374/2291/1374
f 1334/2236/1334 453/2227/453 1385/2338/1385 1970/2346/1970
f 1970/2346/1970 1385/2338/1385 468/2340/468 1363/2347/1363
f 1374/2291/1374 1970/2346/1970 1363/2347/1363 469/2292/469
f 466/2324/466 1360/2323/1360 1971/2348/1971 1465/2349/1465
f 1360/2323/1360 465/2316/465 1466/2350/1466 1971/2348/1971
f 1971/2348/1971 1466/2350/1466 4/14/4 486/11/486
f 1465/2349/1465 1971/2348/1971 486/11/486 5/10/5
f 474/2328/474 1368/2327/1368 1972/2351/1972 1467/2352/1467
f 1368/2327/1368 473/2320/473 1468/2353/1468 1972/2351/1972
f 1972/2351/1972 1468/2353/1468 9/1/9 490/20/490
f 1467/2352/1467 1972/2351/1972 490/20/490 10/19/10
f 467/2332/467 1361/2331/1361 1973/2354/1973 1469/2355/1469
f 1361/2331/1361 466/2324/466 1465/2349/1465 1973/2354/1973
f 1973/2354/1973 1465/2349/1465 5/10/5 487/26/487
f 1469/2355/1469 1973/2354/1973 487/26/487 6/25/6
f 475/2336/475 1369/2335/1369 1974/2356/1974 1390/2357/1390
f 1369/2335/1369 474/2328/474 1467/2352/1467 1974/2356/1974
f 1974/2356/1974 1467/2352/1467 10/19/10 1398/32/1398
f 1390/2357/1390 1974/2356/1974 1398/32/1398 480/31/480
f 468/2340/468 1362/2339/1362 1975/2358/1975 1470/2359/1470
f 1362/2339/1362 467/2332/467 1469/2355/1469 1975/2358/1975
f 1975/2358/1975 1469/2355/1469 6/25/6 488/38/488
f 1470/2359/1470 1975/2358/1975 488/38/488 7/37/7
f 476/2286/476 1370/2345/1370 1976/2360/1976 1391/2361/1391
f 1370/2345/1370 475/2344/475 1390/2362/1390 1976/2360/1976
f 1976/2360/1976 1390/2362/1390 480/47/480 1388/44/1388
f 1391/2361/1391 1976/2360/1976 1388/44/1388 481/43/481
f 469/2292/469 1363/2347/1363 1977/2363/1977 1392/2364/1392
f 1363/2347/1363 468/2340/468 1470/2359/1470 1977/2363/1977
f 1977/2363/1977 1470/2359/1470 7/37/7 1396/52/1396
f 1392/2364/1392 1977/2363/1977 1396/52/1396 477/51/477
f 462/2279/462 1463/2365/1463 1978/2366/1978 1471/2367/1471
f 326/2368/326 1395/2369/1395 1978/2366/1978 1463/2370/1463
f 1/57/1 1471/2371/1471 1978/2366/1978 1395/2369/1395
f 482/2372/482 1464/2373/1464 1979/2374/1979 1389/2375/1389
f 476/2286/476 1391/2376/1391 1979/2374/1979 1464/2377/1464
f 481/43/481 1389/2378/1389 1979/2374/1979 1391/2379/1391
f 470/2294/470 1364/2293/1364 1980/2380/1980 1393/2381/1393
f 1364/2293/1364 469/2292/469 1392/2364/1392 1980/2380/1980
f 1980/2380/1980 1392/2364/1392 477/51/477 1386/74/1386
f 1393/2381/1393 1980/2380/1980 1386/74/1386 478/73/478
f 463/2298/463 1357/2297/1357 1981/2382/1981 1472/2383/1472
f 1357/2297/1357 462/2279/462 1471/2367/1471 1981/2382/1981
f 1981/2382/1981 1471/2367/1471 1/57/1 483/80/483
f 1472/2383/1472 1981/2382/1981 483/80/483 2/79/2
f 471/2302/471 1365/2301/1365 1982/2384/1982 1394/2385/1394
f 1365/2301/1365 470/2294/470 1393/2381/1393 1982/2384/1982
f 1982/2384/1982 1393/2381/1393 478/73/478 1387/86/1387
f 1394/2385/1394 1982/2384/1982 1387/86/1387 479/85/479
f 464/2308/464 1358/2307/1358 1983/2386/1983 1473/2387/1473
f 1358/2307/1358 463/2306/463 1472/2388/1472 1983/2386/1983
f 1983/2386/1983 1472/2388/1472 2/95/2 484/92/484
f 1473/2387/1473 1983/2386/1983 484/92/484 3/91/3
f 472/2312/472 1366/2311/1366 1984/2389/1984 1474/2390/1474
f 1366/2311/1366 471/2302/471 1394/2385/1394 1984/2389/1984
f 1984/2389/1984 1394/2385/1394 479/85/479 1397/100/1397
f 1474/2390/1474 1984/2389/1984 1397/100/1397 8/5/8
f 465/2316/465 1359/2315/1359 1985/2391/1985 1466/2350/1466
f 1359/2315/1359 464/2308/464 1473/2387/1473 1985/2391/1985
f 1985/2391/1985 1473/2387/1473 3/91/3 485/103/485
f 1466/2350/1466 1985/2391/1985 485/103/485 4/14/4
f 473/2320/473 1367/2319/1367 1986/2392/1986 1468/2353/1468
f 1367/2319/1367 472/2312/472 1474/2390/1474 1986/2392/1986
f 1986/2392/1986 1474/2390/1474 8/5/8 489/2/489
f 1468/2353/1468 1986/2392/1986 489/2/489 9/1/9
