# Blender 4.4.3
# www.blender.org
mtllib Venus.mtl
o Venus
v 0.000000 2.409064 -0.237272
v 0.000000 2.316485 -0.702698
v 0.000000 2.236454 -0.926370
v 0.000000 1.871242 -1.535689
v 0.000000 1.711708 -1.711708
v 0.000000 1.535689 -1.871242
v 0.000000 1.141120 -2.134885
v 0.000000 0.702698 -2.316485
v 0.000000 0.472259 -2.374207
v 0.000000 0.237272 -2.409064
v 0.000000 -0.000000 -2.420720
v 0.000000 -0.237272 -2.409064
v 0.000000 -0.926369 -2.236454
v 0.000000 -1.871242 -1.535689
v 0.000000 -2.236454 -0.926370
v 0.000000 -2.316485 -0.702698
v 0.000000 -2.409064 -0.237272
v 0.023257 2.409064 -0.236130
v 0.046290 2.374207 -0.469985
v 0.068876 2.316485 -0.699314
v 0.090800 2.236454 -0.921909
v 0.111849 2.134885 -1.135625
v 0.131821 2.012755 -1.338404
v 0.150524 1.871242 -1.528294
v 0.167777 1.711708 -1.703465
v 0.183414 1.535689 -1.862231
v 0.197285 1.344880 -2.003063
v 0.209255 1.141120 -2.124604
v 0.219211 0.926369 -2.225685
v 0.227055 0.702698 -2.305331
v 0.232713 0.472259 -2.362774
v 0.236130 0.237272 -2.397464
v 0.237272 -0.000000 -2.409064
v 0.236130 -0.237272 -2.397464
v 0.232713 -0.472259 -2.362774
v 0.227055 -0.702698 -2.305330
v 0.219211 -0.926369 -2.225685
v 0.209255 -1.141119 -2.124605
v 0.197285 -1.344880 -2.003063
v 0.183414 -1.535689 -1.862232
v 0.167777 -1.711708 -1.703465
v 0.150524 -1.871242 -1.528294
v 0.131821 -2.012755 -1.338404
v 0.111849 -2.134884 -1.135625
v 0.090800 -2.236454 -0.921909
v 0.068876 -2.316485 -0.699314
v 0.046290 -2.374207 -0.469985
v 0.023257 -2.409064 -0.236129
v 0.046290 2.409064 -0.232713
v 0.092133 2.374207 -0.463185
v 0.137090 2.316485 -0.689196
v 0.180726 2.236454 -0.908570
v 0.222621 2.134885 -1.119193
v 0.262373 2.012755 -1.319039
v 0.299598 1.871242 -1.506181
v 0.333938 1.711708 -1.678818
v 0.365061 1.535689 -1.835287
v 0.392669 1.344880 -1.974081
v 0.416495 1.141120 -2.093863
v 0.436311 0.926369 -2.193481
v 0.451924 0.702698 -2.271974
v 0.463185 0.472259 -2.328587
v 0.469985 0.237272 -2.362774
v 0.472259 -0.000000 -2.374207
v 0.469985 -0.237272 -2.362774
v 0.463185 -0.472259 -2.328587
v 0.451924 -0.702698 -2.271974
v 0.436311 -0.926369 -2.193481
v 0.416495 -1.141119 -2.093863
v 0.392669 -1.344880 -1.974081
v 0.365061 -1.535689 -1.835287
v 0.333938 -1.711708 -1.678818
v 0.299598 -1.871242 -1.506181
v 0.262373 -2.012755 -1.319039
v 0.222622 -2.134884 -1.119194
v 0.180726 -2.236454 -0.908570
v 0.137090 -2.316485 -0.689196
v 0.092133 -2.374207 -0.463185
v 0.046290 -2.409064 -0.232713
v 0.068877 2.409064 -0.227055
v 0.137090 2.374207 -0.451924
v 0.203983 2.316485 -0.672440
v 0.268911 2.236454 -0.886480
v 0.331250 2.134885 -1.091983
v 0.390398 2.012755 -1.286970
v 0.445787 1.871242 -1.469562
v 0.496883 1.711708 -1.638002
v 0.543193 1.535689 -1.790667
v 0.584272 1.344880 -1.926087
v 0.619724 1.141120 -2.042957
v 0.649208 0.926369 -2.140153
v 0.672440 0.702698 -2.216738
v 0.689196 0.472259 -2.271974
v 0.699314 0.237272 -2.305330
v 0.702698 -0.000000 -2.316485
v 0.699314 -0.237272 -2.305330
v 0.689196 -0.472259 -2.271974
v 0.672440 -0.702698 -2.216738
v 0.649208 -0.926369 -2.140153
v 0.619724 -1.141119 -2.042957
v 0.584272 -1.344880 -1.926087
v 0.543193 -1.535689 -1.790667
v 0.496883 -1.711708 -1.638002
v 0.445787 -1.871242 -1.469562
v 0.390398 -2.012755 -1.286970
v 0.331250 -2.134884 -1.091984
v 0.268911 -2.236454 -0.886480
v 0.203983 -2.316485 -0.672440
v 0.137090 -2.374207 -0.451924
v 0.068876 -2.409064 -0.227055
v 0.090800 2.409064 -0.219211
v 0.180726 2.374207 -0.436311
v 0.268911 2.316485 -0.649208
v 0.354506 2.236454 -0.855854
v 0.436688 2.134885 -1.054257
v 0.514664 2.012755 -1.242507
v 0.587683 1.871242 -1.418791
v 0.655042 1.711708 -1.581412
v 0.716094 1.535689 -1.728802
v 0.770248 1.344880 -1.859543
v 0.816985 1.141120 -1.972376
v 0.855854 0.926369 -2.066214
v 0.886481 0.702698 -2.140153
v 0.908570 0.472259 -2.193481
v 0.921909 0.237272 -2.225685
v 0.926370 -0.000000 -2.236454
v 0.921909 -0.237272 -2.225685
v 0.908570 -0.472259 -2.193481
v 0.886481 -0.702698 -2.140153
v 0.855854 -0.926369 -2.066214
v 0.816985 -1.141119 -1.972376
v 0.770248 -1.344880 -1.859544
v 0.716094 -1.535689 -1.728802
v 0.655042 -1.711708 -1.581412
v 0.587683 -1.871242 -1.418791
v 0.514663 -2.012755 -1.242507
v 0.436688 -2.134884 -1.054257
v 0.354506 -2.236454 -0.855854
v 0.268911 -2.316485 -0.649208
v 0.180726 -2.374207 -0.436311
v 0.090800 -2.409064 -0.219211
v 0.111849 2.409064 -0.209255
v 0.222622 2.374207 -0.416495
v 0.331250 2.316485 -0.619724
v 0.436688 2.236454 -0.816985
v 0.537920 2.134885 -1.006378
v 0.633972 2.012755 -1.186078
v 0.723919 1.871242 -1.354357
v 0.806894 1.711708 -1.509591
v 0.882098 1.535689 -1.650288
v 0.948807 1.344880 -1.775092
v 1.006378 1.141120 -1.882800
v 1.054257 0.926369 -1.972376
v 1.091984 0.702698 -2.042957
v 1.119193 0.472259 -2.093863
v 1.135625 0.237272 -2.124605
v 1.141120 -0.000000 -2.134885
v 1.135625 -0.237272 -2.124605
v 1.119193 -0.472259 -2.093863
v 1.091984 -0.702698 -2.042957
v 1.054257 -0.926369 -1.972376
v 1.006378 -1.141119 -1.882800
v 0.948807 -1.344880 -1.775092
v 0.882098 -1.535689 -1.650288
v 0.806894 -1.711708 -1.509591
v 0.723919 -1.871242 -1.354357
v 0.633972 -2.012755 -1.186078
v 0.537920 -2.134884 -1.006378
v 0.436688 -2.236454 -0.816985
v 0.331250 -2.316485 -0.619724
v 0.222622 -2.374207 -0.416495
v 0.111849 -2.409064 -0.209255
v 0.131821 2.409064 -0.197285
v 0.262373 2.374207 -0.392669
v 0.390398 2.316485 -0.584272
v 0.514664 2.236454 -0.770248
v 0.633972 2.134885 -0.948806
v 0.747176 2.012755 -1.118227
v 0.853183 1.871242 -1.276878
v 0.950974 1.711708 -1.423233
v 1.039607 1.535689 -1.555881
v 1.118227 1.344880 -1.673545
v 1.186078 1.141120 -1.775092
v 1.242507 0.926369 -1.859543
v 1.286970 0.702698 -1.926087
v 1.319039 0.472259 -1.974080
v 1.338404 0.237272 -2.003063
v 1.344880 -0.000000 -2.012755
v 1.338404 -0.237272 -2.003063
v 1.319039 -0.472259 -1.974080
v 1.286970 -0.702698 -1.926087
v 1.242508 -0.926369 -1.859544
v 1.186079 -1.141119 -1.775092
v 1.118227 -1.344880 -1.673545
v 1.039607 -1.535689 -1.555881
v 0.950974 -1.711708 -1.423233
v 0.853183 -1.871242 -1.276878
v 0.747176 -2.012755 -1.118227
v 0.633972 -2.134884 -0.948806
v 0.514664 -2.236454 -0.770248
v 0.390398 -2.316485 -0.584272
v 0.262373 -2.374207 -0.392669
v 0.131821 -2.409064 -0.197284
v 0.150524 2.409064 -0.183414
v 0.299598 2.374207 -0.365061
v 0.445787 2.316485 -0.543193
v 0.587683 2.236454 -0.716093
v 0.723919 2.134885 -0.882097
v 0.853183 2.012755 -1.039606
v 0.974231 1.871242 -1.187103
v 1.085896 1.711708 -1.323168
v 1.187104 1.535689 -1.446490
v 1.276879 1.344880 -1.555881
v 1.354356 1.141120 -1.650288
v 1.418792 0.926369 -1.728802
v 1.469563 0.702698 -1.790667
v 1.506181 0.472259 -1.835286
v 1.528294 0.237272 -1.862231
v 1.535689 -0.000000 -1.871242
v 1.528294 -0.237272 -1.862231
v 1.506181 -0.472259 -1.835286
v 1.469563 -0.702698 -1.790667
v 1.418792 -0.926369 -1.728802
v 1.354357 -1.141119 -1.650288
v 1.276879 -1.344880 -1.555881
v 1.187104 -1.535689 -1.446490
v 1.085896 -1.711708 -1.323168
v 0.974231 -1.871242 -1.187103
v 0.853183 -2.012755 -1.039606
v 0.723919 -2.134884 -0.882098
v 0.587683 -2.236454 -0.716093
v 0.445787 -2.316485 -0.543193
v 0.299598 -2.374207 -0.365061
v 0.150524 -2.409064 -0.183414
v 0.167777 2.409064 -0.167777
v 0.333938 2.374207 -0.333938
v 0.496883 2.316485 -0.496882
v 0.655042 2.236454 -0.655042
v 0.806894 2.134885 -0.806893
v 0.950974 2.012755 -0.950974
v 1.085896 1.871242 -1.085896
v 1.210360 1.711708 -1.210360
v 1.323168 1.535689 -1.323168
v 1.423233 1.344880 -1.423233
v 1.509591 1.141120 -1.509591
v 1.581412 0.926369 -1.581412
v 1.638003 0.702698 -1.638002
v 1.678818 0.472259 -1.678817
v 1.703466 0.237272 -1.703465
v 1.711708 -0.000000 -1.711708
v 1.703466 -0.237272 -1.703465
v 1.678818 -0.472259 -1.678817
v 1.638002 -0.702698 -1.638002
v 1.581412 -0.926369 -1.581412
v 1.509592 -1.141119 -1.509591
v 1.423233 -1.344880 -1.423233
v 1.323168 -1.535689 -1.323168
v 1.210360 -1.711708 -1.210360
v 1.085896 -1.871242 -1.085896
v 0.950974 -2.012755 -0.950974
v 0.806894 -2.134884 -0.806894
v 0.655042 -2.236454 -0.655042
v 0.496883 -2.316485 -0.496882
v 0.333938 -2.374207 -0.333938
v 0.167777 -2.409064 -0.167777
v 0.183414 2.409064 -0.150524
v 0.365061 2.374207 -0.299598
v 0.543193 2.316485 -0.445787
v 0.716093 2.236454 -0.587682
v 0.882098 2.134885 -0.723918
v 1.039607 2.012755 -0.853183
v 1.187104 1.871242 -0.974231
v 1.323168 1.711708 -1.085896
v 1.446490 1.535689 -1.187103
v 1.555881 1.344880 -1.276878
v 1.650288 1.141120 -1.354356
v 1.728802 0.926369 -1.418791
v 1.790667 0.702698 -1.469563
v 1.835287 0.472259 -1.506181
v 1.862232 0.237272 -1.528294
v 1.871242 -0.000000 -1.535689
v 1.862232 -0.237272 -1.528294
v 1.835287 -0.472259 -1.506181
v 1.790667 -0.702698 -1.469562
v 1.728803 -0.926369 -1.418791
v 1.650288 -1.141119 -1.354356
v 1.555881 -1.344880 -1.276878
v 1.446490 -1.535689 -1.187103
v 1.323168 -1.711708 -1.085896
v 1.187104 -1.871242 -0.974231
v 1.039607 -2.012755 -0.853183
v 0.882098 -2.134884 -0.723919
v 0.716094 -2.236454 -0.587682
v 0.543193 -2.316485 -0.445787
v 0.365061 -2.374207 -0.299598
v 0.183414 -2.409064 -0.150524
v 0.197285 2.409064 -0.131821
v 0.392669 2.374207 -0.262373
v 0.584272 2.316485 -0.390398
v 0.770248 2.236454 -0.514663
v 0.948807 2.134885 -0.633972
v 1.118227 2.012755 -0.747175
v 1.276879 1.871242 -0.853183
v 1.423233 1.711708 -0.950974
v 1.555881 1.535689 -1.039606
v 1.673545 1.344880 -1.118227
v 1.775092 1.141120 -1.186078
v 1.859544 0.926369 -1.242507
v 1.926087 0.702698 -1.286970
v 1.974081 0.472259 -1.319038
v 2.003064 0.237272 -1.338404
v 2.012756 -0.000000 -1.344880
v 2.003064 -0.237272 -1.338404
v 1.974081 -0.472259 -1.319038
v 1.926087 -0.702698 -1.286970
v 1.859544 -0.926369 -1.242507
v 1.775092 -1.141119 -1.186078
v 1.673545 -1.344880 -1.118227
v 1.555881 -1.535689 -1.039606
v 1.423233 -1.711708 -0.950974
v 1.276879 -1.871242 -0.853183
v 1.118227 -2.012755 -0.747175
v 0.948807 -2.134884 -0.633972
v 0.770248 -2.236454 -0.514663
v 0.584273 -2.316485 -0.390398
v 0.392669 -2.374207 -0.262373
v 0.197285 -2.409064 -0.131821
v 0.209255 2.409064 -0.111849
v 0.416496 2.374207 -0.222621
v 0.619725 2.316485 -0.331249
v 0.816985 2.236454 -0.436687
v 1.006378 2.134885 -0.537920
v 1.186079 2.012755 -0.633972
v 1.354357 1.871242 -0.723918
v 1.509592 1.711708 -0.806893
v 1.650288 1.535689 -0.882097
v 1.775092 1.344880 -0.948806
v 1.882800 1.141120 -1.006378
v 1.972376 0.926369 -1.054257
v 2.042958 0.702698 -1.091983
v 2.093863 0.472259 -1.119193
v 2.124605 0.237272 -1.135625
v 2.134885 -0.000000 -1.141119
v 2.124605 -0.237272 -1.135625
v 2.093863 -0.472259 -1.119193
v 2.042957 -0.702698 -1.091983
v 1.972377 -0.926369 -1.054257
v 1.882800 -1.141119 -1.006378
v 1.775092 -1.344880 -0.948806
v 1.650288 -1.535689 -0.882097
v 1.509592 -1.711708 -0.806893
v 1.354357 -1.871242 -0.723918
v 1.186079 -2.012755 -0.633972
v 1.006378 -2.134884 -0.537920
v 0.816985 -2.236454 -0.436687
v 0.619725 -2.316485 -0.331249
v 0.416496 -2.374207 -0.222621
v 0.209255 -2.409064 -0.111849
v 0.219211 2.409064 -0.090800
v 0.436311 2.374207 -0.180726
v 0.649209 2.316485 -0.268911
v 0.855854 2.236454 -0.354506
v 1.054257 2.134885 -0.436687
v 1.242507 2.012755 -0.514663
v 1.418792 1.871242 -0.587682
v 1.581412 1.711708 -0.655042
v 1.728802 1.535689 -0.716093
v 1.859544 1.344880 -0.770248
v 1.972376 1.141120 -0.816985
v 2.066214 0.926369 -0.855854
v 2.140153 0.702698 -0.886480
v 2.193481 0.472259 -0.908569
v 2.225685 0.237272 -0.921909
v 2.236454 -0.000000 -0.926369
v 2.225685 -0.237272 -0.921909
v 2.193481 -0.472259 -0.908569
v 2.140153 -0.702698 -0.886480
v 2.066215 -0.926369 -0.855854
v 1.972376 -1.141119 -0.816985
v 1.859544 -1.344880 -0.770248
v 1.728802 -1.535689 -0.716093
v 1.581412 -1.711708 -0.655042
v 1.418792 -1.871242 -0.587682
v 1.242507 -2.012755 -0.514663
v 1.054258 -2.134884 -0.436688
v 0.855854 -2.236454 -0.354506
v 0.649209 -2.316485 -0.268911
v 0.436311 -2.374207 -0.180726
v 0.219211 -2.409064 -0.090800
v 0.227055 2.409064 -0.068876
v 0.451924 2.374207 -0.137090
v 0.672440 2.316485 -0.203982
v 0.886480 2.236454 -0.268911
v 1.091984 2.134885 -0.331249
v 1.286970 2.012755 -0.390398
v 1.469563 1.871242 -0.445787
v 1.638002 1.711708 -0.496882
v 1.790667 1.535689 -0.543193
v 1.926087 1.344880 -0.584272
v 2.042957 1.141120 -0.619724
v 2.140153 0.926369 -0.649208
v 2.216738 0.702698 -0.672440
v 2.271974 0.472259 -0.689196
v 2.305331 0.237272 -0.699314
v 2.316485 -0.000000 -0.702698
v 2.305331 -0.237272 -0.699314
v 2.271974 -0.472259 -0.689196
v 2.216738 -0.702698 -0.672440
v 2.140153 -0.926369 -0.649208
v 2.042957 -1.141119 -0.619724
v 1.926087 -1.344880 -0.584272
v 1.790667 -1.535689 -0.543193
v 1.638002 -1.711708 -0.496882
v 1.469563 -1.871242 -0.445787
v 1.286970 -2.012755 -0.390398
v 1.091984 -2.134884 -0.331249
v 0.886480 -2.236454 -0.268911
v 0.672441 -2.316485 -0.203982
v 0.451924 -2.374207 -0.137089
v 0.227055 -2.409064 -0.068876
v 0.232713 2.409064 -0.046289
v 0.463185 2.374207 -0.092133
v 0.689196 2.316485 -0.137089
v 0.908570 2.236454 -0.180725
v 1.119193 2.134885 -0.222621
v 1.319039 2.012755 -0.262373
v 1.506181 1.871242 -0.299598
v 1.678818 1.711708 -0.333937
v 1.835286 1.535689 -0.365061
v 1.974081 1.344880 -0.392669
v 2.093863 1.141120 -0.416495
v 2.193481 0.926369 -0.436310
v 2.271975 0.702698 -0.451924
v 2.328587 0.472259 -0.463185
v 2.362775 0.237272 -0.469985
v 2.374207 -0.000000 -0.472259
v 2.362775 -0.237272 -0.469985
v 2.328587 -0.472259 -0.463185
v 2.271974 -0.702698 -0.451924
v 2.193481 -0.926369 -0.436310
v 2.093863 -1.141119 -0.416495
v 1.974081 -1.344880 -0.392669
v 1.835287 -1.535689 -0.365061
v 1.678818 -1.711708 -0.333937
v 1.506181 -1.871242 -0.299598
v 1.319039 -2.012755 -0.262373
v 1.119194 -2.134884 -0.222621
v 0.908570 -2.236454 -0.180726
v 0.689196 -2.316485 -0.137089
v 0.463185 -2.374207 -0.092133
v 0.232713 -2.409064 -0.046289
v 0.236130 2.409064 -0.023257
v 0.469985 2.374207 -0.046289
v 0.699315 2.316485 -0.068876
v 0.921909 2.236454 -0.090800
v 1.135625 2.134885 -0.111849
v 1.338404 2.012755 -0.131821
v 1.528294 1.871242 -0.150524
v 1.703466 1.711708 -0.167776
v 1.862231 1.535689 -0.183414
v 2.003064 1.344880 -0.197284
v 2.124604 1.141120 -0.209255
v 2.225685 0.926369 -0.219211
v 2.305331 0.702698 -0.227055
v 2.362774 0.472259 -0.232713
v 2.397464 0.237272 -0.236129
v 2.409064 -0.000000 -0.237272
v 2.397464 -0.237272 -0.236129
v 2.362774 -0.472259 -0.232713
v 2.305331 -0.702698 -0.227055
v 2.225685 -0.926369 -0.219211
v 2.124605 -1.141119 -0.209255
v 2.003064 -1.344880 -0.197285
v 1.862231 -1.535689 -0.183414
v 1.703466 -1.711708 -0.167776
v 1.528294 -1.871242 -0.150524
v 1.338404 -2.012755 -0.131821
v 1.135625 -2.134884 -0.111849
v 0.921909 -2.236454 -0.090800
v 0.699315 -2.316485 -0.068876
v 0.469985 -2.374207 -0.046289
v 0.236130 -2.409064 -0.023257
v 0.237272 2.409064 0.000000
v 0.472260 2.374207 0.000000
v 0.702698 2.316485 0.000000
v 0.926369 2.236454 0.000000
v 1.141120 2.134885 0.000000
v 1.344880 2.012755 0.000000
v 1.535689 1.871242 0.000000
v 1.711708 1.711708 0.000000
v 1.871242 1.535689 0.000000
v 2.012756 1.344880 0.000000
v 2.134884 1.141120 -0.000000
v 2.236454 0.926369 0.000000
v 2.316485 0.702698 -0.000000
v 2.374207 0.472259 0.000000
v 2.409064 0.237272 0.000000
v 2.420720 -0.000000 0.000000
v 2.409064 -0.237272 0.000000
v 2.374207 -0.472259 0.000000
v 2.316485 -0.702698 0.000000
v 2.236454 -0.926369 0.000000
v 2.134885 -1.141119 0.000000
v 2.012756 -1.344880 0.000000
v 1.871242 -1.535689 0.000000
v 1.711708 -1.711708 0.000000
v 1.535689 -1.871242 0.000000
v 1.344880 -2.012755 0.000000
v 1.141120 -2.134884 0.000000
v 0.926369 -2.236454 0.000000
v 0.702698 -2.316485 0.000000
v 0.472260 -2.374207 0.000000
v 0.237272 -2.409064 0.000000
v 0.236130 2.409064 0.023257
v 0.469985 2.374207 0.046290
v 0.699315 2.316485 0.068877
v 0.921909 2.236454 0.090800
v 1.135625 2.134885 0.111849
v 1.338404 2.012755 0.131821
v 1.528294 1.871242 0.150524
v 1.703466 1.711708 0.167777
v 1.862231 1.535689 0.183414
v 2.003064 1.344880 0.197285
v 2.124604 1.141120 0.209255
v 2.225685 0.926369 0.219211
v 2.305331 0.702698 0.227055
v 2.362774 0.472259 0.232713
v 2.397464 0.237272 0.236130
v 2.409064 -0.000000 0.237272
v 2.397464 -0.237272 0.236130
v 2.362774 -0.472259 0.232713
v 2.305331 -0.702698 0.227055
v 2.225685 -0.926369 0.219211
v 2.124604 -1.141119 0.209255
v 2.003064 -1.344880 0.197285
v 1.862231 -1.535689 0.183414
v 1.703466 -1.711708 0.167777
v 1.528294 -1.871242 0.150524
v 1.338404 -2.012755 0.131821
v 1.135625 -2.134884 0.111849
v 0.921909 -2.236454 0.090800
v 0.699315 -2.316485 0.068877
v 0.469985 -2.374207 0.046290
v 0.236130 -2.409064 0.023257
v 0.232713 2.409064 0.046290
v 0.463185 2.374207 0.092133
v 0.689196 2.316485 0.137090
v 0.908569 2.236454 0.180726
v 1.119193 2.134885 0.222622
v 1.319039 2.012755 0.262373
v 1.506181 1.871242 0.299598
v 1.678818 1.711708 0.333938
v 1.835286 1.535689 0.365061
v 1.974081 1.344880 0.392669
v 2.093863 1.141120 0.416495
v 2.193481 0.926369 0.436311
v 2.271975 0.702698 0.451924
v 2.328587 0.472259 0.463185
v 2.362774 0.237272 0.469985
v 2.374207 -0.000000 0.472259
v 2.362774 -0.237272 0.469985
v 2.328587 -0.472259 0.463185
v 2.271974 -0.702698 0.451924
v 2.193481 -0.926369 0.436311
v 2.093863 -1.141119 0.416495
v 1.974081 -1.344880 0.392669
v 1.835287 -1.535689 0.365061
v 1.678818 -1.711708 0.333938
v 1.506181 -1.871242 0.299598
v 1.319039 -2.012755 0.262373
v 1.119194 -2.134884 0.222622
v 0.908570 -2.236454 0.180726
v 0.689196 -2.316485 0.137090
v 0.463185 -2.374207 0.092133
v 0.232713 -2.409064 0.046290
v 0.227055 2.409064 0.068877
v 0.451924 2.374207 0.137090
v 0.672440 2.316485 0.203983
v 0.886480 2.236454 0.268911
v 1.091983 2.134885 0.331250
v 1.286970 2.012755 0.390398
v 1.469562 1.871242 0.445787
v 1.638002 1.711708 0.496883
v 1.790667 1.535689 0.543193
v 1.926087 1.344880 0.584272
v 2.042957 1.141120 0.619724
v 2.140153 0.926369 0.649208
v 2.216738 0.702698 0.672440
v 2.271974 0.472259 0.689196
v 2.305330 0.237272 0.699315
v 2.316485 -0.000000 0.702698
v 2.305330 -0.237272 0.699315
v 2.271974 -0.472259 0.689196
v 2.216738 -0.702698 0.672440
v 2.140153 -0.926369 0.649208
v 2.042957 -1.141119 0.619724
v 1.926087 -1.344880 0.584272
v 1.790667 -1.535689 0.543193
v 1.638002 -1.711708 0.496883
v 1.469562 -1.871242 0.445787
v 1.286970 -2.012755 0.390398
v 1.091984 -2.134884 0.331250
v 0.886480 -2.236454 0.268911
v 0.672440 -2.316485 0.203983
v 0.451924 -2.374207 0.137090
v 0.227055 -2.409064 0.068877
v 0.219211 2.409064 0.090800
v 0.436311 2.374207 0.180726
v 0.649208 2.316485 0.268911
v 0.855854 2.236454 0.354506
v 1.054257 2.134885 0.436688
v 1.242508 2.012755 0.514663
v 1.418791 1.871242 0.587683
v 1.581412 1.711708 0.655043
v 1.728802 1.535689 0.716093
v 1.859544 1.344880 0.770248
v 1.972376 1.141120 0.816985
v 2.066214 0.926369 0.855854
v 2.140153 0.702698 0.886480
v 2.193481 0.472259 0.908570
v 2.225685 0.237272 0.921909
v 2.236454 -0.000000 0.926370
v 2.225685 -0.237272 0.921909
v 2.193481 -0.472259 0.908570
v 2.140153 -0.702698 0.886480
v 2.066214 -0.926369 0.855854
v 1.972376 -1.141119 0.816985
v 1.859544 -1.344880 0.770248
v 1.728802 -1.535689 0.716093
v 1.581412 -1.711708 0.655043
v 1.418791 -1.871242 0.587683
v 1.242508 -2.012755 0.514663
v 1.054257 -2.134884 0.436688
v 0.855854 -2.236454 0.354506
v 0.649209 -2.316485 0.268911
v 0.436311 -2.374207 0.180726
v 0.219211 -2.409064 0.090800
v 0.209255 2.409064 0.111850
v 0.416496 2.374207 0.222622
v 0.619724 2.316485 0.331250
v 0.816985 2.236454 0.436688
v 1.006378 2.134885 0.537920
v 1.186079 2.012755 0.633972
v 1.354356 1.871242 0.723919
v 1.509592 1.711708 0.806894
v 1.650288 1.535689 0.882097
v 1.775092 1.344880 0.948806
v 1.882800 1.141120 1.006377
v 1.972376 0.926369 1.054257
v 2.042957 0.702698 1.091983
v 2.093863 0.472259 1.119193
v 2.124604 0.237272 1.135625
v 2.134885 -0.000000 1.141120
v 2.124604 -0.237272 1.135625
v 2.093863 -0.472259 1.119193
v 2.042957 -0.702698 1.091983
v 1.972376 -0.926369 1.054257
v 1.882800 -1.141119 1.006378
v 1.775092 -1.344880 0.948806
v 1.650288 -1.535689 0.882097
v 1.509592 -1.711708 0.806894
v 1.354356 -1.871242 0.723919
v 1.186079 -2.012755 0.633972
v 1.006378 -2.134884 0.537920
v 0.816985 -2.236454 0.436688
v 0.619725 -2.316485 0.331250
v 0.416496 -2.374207 0.222622
v 0.209255 -2.409064 0.111850
v 0.197285 2.409064 0.131822
v 0.392670 2.374207 0.262374
v 0.584272 2.316485 0.390398
v 0.770248 2.236454 0.514663
v 0.948806 2.134885 0.633972
v 1.118227 2.012755 0.747176
v 1.276878 1.871242 0.853183
v 1.423233 1.711708 0.950974
v 1.555881 1.535689 1.039606
v 1.673545 1.344880 1.118227
v 1.775091 1.141120 1.186078
v 1.859543 0.926369 1.242507
v 1.926087 0.702698 1.286970
v 1.974081 0.472259 1.319039
v 2.003063 0.237272 1.338404
v 2.012755 -0.000000 1.344880
v 2.003063 -0.237272 1.338404
v 1.974081 -0.472259 1.319039
v 1.926087 -0.702698 1.286970
v 1.859544 -0.926369 1.242507
v 1.775091 -1.141119 1.186078
v 1.673545 -1.344880 1.118227
v 1.555881 -1.535689 1.039606
v 1.423233 -1.711708 0.950974
v 1.276878 -1.871242 0.853183
v 1.118227 -2.012755 0.747176
v 0.948806 -2.134884 0.633972
v 0.770248 -2.236454 0.514663
v 0.584272 -2.316485 0.390399
v 0.392669 -2.374207 0.262374
v 0.197285 -2.409064 0.131822
v 0.183414 2.409064 0.150524
v 0.365062 2.374207 0.299598
v 0.543193 2.316485 0.445787
v 0.716093 2.236454 0.587683
v 0.882097 2.134885 0.723919
v 1.039607 2.012755 0.853183
v 1.187103 1.871242 0.974231
v 1.323168 1.711708 1.085896
v 1.446489 1.535689 1.187103
v 1.555881 1.344880 1.276879
v 1.650288 1.141120 1.354356
v 1.728802 0.926369 1.418791
v 1.790667 0.702698 1.469563
v 1.835287 0.472259 1.506181
v 1.862231 0.237272 1.528294
v 1.871242 -0.000000 1.535689
v 1.862231 -0.237272 1.528294
v 1.835287 -0.472259 1.506181
v 1.790667 -0.702698 1.469563
v 1.728802 -0.926369 1.418792
v 1.650288 -1.141119 1.354356
v 1.555881 -1.344880 1.276879
v 1.446490 -1.535689 1.187103
v 1.323168 -1.711708 1.085896
v 1.187103 -1.871242 0.974231
v 1.039607 -2.012755 0.853183
v 0.882098 -2.134884 0.723919
v 0.716093 -2.236454 0.587683
v 0.543193 -2.316485 0.445787
v 0.365062 -2.374207 0.299598
v 0.183414 -2.409064 0.150524
v 0.167777 2.409064 0.167777
v 0.333938 2.374207 0.333938
v 0.496883 2.316485 0.496883
v 0.655042 2.236454 0.655042
v 0.806893 2.134885 0.806893
v 0.950974 2.012755 0.950974
v 1.085896 1.871242 1.085896
v 1.210360 1.711708 1.210360
v 1.323168 1.535689 1.323168
v 1.423233 1.344880 1.423233
v 1.509591 1.141120 1.509591
v 1.581411 0.926369 1.581412
v 1.638002 0.702698 1.638002
v 1.678818 0.472259 1.678818
v 1.703465 0.237272 1.703465
v 1.711707 -0.000000 1.711708
v 1.703465 -0.237272 1.703465
v 1.678818 -0.472259 1.678818
v 1.638002 -0.702698 1.638002
v 1.581412 -0.926369 1.581412
v 1.509591 -1.141119 1.509591
v 1.423233 -1.344880 1.423233
v 1.323168 -1.535689 1.323168
v 1.210360 -1.711708 1.210360
v 1.085896 -1.871242 1.085896
v 0.950974 -2.012755 0.950974
v 0.806893 -2.134884 0.806894
v 0.655042 -2.236454 0.655042
v 0.496883 -2.316485 0.496883
v 0.333938 -2.374207 0.333938
v 0.167777 -2.409064 0.167777
v 0.150524 2.409064 0.183414
v 0.299598 2.374207 0.365062
v 0.445787 2.316485 0.543193
v 0.587682 2.236454 0.716093
v 0.723918 2.134885 0.882097
v 0.853183 2.012755 1.039607
v 0.974230 1.871242 1.187104
v 1.085896 1.711708 1.323168
v 1.187103 1.535689 1.446489
v 1.276878 1.344880 1.555881
v 1.354356 1.141120 1.650288
v 1.418791 0.926369 1.728802
v 1.469563 0.702698 1.790667
v 1.506181 0.472259 1.835286
v 1.528294 0.237272 1.862231
v 1.535688 -0.000000 1.871242
v 1.528294 -0.237272 1.862231
v 1.506181 -0.472259 1.835286
v 1.469562 -0.702698 1.790667
v 1.418791 -0.926369 1.728802
v 1.354356 -1.141119 1.650288
v 1.276879 -1.344880 1.555881
v 1.187103 -1.535689 1.446489
v 1.085896 -1.711708 1.323168
v 0.974230 -1.871242 1.187104
v 0.853183 -2.012755 1.039607
v 0.723919 -2.134884 0.882098
v 0.587682 -2.236454 0.716093
v 0.445787 -2.316485 0.543194
v 0.299598 -2.374207 0.365062
v 0.150524 -2.409064 0.183414
v 0.131821 2.409064 0.197285
v 0.262373 2.374207 0.392670
v 0.390398 2.316485 0.584272
v 0.514663 2.236454 0.770248
v 0.633972 2.134885 0.948806
v 0.747176 2.012755 1.118227
v 0.853183 1.871242 1.276879
v 0.950974 1.711708 1.423233
v 1.039606 1.535689 1.555881
v 1.118227 1.344880 1.673545
v 1.186078 1.141120 1.775091
v 1.242507 0.926369 1.859543
v 1.286970 0.702698 1.926087
v 1.319039 0.472259 1.974081
v 1.338404 0.237272 2.003063
v 1.344880 -0.000000 2.012755
v 1.338404 -0.237272 2.003063
v 1.319039 -0.472259 1.974081
v 1.286970 -0.702698 1.926087
v 1.242507 -0.926369 1.859544
v 1.186078 -1.141119 1.775091
v 1.118227 -1.344880 1.673545
v 1.039606 -1.535689 1.555881
v 0.950974 -1.711708 1.423233
v 0.853183 -1.871242 1.276879
v 0.747176 -2.012755 1.118227
v 0.633972 -2.134884 0.948806
v 0.514663 -2.236454 0.770248
v 0.390398 -2.316485 0.584273
v 0.262373 -2.374207 0.392670
v 0.131821 -2.409064 0.197285
v 0.111849 2.409064 0.209256
v 0.222622 2.374207 0.416496
v 0.331250 2.316485 0.619725
v 0.436687 2.236454 0.816985
v 0.537920 2.134885 1.006378
v 0.633972 2.012755 1.186079
v 0.723918 1.871242 1.354357
v 0.806893 1.711708 1.509592
v 0.882097 1.535689 1.650288
v 0.948806 1.344880 1.775092
v 1.006378 1.141120 1.882800
v 1.054257 0.926369 1.972376
v 1.091983 0.702698 2.042957
v 1.119193 0.472259 2.093863
v 1.135625 0.237272 2.124604
v 1.141119 -0.000000 2.134885
v 1.135625 -0.237272 2.124604
v 1.119193 -0.472259 2.093863
v 1.091983 -0.702698 2.042957
v 1.054257 -0.926369 1.972376
v 1.006377 -1.141119 1.882800
v 0.948807 -1.344880 1.775092
v 0.882097 -1.535689 1.650288
v 0.806893 -1.711708 1.509592
v 0.723918 -1.871242 1.354357
v 0.633972 -2.012755 1.186079
v 0.537920 -2.134884 1.006378
v 0.436687 -2.236454 0.816985
v 0.331250 -2.316485 0.619725
v 0.222622 -2.374207 0.416496
v 0.111849 -2.409064 0.209256
v 0.090800 2.409064 0.219211
v 0.180726 2.374207 0.436311
v 0.268911 2.316485 0.649209
v 0.354506 2.236454 0.855853
v 0.436687 2.134885 1.054257
v 0.514664 2.012755 1.242507
v 0.587682 1.871242 1.418792
v 0.655042 1.711708 1.581412
v 0.716093 1.535689 1.728802
v 0.770248 1.344880 1.859544
v 0.816985 1.141120 1.972376
v 0.855853 0.926369 2.066213
v 0.886480 0.702698 2.140153
v 0.908570 0.472259 2.193481
v 0.921908 0.237272 2.225685
v 0.926369 -0.000000 2.236454
v 0.921908 -0.237272 2.225685
v 0.908570 -0.472259 2.193481
v 0.886480 -0.702698 2.140153
v 0.855854 -0.926369 2.066214
v 0.816985 -1.141119 1.972376
v 0.770248 -1.344880 1.859544
v 0.716093 -1.535689 1.728802
v 0.655042 -1.711708 1.581412
v 0.587682 -1.871242 1.418792
v 0.514664 -2.012755 1.242507
v 0.436688 -2.134884 1.054257
v 0.354506 -2.236454 0.855853
v 0.268911 -2.316485 0.649209
v 0.180726 -2.374207 0.436311
v 0.090800 -2.409064 0.219211
v 0.068877 2.409064 0.227056
v 0.137090 2.374207 0.451924
v 0.203982 2.316485 0.672441
v 0.268911 2.236454 0.886480
v 0.331249 2.134885 1.091983
v 0.390398 2.012755 1.286970
v 0.445787 1.871242 1.469563
v 0.496882 1.711708 1.638002
v 0.543193 1.535689 1.790666
v 0.584272 1.344880 1.926087
v 0.619724 1.141120 2.042957
v 0.649208 0.926369 2.140152
v 0.672440 0.702698 2.216738
v 0.689196 0.472259 2.271974
v 0.699314 0.237272 2.305330
v 0.702698 -0.000000 2.316484
v 0.699314 -0.237272 2.305330
v 0.689196 -0.472259 2.271974
v 0.672440 -0.702698 2.216738
v 0.649208 -0.926369 2.140153
v 0.619724 -1.141119 2.042957
v 0.584272 -1.344880 1.926087
v 0.543193 -1.535689 1.790666
v 0.496882 -1.711708 1.638002
v 0.445787 -1.871242 1.469563
v 0.390398 -2.012755 1.286970
v 0.331250 -2.134884 1.091984
v 0.268911 -2.236454 0.886480
v 0.203982 -2.316485 0.672441
v 0.137090 -2.374207 0.451924
v 0.068876 -2.409064 0.227055
v 0.046290 2.409064 0.232713
v 0.092133 2.374207 0.463185
v 0.137090 2.316485 0.689196
v 0.180726 2.236454 0.908569
v 0.222621 2.134885 1.119193
v 0.262373 2.012755 1.319039
v 0.299598 1.871242 1.506181
v 0.333937 1.711708 1.678818
v 0.365061 1.535689 1.835286
v 0.392669 1.344880 1.974081
v 0.416495 1.141120 2.093863
v 0.436310 0.926369 2.193480
v 0.451924 0.702698 2.271974
v 0.463185 0.472259 2.328587
v 0.469985 0.237272 2.362774
v 0.472259 -0.000000 2.374207
v 0.469985 -0.237272 2.362774
v 0.463185 -0.472259 2.328587
v 0.451924 -0.702698 2.271974
v 0.436310 -0.926369 2.193481
v 0.416495 -1.141119 2.093863
v 0.392669 -1.344880 1.974081
v 0.365061 -1.535689 1.835286
v 0.333937 -1.711708 1.678818
v 0.299598 -1.871242 1.506181
v 0.262373 -2.012755 1.319039
v 0.222621 -2.134884 1.119194
v 0.180726 -2.236454 0.908569
v 0.137090 -2.316485 0.689197
v 0.092133 -2.374207 0.463185
v 0.046289 -2.409064 0.232713
v 0.023257 2.409064 0.236130
v 0.046290 2.374207 0.469986
v 0.068876 2.316485 0.699315
v 0.090800 2.236454 0.921908
v 0.111849 2.134885 1.135625
v 0.131822 2.012755 1.338405
v 0.150524 1.871242 1.528294
v 0.167776 1.711708 1.703466
v 0.183414 1.535689 1.862231
v 0.197284 1.344880 2.003063
v 0.209255 1.141120 2.124604
v 0.219211 0.926369 2.225684
v 0.227055 0.702698 2.305330
v 0.232713 0.472259 2.362774
v 0.236129 0.237272 2.397463
v 0.237272 -0.000000 2.409064
v 0.236129 -0.237272 2.397463
v 0.232713 -0.472259 2.362774
v 0.227055 -0.702698 2.305330
v 0.219211 -0.926369 2.225685
v 0.209255 -1.141119 2.124604
v 0.197285 -1.344880 2.003064
v 0.183414 -1.535689 1.862231
v 0.167776 -1.711708 1.703466
v 0.150524 -1.871242 1.528294
v 0.131822 -2.012755 1.338405
v 0.111849 -2.134884 1.135625
v 0.090800 -2.236454 0.921908
v 0.068876 -2.316485 0.699315
v 0.046290 -2.374207 0.469986
v 0.023257 -2.409064 0.236130
v 0.000000 -2.420720 0.000000
v 0.000000 2.409064 0.237272
v 0.000000 2.374207 0.472260
v -0.000000 2.316485 0.702698
v 0.000000 2.236454 0.926369
v -0.000000 2.134885 1.141119
v 0.000000 2.012755 1.344881
v -0.000000 1.871242 1.535689
v -0.000000 1.711708 1.711708
v -0.000000 1.535689 1.871241
v -0.000000 1.344880 2.012755
v 0.000000 1.141120 2.134884
v -0.000000 0.926369 2.236453
v 0.000000 0.702698 2.316485
v 0.000000 0.472259 2.374207
v -0.000000 0.237272 2.409063
v -0.000000 -0.000000 2.420720
v -0.000000 -0.237272 2.409063
v 0.000000 -0.472259 2.374207
v -0.000000 -0.702698 2.316485
v -0.000000 -0.926369 2.236454
v -0.000000 -1.141119 2.134884
v 0.000000 -1.344880 2.012756
v 0.000000 -1.535689 1.871241
v -0.000000 -1.711708 1.711708
v -0.000000 -1.871242 1.535689
v 0.000000 -2.012755 1.344881
v -0.000000 -2.134884 1.141120
v 0.000000 -2.236454 0.926369
v -0.000000 -2.316485 0.702699
v 0.000000 -2.374207 0.472260
v -0.000000 -2.409064 0.237272
v -0.023257 2.409064 0.236130
v -0.046289 2.374207 0.469986
v -0.068877 2.316485 0.699315
v -0.090800 2.236454 0.921908
v -0.111849 2.134885 1.135625
v -0.131821 2.012755 1.338405
v -0.150524 1.871242 1.528294
v -0.167777 1.711708 1.703466
v -0.183414 1.535689 1.862231
v -0.197285 1.344880 2.003063
v -0.209255 1.141120 2.124604
v -0.219211 0.926369 2.225684
v -0.227055 0.702698 2.305330
v -0.232713 0.472259 2.362774
v -0.236130 0.237272 2.397463
v -0.237272 -0.000000 2.409063
v -0.236130 -0.237272 2.397463
v -0.232713 -0.472259 2.362774
v -0.227055 -0.702698 2.305330
v -0.219211 -0.926369 2.225685
v -0.209255 -1.141119 2.124604
v -0.197284 -1.344880 2.003064
v -0.183414 -1.535689 1.862231
v -0.167777 -1.711708 1.703466
v -0.150524 -1.871242 1.528294
v -0.131821 -2.012755 1.338405
v -0.111849 -2.134884 1.135625
v -0.090800 -2.236454 0.921908
v -0.068877 -2.316485 0.699315
v -0.046289 -2.374207 0.469986
v -0.023257 -2.409064 0.236130
v -0.046289 2.409064 0.232713
v -0.092133 2.374207 0.463185
v -0.137090 2.316485 0.689196
v -0.180726 2.236454 0.908569
v -0.222621 2.134885 1.119193
v -0.262373 2.012755 1.319039
v -0.299598 1.871242 1.506181
v -0.333938 1.711708 1.678818
v -0.365061 1.535689 1.835286
v -0.392669 1.344880 1.974081
v -0.416495 1.141120 2.093863
v -0.436310 0.926369 2.193480
v -0.451924 0.702698 2.271974
v -0.463185 0.472259 2.328587
v -0.469985 0.237272 2.362774
v -0.472259 -0.000000 2.374206
v -0.469985 -0.237272 2.362774
v -0.463185 -0.472259 2.328587
v -0.451924 -0.702698 2.271974
v -0.436311 -0.926369 2.193481
v -0.416495 -1.141119 2.093863
v -0.392669 -1.344880 1.974081
v -0.365061 -1.535689 1.835286
v -0.333938 -1.711708 1.678818
v -0.299598 -1.871242 1.506181
v -0.262373 -2.012755 1.319039
v -0.222621 -2.134884 1.119193
v -0.180726 -2.236454 0.908569
v -0.137090 -2.316485 0.689196
v -0.092133 -2.374207 0.463185
v -0.046290 -2.409064 0.232713
v -0.068876 2.409064 0.227056
v -0.137090 2.374207 0.451924
v -0.203983 2.316485 0.672441
v -0.268911 2.236454 0.886480
v -0.331249 2.134885 1.091983
v -0.390398 2.012755 1.286971
v -0.445787 1.871242 1.469562
v -0.496883 1.711708 1.638002
v -0.543193 1.535689 1.790666
v -0.584272 1.344880 1.926087
v -0.619724 1.141120 2.042957
v -0.649208 0.926369 2.140152
v -0.672440 0.702698 2.216738
v -0.689196 0.472259 2.271974
v -0.699314 0.237272 2.305330
v -0.702698 -0.000000 2.316484
v -0.699314 -0.237272 2.305330
v -0.689196 -0.472259 2.271974
v -0.672440 -0.702698 2.216738
v -0.649208 -0.926369 2.140153
v -0.619724 -1.141119 2.042957
v -0.584272 -1.344880 1.926087
v -0.543193 -1.535689 1.790667
v -0.496883 -1.711708 1.638002
v -0.445787 -1.871242 1.469562
v -0.390398 -2.012755 1.286971
v -0.331250 -2.134884 1.091984
v -0.268911 -2.236454 0.886480
v -0.203983 -2.316485 0.672441
v -0.137090 -2.374207 0.451924
v -0.068876 -2.409064 0.227055
v -0.090800 2.409064 0.219211
v -0.180726 2.374207 0.436311
v -0.268911 2.316485 0.649209
v -0.354506 2.236454 0.855853
v -0.436687 2.134885 1.054257
v -0.514663 2.012755 1.242508
v -0.587683 1.871242 1.418791
v -0.655043 1.711708 1.581412
v -0.716093 1.535689 1.728802
v -0.770248 1.344880 1.859543
v -0.816985 1.141120 1.972375
v -0.855854 0.926369 2.066213
v -0.886480 0.702698 2.140153
v -0.908570 0.472259 2.193481
v -0.921909 0.237272 2.225684
v -0.926370 -0.000000 2.236453
v -0.921909 -0.237272 2.225684
v -0.908570 -0.472259 2.193481
v -0.886481 -0.702698 2.140153
v -0.855854 -0.926369 2.066214
v -0.816985 -1.141119 1.972376
v -0.770248 -1.344880 1.859544
v -0.716093 -1.535689 1.728802
v -0.655043 -1.711708 1.581412
v -0.587683 -1.871242 1.418791
v -0.514663 -2.012755 1.242508
v -0.436688 -2.134884 1.054257
v -0.354506 -2.236454 0.855853
v -0.268911 -2.316485 0.649209
v -0.180726 -2.374207 0.436311
v -0.090800 -2.409064 0.219211
v -0.111849 2.409064 0.209256
v -0.222622 2.374207 0.416496
v -0.331250 2.316485 0.619725
v -0.436687 2.236454 0.816985
v -0.537920 2.134885 1.006377
v -0.633972 2.012755 1.186079
v -0.723919 1.871242 1.354356
v -0.806894 1.711708 1.509591
v -0.882097 1.535689 1.650288
v -0.948806 1.344880 1.775092
v -1.006377 1.141120 1.882799
v -1.054257 0.926369 1.972376
v -1.091983 0.702698 2.042957
v -1.119193 0.472259 2.093863
v -1.135625 0.237272 2.124604
v -1.141120 -0.000000 2.134884
v -1.135625 -0.237272 2.124604
v -1.119193 -0.472259 2.093863
v -1.091984 -0.702698 2.042957
v -1.054257 -0.926369 1.972376
v -1.006377 -1.141119 1.882800
v -0.948806 -1.344880 1.775092
v -0.882097 -1.535689 1.650288
v -0.806894 -1.711708 1.509591
v -0.723919 -1.871242 1.354356
v -0.633972 -2.012755 1.186079
v -0.537920 -2.134884 1.006378
v -0.436687 -2.236454 0.816985
v -0.331250 -2.316485 0.619725
v -0.222622 -2.374207 0.416496
v -0.111849 -2.409064 0.209256
v -0.131821 2.409064 0.197285
v -0.262373 2.374207 0.392670
v -0.390398 2.316485 0.584272
v -0.514663 2.236454 0.770248
v -0.633972 2.134885 0.948806
v -0.747175 2.012755 1.118228
v -0.853183 1.871242 1.276878
v -0.950974 1.711708 1.423233
v -1.039606 1.535689 1.555880
v -1.118227 1.344880 1.673545
v -1.186078 1.141120 1.775091
v -1.242507 0.926369 1.859543
v -1.286970 0.702698 1.926087
v -1.319039 0.472259 1.974080
v -1.338404 0.237272 2.003063
v -1.344880 -0.000000 2.012755
v -1.338404 -0.237272 2.003063
v -1.319039 -0.472259 1.974080
v -1.286970 -0.702698 1.926087
v -1.242508 -0.926369 1.859543
v -1.186078 -1.141119 1.775091
v -1.118227 -1.344880 1.673545
v -1.039606 -1.535689 1.555881
v -0.950974 -1.711708 1.423233
v -0.853183 -1.871242 1.276878
v -0.747175 -2.012755 1.118228
v -0.633972 -2.134884 0.948806
v -0.514663 -2.236454 0.770248
v -0.390399 -2.316485 0.584273
v -0.262373 -2.374207 0.392670
v -0.131821 -2.409064 0.197285
v -0.150524 2.409064 0.183414
v -0.299598 2.374207 0.365062
v -0.445787 2.316485 0.543193
v -0.587682 2.236454 0.716093
v -0.723918 2.134885 0.882097
v -0.853183 2.012755 1.039607
v -0.974231 1.871242 1.187103
v -1.085896 1.711708 1.323168
v -1.187103 1.535689 1.446489
v -1.276879 1.344880 1.555881
v -1.354356 1.141120 1.650287
v -1.418791 0.926369 1.728802
v -1.469563 0.702698 1.790667
v -1.506181 0.472259 1.835286
v -1.528294 0.237272 1.862231
v -1.535689 -0.000000 1.871241
v -1.528294 -0.237272 1.862231
v -1.506181 -0.472259 1.835286
v -1.469563 -0.702698 1.790667
v -1.418792 -0.926369 1.728802
v -1.354356 -1.141119 1.650288
v -1.276878 -1.344880 1.555881
v -1.187103 -1.535689 1.446489
v -1.085896 -1.711708 1.323168
v -0.974231 -1.871242 1.187103
v -0.853183 -2.012755 1.039607
v -0.723919 -2.134884 0.882098
v -0.587682 -2.236454 0.716093
v -0.445787 -2.316485 0.543193
v -0.299598 -2.374207 0.365062
v -0.150524 -2.409064 0.183414
v -0.167777 2.409064 0.167777
v -0.333938 2.374207 0.333938
v -0.496883 2.316485 0.496883
v -0.655042 2.236454 0.655042
v -0.806893 2.134885 0.806893
v -0.950974 2.012755 0.950975
v -1.085896 1.871242 1.085896
v -1.210361 1.711708 1.210360
v -1.323168 1.535689 1.323167
v -1.423233 1.344880 1.423233
v -1.509591 1.141120 1.509591
v -1.581411 0.926369 1.581411
v -1.638002 0.702698 1.638002
v -1.678818 0.472259 1.678818
v -1.703465 0.237272 1.703465
v -1.711708 -0.000000 1.711707
v -1.703465 -0.237272 1.703465
v -1.678818 -0.472259 1.678818
v -1.638002 -0.702698 1.638002
v -1.581412 -0.926369 1.581411
v -1.509591 -1.141119 1.509591
v -1.423233 -1.344880 1.423233
v -1.323168 -1.535689 1.323168
v -1.210361 -1.711708 1.210360
v -1.085896 -1.871242 1.085896
v -0.950974 -2.012755 0.950975
v -0.806893 -2.134884 0.806894
v -0.655042 -2.236454 0.655042
v -0.496883 -2.316485 0.496883
v -0.333938 -2.374207 0.333938
v -0.167777 -2.409064 0.167777
v -0.183414 2.409064 0.150524
v -0.365062 2.374207 0.299599
v -0.543193 2.316485 0.445787
v -0.716093 2.236454 0.587682
v -0.882097 2.134885 0.723918
v -1.039607 2.012755 0.853184
v -1.187103 1.871242 0.974231
v -1.323168 1.711708 1.085896
v -1.446489 1.535689 1.187103
v -1.555881 1.344880 1.276879
v -1.650287 1.141120 1.354356
v -1.728802 0.926369 1.418791
v -1.790667 0.702698 1.469562
v -1.835287 0.472259 1.506181
v -1.862231 0.237272 1.528293
v -1.871242 -0.000000 1.535688
v -1.862231 -0.237272 1.528293
v -1.835287 -0.472259 1.506181
v -1.790667 -0.702698 1.469562
v -1.728803 -0.926369 1.418791
v -1.650288 -1.141119 1.354356
v -1.555881 -1.344880 1.276879
v -1.446489 -1.535689 1.187103
v -1.323168 -1.711708 1.085896
v -1.187103 -1.871242 0.974231
v -1.039607 -2.012755 0.853184
v -0.882097 -2.134884 0.723919
v -0.716093 -2.236454 0.587682
v -0.543193 -2.316485 0.445787
v -0.365062 -2.374207 0.299598
v -0.183414 -2.409064 0.150524
v -0.197285 2.409064 0.131822
v -0.392669 2.374207 0.262374
v -0.584272 2.316485 0.390398
v -0.770248 2.236454 0.514663
v -0.948806 2.134885 0.633972
v -1.118227 2.012755 0.747176
v -1.276878 1.871242 0.853183
v -1.423234 1.711708 0.950974
v -1.555880 1.535689 1.039606
v -1.673545 1.344880 1.118227
v -1.775091 1.141120 1.186078
v -1.859543 0.926369 1.242507
v -1.926087 0.702698 1.286970
v -1.974081 0.472259 1.319039
v -2.003063 0.237272 1.338404
v -2.012755 -0.000000 1.344879
v -2.003063 -0.237272 1.338404
v -1.974081 -0.472259 1.319039
v -1.926087 -0.702698 1.286970
v -1.859544 -0.926369 1.242507
v -1.775091 -1.141119 1.186078
v -1.673545 -1.344880 1.118227
v -1.555880 -1.535689 1.039606
v -1.423234 -1.711708 0.950974
v -1.276878 -1.871242 0.853183
v -1.118227 -2.012755 0.747176
v -0.948806 -2.134884 0.633972
v -0.770248 -2.236454 0.514663
v -0.584273 -2.316485 0.390398
v -0.392669 -2.374207 0.262374
v -0.197285 -2.409064 0.131822
v -0.209255 2.409064 0.111850
v -0.416496 2.374207 0.222622
v -0.619725 2.316485 0.331250
v -0.816984 2.236454 0.436687
v -1.006377 2.134885 0.537920
v -1.186079 2.012755 0.633973
v -1.354357 1.871242 0.723918
v -1.509592 1.711708 0.806893
v -1.650288 1.535689 0.882097
v -1.775092 1.344880 0.948806
v -1.882799 1.141120 1.006377
v -1.972376 0.926369 1.054257
v -2.042957 0.702698 1.091983
v -2.093863 0.472259 1.119193
v -2.124605 0.237272 1.135624
v -2.134885 -0.000000 1.141119
v -2.124605 -0.237272 1.135624
v -2.093863 -0.472259 1.119193
v -2.042957 -0.702698 1.091983
v -1.972376 -0.926369 1.054257
v -1.882800 -1.141119 1.006377
v -1.775092 -1.344880 0.948807
v -1.650288 -1.535689 0.882097
v -1.509592 -1.711708 0.806893
v -1.354357 -1.871242 0.723918
v -1.186079 -2.012755 0.633973
v -1.006378 -2.134884 0.537920
v -0.816984 -2.236454 0.436687
v -0.619725 -2.316485 0.331250
v -0.416496 -2.374207 0.222622
v -0.209255 -2.409064 0.111849
v -0.219211 2.409064 0.090800
v -0.436311 2.374207 0.180726
v -0.649209 2.316485 0.268911
v -0.855853 2.236454 0.354506
v -1.054257 2.134885 0.436688
v -1.242508 2.012755 0.514664
v -1.418792 1.871242 0.587682
v -1.581412 1.711708 0.655042
v -1.728802 1.535689 0.716093
v -1.859544 1.344880 0.770248
v -1.972376 1.141120 0.816985
v -2.066213 0.926369 0.855854
v -2.140153 0.702698 0.886480
v -2.193481 0.472259 0.908570
v -2.225685 0.237272 0.921908
v -2.236454 -0.000000 0.926369
v -2.225685 -0.237272 0.921908
v -2.193481 -0.472259 0.908570
v -2.140153 -0.702698 0.886480
v -2.066214 -0.926369 0.855853
v -1.972376 -1.141119 0.816985
v -1.859544 -1.344880 0.770249
v -1.728802 -1.535689 0.716093
v -1.581412 -1.711708 0.655042
v -1.418792 -1.871242 0.587682
v -1.242508 -2.012755 0.514664
v -1.054257 -2.134884 0.436688
v -0.855853 -2.236454 0.354506
v -0.649209 -2.316485 0.268911
v -0.436311 -2.374207 0.180726
v -0.219211 -2.409064 0.090800
v -0.227055 2.409064 0.068877
v -0.451924 2.374207 0.137090
v -0.672441 2.316485 0.203983
v -0.886480 2.236454 0.268911
v -1.091983 2.134885 0.331250
v -1.286971 2.012755 0.390399
v -1.469563 1.871242 0.445787
v -1.638003 1.711708 0.496882
v -1.790666 1.535689 0.543193
v -1.926087 1.344880 0.584272
v -2.042957 1.141120 0.619724
v -2.140152 0.926369 0.649208
v -2.216738 0.702698 0.672440
v -2.271974 0.472259 0.689196
v -2.305330 0.237272 0.699314
v -2.316485 -0.000000 0.702697
v -2.305330 -0.237272 0.699314
v -2.271974 -0.472259 0.689196
v -2.216738 -0.702698 0.672440
v -2.140153 -0.926369 0.649208
v -2.042957 -1.141119 0.619724
v -1.926087 -1.344880 0.584273
v -1.790666 -1.535689 0.543193
v -1.638003 -1.711708 0.496882
v -1.469563 -1.871242 0.445787
v -1.286971 -2.012755 0.390399
v -1.091984 -2.134884 0.331250
v -0.886480 -2.236454 0.268911
v -0.672441 -2.316485 0.203983
v -0.451924 -2.374207 0.137090
v -0.227055 -2.409064 0.068877
v -0.232713 2.409064 0.046290
v -0.463185 2.374207 0.092134
v -0.689196 2.316485 0.137090
v -0.908569 2.236454 0.180726
v -1.119193 2.134885 0.222621
v -1.319039 2.012755 0.262374
v -1.506181 1.871242 0.299598
v -1.678818 1.711708 0.333937
v -1.835286 1.535689 0.365061
v -1.974081 1.344880 0.392669
v -2.093863 1.141120 0.416495
v -2.193480 0.926369 0.436310
v -2.271974 0.702698 0.451924
v -2.328587 0.472259 0.463185
v -2.362774 0.237272 0.469985
v -2.374207 -0.000000 0.472258
v -2.362774 -0.237272 0.469985
v -2.328587 -0.472259 0.463185
v -2.271974 -0.702698 0.451924
v -2.193481 -0.926369 0.436310
v -2.093863 -1.141119 0.416495
v -1.974081 -1.344880 0.392670
v -1.835286 -1.535689 0.365061
v -1.678818 -1.711708 0.333937
v -1.506181 -1.871242 0.299598
v -1.319039 -2.012755 0.262374
v -1.119193 -2.134884 0.222622
v -0.908569 -2.236454 0.180726
v -0.689196 -2.316485 0.137090
v -0.463185 -2.374207 0.092134
v -0.232713 -2.409064 0.046290
v -0.000000 2.420720 0.000000
v -0.236130 2.409064 0.023257
v -0.469985 2.374207 0.046290
v -0.699315 2.316485 0.068877
v -0.921908 2.236454 0.090800
v -1.135624 2.134885 0.111849
v -1.338405 2.012755 0.131822
v -1.528294 1.871242 0.150524
v -1.703466 1.711708 0.167776
v -1.862231 1.535689 0.183414
v -2.003064 1.344880 0.197285
v -2.124604 1.141120 0.209255
v -2.225684 0.926369 0.219211
v -2.305330 0.702698 0.227055
v -2.362775 0.472259 0.232713
v -2.397463 0.237272 0.236129
v -2.409063 -0.000000 0.237271
v -2.397463 -0.237272 0.236129
v -2.362775 -0.472259 0.232713
v -2.305331 -0.702698 0.227055
v -2.225685 -0.926369 0.219211
v -2.124604 -1.141119 0.209255
v -2.003064 -1.344880 0.197285
v -1.862231 -1.535689 0.183414
v -1.703466 -1.711708 0.167776
v -1.528294 -1.871242 0.150524
v -1.338405 -2.012755 0.131822
v -1.135625 -2.134884 0.111849
v -0.921908 -2.236454 0.090800
v -0.699315 -2.316485 0.068877
v -0.469985 -2.374207 0.046290
v -0.236130 -2.409064 0.023257
v -0.237272 2.409064 0.000000
v -0.472259 2.374207 0.000000
v -0.702698 2.316485 0.000000
v -0.926369 2.236454 0.000000
v -1.141119 2.134885 0.000000
v -1.344881 2.012755 0.000000
v -1.535689 1.871242 -0.000000
v -1.711708 1.711708 -0.000000
v -1.871241 1.535689 -0.000000
v -2.012756 1.344880 0.000000
v -2.134884 1.141120 0.000000
v -2.236453 0.926369 0.000000
v -2.316485 0.702698 -0.000000
v -2.374207 0.472259 0.000000
v -2.409064 0.237272 -0.000000
v -2.420720 -0.000000 -0.000001
v -2.409064 -0.237272 -0.000000
v -2.374207 -0.472259 0.000000
v -2.316485 -0.702698 -0.000000
v -2.236454 -0.926369 -0.000000
v -2.134884 -1.141119 -0.000000
v -2.012756 -1.344880 0.000000
v -1.871242 -1.535689 0.000000
v -1.711708 -1.711708 -0.000000
v -1.535689 -1.871242 -0.000000
v -1.344881 -2.012755 0.000000
v -1.141120 -2.134884 0.000000
v -0.926369 -2.236454 0.000000
v -0.702699 -2.316485 0.000000
v -0.472259 -2.374207 0.000000
v -0.237272 -2.409064 0.000000
v -0.236130 2.409064 -0.023257
v -0.469985 2.374207 -0.046289
v -0.699315 2.316485 -0.068876
v -0.921908 2.236454 -0.090800
v -1.135624 2.134885 -0.111849
v -1.338405 2.012755 -0.131821
v -1.528294 1.871242 -0.150524
v -1.703466 1.711708 -0.167777
v -1.862231 1.535689 -0.183414
v -2.003064 1.344880 -0.197284
v -2.124604 1.141120 -0.209255
v -2.225684 0.926369 -0.219211
v -2.305330 0.702698 -0.227055
v -2.362775 0.472259 -0.232713
v -2.397463 0.237272 -0.236130
v -2.409063 -0.000000 -0.237273
v -2.397463 -0.237272 -0.236130
v -2.362775 -0.472259 -0.232713
v -2.305331 -0.702698 -0.227055
v -2.225685 -0.926369 -0.219211
v -2.124604 -1.141119 -0.209255
v -2.003064 -1.344880 -0.197284
v -1.862231 -1.535689 -0.183414
v -1.703466 -1.711708 -0.167777
v -1.528294 -1.871242 -0.150524
v -1.338405 -2.012755 -0.131821
v -1.135625 -2.134884 -0.111849
v -0.921908 -2.236454 -0.090800
v -0.699315 -2.316485 -0.068876
v -0.469985 -2.374207 -0.046289
v -0.236130 -2.409064 -0.023257
v -0.232713 2.409064 -0.046289
v -0.463185 2.374207 -0.092133
v -0.689196 2.316485 -0.137090
v -0.908569 2.236454 -0.180725
v -1.119193 2.134885 -0.222621
v -1.319039 2.012755 -0.262373
v -1.506181 1.871242 -0.299598
v -1.678818 1.711708 -0.333938
v -1.835286 1.535689 -0.365061
v -1.974081 1.344880 -0.392669
v -2.093863 1.141120 -0.416495
v -2.193480 0.926369 -0.436310
v -2.271974 0.702698 -0.451924
v -2.328587 0.472259 -0.463185
v -2.362774 0.237272 -0.469985
v -2.374206 -0.000000 -0.472260
v -2.362774 -0.237272 -0.469985
v -2.328587 -0.472259 -0.463185
v -2.271974 -0.702698 -0.451924
v -2.193481 -0.926369 -0.436311
v -2.093863 -1.141119 -0.416495
v -1.974081 -1.344880 -0.392669
v -1.835286 -1.535689 -0.365061
v -1.678818 -1.711708 -0.333938
v -1.506181 -1.871242 -0.299598
v -1.319039 -2.012755 -0.262373
v -1.119193 -2.134884 -0.222621
v -0.908569 -2.236454 -0.180725
v -0.689196 -2.316485 -0.137090
v -0.463185 -2.374207 -0.092133
v -0.232713 -2.409064 -0.046289
v -0.227055 2.409064 -0.068876
v -0.451924 2.374207 -0.137089
v -0.672441 2.316485 -0.203983
v -0.886480 2.236454 -0.268910
v -1.091983 2.134885 -0.331249
v -1.286971 2.012755 -0.390398
v -1.469562 1.871242 -0.445787
v -1.638003 1.711708 -0.496883
v -1.790666 1.535689 -0.543193
v -1.926087 1.344880 -0.584272
v -2.042956 1.141120 -0.619724
v -2.140152 0.926369 -0.649208
v -2.216738 0.702698 -0.672440
v -2.271974 0.472259 -0.689196
v -2.305330 0.237272 -0.699314
v -2.316484 -0.000000 -0.702698
v -2.305330 -0.237272 -0.699314
v -2.271974 -0.472259 -0.689196
v -2.216738 -0.702698 -0.672440
v -2.140153 -0.926369 -0.649208
v -2.042957 -1.141119 -0.619724
v -1.926087 -1.344880 -0.584272
v -1.790667 -1.535689 -0.543193
v -1.638003 -1.711708 -0.496883
v -1.469562 -1.871242 -0.445787
v -1.286971 -2.012755 -0.390398
v -1.091984 -2.134884 -0.331249
v -0.886480 -2.236454 -0.268910
v -0.672441 -2.316485 -0.203982
v -0.451924 -2.374207 -0.137089
v -0.227055 -2.409064 -0.068876
v -0.219211 2.409064 -0.090800
v -0.436311 2.374207 -0.180726
v -0.649209 2.316485 -0.268911
v -0.855853 2.236454 -0.354506
v -1.054257 2.134885 -0.436687
v -1.242508 2.012755 -0.514663
v -1.418791 1.871242 -0.587683
v -1.581412 1.711708 -0.655043
v -1.728802 1.535689 -0.716093
v -1.859544 1.344880 -0.770248
v -1.972375 1.141120 -0.816985
v -2.066213 0.926369 -0.855853
v -2.140153 0.702698 -0.886481
v -2.193481 0.472259 -0.908570
v -2.225684 0.237272 -0.921909
v -2.236453 -0.000000 -0.926370
v -2.225684 -0.237272 -0.921909
v -2.193481 -0.472259 -0.908570
v -2.140153 -0.702698 -0.886481
v -2.066214 -0.926369 -0.855854
v -1.972376 -1.141119 -0.816985
v -1.859544 -1.344880 -0.770248
v -1.728802 -1.535689 -0.716093
v -1.581412 -1.711708 -0.655043
v -1.418791 -1.871242 -0.587683
v -1.242508 -2.012755 -0.514663
v -1.054257 -2.134884 -0.436687
v -0.855853 -2.236454 -0.354506
v -0.649209 -2.316485 -0.268911
v -0.436311 -2.374207 -0.180726
v -0.219211 -2.409064 -0.090800
v -0.209255 2.409064 -0.111849
v -0.416496 2.374207 -0.222621
v -0.619725 2.316485 -0.331250
v -0.816984 2.236454 -0.436687
v -1.006377 2.134885 -0.537920
v -1.186079 2.012755 -0.633972
v -1.354356 1.871242 -0.723918
v -1.509592 1.711708 -0.806894
v -1.650288 1.535689 -0.882097
v -1.775092 1.344880 -0.948806
v -1.882799 1.141120 -1.006377
v -1.972376 0.926369 -1.054256
v -2.042957 0.702698 -1.091984
v -2.093863 0.472259 -1.119193
v -2.124604 0.237272 -1.135625
v -2.134884 -0.000000 -1.141120
v -2.124604 -0.237272 -1.135625
v -2.093863 -0.472259 -1.119193
v -2.042957 -0.702698 -1.091984
v -1.972376 -0.926369 -1.054257
v -1.882799 -1.141119 -1.006377
v -1.775092 -1.344880 -0.948806
v -1.650288 -1.535689 -0.882097
v -1.509592 -1.711708 -0.806894
v -1.354356 -1.871242 -0.723918
v -1.186079 -2.012755 -0.633972
v -1.006378 -2.134884 -0.537920
v -0.816984 -2.236454 -0.436687
v -0.619725 -2.316485 -0.331250
v -0.416496 -2.374207 -0.222621
v -0.209255 -2.409064 -0.111849
v -0.197285 2.409064 -0.131821
v -0.392669 2.374207 -0.262373
v -0.584272 2.316485 -0.390398
v -0.770247 2.236454 -0.514663
v -0.948806 2.134885 -0.633972
v -1.118228 2.012755 -0.747175
v -1.276878 1.871242 -0.853183
v -1.423233 1.711708 -0.950974
v -1.555880 1.535689 -1.039606
v -1.673545 1.344880 -1.118227
v -1.775091 1.141120 -1.186078
v -1.859543 0.926369 -1.242506
v -1.926087 0.702698 -1.286970
v -1.974081 0.472259 -1.319039
v -2.003063 0.237272 -1.338404
v -2.012754 -0.000000 -1.344880
v -2.003063 -0.237272 -1.338404
v -1.974081 -0.472259 -1.319039
v -1.926087 -0.702698 -1.286970
v -1.859543 -0.926369 -1.242507
v -1.775091 -1.141119 -1.186078
v -1.673546 -1.344880 -1.118227
v -1.555881 -1.535689 -1.039606
v -1.423233 -1.711708 -0.950974
v -1.276878 -1.871242 -0.853183
v -1.118228 -2.012755 -0.747175
v -0.948806 -2.134884 -0.633972
v -0.770248 -2.236454 -0.514663
v -0.584272 -2.316485 -0.390398
v -0.392669 -2.374207 -0.262373
v -0.197285 -2.409064 -0.131821
v -0.183414 2.409064 -0.150524
v -0.365061 2.374207 -0.299598
v -0.543193 2.316485 -0.445787
v -0.716093 2.236454 -0.587682
v -0.882097 2.134885 -0.723918
v -1.039607 2.012755 -0.853183
v -1.187103 1.871242 -0.974230
v -1.323168 1.711708 -1.085896
v -1.446489 1.535689 -1.187103
v -1.555881 1.344880 -1.276879
v -1.650287 1.141120 -1.354356
v -1.728802 0.926369 -1.418790
v -1.790667 0.702698 -1.469563
v -1.835287 0.472259 -1.506181
v -1.862231 0.237272 -1.528294
v -1.871241 -0.000000 -1.535689
v -1.862231 -0.237272 -1.528294
v -1.835287 -0.472259 -1.506181
v -1.790667 -0.702698 -1.469563
v -1.728802 -0.926369 -1.418791
v -1.650287 -1.141119 -1.354356
v -1.555882 -1.344880 -1.276878
v -1.446489 -1.535689 -1.187103
v -1.323168 -1.711708 -1.085896
v -1.187103 -1.871242 -0.974230
v -1.039607 -2.012755 -0.853183
v -0.882098 -2.134884 -0.723918
v -0.716093 -2.236454 -0.587682
v -0.543193 -2.316485 -0.445787
v -0.365061 -2.374207 -0.299598
v -0.183414 -2.409064 -0.150524
v -0.167777 2.409064 -0.167777
v -0.333938 2.374207 -0.333937
v -0.496883 2.316485 -0.496883
v -0.655042 2.236454 -0.655042
v -0.806893 2.134885 -0.806893
v -0.950975 2.012755 -0.950974
v -1.085896 1.871242 -1.085896
v -1.210360 1.711708 -1.210360
v -1.323167 1.535689 -1.323167
v -1.423233 1.344880 -1.423233
v -1.509591 1.141120 -1.509590
v -1.581411 0.926369 -1.581411
v -1.638002 0.702698 -1.638002
v -1.678818 0.472259 -1.678818
v -1.703465 0.237272 -1.703465
v -1.711707 -0.000000 -1.711707
v -1.703465 -0.237272 -1.703465
v -1.678818 -0.472259 -1.678818
v -1.638002 -0.702698 -1.638002
v -1.581411 -0.926369 -1.581412
v -1.509591 -1.141119 -1.509591
v -1.423234 -1.344880 -1.423233
v -1.323168 -1.535689 -1.323167
v -1.210360 -1.711708 -1.210360
v -1.085896 -1.871242 -1.085896
v -0.950975 -2.012755 -0.950974
v -0.806894 -2.134884 -0.806893
v -0.655042 -2.236454 -0.655041
v -0.496883 -2.316485 -0.496883
v -0.333938 -2.374207 -0.333937
v -0.167777 -2.409064 -0.167777
v -0.150524 2.409064 -0.183414
v -0.299598 2.374207 -0.365061
v -0.445787 2.316485 -0.543193
v -0.587682 2.236454 -0.716093
v -0.723918 2.134885 -0.882097
v -0.853184 2.012755 -1.039607
v -0.974230 1.871242 -1.187103
v -1.085896 1.711708 -1.323168
v -1.187103 1.535689 -1.446489
v -1.276879 1.344880 -1.555881
v -1.354356 1.141120 -1.650287
v -1.418791 0.926369 -1.728801
v -1.469562 0.702698 -1.790667
v -1.506181 0.472259 -1.835286
v -1.528293 0.237272 -1.862231
v -1.535688 -0.000000 -1.871242
v -1.528293 -0.237272 -1.862231
v -1.506181 -0.472259 -1.835286
v -1.469562 -0.702698 -1.790667
v -1.418791 -0.926369 -1.728802
v -1.354356 -1.141119 -1.650287
v -1.276879 -1.344880 -1.555881
v -1.187103 -1.535689 -1.446489
v -1.085896 -1.711708 -1.323168
v -0.974230 -1.871242 -1.187103
v -0.853184 -2.012755 -1.039607
v -0.723919 -2.134884 -0.882097
v -0.587682 -2.236454 -0.716093
v -0.445787 -2.316485 -0.543193
v -0.299598 -2.374207 -0.365061
v -0.150524 -2.409064 -0.183414
v -0.131821 2.409064 -0.197284
v -0.262373 2.374207 -0.392669
v -0.390398 2.316485 -0.584272
v -0.514663 2.236454 -0.770247
v -0.633972 2.134885 -0.948806
v -0.747176 2.012755 -1.118227
v -0.853183 1.871242 -1.276878
v -0.950974 1.711708 -1.423233
v -1.039606 1.535689 -1.555880
v -1.118227 1.344880 -1.673545
v -1.186078 1.141120 -1.775090
v -1.242507 0.926369 -1.859542
v -1.286970 0.702698 -1.926087
v -1.319039 0.472259 -1.974081
v -1.338404 0.237272 -2.003063
v -1.344879 -0.000000 -2.012755
v -1.338404 -0.237272 -2.003063
v -1.319039 -0.472259 -1.974081
v -1.286970 -0.702698 -1.926087
v -1.242507 -0.926369 -1.859543
v -1.186078 -1.141119 -1.775091
v -1.118228 -1.344880 -1.673545
v -1.039606 -1.535689 -1.555880
v -0.950974 -1.711708 -1.423233
v -0.853183 -1.871242 -1.276878
v -0.747176 -2.012755 -1.118227
v -0.633972 -2.134884 -0.948806
v -0.514663 -2.236454 -0.770247
v -0.390398 -2.316485 -0.584272
v -0.262373 -2.374207 -0.392669
v -0.131821 -2.409064 -0.197284
v -0.111849 2.409064 -0.209255
v -0.222622 2.374207 -0.416495
v -0.331250 2.316485 -0.619725
v -0.436687 2.236454 -0.816984
v -0.537920 2.134885 -1.006377
v -0.633973 2.012755 -1.186079
v -0.723918 1.871242 -1.354356
v -0.806893 1.711708 -1.509592
v -0.882097 1.535689 -1.650287
v -0.948807 1.344880 -1.775092
v -1.006377 1.141120 -1.882799
v -1.054257 0.926369 -1.972375
v -1.091983 0.702698 -2.042957
v -1.119193 0.472259 -2.093863
v -1.135624 0.237272 -2.124604
v -1.141119 -0.000000 -2.134884
v -1.135624 -0.237272 -2.124604
v -1.119193 -0.472259 -2.093863
v -1.091983 -0.702698 -2.042957
v -1.054257 -0.926369 -1.972376
v -1.006377 -1.141119 -1.882799
v -0.948807 -1.344880 -1.775092
v -0.882097 -1.535689 -1.650287
v -0.806893 -1.711708 -1.509592
v -0.723918 -1.871242 -1.354356
v -0.633973 -2.012755 -1.186079
v -0.537920 -2.134884 -1.006378
v -0.436687 -2.236454 -0.816984
v -0.331250 -2.316485 -0.619725
v -0.222621 -2.374207 -0.416495
v -0.111849 -2.409064 -0.209255
v -0.090800 2.409064 -0.219211
v -0.180726 2.374207 -0.436310
v -0.268911 2.316485 -0.649209
v -0.354506 2.236454 -0.855853
v -0.436687 2.134885 -1.054256
v -0.514664 2.012755 -1.242508
v -0.587682 1.871242 -1.418791
v -0.655042 1.711708 -1.581412
v -0.716093 1.535689 -1.728801
v -0.770249 1.344880 -1.859544
v -0.816984 1.141120 -1.972375
v -0.855854 0.926369 -2.066213
v -0.886480 0.702698 -2.140153
v -0.908570 0.472259 -2.193481
v -0.921908 0.237272 -2.225684
v -0.926369 -0.000000 -2.236453
v -0.921908 -0.237272 -2.225684
v -0.908570 -0.472259 -2.193481
v -0.886480 -0.702698 -2.140153
v -0.855853 -0.926369 -2.066213
v -0.816984 -1.141119 -1.972375
v -0.770249 -1.344880 -1.859544
v -0.716093 -1.535689 -1.728801
v -0.655042 -1.711708 -1.581412
v -0.587682 -1.871242 -1.418791
v -0.514664 -2.012755 -1.242508
v -0.436688 -2.134884 -1.054257
v -0.354506 -2.236454 -0.855853
v -0.268911 -2.316485 -0.649209
v -0.180726 -2.374207 -0.436310
v -0.090800 -2.409064 -0.219211
v -0.068876 2.409064 -0.227055
v -0.137090 2.374207 -0.451924
v -0.203982 2.316485 -0.672440
v -0.268910 2.236454 -0.886479
v -0.331249 2.134885 -1.091983
v -0.390399 2.012755 -1.286970
v -0.445787 1.871242 -1.469562
v -0.496882 1.711708 -1.638002
v -0.543193 1.535689 -1.790666
v -0.584272 1.344880 -1.926087
v -0.619724 1.141120 -2.042956
v -0.649208 0.926369 -2.140152
v -0.672440 0.702698 -2.216738
v -0.689196 0.472259 -2.271974
v -0.699314 0.237272 -2.305330
v -0.702697 -0.000000 -2.316484
v -0.699314 -0.237272 -2.305330
v -0.689196 -0.472259 -2.271974
v -0.672440 -0.702698 -2.216738
v -0.649208 -0.926369 -2.140152
v -0.619724 -1.141119 -2.042957
v -0.584273 -1.344880 -1.926087
v -0.543193 -1.535689 -1.790666
v -0.496882 -1.711708 -1.638002
v -0.445787 -1.871242 -1.469562
v -0.390399 -2.012755 -1.286970
v -0.331250 -2.134884 -1.091983
v -0.268911 -2.236454 -0.886479
v -0.203982 -2.316485 -0.672440
v -0.137090 -2.374207 -0.451924
v -0.068876 -2.409064 -0.227055
v -0.046289 2.409064 -0.232713
v -0.092133 2.374207 -0.463185
v -0.137089 2.316485 -0.689196
v -0.180725 2.236454 -0.908569
v -0.222621 2.134885 -1.119192
v -0.262374 2.012755 -1.319039
v -0.299598 1.871242 -1.506181
v -0.333937 1.711708 -1.678818
v -0.365061 1.535689 -1.835286
v -0.392669 1.344880 -1.974081
v -0.416495 1.141120 -2.093862
v -0.436311 0.926369 -2.193480
v -0.451923 0.702698 -2.271974
v -0.463185 0.472259 -2.328587
v -0.469985 0.237272 -2.362774
v -0.472258 -0.000000 -2.374206
v -0.469985 -0.237272 -2.362774
v -0.463185 -0.472259 -2.328587
v -0.451923 -0.702698 -2.271974
v -0.436310 -0.926369 -2.193480
v -0.416495 -1.141119 -2.093863
v -0.392670 -1.344880 -1.974081
v -0.365061 -1.535689 -1.835286
v -0.333937 -1.711708 -1.678818
v -0.299598 -1.871242 -1.506181
v -0.262374 -2.012755 -1.319039
v -0.222621 -2.134884 -1.119193
v -0.180725 -2.236454 -0.908569
v -0.137089 -2.316485 -0.689196
v -0.092133 -2.374207 -0.463185
v -0.046289 -2.409064 -0.232713
v -0.023257 2.409064 -0.236129
v -0.046290 2.374207 -0.469985
v -0.068876 2.316485 -0.699314
v -0.090800 2.236454 -0.921908
v -0.111849 2.134885 -1.135624
v -0.131822 2.012755 -1.338405
v -0.150523 1.871242 -1.528294
v -0.167776 1.711708 -1.703466
v -0.183414 1.535689 -1.862230
v -0.197285 1.344880 -2.003064
v -0.209255 1.141120 -2.124603
v -0.219211 0.926369 -2.225683
v -0.227055 0.702698 -2.305330
v -0.232713 0.472259 -2.362774
v -0.236129 0.237272 -2.397463
v -0.237271 -0.000000 -2.409063
v -0.236129 -0.237272 -2.397463
v -0.232713 -0.472259 -2.362774
v -0.227055 -0.702698 -2.305330
v -0.219210 -0.926369 -2.225684
v -0.209255 -1.141119 -2.124604
v -0.197285 -1.344880 -2.003064
v -0.183414 -1.535689 -1.862231
v -0.167776 -1.711708 -1.703466
v -0.150523 -1.871242 -1.528294
v -0.131822 -2.012755 -1.338405
v -0.111849 -2.134884 -1.135625
v -0.090800 -2.236454 -0.921908
v -0.068876 -2.316485 -0.699315
v -0.046290 -2.374207 -0.469985
v -0.023257 -2.409064 -0.236129
v -0.000000 2.374207 -0.472259
v 0.000000 2.134885 -1.141119
v -0.000000 2.012755 -1.344881
v -0.000000 1.344880 -2.012756
v -0.000000 0.926369 -2.236452
v 0.000000 -0.472259 -2.374207
v 0.000000 -0.702698 -2.316485
v 0.000000 -1.141119 -2.134884
v -0.000000 -1.344880 -2.012756
v -0.000000 -1.535689 -1.871241
v 0.000000 -1.711708 -1.711708
v -0.000000 -2.012755 -1.344881
v 0.000000 -2.134884 -1.141119
v -0.000000 -2.374207 -0.472259
v -0.000000 2.420383 -0.238387
v -0.000000 2.327369 -0.706000
v -0.000000 2.246962 -0.930722
v -0.000000 1.880034 -1.542904
v -0.000000 1.719750 -1.719750
v -0.000000 1.542904 -1.880034
v -0.000000 1.146481 -2.144916
v -0.000000 0.706000 -2.327369
v -0.000000 0.474478 -2.385362
v -0.000000 0.238387 -2.420383
v -0.000000 -0.000000 -2.432095
v -0.000000 -0.238387 -2.420383
v -0.000000 -0.930722 -2.246962
v -0.000000 -1.880034 -1.542904
v -0.000000 -2.246962 -0.930722
v -0.000000 -2.327369 -0.706000
v -0.000000 -2.420383 -0.238387
v 0.023366 2.420383 -0.237239
v 0.046507 2.385362 -0.472193
v 0.069200 2.327369 -0.702600
v 0.091227 2.246962 -0.926241
v 0.112375 2.144916 -1.140961
v 0.132441 2.022212 -1.344693
v 0.151231 1.880034 -1.535475
v 0.168565 1.719750 -1.711469
v 0.184276 1.542904 -1.870981
v 0.198211 1.351199 -2.012475
v 0.210238 1.146481 -2.134587
v 0.220241 0.930722 -2.236143
v 0.228122 0.706000 -2.316162
v 0.233806 0.474478 -2.373876
v 0.237239 0.238387 -2.408728
v 0.238387 -0.000000 -2.420383
v 0.237239 -0.238387 -2.408728
v 0.233806 -0.474478 -2.373876
v 0.228122 -0.706000 -2.316162
v 0.220241 -0.930722 -2.236143
v 0.210238 -1.146481 -2.134588
v 0.198211 -1.351199 -2.012475
v 0.184276 -1.542904 -1.870982
v 0.168565 -1.719750 -1.711469
v 0.151231 -1.880034 -1.535475
v 0.132441 -2.022213 -1.344693
v 0.112375 -2.144915 -1.140961
v 0.091227 -2.246962 -0.926241
v 0.069200 -2.327369 -0.702600
v 0.046507 -2.385362 -0.472193
v 0.023366 -2.420383 -0.237239
v 0.046507 2.420383 -0.233806
v 0.092566 2.385362 -0.465361
v 0.137734 2.327369 -0.692434
v 0.181575 2.246962 -0.912839
v 0.223667 2.144916 -1.124452
v 0.263606 2.022212 -1.325236
v 0.301006 1.880034 -1.513258
v 0.335507 1.719750 -1.686706
v 0.366777 1.542904 -1.843910
v 0.394514 1.351199 -1.983356
v 0.418452 1.146481 -2.103702
v 0.438361 0.930722 -2.203788
v 0.454047 0.706000 -2.282650
v 0.465361 0.474478 -2.339528
v 0.472193 0.238387 -2.373876
v 0.474478 -0.000000 -2.385362
v 0.472193 -0.238387 -2.373876
v 0.465361 -0.474478 -2.339528
v 0.454047 -0.706000 -2.282650
v 0.438361 -0.930722 -2.203788
v 0.418452 -1.146481 -2.103702
v 0.394514 -1.351199 -1.983357
v 0.366777 -1.542904 -1.843910
v 0.335507 -1.719750 -1.686706
v 0.301006 -1.880034 -1.513258
v 0.263606 -2.022213 -1.325236
v 0.223667 -2.144915 -1.124452
v 0.181575 -2.246962 -0.912839
v 0.137734 -2.327369 -0.692434
v 0.092566 -2.385362 -0.465361
v 0.046507 -2.420383 -0.233806
v 0.069200 2.420383 -0.228122
v 0.137734 2.385362 -0.454047
v 0.204941 2.327369 -0.675600
v 0.270174 2.246962 -0.890646
v 0.332806 2.144916 -1.097114
v 0.392232 2.022212 -1.293017
v 0.447882 1.880034 -1.476467
v 0.499217 1.719750 -1.645698
v 0.545745 1.542904 -1.799081
v 0.587017 1.351199 -1.935137
v 0.622636 1.146481 -2.052556
v 0.652259 0.930722 -2.150209
v 0.675600 0.706000 -2.227154
v 0.692434 0.474478 -2.282649
v 0.702600 0.238387 -2.316162
v 0.706000 -0.000000 -2.327369
v 0.702600 -0.238387 -2.316162
v 0.692434 -0.474478 -2.282649
v 0.675600 -0.706000 -2.227153
v 0.652259 -0.930722 -2.150209
v 0.622636 -1.146481 -2.052556
v 0.587017 -1.351199 -1.935137
v 0.545745 -1.542904 -1.799081
v 0.499217 -1.719750 -1.645698
v 0.447882 -1.880034 -1.476467
v 0.392232 -2.022213 -1.293017
v 0.332806 -2.144915 -1.097114
v 0.270174 -2.246962 -0.890646
v 0.204941 -2.327369 -0.675600
v 0.137734 -2.385362 -0.454047
v 0.069200 -2.420383 -0.228122
v 0.091227 2.420383 -0.220241
v 0.181575 2.385362 -0.438361
v 0.270174 2.327369 -0.652259
v 0.356172 2.246962 -0.859875
v 0.438740 2.144916 -1.059211
v 0.517082 2.022212 -1.248345
v 0.590444 1.880034 -1.425458
v 0.658120 1.719750 -1.588842
v 0.719458 1.542904 -1.736925
v 0.773867 1.351199 -1.868281
v 0.820824 1.146481 -1.981643
v 0.859875 0.930722 -2.075922
v 0.890646 0.706000 -2.150209
v 0.912839 0.474478 -2.203787
v 0.926241 0.238387 -2.236143
v 0.930722 -0.000000 -2.246962
v 0.926241 -0.238387 -2.236143
v 0.912839 -0.474478 -2.203787
v 0.890646 -0.706000 -2.150209
v 0.859875 -0.930722 -2.075923
v 0.820824 -1.146481 -1.981644
v 0.773867 -1.351199 -1.868281
v 0.719458 -1.542904 -1.736925
v 0.658120 -1.719750 -1.588842
v 0.590444 -1.880034 -1.425458
v 0.517082 -2.022213 -1.248345
v 0.438740 -2.144915 -1.059211
v 0.356172 -2.246962 -0.859875
v 0.270175 -2.327369 -0.652259
v 0.181575 -2.385362 -0.438361
v 0.091227 -2.420383 -0.220241
v 0.112375 2.420383 -0.210238
v 0.223667 2.385362 -0.418452
v 0.332806 2.327369 -0.622636
v 0.438740 2.246962 -0.820824
v 0.540448 2.144916 -1.011106
v 0.636951 2.022212 -1.191651
v 0.727320 1.880034 -1.360720
v 0.810685 1.719750 -1.516684
v 0.886242 1.542904 -1.658042
v 0.953265 1.351199 -1.783432
v 1.011106 1.146481 -1.891647
v 1.059211 0.930722 -1.981644
v 1.097114 0.706000 -2.052556
v 1.124452 0.474478 -2.103702
v 1.140961 0.238387 -2.134588
v 1.146482 -0.000000 -2.144916
v 1.140961 -0.238387 -2.134588
v 1.124452 -0.474478 -2.103702
v 1.097114 -0.706000 -2.052556
v 1.059211 -0.930722 -1.981644
v 1.011106 -1.146481 -1.891647
v 0.953265 -1.351199 -1.783432
v 0.886242 -1.542904 -1.658042
v 0.810685 -1.719750 -1.516684
v 0.727320 -1.880034 -1.360720
v 0.636951 -2.022213 -1.191651
v 0.540448 -2.144915 -1.011106
v 0.438740 -2.246962 -0.820824
v 0.332806 -2.327369 -0.622636
v 0.223667 -2.385362 -0.418452
v 0.112375 -2.420383 -0.210238
v 0.132441 2.420383 -0.198211
v 0.263606 2.385362 -0.394514
v 0.392233 2.327369 -0.587017
v 0.517082 2.246962 -0.773867
v 0.636951 2.144916 -0.953264
v 0.750686 2.022212 -1.123481
v 0.857192 1.880034 -1.282878
v 0.955442 1.719750 -1.429920
v 1.044491 1.542904 -1.563191
v 1.123481 1.351199 -1.681408
v 1.191651 1.146481 -1.783432
v 1.248345 0.930722 -1.868281
v 1.293017 0.706000 -1.935137
v 1.325236 0.474478 -1.983356
v 1.344693 0.238387 -2.012475
v 1.351199 -0.000000 -2.022212
v 1.344693 -0.238387 -2.012475
v 1.325236 -0.474478 -1.983356
v 1.293017 -0.706000 -1.935137
v 1.248346 -0.930722 -1.868281
v 1.191651 -1.146481 -1.783432
v 1.123481 -1.351199 -1.681408
v 1.044491 -1.542904 -1.563192
v 0.955442 -1.719750 -1.429920
v 0.857192 -1.880034 -1.282878
v 0.750686 -2.022213 -1.123481
v 0.636951 -2.144915 -0.953265
v 0.517082 -2.246962 -0.773867
v 0.392233 -2.327369 -0.587017
v 0.263606 -2.385362 -0.394514
v 0.132441 -2.420383 -0.198211
v 0.151231 2.420383 -0.184276
v 0.301006 2.385362 -0.366777
v 0.447882 2.327369 -0.545745
v 0.590444 2.246962 -0.719458
v 0.727320 2.144916 -0.886242
v 0.857192 2.022212 -1.044491
v 0.978808 1.880034 -1.192681
v 1.090998 1.719750 -1.329385
v 1.192681 1.542904 -1.453286
v 1.282878 1.351199 -1.563191
v 1.360720 1.146481 -1.658042
v 1.425458 0.930722 -1.736925
v 1.476468 0.706000 -1.799081
v 1.513258 0.474478 -1.843910
v 1.535475 0.238387 -1.870981
v 1.542904 -0.000000 -1.880034
v 1.535475 -0.238387 -1.870981
v 1.513258 -0.474478 -1.843910
v 1.476468 -0.706000 -1.799081
v 1.425458 -0.930722 -1.736925
v 1.360720 -1.146481 -1.658042
v 1.282878 -1.351199 -1.563192
v 1.192681 -1.542904 -1.453286
v 1.090998 -1.719750 -1.329385
v 0.978808 -1.880034 -1.192681
v 0.857192 -2.022213 -1.044491
v 0.727320 -2.144915 -0.886242
v 0.590444 -2.246962 -0.719458
v 0.447882 -2.327369 -0.545745
v 0.301006 -2.385362 -0.366776
v 0.151231 -2.420383 -0.184275
v 0.168565 2.420383 -0.168565
v 0.335507 2.385362 -0.335507
v 0.499217 2.327369 -0.499217
v 0.658120 2.246962 -0.658120
v 0.810685 2.144916 -0.810685
v 0.955442 2.022212 -0.955442
v 1.090998 1.880034 -1.090998
v 1.216047 1.719750 -1.216047
v 1.329385 1.542904 -1.329385
v 1.429921 1.351199 -1.429920
v 1.516684 1.146481 -1.516684
v 1.588842 0.930722 -1.588842
v 1.645699 0.706000 -1.645698
v 1.686706 0.474478 -1.686705
v 1.711470 0.238387 -1.711469
v 1.719751 -0.000000 -1.719750
v 1.711470 -0.238387 -1.711469
v 1.686706 -0.474478 -1.686705
v 1.645699 -0.706000 -1.645698
v 1.588843 -0.930722 -1.588842
v 1.516685 -1.146481 -1.516684
v 1.429921 -1.351199 -1.429920
v 1.329385 -1.542904 -1.329385
v 1.216047 -1.719750 -1.216047
v 1.090998 -1.880034 -1.090998
v 0.955442 -2.022213 -0.955442
v 0.810685 -2.144915 -0.810685
v 0.658120 -2.246962 -0.658120
v 0.499218 -2.327369 -0.499217
v 0.335507 -2.385362 -0.335507
v 0.168565 -2.420383 -0.168565
v 0.184276 2.420383 -0.151231
v 0.366777 2.385362 -0.301006
v 0.545745 2.327369 -0.447881
v 0.719458 2.246962 -0.590444
v 0.886242 2.144916 -0.727320
v 1.044491 2.022212 -0.857192
v 1.192681 1.880034 -0.978808
v 1.329385 1.719750 -1.090998
v 1.453286 1.542904 -1.192681
v 1.563192 1.351199 -1.282878
v 1.658042 1.146481 -1.360720
v 1.736925 0.930722 -1.425457
v 1.799081 0.706000 -1.476467
v 1.843910 0.474478 -1.513258
v 1.870982 0.238387 -1.535475
v 1.880034 -0.000000 -1.542904
v 1.870982 -0.238387 -1.535475
v 1.843910 -0.474478 -1.513258
v 1.799081 -0.706000 -1.476467
v 1.736926 -0.930722 -1.425458
v 1.658042 -1.146481 -1.360720
v 1.563192 -1.351199 -1.282878
v 1.453286 -1.542904 -1.192681
v 1.329385 -1.719750 -1.090998
v 1.192681 -1.880034 -0.978808
v 1.044491 -2.022213 -0.857192
v 0.886242 -2.144915 -0.727320
v 0.719458 -2.246962 -0.590444
v 0.545746 -2.327369 -0.447881
v 0.366777 -2.385362 -0.301006
v 0.184276 -2.420383 -0.151231
v 0.198212 2.420383 -0.132441
v 0.394514 2.385362 -0.263606
v 0.587018 2.327369 -0.392232
v 0.773867 2.246962 -0.517081
v 0.953265 2.144916 -0.636951
v 1.123481 2.022212 -0.750686
v 1.282878 1.880034 -0.857192
v 1.429921 1.719750 -0.955442
v 1.563191 1.542904 -1.044491
v 1.681409 1.351199 -1.123481
v 1.783432 1.146481 -1.191651
v 1.868281 0.930722 -1.248345
v 1.935137 0.706000 -1.293017
v 1.983356 0.474478 -1.325236
v 2.012475 0.238387 -1.344693
v 2.022213 -0.000000 -1.351199
v 2.012475 -0.238387 -1.344693
v 1.983356 -0.474478 -1.325236
v 1.935137 -0.706000 -1.293017
v 1.868281 -0.930722 -1.248345
v 1.783432 -1.146481 -1.191651
v 1.681409 -1.351199 -1.123481
v 1.563192 -1.542904 -1.044491
v 1.429921 -1.719750 -0.955442
v 1.282878 -1.880034 -0.857192
v 1.123481 -2.022213 -0.750686
v 0.953265 -2.144915 -0.636951
v 0.773867 -2.246962 -0.517081
v 0.587018 -2.327369 -0.392232
v 0.394514 -2.385362 -0.263606
v 0.198212 -2.420383 -0.132441
v 0.210239 2.420383 -0.112375
v 0.418453 2.385362 -0.223667
v 0.622636 2.327369 -0.332806
v 0.820824 2.246962 -0.438739
v 1.011106 2.144916 -0.540447
v 1.191651 2.022212 -0.636951
v 1.360720 1.880034 -0.727320
v 1.516685 1.719750 -0.810684
v 1.658042 1.542904 -0.886242
v 1.783433 1.351199 -0.953264
v 1.891647 1.146481 -1.011106
v 1.981644 0.930722 -1.059210
v 2.052557 0.706000 -1.097114
v 2.103702 0.474478 -1.124452
v 2.134588 0.238387 -1.140961
v 2.144916 -0.000000 -1.146481
v 2.134588 -0.238387 -1.140961
v 2.103702 -0.474478 -1.124452
v 2.052556 -0.706000 -1.097114
v 1.981644 -0.930722 -1.059211
v 1.891647 -1.146481 -1.011106
v 1.783433 -1.351199 -0.953264
v 1.658042 -1.542904 -0.886242
v 1.516685 -1.719750 -0.810684
v 1.360720 -1.880034 -0.727320
v 1.191651 -2.022213 -0.636951
v 1.011107 -2.144915 -0.540448
v 0.820824 -2.246962 -0.438739
v 0.622636 -2.327369 -0.332806
v 0.418453 -2.385362 -0.223667
v 0.210239 -2.420383 -0.112375
v 0.220241 2.420383 -0.091227
v 0.438361 2.385362 -0.181575
v 0.652259 2.327369 -0.270174
v 0.859875 2.246962 -0.356172
v 1.059211 2.144916 -0.438739
v 1.248345 2.022212 -0.517082
v 1.425458 1.880034 -0.590444
v 1.588842 1.719750 -0.658120
v 1.736925 1.542904 -0.719458
v 1.868281 1.351199 -0.773867
v 1.981644 1.146481 -0.820824
v 2.075922 0.930722 -0.859875
v 2.150209 0.706000 -0.890646
v 2.203787 0.474478 -0.912839
v 2.236143 0.238387 -0.926240
v 2.246962 -0.000000 -0.930722
v 2.236143 -0.238387 -0.926240
v 2.203787 -0.474478 -0.912839
v 2.150209 -0.706000 -0.890646
v 2.075923 -0.930722 -0.859875
v 1.981644 -1.146481 -0.820824
v 1.868281 -1.351199 -0.773867
v 1.736925 -1.542904 -0.719458
v 1.588842 -1.719750 -0.658120
v 1.425458 -1.880034 -0.590444
v 1.248345 -2.022213 -0.517082
v 1.059211 -2.144915 -0.438739
v 0.859875 -2.246962 -0.356172
v 0.652259 -2.327369 -0.270174
v 0.438361 -2.385362 -0.181575
v 0.220241 -2.420383 -0.091227
v 0.228122 2.420383 -0.069200
v 0.454048 2.385362 -0.137734
v 0.675600 2.327369 -0.204941
v 0.890646 2.246962 -0.270174
v 1.097114 2.144916 -0.332806
v 1.293017 2.022212 -0.392232
v 1.476468 1.880034 -0.447881
v 1.645699 1.719750 -0.499217
v 1.799080 1.542904 -0.545745
v 1.935137 1.351199 -0.587017
v 2.052556 1.146481 -0.622636
v 2.150209 0.930722 -0.652258
v 2.227154 0.706000 -0.675600
v 2.282650 0.474478 -0.692434
v 2.316163 0.238387 -0.702600
v 2.327369 -0.000000 -0.705999
v 2.316163 -0.238387 -0.702600
v 2.282650 -0.474478 -0.692434
v 2.227153 -0.706000 -0.675600
v 2.150209 -0.930722 -0.652259
v 2.052556 -1.146481 -0.622636
v 1.935137 -1.351199 -0.587017
v 1.799080 -1.542904 -0.545745
v 1.645699 -1.719750 -0.499217
v 1.476468 -1.880034 -0.447881
v 1.293017 -2.022213 -0.392232
v 1.097115 -2.144915 -0.332806
v 0.890646 -2.246962 -0.270174
v 0.675600 -2.327369 -0.204941
v 0.454048 -2.385362 -0.137734
v 0.228122 -2.420383 -0.069200
v 0.233807 2.420383 -0.046507
v 0.465362 2.385362 -0.092566
v 0.692434 2.327369 -0.137733
v 0.912839 2.246962 -0.181575
v 1.124452 2.144916 -0.223667
v 1.325236 2.022212 -0.263606
v 1.513258 1.880034 -0.301006
v 1.686706 1.719750 -0.335506
v 1.843910 1.542904 -0.366776
v 1.983356 1.351199 -0.394514
v 2.103701 1.146481 -0.418452
v 2.203787 0.930722 -0.438360
v 2.282650 0.706000 -0.454047
v 2.339528 0.474478 -0.465361
v 2.373876 0.238387 -0.472193
v 2.385362 -0.000000 -0.474478
v 2.373876 -0.238387 -0.472193
v 2.339528 -0.474478 -0.465361
v 2.282650 -0.706000 -0.454047
v 2.203788 -0.930722 -0.438361
v 2.103702 -1.146481 -0.418452
v 1.983356 -1.351199 -0.394514
v 1.843910 -1.542904 -0.366776
v 1.686706 -1.719750 -0.335506
v 1.513258 -1.880034 -0.301006
v 1.325236 -2.022213 -0.263606
v 1.124452 -2.144915 -0.223667
v 0.912839 -2.246962 -0.181575
v 0.692434 -2.327369 -0.137733
v 0.465361 -2.385362 -0.092566
v 0.233806 -2.420383 -0.046507
v 0.237239 2.420383 -0.023366
v 0.472194 2.385362 -0.046507
v 0.702600 2.327369 -0.069200
v 0.926240 2.246962 -0.091227
v 1.140961 2.144916 -0.112375
v 1.344693 2.022212 -0.132441
v 1.535475 1.880034 -0.151231
v 1.711470 1.719750 -0.168565
v 1.870981 1.542904 -0.184275
v 2.012475 1.351199 -0.198211
v 2.134587 1.146481 -0.210239
v 2.236142 0.930722 -0.220241
v 2.316162 0.706000 -0.228122
v 2.373876 0.474478 -0.233806
v 2.408729 0.238387 -0.237239
v 2.420383 -0.000000 -0.238387
v 2.408729 -0.238387 -0.237239
v 2.373876 -0.474478 -0.233806
v 2.316162 -0.706000 -0.228122
v 2.236143 -0.930722 -0.220241
v 2.134587 -1.146481 -0.210238
v 2.012475 -1.351199 -0.198211
v 1.870981 -1.542904 -0.184276
v 1.711470 -1.719750 -0.168565
v 1.535475 -1.880034 -0.151231
v 1.344693 -2.022213 -0.132441
v 1.140961 -2.144915 -0.112375
v 0.926240 -2.246962 -0.091227
v 0.702600 -2.327369 -0.069200
v 0.472194 -2.385362 -0.046507
v 0.237239 -2.420383 -0.023366
v 0.238387 2.420383 0.000000
v 0.474478 2.385362 0.000000
v 0.706000 2.327369 0.000000
v 0.930722 2.246962 0.000000
v 1.146481 2.144916 0.000000
v 1.351199 2.022212 0.000000
v 1.542904 1.880034 0.000000
v 1.719751 1.719750 0.000000
v 1.880034 1.542904 0.000000
v 2.022213 1.351199 0.000000
v 2.144915 1.146481 -0.000000
v 2.246962 0.930722 0.000000
v 2.327369 0.706000 -0.000000
v 2.385362 0.474478 0.000000
v 2.420383 0.238387 0.000000
v 2.432094 -0.000000 0.000000
v 2.420383 -0.238387 0.000000
v 2.385362 -0.474478 0.000000
v 2.327369 -0.706000 0.000000
v 2.246962 -0.930722 0.000000
v 2.144916 -1.146481 0.000000
v 2.022213 -1.351199 0.000000
v 1.880034 -1.542904 0.000000
v 1.719751 -1.719750 0.000000
v 1.542904 -1.880034 0.000000
v 1.351199 -2.022213 0.000000
v 1.146482 -2.144915 0.000000
v 0.930722 -2.246962 0.000000
v 0.706000 -2.327369 0.000000
v 0.474478 -2.385362 0.000000
v 0.238387 -2.420383 0.000000
v 0.237239 2.420383 0.023366
v 0.472194 2.385362 0.046507
v 0.702600 2.327369 0.069200
v 0.926240 2.246962 0.091227
v 1.140961 2.144916 0.112375
v 1.344693 2.022212 0.132441
v 1.535475 1.880034 0.151231
v 1.711470 1.719750 0.168565
v 1.870981 1.542904 0.184276
v 2.012475 1.351199 0.198212
v 2.134587 1.146481 0.210238
v 2.236142 0.930722 0.220241
v 2.316162 0.706000 0.228122
v 2.373876 0.474478 0.233806
v 2.408728 0.238387 0.237239
v 2.420383 -0.000000 0.238387
v 2.408728 -0.238387 0.237239
v 2.373876 -0.474478 0.233806
v 2.316162 -0.706000 0.228122
v 2.236143 -0.930722 0.220241
v 2.134587 -1.146481 0.210239
v 2.012475 -1.351199 0.198212
v 1.870981 -1.542904 0.184276
v 1.711470 -1.719750 0.168565
v 1.535475 -1.880034 0.151231
v 1.344693 -2.022213 0.132441
v 1.140961 -2.144915 0.112375
v 0.926240 -2.246962 0.091227
v 0.702600 -2.327369 0.069200
v 0.472194 -2.385362 0.046507
v 0.237239 -2.420383 0.023366
v 0.233807 2.420383 0.046507
v 0.465362 2.385362 0.092566
v 0.692434 2.327369 0.137734
v 0.912838 2.246962 0.181575
v 1.124452 2.144916 0.223668
v 1.325236 2.022212 0.263606
v 1.513258 1.880034 0.301006
v 1.686706 1.719750 0.335507
v 1.843910 1.542904 0.366777
v 1.983356 1.351199 0.394514
v 2.103701 1.146481 0.418452
v 2.203787 0.930722 0.438361
v 2.282650 0.706000 0.454047
v 2.339528 0.474478 0.465361
v 2.373876 0.238387 0.472194
v 2.385362 -0.000000 0.474478
v 2.373876 -0.238387 0.472194
v 2.339528 -0.474478 0.465361
v 2.282650 -0.706000 0.454047
v 2.203788 -0.930722 0.438361
v 2.103701 -1.146481 0.418452
v 1.983356 -1.351199 0.394514
v 1.843910 -1.542904 0.366776
v 1.686706 -1.719750 0.335507
v 1.513258 -1.880034 0.301006
v 1.325236 -2.022213 0.263606
v 1.124452 -2.144915 0.223668
v 0.912838 -2.246962 0.181575
v 0.692434 -2.327369 0.137734
v 0.465361 -2.385362 0.092566
v 0.233806 -2.420383 0.046507
v 0.228122 2.420383 0.069200
v 0.454048 2.385362 0.137734
v 0.675600 2.327369 0.204941
v 0.890645 2.246962 0.270175
v 1.097114 2.144916 0.332806
v 1.293017 2.022212 0.392232
v 1.476467 1.880034 0.447882
v 1.645699 1.719750 0.499218
v 1.799080 1.542904 0.545745
v 1.935137 1.351199 0.587017
v 2.052556 1.146481 0.622636
v 2.150209 0.930722 0.652259
v 2.227154 0.706000 0.675600
v 2.282650 0.474478 0.692434
v 2.316162 0.238387 0.702600
v 2.327369 -0.000000 0.706000
v 2.316162 -0.238387 0.702600
v 2.282650 -0.474478 0.692434
v 2.227153 -0.706000 0.675600
v 2.150209 -0.930722 0.652259
v 2.052556 -1.146481 0.622636
v 1.935137 -1.351199 0.587017
v 1.799080 -1.542904 0.545745
v 1.645699 -1.719750 0.499218
v 1.476467 -1.880034 0.447882
v 1.293017 -2.022213 0.392232
v 1.097114 -2.144915 0.332806
v 0.890645 -2.246962 0.270174
v 0.675600 -2.327369 0.204941
v 0.454048 -2.385362 0.137734
v 0.228122 -2.420383 0.069200
v 0.220241 2.420383 0.091227
v 0.438361 2.385362 0.181575
v 0.652259 2.327369 0.270175
v 0.859875 2.246962 0.356172
v 1.059211 2.144916 0.438740
v 1.248346 2.022212 0.517082
v 1.425458 1.880034 0.590444
v 1.588842 1.719750 0.658120
v 1.736925 1.542904 0.719458
v 1.868281 1.351199 0.773867
v 1.981643 1.146481 0.820823
v 2.075922 0.930722 0.859875
v 2.150209 0.706000 0.890646
v 2.203787 0.474478 0.912839
v 2.236142 0.238387 0.926241
v 2.246962 -0.000000 0.930722
v 2.236142 -0.238387 0.926241
v 2.203787 -0.474478 0.912839
v 2.150209 -0.706000 0.890646
v 2.075922 -0.930722 0.859875
v 1.981643 -1.146481 0.820824
v 1.868281 -1.351199 0.773867
v 1.736925 -1.542904 0.719458
v 1.588842 -1.719750 0.658120
v 1.425458 -1.880034 0.590444
v 1.248346 -2.022213 0.517082
v 1.059211 -2.144915 0.438740
v 0.859875 -2.246962 0.356172
v 0.652259 -2.327369 0.270175
v 0.438361 -2.385362 0.181575
v 0.220241 -2.420383 0.091227
v 0.210239 2.420383 0.112375
v 0.418453 2.385362 0.223668
v 0.622636 2.327369 0.332806
v 0.820823 2.246962 0.438739
v 1.011106 2.144916 0.540448
v 1.191652 2.022212 0.636951
v 1.360720 1.880034 0.727320
v 1.516685 1.719750 0.810685
v 1.658042 1.542904 0.886242
v 1.783432 1.351199 0.953265
v 1.891646 1.146481 1.011106
v 1.981644 0.930722 1.059211
v 2.052556 0.706000 1.097114
v 2.103701 0.474478 1.124452
v 2.134587 0.238387 1.140961
v 2.144916 -0.000000 1.146481
v 2.134587 -0.238387 1.140961
v 2.103701 -0.474478 1.124452
v 2.052556 -0.706000 1.097114
v 1.981644 -0.930722 1.059211
v 1.891646 -1.146481 1.011106
v 1.783432 -1.351199 0.953264
v 1.658042 -1.542904 0.886242
v 1.516685 -1.719750 0.810685
v 1.360720 -1.880034 0.727320
v 1.191652 -2.022213 0.636951
v 1.011106 -2.144915 0.540448
v 0.820823 -2.246962 0.438739
v 0.622636 -2.327369 0.332806
v 0.418453 -2.385362 0.223668
v 0.210239 -2.420383 0.112375
v 0.198212 2.420383 0.132441
v 0.394515 2.385362 0.263606
v 0.587017 2.327369 0.392233
v 0.773867 2.246962 0.517082
v 0.953264 2.144916 0.636951
v 1.123481 2.022212 0.750686
v 1.282878 1.880034 0.857192
v 1.429920 1.719750 0.955442
v 1.563191 1.542904 1.044491
v 1.681408 1.351199 1.123481
v 1.783432 1.146481 1.191651
v 1.868280 0.930722 1.248345
v 1.935137 0.706000 1.293017
v 1.983356 0.474478 1.325236
v 2.012475 0.238387 1.344693
v 2.022212 -0.000000 1.351199
v 2.012475 -0.238387 1.344693
v 1.983356 -0.474478 1.325236
v 1.935137 -0.706000 1.293017
v 1.868281 -0.930722 1.248345
v 1.783432 -1.146481 1.191651
v 1.681409 -1.351199 1.123481
v 1.563191 -1.542904 1.044491
v 1.429920 -1.719750 0.955442
v 1.282878 -1.880034 0.857192
v 1.123481 -2.022213 0.750686
v 0.953264 -2.144915 0.636951
v 0.773867 -2.246962 0.517081
v 0.587017 -2.327369 0.392233
v 0.394514 -2.385362 0.263606
v 0.198212 -2.420383 0.132441
v 0.184276 2.420383 0.151231
v 0.366777 2.385362 0.301006
v 0.545745 2.327369 0.447882
v 0.719458 2.246962 0.590444
v 0.886242 2.144916 0.727320
v 1.044491 2.022212 0.857192
v 1.192681 1.880034 0.978808
v 1.329385 1.719750 1.090998
v 1.453286 1.542904 1.192681
v 1.563192 1.351199 1.282878
v 1.658042 1.146481 1.360720
v 1.736925 0.930722 1.425458
v 1.799081 0.706000 1.476467
v 1.843910 0.474478 1.513258
v 1.870981 0.238387 1.535475
v 1.880034 -0.000000 1.542904
v 1.870981 -0.238387 1.535475
v 1.843910 -0.474478 1.513258
v 1.799080 -0.706000 1.476467
v 1.736925 -0.930722 1.425458
v 1.658042 -1.146481 1.360720
v 1.563192 -1.351199 1.282878
v 1.453286 -1.542904 1.192681
v 1.329385 -1.719750 1.090998
v 1.192681 -1.880034 0.978808
v 1.044491 -2.022213 0.857192
v 0.886242 -2.144915 0.727320
v 0.719458 -2.246962 0.590444
v 0.545745 -2.327369 0.447882
v 0.366777 -2.385362 0.301006
v 0.184276 -2.420383 0.151231
v 0.168565 2.420383 0.168565
v 0.335507 2.385362 0.335507
v 0.499217 2.327369 0.499218
v 0.658120 2.246962 0.658120
v 0.810684 2.144916 0.810685
v 0.955442 2.022212 0.955442
v 1.090998 1.880034 1.090998
v 1.216047 1.719750 1.216048
v 1.329385 1.542904 1.329385
v 1.429920 1.351199 1.429921
v 1.516684 1.146481 1.516684
v 1.588842 0.930722 1.588842
v 1.645698 0.706000 1.645698
v 1.686706 0.474478 1.686706
v 1.711469 0.238387 1.711469
v 1.719750 -0.000000 1.719750
v 1.711469 -0.238387 1.711469
v 1.686706 -0.474478 1.686706
v 1.645698 -0.706000 1.645698
v 1.588842 -0.930722 1.588842
v 1.516684 -1.146481 1.516684
v 1.429920 -1.351199 1.429920
v 1.329385 -1.542904 1.329385
v 1.216047 -1.719750 1.216048
v 1.090998 -1.880034 1.090998
v 0.955442 -2.022213 0.955442
v 0.810685 -2.144915 0.810685
v 0.658120 -2.246962 0.658120
v 0.499217 -2.327369 0.499218
v 0.335507 -2.385362 0.335507
v 0.168565 -2.420383 0.168565
v 0.151231 2.420383 0.184276
v 0.301006 2.385362 0.366777
v 0.447881 2.327369 0.545746
v 0.590443 2.246962 0.719458
v 0.727320 2.144916 0.886242
v 0.857192 2.022212 1.044491
v 0.978808 1.880034 1.192681
v 1.090998 1.719750 1.329385
v 1.192681 1.542904 1.453286
v 1.282878 1.351199 1.563192
v 1.360720 1.146481 1.658042
v 1.425457 0.930722 1.736925
v 1.476467 0.706000 1.799081
v 1.513258 0.474478 1.843910
v 1.535475 0.238387 1.870981
v 1.542904 -0.000000 1.880034
v 1.535475 -0.238387 1.870981
v 1.513258 -0.474478 1.843910
v 1.476467 -0.706000 1.799081
v 1.425458 -0.930722 1.736925
v 1.360720 -1.146481 1.658042
v 1.282878 -1.351199 1.563192
v 1.192681 -1.542904 1.453286
v 1.090998 -1.719750 1.329385
v 0.978808 -1.880034 1.192681
v 0.857192 -2.022213 1.044491
v 0.727320 -2.144915 0.886242
v 0.590444 -2.246962 0.719458
v 0.447882 -2.327369 0.545746
v 0.301006 -2.385362 0.366777
v 0.151231 -2.420383 0.184276
v 0.132441 2.420383 0.198212
v 0.263606 2.385362 0.394515
v 0.392232 2.327369 0.587018
v 0.517081 2.246962 0.773867
v 0.636951 2.144916 0.953264
v 0.750686 2.022212 1.123481
v 0.857192 1.880034 1.282878
v 0.955442 1.719750 1.429921
v 1.044491 1.542904 1.563191
v 1.123481 1.351199 1.681408
v 1.191651 1.146481 1.783432
v 1.248345 0.930722 1.868280
v 1.293017 0.706000 1.935137
v 1.325236 0.474478 1.983356
v 1.344693 0.238387 2.012475
v 1.351199 -0.000000 2.022212
v 1.344693 -0.238387 2.012475
v 1.325236 -0.474478 1.983356
v 1.293017 -0.706000 1.935137
v 1.248345 -0.930722 1.868281
v 1.191651 -1.146481 1.783432
v 1.123481 -1.351199 1.681408
v 1.044491 -1.542904 1.563191
v 0.955442 -1.719750 1.429921
v 0.857192 -1.880034 1.282878
v 0.750686 -2.022213 1.123481
v 0.636951 -2.144915 0.953265
v 0.517081 -2.246962 0.773867
v 0.392233 -2.327369 0.587018
v 0.263606 -2.385362 0.394515
v 0.132441 -2.420383 0.198212
v 0.112375 2.420383 0.210239
v 0.223668 2.385362 0.418453
v 0.332806 2.327369 0.622637
v 0.438739 2.246962 0.820823
v 0.540447 2.144916 1.011106
v 0.636951 2.022212 1.191651
v 0.727320 1.880034 1.360720
v 0.810684 1.719750 1.516685
v 0.886242 1.542904 1.658042
v 0.953264 1.351199 1.783432
v 1.011106 1.146481 1.891646
v 1.059210 0.930722 1.981643
v 1.097114 0.706000 2.052556
v 1.124452 0.474478 2.103702
v 1.140960 0.238387 2.134587
v 1.146481 -0.000000 2.144916
v 1.140960 -0.238387 2.134587
v 1.124452 -0.474478 2.103702
v 1.097114 -0.706000 2.052556
v 1.059211 -0.930722 1.981644
v 1.011106 -1.146481 1.891647
v 0.953265 -1.351199 1.783432
v 0.886242 -1.542904 1.658042
v 0.810684 -1.719750 1.516685
v 0.727320 -1.880034 1.360720
v 0.636951 -2.022213 1.191651
v 0.540448 -2.144915 1.011106
v 0.438739 -2.246962 0.820823
v 0.332806 -2.327369 0.622637
v 0.223668 -2.385362 0.418453
v 0.112375 -2.420383 0.210239
v 0.091227 2.420383 0.220241
v 0.181575 2.385362 0.438361
v 0.270174 2.327369 0.652259
v 0.356172 2.246962 0.859875
v 0.438739 2.144916 1.059210
v 0.517082 2.022212 1.248345
v 0.590444 1.880034 1.425458
v 0.658120 1.719750 1.588842
v 0.719458 1.542904 1.736925
v 0.773867 1.351199 1.868281
v 0.820824 1.146481 1.981643
v 0.859875 0.930722 2.075922
v 0.890646 0.706000 2.150209
v 0.912839 0.474478 2.203787
v 0.926240 0.238387 2.236142
v 0.930722 -0.000000 2.246962
v 0.926240 -0.238387 2.236142
v 0.912839 -0.474478 2.203787
v 0.890645 -0.706000 2.150209
v 0.859875 -0.930722 2.075923
v 0.820823 -1.146481 1.981643
v 0.773867 -1.351199 1.868281
v 0.719458 -1.542904 1.736925
v 0.658120 -1.719750 1.588842
v 0.590444 -1.880034 1.425458
v 0.517082 -2.022213 1.248345
v 0.438739 -2.144915 1.059211
v 0.356172 -2.246962 0.859875
v 0.270174 -2.327369 0.652259
v 0.181575 -2.385362 0.438361
v 0.091227 -2.420383 0.220241
v 0.069200 2.420383 0.228122
v 0.137734 2.385362 0.454048
v 0.204941 2.327369 0.675600
v 0.270174 2.246962 0.890645
v 0.332806 2.144916 1.097114
v 0.392233 2.022212 1.293017
v 0.447881 1.880034 1.476467
v 0.499217 1.719750 1.645699
v 0.545745 1.542904 1.799080
v 0.587017 1.351199 1.935137
v 0.622636 1.146481 2.052556
v 0.652258 0.930722 2.150208
v 0.675599 0.706000 2.227153
v 0.692434 0.474478 2.282649
v 0.702600 0.238387 2.316162
v 0.705999 -0.000000 2.327369
v 0.702600 -0.238387 2.316162
v 0.692434 -0.474478 2.282649
v 0.675599 -0.706000 2.227153
v 0.652258 -0.930722 2.150209
v 0.622636 -1.146481 2.052556
v 0.587018 -1.351199 1.935137
v 0.545745 -1.542904 1.799080
v 0.499217 -1.719750 1.645699
v 0.447881 -1.880034 1.476467
v 0.392233 -2.022213 1.293017
v 0.332806 -2.144915 1.097114
v 0.270174 -2.246962 0.890645
v 0.204941 -2.327369 0.675600
v 0.137734 -2.385362 0.454048
v 0.069200 -2.420383 0.228122
v 0.046507 2.420383 0.233807
v 0.092566 2.385362 0.465362
v 0.137734 2.327369 0.692435
v 0.181575 2.246962 0.912838
v 0.223667 2.144916 1.124452
v 0.263606 2.022212 1.325237
v 0.301005 1.880034 1.513258
v 0.335506 1.719750 1.686706
v 0.366776 1.542904 1.843910
v 0.394514 1.351199 1.983356
v 0.418452 1.146481 2.103701
v 0.438360 0.930722 2.203787
v 0.454047 0.706000 2.282649
v 0.465361 0.474478 2.339528
v 0.472193 0.238387 2.373876
v 0.474478 -0.000000 2.385362
v 0.472193 -0.238387 2.373876
v 0.465361 -0.474478 2.339528
v 0.454047 -0.706000 2.282649
v 0.438360 -0.930722 2.203788
v 0.418452 -1.146481 2.103701
v 0.394514 -1.351199 1.983357
v 0.366776 -1.542904 1.843910
v 0.335506 -1.719750 1.686706
v 0.301005 -1.880034 1.513258
v 0.263606 -2.022213 1.325237
v 0.223667 -2.144915 1.124452
v 0.181575 -2.246962 0.912838
v 0.137734 -2.327369 0.692435
v 0.092566 -2.385362 0.465362
v 0.046507 -2.420383 0.233807
v 0.023366 2.420383 0.237239
v 0.046507 2.385362 0.472194
v 0.069200 2.327369 0.702601
v 0.091227 2.246962 0.926240
v 0.112375 2.144916 1.140961
v 0.132441 2.022212 1.344693
v 0.151231 1.880034 1.535475
v 0.168565 1.719750 1.711470
v 0.184275 1.542904 1.870981
v 0.198211 1.351199 2.012475
v 0.210239 1.146481 2.134587
v 0.220241 0.930722 2.236142
v 0.228122 0.706000 2.316162
v 0.233806 0.474478 2.373876
v 0.237239 0.238387 2.408728
v 0.238386 -0.000000 2.420383
v 0.237239 -0.238387 2.408728
v 0.233806 -0.474478 2.373876
v 0.228122 -0.706000 2.316162
v 0.220241 -0.930722 2.236143
v 0.210238 -1.146481 2.134587
v 0.198212 -1.351199 2.012475
v 0.184275 -1.542904 1.870981
v 0.168565 -1.719750 1.711470
v 0.151231 -1.880034 1.535475
v 0.132441 -2.022213 1.344693
v 0.112375 -2.144915 1.140961
v 0.091227 -2.246962 0.926240
v 0.069200 -2.327369 0.702601
v 0.046507 -2.385362 0.472194
v 0.023366 -2.420383 0.237239
v -0.000000 -2.432094 0.000000
v -0.000000 2.420383 0.238387
v 0.000000 2.385362 0.474479
v -0.000000 2.327369 0.706000
v -0.000000 2.246962 0.930722
v -0.000000 2.144916 1.146481
v 0.000000 2.022212 1.351200
v -0.000000 1.880034 1.542904
v -0.000000 1.719750 1.719751
v -0.000000 1.542904 1.880034
v -0.000000 1.351199 2.022213
v 0.000000 1.146481 2.144915
v -0.000000 0.930722 2.246961
v -0.000000 0.706000 2.327369
v -0.000000 0.474478 2.385362
v -0.000000 0.238387 2.420382
v -0.000000 -0.000000 2.432094
v -0.000000 -0.238387 2.420382
v -0.000000 -0.474478 2.385362
v -0.000000 -0.706000 2.327369
v -0.000000 -0.930722 2.246962
v -0.000000 -1.146481 2.144915
v 0.000000 -1.351199 2.022213
v -0.000000 -1.542904 1.880034
v -0.000000 -1.719750 1.719751
v -0.000000 -1.880034 1.542904
v 0.000000 -2.022213 1.351200
v -0.000000 -2.144915 1.146481
v 0.000000 -2.246962 0.930722
v -0.000000 -2.327369 0.706000
v -0.000000 -2.385362 0.474479
v -0.000000 -2.420383 0.238387
v -0.023366 2.420383 0.237239
v -0.046507 2.385362 0.472194
v -0.069200 2.327369 0.702601
v -0.091227 2.246962 0.926240
v -0.112375 2.144916 1.140961
v -0.132441 2.022212 1.344693
v -0.151231 1.880034 1.535475
v -0.168566 1.719750 1.711470
v -0.184276 1.542904 1.870981
v -0.198212 1.351199 2.012475
v -0.210238 1.146481 2.134587
v -0.220241 0.930722 2.236142
v -0.228122 0.706000 2.316162
v -0.233806 0.474478 2.373876
v -0.237239 0.238387 2.408728
v -0.238387 -0.000000 2.420382
v -0.237239 -0.238387 2.408728
v -0.233806 -0.474478 2.373876
v -0.228122 -0.706000 2.316162
v -0.220241 -0.930722 2.236143
v -0.210239 -1.146481 2.134587
v -0.198211 -1.351199 2.012475
v -0.184276 -1.542904 1.870981
v -0.168566 -1.719750 1.711470
v -0.151231 -1.880034 1.535475
v -0.132441 -2.022213 1.344693
v -0.112375 -2.144915 1.140961
v -0.091227 -2.246962 0.926240
v -0.069200 -2.327369 0.702601
v -0.046507 -2.385362 0.472194
v -0.023366 -2.420383 0.237239
v -0.046507 2.420383 0.233807
v -0.092566 2.385362 0.465362
v -0.137734 2.327369 0.692435
v -0.181575 2.246962 0.912838
v -0.223667 2.144916 1.124452
v -0.263606 2.022212 1.325237
v -0.301006 1.880034 1.513258
v -0.335507 1.719750 1.686706
v -0.366777 1.542904 1.843910
v -0.394514 1.351199 1.983356
v -0.418452 1.146481 2.103701
v -0.438361 0.930722 2.203787
v -0.454047 0.706000 2.282649
v -0.465361 0.474478 2.339528
v -0.472194 0.238387 2.373875
v -0.474478 -0.000000 2.385362
v -0.472194 -0.238387 2.373875
v -0.465361 -0.474478 2.339528
v -0.454047 -0.706000 2.282649
v -0.438361 -0.930722 2.203788
v -0.418452 -1.146481 2.103701
v -0.394514 -1.351199 1.983357
v -0.366776 -1.542904 1.843910
v -0.335507 -1.719750 1.686706
v -0.301006 -1.880034 1.513258
v -0.263606 -2.022213 1.325237
v -0.223668 -2.144915 1.124452
v -0.181575 -2.246962 0.912838
v -0.137734 -2.327369 0.692435
v -0.092566 -2.385362 0.465362
v -0.046507 -2.420383 0.233807
v -0.069200 2.420383 0.228122
v -0.137734 2.385362 0.454048
v -0.204941 2.327369 0.675600
v -0.270174 2.246962 0.890645
v -0.332806 2.144916 1.097114
v -0.392232 2.022212 1.293018
v -0.447882 1.880034 1.476467
v -0.499218 1.719750 1.645699
v -0.545745 1.542904 1.799080
v -0.587017 1.351199 1.935137
v -0.622636 1.146481 2.052556
v -0.652259 0.930722 2.150208
v -0.675600 0.706000 2.227153
v -0.692434 0.474478 2.282649
v -0.702600 0.238387 2.316162
v -0.706000 -0.000000 2.327368
v -0.702600 -0.238387 2.316162
v -0.692434 -0.474478 2.282649
v -0.675600 -0.706000 2.227153
v -0.652259 -0.930722 2.150209
v -0.622636 -1.146481 2.052556
v -0.587017 -1.351199 1.935137
v -0.545745 -1.542904 1.799080
v -0.499218 -1.719750 1.645699
v -0.447882 -1.880034 1.476467
v -0.392232 -2.022213 1.293018
v -0.332806 -2.144915 1.097114
v -0.270174 -2.246962 0.890645
v -0.204941 -2.327369 0.675600
v -0.137734 -2.385362 0.454048
v -0.069200 -2.420383 0.228122
v -0.091227 2.420383 0.220241
v -0.181575 2.385362 0.438361
v -0.270175 2.327369 0.652259
v -0.356172 2.246962 0.859875
v -0.438739 2.144916 1.059210
v -0.517082 2.022212 1.248346
v -0.590444 1.880034 1.425457
v -0.658121 1.719750 1.588842
v -0.719458 1.542904 1.736925
v -0.773867 1.351199 1.868281
v -0.820823 1.146481 1.981643
v -0.859875 0.930722 2.075921
v -0.890646 0.706000 2.150209
v -0.912839 0.474478 2.203787
v -0.926241 0.238387 2.236142
v -0.930722 -0.000000 2.246962
v -0.926241 -0.238387 2.236142
v -0.912839 -0.474478 2.203787
v -0.890646 -0.706000 2.150209
v -0.859876 -0.930722 2.075922
v -0.820824 -1.146481 1.981643
v -0.773867 -1.351199 1.868281
v -0.719458 -1.542904 1.736925
v -0.658121 -1.719750 1.588842
v -0.590444 -1.880034 1.425457
v -0.517082 -2.022213 1.248346
v -0.438739 -2.144915 1.059211
v -0.356172 -2.246962 0.859875
v -0.270175 -2.327369 0.652259
v -0.181575 -2.385362 0.438361
v -0.091227 -2.420383 0.220241
v -0.112375 2.420383 0.210239
v -0.223668 2.385362 0.418453
v -0.332806 2.327369 0.622637
v -0.438739 2.246962 0.820823
v -0.540447 2.144916 1.011106
v -0.636951 2.022212 1.191652
v -0.727320 1.880034 1.360720
v -0.810685 1.719750 1.516685
v -0.886242 1.542904 1.658042
v -0.953265 1.351199 1.783432
v -1.011106 1.146481 1.891646
v -1.059211 0.930722 1.981643
v -1.097114 0.706000 2.052556
v -1.124452 0.474478 2.103701
v -1.140961 0.238387 2.134587
v -1.146482 -0.000000 2.144915
v -1.140961 -0.238387 2.134587
v -1.124452 -0.474478 2.103701
v -1.097114 -0.706000 2.052556
v -1.059211 -0.930722 1.981644
v -1.011106 -1.146481 1.891646
v -0.953264 -1.351199 1.783433
v -0.886242 -1.542904 1.658042
v -0.810685 -1.719750 1.516685
v -0.727320 -1.880034 1.360720
v -0.636951 -2.022213 1.191652
v -0.540448 -2.144915 1.011106
v -0.438739 -2.246962 0.820823
v -0.332806 -2.327369 0.622637
v -0.223668 -2.385362 0.418453
v -0.112375 -2.420383 0.210239
v -0.132441 2.420383 0.198212
v -0.263606 2.385362 0.394515
v -0.392233 2.327369 0.587018
v -0.517081 2.246962 0.773867
v -0.636951 2.144916 0.953264
v -0.750686 2.022212 1.123482
v -0.857192 1.880034 1.282878
v -0.955443 1.719750 1.429920
v -1.044491 1.542904 1.563191
v -1.123481 1.351199 1.681408
v -1.191651 1.146481 1.783431
v -1.248345 0.930722 1.868280
v -1.293017 0.706000 1.935137
v -1.325236 0.474478 1.983356
v -1.344693 0.238387 2.012474
v -1.351199 -0.000000 2.022212
v -1.344693 -0.238387 2.012474
v -1.325236 -0.474478 1.983356
v -1.293017 -0.706000 1.935137
v -1.248346 -0.930722 1.868281
v -1.191651 -1.146481 1.783432
v -1.123481 -1.351199 1.681409
v -1.044491 -1.542904 1.563191
v -0.955443 -1.719750 1.429920
v -0.857192 -1.880034 1.282878
v -0.750686 -2.022213 1.123482
v -0.636951 -2.144915 0.953264
v -0.517081 -2.246962 0.773867
v -0.392233 -2.327369 0.587018
v -0.263606 -2.385362 0.394515
v -0.132441 -2.420383 0.198212
v -0.151231 2.420383 0.184276
v -0.301006 2.385362 0.366777
v -0.447882 2.327369 0.545746
v -0.590444 2.246962 0.719458
v -0.727320 2.144916 0.886242
v -0.857192 2.022212 1.044492
v -0.978808 1.880034 1.192681
v -1.090999 1.719750 1.329385
v -1.192681 1.542904 1.453286
v -1.282878 1.351199 1.563192
v -1.360720 1.146481 1.658041
v -1.425457 0.930722 1.736925
v -1.476467 0.706000 1.799080
v -1.513258 0.474478 1.843910
v -1.535475 0.238387 1.870981
v -1.542904 -0.000000 1.880034
v -1.535475 -0.238387 1.870981
v -1.513258 -0.474478 1.843910
v -1.476468 -0.706000 1.799080
v -1.425458 -0.930722 1.736925
v -1.360720 -1.146481 1.658042
v -1.282878 -1.351199 1.563192
v -1.192681 -1.542904 1.453286
v -1.090999 -1.719750 1.329385
v -0.978808 -1.880034 1.192681
v -0.857192 -2.022213 1.044492
v -0.727320 -2.144915 0.886242
v -0.590443 -2.246962 0.719458
v -0.447882 -2.327369 0.545746
v -0.301006 -2.385362 0.366777
v -0.151231 -2.420383 0.184276
v -0.168565 2.420383 0.168565
v -0.335507 2.385362 0.335507
v -0.499218 2.327369 0.499218
v -0.658120 2.246962 0.658120
v -0.810685 2.144916 0.810685
v -0.955442 2.022212 0.955443
v -1.090998 1.880034 1.090998
v -1.216048 1.719750 1.216047
v -1.329385 1.542904 1.329384
v -1.429920 1.351199 1.429920
v -1.516684 1.146481 1.516684
v -1.588842 0.930722 1.588842
v -1.645699 0.706000 1.645698
v -1.686706 0.474478 1.686706
v -1.711469 0.238387 1.711469
v -1.719750 -0.000000 1.719750
v -1.711469 -0.238387 1.711469
v -1.686706 -0.474478 1.686706
v -1.645699 -0.706000 1.645698
v -1.588843 -0.930722 1.588842
v -1.516684 -1.146481 1.516684
v -1.429920 -1.351199 1.429921
v -1.329385 -1.542904 1.329385
v -1.216048 -1.719750 1.216047
v -1.090998 -1.880034 1.090998
v -0.955442 -2.022213 0.955443
v -0.810685 -2.144915 0.810685
v -0.658119 -2.246962 0.658120
v -0.499218 -2.327369 0.499218
v -0.335507 -2.385362 0.335507
v -0.168565 -2.420383 0.168565
v -0.184276 2.420383 0.151231
v -0.366777 2.385362 0.301006
v -0.545746 2.327369 0.447882
v -0.719458 2.246962 0.590443
v -0.886242 2.144916 0.727320
v -1.044491 2.022212 0.857192
v -1.192681 1.880034 0.978808
v -1.329386 1.719750 1.090998
v -1.453286 1.542904 1.192681
v -1.563192 1.351199 1.282878
v -1.658042 1.146481 1.360720
v -1.736925 0.930722 1.425457
v -1.799081 0.706000 1.476467
v -1.843910 0.474478 1.513258
v -1.870981 0.238387 1.535474
v -1.880034 -0.000000 1.542904
v -1.870981 -0.238387 1.535474
v -1.843910 -0.474478 1.513258
v -1.799081 -0.706000 1.476467
v -1.736926 -0.930722 1.425457
v -1.658042 -1.146481 1.360720
v -1.563192 -1.351199 1.282878
v -1.453286 -1.542904 1.192681
v -1.329386 -1.719750 1.090998
v -1.192681 -1.880034 0.978808
v -1.044491 -2.022213 0.857192
v -0.886242 -2.144915 0.727320
v -0.719457 -2.246962 0.590444
v -0.545746 -2.327369 0.447882
v -0.366777 -2.385362 0.301006
v -0.184276 -2.420383 0.151231
v -0.198212 2.420383 0.132441
v -0.394515 2.385362 0.263606
v -0.587018 2.327369 0.392233
v -0.773867 2.246962 0.517081
v -0.953264 2.144916 0.636951
v -1.123481 2.022212 0.750687
v -1.282878 1.880034 0.857192
v -1.429921 1.719750 0.955442
v -1.563191 1.542904 1.044491
v -1.681409 1.351199 1.123481
v -1.783432 1.146481 1.191651
v -1.868280 0.930722 1.248345
v -1.935137 0.706000 1.293017
v -1.983356 0.474478 1.325236
v -2.012475 0.238387 1.344692
v -2.022213 -0.000000 1.351198
v -2.012475 -0.238387 1.344692
v -1.983356 -0.474478 1.325236
v -1.935137 -0.706000 1.293017
v -1.868281 -0.930722 1.248345
v -1.783432 -1.146481 1.191651
v -1.681408 -1.351199 1.123482
v -1.563191 -1.542904 1.044491
v -1.429921 -1.719750 0.955442
v -1.282878 -1.880034 0.857192
v -1.123481 -2.022213 0.750687
v -0.953264 -2.144915 0.636951
v -0.773867 -2.246962 0.517081
v -0.587018 -2.327369 0.392233
v -0.394514 -2.385362 0.263606
v -0.198212 -2.420383 0.132441
v -0.210239 2.420383 0.112375
v -0.418453 2.385362 0.223668
v -0.622637 2.327369 0.332806
v -0.820823 2.246962 0.438739
v -1.011106 2.144916 0.540447
v -1.191652 2.022212 0.636952
v -1.360720 1.880034 0.727320
v -1.516685 1.719750 0.810685
v -1.658042 1.542904 0.886242
v -1.783433 1.351199 0.953265
v -1.891646 1.146481 1.011106
v -1.981643 0.930722 1.059210
v -2.052557 0.706000 1.097114
v -2.103702 0.474478 1.124452
v -2.134588 0.238387 1.140960
v -2.144916 -0.000000 1.146480
v -2.134588 -0.238387 1.140960
v -2.103702 -0.474478 1.124452
v -2.052557 -0.706000 1.097114
v -1.981644 -0.930722 1.059210
v -1.891646 -1.146481 1.011106
v -1.783432 -1.351199 0.953265
v -1.658042 -1.542904 0.886242
v -1.516685 -1.719750 0.810685
v -1.360720 -1.880034 0.727320
v -1.191652 -2.022213 0.636952
v -1.011106 -2.144915 0.540448
v -0.820823 -2.246962 0.438739
v -0.622637 -2.327369 0.332806
v -0.418453 -2.385362 0.223668
v -0.210239 -2.420383 0.112375
v -0.220241 2.420383 0.091227
v -0.438361 2.385362 0.181575
v -0.652259 2.327369 0.270175
v -0.859875 2.246962 0.356172
v -1.059210 2.144916 0.438739
v -1.248346 2.022212 0.517082
v -1.425458 1.880034 0.590444
v -1.588843 1.719750 0.658120
v -1.736925 1.542904 0.719458
v -1.868281 1.351199 0.773867
v -1.981643 1.146481 0.820823
v -2.075922 0.930722 0.859875
v -2.150209 0.706000 0.890645
v -2.203787 0.474478 0.912839
v -2.236142 0.238387 0.926240
v -2.246962 -0.000000 0.930721
v -2.236142 -0.238387 0.926240
v -2.203787 -0.474478 0.912839
v -2.150209 -0.706000 0.890645
v -2.075923 -0.930722 0.859875
v -1.981643 -1.146481 0.820823
v -1.868281 -1.351199 0.773868
v -1.736925 -1.542904 0.719458
v -1.588843 -1.719750 0.658120
v -1.425458 -1.880034 0.590444
v -1.248346 -2.022213 0.517082
v -1.059211 -2.144915 0.438740
v -0.859875 -2.246962 0.356172
v -0.652259 -2.327369 0.270175
v -0.438361 -2.385362 0.181575
v -0.220241 -2.420383 0.091227
v -0.228122 2.420383 0.069200
v -0.454048 2.385362 0.137734
v -0.675600 2.327369 0.204941
v -0.890645 2.246962 0.270174
v -1.097114 2.144916 0.332806
v -1.293018 2.022212 0.392233
v -1.476467 1.880034 0.447881
v -1.645699 1.719750 0.499217
v -1.799080 1.542904 0.545745
v -1.935137 1.351199 0.587017
v -2.052556 1.146481 0.622636
v -2.150208 0.930722 0.652259
v -2.227153 0.706000 0.675599
v -2.282650 0.474478 0.692434
v -2.316162 0.238387 0.702600
v -2.327369 -0.000000 0.705999
v -2.316162 -0.238387 0.702600
v -2.282650 -0.474478 0.692434
v -2.227153 -0.706000 0.675599
v -2.150209 -0.930722 0.652258
v -2.052556 -1.146481 0.622636
v -1.935137 -1.351199 0.587018
v -1.799080 -1.542904 0.545745
v -1.645699 -1.719750 0.499217
v -1.476467 -1.880034 0.447881
v -1.293018 -2.022213 0.392233
v -1.097114 -2.144915 0.332806
v -0.890645 -2.246962 0.270174
v -0.675600 -2.327369 0.204941
v -0.454048 -2.385362 0.137734
v -0.228122 -2.420383 0.069200
v -0.233807 2.420383 0.046507
v -0.465362 2.385362 0.092566
v -0.692435 2.327369 0.137734
v -0.912838 2.246962 0.181575
v -1.124452 2.144916 0.223667
v -1.325237 2.022212 0.263606
v -1.513258 1.880034 0.301006
v -1.686706 1.719750 0.335506
v -1.843909 1.542904 0.366776
v -1.983357 1.351199 0.394514
v -2.103701 1.146481 0.418452
v -2.203787 0.930722 0.438361
v -2.282650 0.706000 0.454047
v -2.339529 0.474478 0.465361
v -2.373876 0.238387 0.472193
v -2.385362 -0.000000 0.474477
v -2.373876 -0.238387 0.472193
v -2.339529 -0.474478 0.465361
v -2.282650 -0.706000 0.454047
v -2.203787 -0.930722 0.438360
v -2.103701 -1.146481 0.418452
v -1.983357 -1.351199 0.394515
v -1.843909 -1.542904 0.366776
v -1.686706 -1.719750 0.335506
v -1.513258 -1.880034 0.301006
v -1.325237 -2.022213 0.263606
v -1.124452 -2.144915 0.223668
v -0.912838 -2.246962 0.181575
v -0.692435 -2.327369 0.137734
v -0.465362 -2.385362 0.092566
v -0.233807 -2.420383 0.046507
v -0.000000 2.432094 0.000000
v -0.237239 2.420383 0.023366
v -0.472194 2.385362 0.046507
v -0.702601 2.327369 0.069200
v -0.926240 2.246962 0.091227
v -1.140960 2.144916 0.112375
v -1.344694 2.022212 0.132441
v -1.535475 1.880034 0.151231
v -1.711470 1.719750 0.168565
v -1.870981 1.542904 0.184275
v -2.012475 1.351199 0.198212
v -2.134587 1.146481 0.210238
v -2.236142 0.930722 0.220241
v -2.316162 0.706000 0.228122
v -2.373876 0.474478 0.233806
v -2.408728 0.238387 0.237239
v -2.420383 -0.000000 0.238386
v -2.408728 -0.238387 0.237239
v -2.373876 -0.474478 0.233806
v -2.316162 -0.706000 0.228122
v -2.236142 -0.930722 0.220241
v -2.134587 -1.146481 0.210238
v -2.012475 -1.351199 0.198212
v -1.870981 -1.542904 0.184276
v -1.711470 -1.719750 0.168565
v -1.535475 -1.880034 0.151231
v -1.344694 -2.022213 0.132441
v -1.140961 -2.144915 0.112375
v -0.926240 -2.246962 0.091227
v -0.702601 -2.327369 0.069200
v -0.472194 -2.385362 0.046507
v -0.237239 -2.420383 0.023366
v -0.238387 2.420383 0.000000
v -0.474478 2.385362 0.000000
v -0.706000 2.327369 0.000000
v -0.930722 2.246962 0.000000
v -1.146481 2.144916 0.000000
v -1.351200 2.022212 0.000000
v -1.542904 1.880034 -0.000000
v -1.719751 1.719750 -0.000000
v -1.880034 1.542904 -0.000000
v -2.022213 1.351199 0.000000
v -2.144915 1.146481 0.000000
v -2.246961 0.930722 0.000000
v -2.327369 0.706000 -0.000000
v -2.385363 0.474478 0.000000
v -2.420383 0.238387 -0.000000
v -2.432094 -0.000000 -0.000001
v -2.420383 -0.238387 -0.000000
v -2.385363 -0.474478 0.000000
v -2.327369 -0.706000 -0.000000
v -2.246962 -0.930722 -0.000000
v -2.144915 -1.146481 -0.000000
v -2.022213 -1.351199 0.000000
v -1.880034 -1.542904 0.000000
v -1.719751 -1.719750 -0.000000
v -1.542904 -1.880034 -0.000000
v -1.351200 -2.022213 0.000000
v -1.146482 -2.144915 0.000000
v -0.930722 -2.246962 0.000000
v -0.706000 -2.327369 0.000000
v -0.474478 -2.385362 0.000000
v -0.238387 -2.420383 0.000000
v -0.237239 2.420383 -0.023366
v -0.472194 2.385362 -0.046507
v -0.702601 2.327369 -0.069200
v -0.926240 2.246962 -0.091227
v -1.140960 2.144916 -0.112375
v -1.344694 2.022212 -0.132440
v -1.535475 1.880034 -0.151231
v -1.711470 1.719750 -0.168565
v -1.870981 1.542904 -0.184276
v -2.012475 1.351199 -0.198211
v -2.134586 1.146481 -0.210238
v -2.236142 0.930722 -0.220241
v -2.316162 0.706000 -0.228122
v -2.373876 0.474478 -0.233806
v -2.408728 0.238387 -0.237239
v -2.420383 -0.000000 -0.238387
v -2.408728 -0.238387 -0.237239
v -2.373876 -0.474478 -0.233806
v -2.316162 -0.706000 -0.228122
v -2.236142 -0.930722 -0.220241
v -2.134587 -1.146481 -0.210238
v -2.012475 -1.351199 -0.198211
v -1.870981 -1.542904 -0.184275
v -1.711470 -1.719750 -0.168565
v -1.535475 -1.880034 -0.151231
v -1.344694 -2.022213 -0.132440
v -1.140961 -2.144915 -0.112375
v -0.926240 -2.246962 -0.091226
v -0.702601 -2.327369 -0.069200
v -0.472194 -2.385362 -0.046507
v -0.237239 -2.420383 -0.023366
v -0.233807 2.420383 -0.046507
v -0.465362 2.385362 -0.092566
v -0.692435 2.327369 -0.137734
v -0.912838 2.246962 -0.181575
v -1.124452 2.144916 -0.223667
v -1.325237 2.022212 -0.263606
v -1.513258 1.880034 -0.301006
v -1.686706 1.719750 -0.335507
v -1.843910 1.542904 -0.366776
v -1.983357 1.351199 -0.394514
v -2.103701 1.146481 -0.418452
v -2.203787 0.930722 -0.438360
v -2.282650 0.706000 -0.454047
v -2.339529 0.474478 -0.465361
v -2.373876 0.238387 -0.472194
v -2.385362 -0.000000 -0.474479
v -2.373876 -0.238387 -0.472194
v -2.339529 -0.474478 -0.465361
v -2.282650 -0.706000 -0.454047
v -2.203787 -0.930722 -0.438361
v -2.103701 -1.146481 -0.418452
v -1.983357 -1.351199 -0.394514
v -1.843910 -1.542904 -0.366776
v -1.686706 -1.719750 -0.335507
v -1.513258 -1.880034 -0.301006
v -1.325237 -2.022213 -0.263606
v -1.124452 -2.144915 -0.223667
v -0.912838 -2.246962 -0.181575
v -0.692435 -2.327369 -0.137734
v -0.465361 -2.385362 -0.092566
v -0.233807 -2.420383 -0.046507
v -0.228122 2.420383 -0.069200
v -0.454048 2.385362 -0.137733
v -0.675600 2.327369 -0.204941
v -0.890645 2.246962 -0.270174
v -1.097114 2.144916 -0.332806
v -1.293018 2.022212 -0.392232
v -1.476467 1.880034 -0.447881
v -1.645699 1.719750 -0.499218
v -1.799080 1.542904 -0.545745
v -1.935137 1.351199 -0.587017
v -2.052556 1.146481 -0.622636
v -2.150208 0.930722 -0.652258
v -2.227153 0.706000 -0.675600
v -2.282650 0.474478 -0.692434
v -2.316162 0.238387 -0.702600
v -2.327368 -0.000000 -0.706000
v -2.316162 -0.238387 -0.702600
v -2.282650 -0.474478 -0.692434
v -2.227153 -0.706000 -0.675600
v -2.150209 -0.930722 -0.652259
v -2.052556 -1.146481 -0.622636
v -1.935138 -1.351199 -0.587017
v -1.799080 -1.542904 -0.545745
v -1.645699 -1.719750 -0.499218
v -1.476467 -1.880034 -0.447881
v -1.293018 -2.022213 -0.392232
v -1.097114 -2.144915 -0.332806
v -0.890645 -2.246962 -0.270174
v -0.675600 -2.327369 -0.204941
v -0.454047 -2.385362 -0.137734
v -0.228122 -2.420383 -0.069200
v -0.220241 2.420383 -0.091227
v -0.438361 2.385362 -0.181575
v -0.652259 2.327369 -0.270174
v -0.859875 2.246962 -0.356172
v -1.059210 2.144916 -0.438739
v -1.248346 2.022212 -0.517081
v -1.425457 1.880034 -0.590444
v -1.588843 1.719750 -0.658120
v -1.736925 1.542904 -0.719458
v -1.868281 1.351199 -0.773867
v -1.981643 1.146481 -0.820823
v -2.075922 0.930722 -0.859875
v -2.150209 0.706000 -0.890646
v -2.203787 0.474478 -0.912839
v -2.236142 0.238387 -0.926241
v -2.246962 -0.000000 -0.930722
v -2.236142 -0.238387 -0.926241
v -2.203787 -0.474478 -0.912839
v -2.150209 -0.706000 -0.890646
v -2.075922 -0.930722 -0.859875
v -1.981643 -1.146481 -0.820823
v -1.868281 -1.351199 -0.773867
v -1.736925 -1.542904 -0.719458
v -1.588843 -1.719750 -0.658120
v -1.425457 -1.880034 -0.590444
v -1.248346 -2.022213 -0.517081
v -1.059211 -2.144915 -0.438739
v -0.859875 -2.246962 -0.356171
v -0.652259 -2.327369 -0.270174
v -0.438361 -2.385362 -0.181575
v -0.220241 -2.420383 -0.091227
v -0.210239 2.420383 -0.112375
v -0.418453 2.385362 -0.223667
v -0.622637 2.327369 -0.332806
v -0.820823 2.246962 -0.438739
v -1.011106 2.144916 -0.540447
v -1.191652 2.022212 -0.636951
v -1.360720 1.880034 -0.727320
v -1.516685 1.719750 -0.810685
v -1.658042 1.542904 -0.886242
v -1.783433 1.351199 -0.953264
v -1.891646 1.146481 -1.011106
v -1.981643 0.930722 -1.059210
v -2.052556 0.706000 -1.097114
v -2.103702 0.474478 -1.124452
v -2.134587 0.238387 -1.140961
v -2.144915 -0.000000 -1.146482
v -2.134587 -0.238387 -1.140961
v -2.103702 -0.474478 -1.124452
v -2.052557 -0.706000 -1.097114
v -1.981644 -0.930722 -1.059211
v -1.891646 -1.146481 -1.011106
v -1.783433 -1.351199 -0.953264
v -1.658042 -1.542904 -0.886242
v -1.516685 -1.719750 -0.810685
v -1.360720 -1.880034 -0.727320
v -1.191652 -2.022213 -0.636951
v -1.011106 -2.144915 -0.540447
v -0.820823 -2.246962 -0.438739
v -0.622637 -2.327369 -0.332806
v -0.418453 -2.385362 -0.223667
v -0.210239 -2.420383 -0.112375
v -0.198212 2.420383 -0.132441
v -0.394514 2.385362 -0.263606
v -0.587018 2.327369 -0.392233
v -0.773867 2.246962 -0.517081
v -0.953264 2.144916 -0.636950
v -1.123482 2.022212 -0.750686
v -1.282878 1.880034 -0.857192
v -1.429920 1.719750 -0.955442
v -1.563191 1.542904 -1.044491
v -1.681409 1.351199 -1.123481
v -1.783431 1.146481 -1.191651
v -1.868280 0.930722 -1.248344
v -1.935137 0.706000 -1.293017
v -1.983356 0.474478 -1.325236
v -2.012475 0.238387 -1.344693
v -2.022212 -0.000000 -1.351199
v -2.012475 -0.238387 -1.344693
v -1.983356 -0.474478 -1.325236
v -1.935137 -0.706000 -1.293017
v -1.868281 -0.930722 -1.248345
v -1.783432 -1.146481 -1.191651
v -1.681409 -1.351199 -1.123481
v -1.563191 -1.542904 -1.044491
v -1.429920 -1.719750 -0.955442
v -1.282878 -1.880034 -0.857192
v -1.123482 -2.022213 -0.750686
v -0.953264 -2.144915 -0.636951
v -0.773867 -2.246962 -0.517081
v -0.587018 -2.327369 -0.392233
v -0.394514 -2.385362 -0.263606
v -0.198212 -2.420383 -0.132441
v -0.184276 2.420383 -0.151231
v -0.366777 2.385362 -0.301006
v -0.545745 2.327369 -0.447882
v -0.719457 2.246962 -0.590443
v -0.886242 2.144916 -0.727320
v -1.044492 2.022212 -0.857192
v -1.192681 1.880034 -0.978808
v -1.329385 1.719750 -1.090998
v -1.453286 1.542904 -1.192681
v -1.563192 1.351199 -1.282878
v -1.658041 1.146481 -1.360719
v -1.736925 0.930722 -1.425457
v -1.799081 0.706000 -1.476468
v -1.843910 0.474478 -1.513258
v -1.870981 0.238387 -1.535475
v -1.880034 -0.000000 -1.542904
v -1.870981 -0.238387 -1.535475
v -1.843910 -0.474478 -1.513258
v -1.799081 -0.706000 -1.476468
v -1.736925 -0.930722 -1.425458
v -1.658042 -1.146481 -1.360720
v -1.563192 -1.351199 -1.282878
v -1.453286 -1.542904 -1.192681
v -1.329385 -1.719750 -1.090998
v -1.192681 -1.880034 -0.978808
v -1.044492 -2.022213 -0.857192
v -0.886242 -2.144915 -0.727320
v -0.719458 -2.246962 -0.590443
v -0.545746 -2.327369 -0.447882
v -0.366777 -2.385362 -0.301006
v -0.184276 -2.420383 -0.151231
v -0.168565 2.420383 -0.168565
v -0.335507 2.385362 -0.335507
v -0.499217 2.327369 -0.499217
v -0.658119 2.246962 -0.658119
v -0.810684 2.144916 -0.810684
v -0.955443 2.022212 -0.955442
v -1.090998 1.880034 -1.090998
v -1.216047 1.719750 -1.216048
v -1.329385 1.542904 -1.329384
v -1.429921 1.351199 -1.429920
v -1.516684 1.146481 -1.516683
v -1.588842 0.930722 -1.588841
v -1.645698 0.706000 -1.645699
v -1.686706 0.474478 -1.686706
v -1.711469 0.238387 -1.711469
v -1.719750 -0.000000 -1.719750
v -1.711469 -0.238387 -1.711469
v -1.686706 -0.474478 -1.686706
v -1.645699 -0.706000 -1.645699
v -1.588842 -0.930722 -1.588842
v -1.516684 -1.146481 -1.516684
v -1.429921 -1.351199 -1.429920
v -1.329385 -1.542904 -1.329384
v -1.216047 -1.719750 -1.216048
v -1.090998 -1.880034 -1.090998
v -0.955443 -2.022213 -0.955442
v -0.810685 -2.144915 -0.810685
v -0.658120 -2.246962 -0.658119
v -0.499218 -2.327369 -0.499217
v -0.335507 -2.385362 -0.335506
v -0.168565 -2.420383 -0.168565
v -0.151231 2.420383 -0.184275
v -0.301006 2.385362 -0.366776
v -0.447882 2.327369 -0.545745
v -0.590443 2.246962 -0.719457
v -0.727320 2.144916 -0.886241
v -0.857193 2.022212 -1.044491
v -0.978808 1.880034 -1.192681
v -1.090998 1.719750 -1.329385
v -1.192681 1.542904 -1.453286
v -1.282879 1.351199 -1.563192
v -1.360719 1.146481 -1.658041
v -1.425457 0.930722 -1.736924
v -1.476467 0.706000 -1.799081
v -1.513258 0.474478 -1.843910
v -1.535474 0.238387 -1.870981
v -1.542904 -0.000000 -1.880034
v -1.535474 -0.238387 -1.870981
v -1.513258 -0.474478 -1.843910
v -1.476467 -0.706000 -1.799081
v -1.425457 -0.930722 -1.736925
v -1.360720 -1.146481 -1.658041
v -1.282879 -1.351199 -1.563192
v -1.192681 -1.542904 -1.453286
v -1.090998 -1.719750 -1.329385
v -0.978808 -1.880034 -1.192681
v -0.857193 -2.022213 -1.044491
v -0.727320 -2.144915 -0.886242
v -0.590443 -2.246962 -0.719457
v -0.447882 -2.327369 -0.545745
v -0.301006 -2.385362 -0.366776
v -0.151231 -2.420383 -0.184275
v -0.132441 2.420383 -0.198211
v -0.263606 2.385362 -0.394514
v -0.392233 2.327369 -0.587018
v -0.517081 2.246962 -0.773866
v -0.636951 2.144916 -0.953264
v -0.750687 2.022212 -1.123481
v -0.857192 1.880034 -1.282878
v -0.955442 1.719750 -1.429921
v -1.044491 1.542904 -1.563191
v -1.123482 1.351199 -1.681408
v -1.191651 1.146481 -1.783431
v -1.248345 0.930722 -1.868280
v -1.293017 0.706000 -1.935137
v -1.325236 0.474478 -1.983356
v -1.344692 0.238387 -2.012475
v -1.351198 -0.000000 -2.022212
v -1.344692 -0.238387 -2.012475
v -1.325236 -0.474478 -1.983356
v -1.293017 -0.706000 -1.935137
v -1.248345 -0.930722 -1.868280
v -1.191651 -1.146481 -1.783431
v -1.123482 -1.351199 -1.681408
v -1.044491 -1.542904 -1.563191
v -0.955442 -1.719750 -1.429921
v -0.857192 -1.880034 -1.282878
v -0.750687 -2.022213 -1.123481
v -0.636951 -2.144915 -0.953264
v -0.517081 -2.246962 -0.773866
v -0.392233 -2.327369 -0.587018
v -0.263606 -2.385362 -0.394514
v -0.132441 -2.420383 -0.198211
v -0.112375 2.420383 -0.210238
v -0.223668 2.385362 -0.418452
v -0.332806 2.327369 -0.622636
v -0.438739 2.246962 -0.820823
v -0.540447 2.144916 -1.011106
v -0.636952 2.022212 -1.191652
v -0.727320 1.880034 -1.360720
v -0.810685 1.719750 -1.516685
v -0.886242 1.542904 -1.658041
v -0.953265 1.351199 -1.783432
v -1.011106 1.146481 -1.891646
v -1.059210 0.930722 -1.981642
v -1.097114 0.706000 -2.052556
v -1.124452 0.474478 -2.103702
v -1.140960 0.238387 -2.134587
v -1.146481 -0.000000 -2.144915
v -1.140960 -0.238387 -2.134587
v -1.124452 -0.474478 -2.103702
v -1.097114 -0.706000 -2.052556
v -1.059210 -0.930722 -1.981643
v -1.011106 -1.146481 -1.891646
v -0.953265 -1.351199 -1.783432
v -0.886242 -1.542904 -1.658041
v -0.810685 -1.719750 -1.516685
v -0.727320 -1.880034 -1.360720
v -0.636952 -2.022213 -1.191652
v -0.540448 -2.144915 -1.011106
v -0.438739 -2.246962 -0.820823
v -0.332806 -2.327369 -0.622636
v -0.223668 -2.385362 -0.418452
v -0.112375 -2.420383 -0.210238
v -0.091227 2.420383 -0.220241
v -0.181575 2.385362 -0.438361
v -0.270174 2.327369 -0.652259
v -0.356172 2.246962 -0.859874
v -0.438739 2.144916 -1.059210
v -0.517082 2.022212 -1.248346
v -0.590444 1.880034 -1.425458
v -0.658120 1.719750 -1.588842
v -0.719458 1.542904 -1.736924
v -0.773868 1.351199 -1.868281
v -0.820823 1.146481 -1.981642
v -0.859875 0.930722 -2.075921
v -0.890645 0.706000 -2.150209
v -0.912839 0.474478 -2.203787
v -0.926240 0.238387 -2.236142
v -0.930722 -0.000000 -2.246961
v -0.926240 -0.238387 -2.236142
v -0.912839 -0.474478 -2.203787
v -0.890646 -0.706000 -2.150209
v -0.859875 -0.930722 -2.075922
v -0.820823 -1.146481 -1.981643
v -0.773868 -1.351199 -1.868281
v -0.719458 -1.542904 -1.736924
v -0.658120 -1.719750 -1.588842
v -0.590444 -1.880034 -1.425458
v -0.517082 -2.022213 -1.248346
v -0.438739 -2.144915 -1.059210
v -0.356172 -2.246962 -0.859874
v -0.270174 -2.327369 -0.652259
v -0.181575 -2.385362 -0.438360
v -0.091227 -2.420383 -0.220241
v -0.069200 2.420383 -0.228122
v -0.137734 2.385362 -0.454047
v -0.204941 2.327369 -0.675600
v -0.270174 2.246962 -0.890645
v -0.332806 2.144916 -1.097113
v -0.392233 2.022212 -1.293018
v -0.447881 1.880034 -1.476467
v -0.499217 1.719750 -1.645699
v -0.545745 1.542904 -1.799080
v -0.587018 1.351199 -1.935137
v -0.622636 1.146481 -2.052555
v -0.652259 0.930722 -2.150207
v -0.675599 0.706000 -2.227153
v -0.692434 0.474478 -2.282649
v -0.702600 0.238387 -2.316162
v -0.705999 -0.000000 -2.327368
v -0.702600 -0.238387 -2.316162
v -0.692434 -0.474478 -2.282649
v -0.675600 -0.706000 -2.227153
v -0.652258 -0.930722 -2.150208
v -0.622636 -1.146481 -2.052556
v -0.587018 -1.351199 -1.935137
v -0.545745 -1.542904 -1.799080
v -0.499217 -1.719750 -1.645699
v -0.447881 -1.880034 -1.476467
v -0.392233 -2.022213 -1.293018
v -0.332806 -2.144915 -1.097114
v -0.270174 -2.246962 -0.890645
v -0.204941 -2.327369 -0.675600
v -0.137734 -2.385362 -0.454047
v -0.069200 -2.420383 -0.228122
v -0.046507 2.420383 -0.233806
v -0.092566 2.385362 -0.465361
v -0.137734 2.327369 -0.692434
v -0.181575 2.246962 -0.912838
v -0.223667 2.144916 -1.124451
v -0.263607 2.022212 -1.325237
v -0.301005 1.880034 -1.513258
v -0.335506 1.719750 -1.686706
v -0.366776 1.542904 -1.843909
v -0.394514 1.351199 -1.983357
v -0.418452 1.146481 -2.103701
v -0.438361 0.930722 -2.203786
v -0.454047 0.706000 -2.282650
v -0.465361 0.474478 -2.339528
v -0.472193 0.238387 -2.373875
v -0.474477 -0.000000 -2.385361
v -0.472193 -0.238387 -2.373875
v -0.465361 -0.474478 -2.339528
v -0.454047 -0.706000 -2.282650
v -0.438360 -0.930722 -2.203787
v -0.418452 -1.146481 -2.103701
v -0.394515 -1.351199 -1.983357
v -0.366776 -1.542904 -1.843909
v -0.335506 -1.719750 -1.686706
v -0.301005 -1.880034 -1.513258
v -0.263607 -2.022213 -1.325237
v -0.223667 -2.144915 -1.124452
v -0.181575 -2.246962 -0.912838
v -0.137734 -2.327369 -0.692434
v -0.092566 -2.385362 -0.465361
v -0.046507 -2.420383 -0.233806
v -0.023366 2.420383 -0.237239
v -0.046507 2.385362 -0.472193
v -0.069200 2.327369 -0.702600
v -0.091227 2.246962 -0.926239
v -0.112375 2.144916 -1.140960
v -0.132441 2.022212 -1.344693
v -0.151231 1.880034 -1.535475
v -0.168565 1.719750 -1.711470
v -0.184275 1.542904 -1.870980
v -0.198212 1.351199 -2.012475
v -0.210238 1.146481 -2.134586
v -0.220241 0.930722 -2.236141
v -0.228122 0.706000 -2.316162
v -0.233806 0.474478 -2.373876
v -0.237239 0.238387 -2.408728
v -0.238386 -0.000000 -2.420382
v -0.237239 -0.238387 -2.408728
v -0.233806 -0.474478 -2.373876
v -0.228122 -0.706000 -2.316162
v -0.220241 -0.930722 -2.236142
v -0.210238 -1.146481 -2.134587
v -0.198212 -1.351199 -2.012475
v -0.184276 -1.542904 -1.870981
v -0.168565 -1.719750 -1.711470
v -0.151231 -1.880034 -1.535475
v -0.132441 -2.022213 -1.344693
v -0.112375 -2.144915 -1.140961
v -0.091227 -2.246962 -0.926239
v -0.069200 -2.327369 -0.702600
v -0.046507 -2.385362 -0.472193
v -0.023366 -2.420383 -0.237239
v -0.000000 2.385362 -0.474478
v -0.000000 2.144916 -1.146480
v -0.000001 2.022212 -1.351200
v -0.000000 1.351199 -2.022213
v -0.000000 0.930722 -2.246961
v 0.000000 -0.474478 -2.385362
v 0.000000 -0.706000 -2.327369
v 0.000000 -1.146481 -2.144915
v -0.000000 -1.351199 -2.022213
v -0.000000 -1.542904 -1.880033
v 0.000000 -1.719750 -1.719751
v -0.000001 -2.022213 -1.351200
v -0.000000 -2.144915 -1.146481
v -0.000000 -2.385362 -0.474478
vn -0.0000 0.9950 -0.0995
vn -0.0000 0.9565 -0.2917
vn -0.0000 0.9233 -0.3840
vn -0.0000 0.7723 -0.6353
vn -0.0000 0.7063 -0.7079
vn -0.0000 0.6336 -0.7736
vn -0.0000 0.4708 -0.8823
vn -0.0000 0.2899 -0.9571
vn -0.0000 0.1948 -0.9808
vn -0.0000 0.0979 -0.9952
vn -0.0000 -0.0000 -1.0000
vn -0.0000 -0.0979 -0.9952
vn -0.0000 -0.3821 -0.9241
vn -0.0000 -0.7723 -0.6353
vn -0.0000 -0.9233 -0.3840
vn -0.0000 -0.9565 -0.2917
vn -0.0000 -0.9950 -0.0995
vn 0.0098 0.9950 -0.0991
vn 0.0193 0.9805 -0.1956
vn 0.0286 0.9565 -0.2903
vn 0.0376 0.9233 -0.3821
vn 0.0463 0.8813 -0.4703
vn 0.0546 0.8308 -0.5539
vn 0.0623 0.7723 -0.6322
vn 0.0694 0.7063 -0.7045
vn 0.0758 0.6336 -0.7699
vn 0.0815 0.5549 -0.8279
vn 0.0865 0.4708 -0.8780
vn 0.0906 0.3821 -0.9197
vn 0.0938 0.2899 -0.9525
vn 0.0961 0.1948 -0.9761
vn 0.0975 0.0979 -0.9904
vn 0.0980 -0.0000 -0.9952
vn 0.0975 -0.0979 -0.9904
vn 0.0961 -0.1948 -0.9761
vn 0.0938 -0.2899 -0.9525
vn 0.0906 -0.3821 -0.9197
vn 0.0865 -0.4708 -0.8780
vn 0.0815 -0.5549 -0.8279
vn 0.0758 -0.6336 -0.7699
vn 0.0694 -0.7063 -0.7045
vn 0.0623 -0.7723 -0.6322
vn 0.0546 -0.8308 -0.5539
vn 0.0463 -0.8813 -0.4703
vn 0.0376 -0.9233 -0.3821
vn 0.0286 -0.9565 -0.2903
vn 0.0193 -0.9805 -0.1956
vn 0.0098 -0.9950 -0.0991
vn 0.0194 0.9950 -0.0976
vn 0.0383 0.9805 -0.1928
vn 0.0569 0.9565 -0.2861
vn 0.0749 0.9233 -0.3766
vn 0.0922 0.8813 -0.4635
vn 0.1086 0.8308 -0.5459
vn 0.1239 0.7723 -0.6231
vn 0.1381 0.7063 -0.6943
vn 0.1509 0.6336 -0.7588
vn 0.1623 0.5549 -0.8160
vn 0.1721 0.4708 -0.8653
vn 0.1803 0.3821 -0.9063
vn 0.1867 0.2899 -0.9387
vn 0.1914 0.1948 -0.9620
vn 0.1942 0.0979 -0.9761
vn 0.1951 -0.0000 -0.9808
vn 0.1942 -0.0979 -0.9761
vn 0.1914 -0.1948 -0.9620
vn 0.1867 -0.2899 -0.9387
vn 0.1803 -0.3821 -0.9063
vn 0.1721 -0.4708 -0.8653
vn 0.1623 -0.5549 -0.8160
vn 0.1509 -0.6336 -0.7588
vn 0.1381 -0.7063 -0.6943
vn 0.1239 -0.7723 -0.6231
vn 0.1086 -0.8308 -0.5459
vn 0.0922 -0.8813 -0.4635
vn 0.0749 -0.9233 -0.3766
vn 0.0569 -0.9565 -0.2861
vn 0.0383 -0.9805 -0.1928
vn 0.0194 -0.9950 -0.0976
vn 0.0289 0.9950 -0.0952
vn 0.0571 0.9805 -0.1881
vn 0.0847 0.9565 -0.2791
vn 0.1115 0.9233 -0.3675
vn 0.1372 0.8813 -0.4522
vn 0.1616 0.8308 -0.5327
vn 0.1844 0.7723 -0.6080
vn 0.2055 0.7063 -0.6774
vn 0.2246 0.6336 -0.7403
vn 0.2415 0.5549 -0.7961
vn 0.2561 0.4708 -0.8443
vn 0.2683 0.3821 -0.8843
vn 0.2778 0.2899 -0.9159
vn 0.2847 0.1948 -0.9386
vn 0.2889 0.0979 -0.9523
vn 0.2903 -0.0000 -0.9569
vn 0.2889 -0.0979 -0.9523
vn 0.2847 -0.1948 -0.9386
vn 0.2778 -0.2899 -0.9159
vn 0.2683 -0.3821 -0.8843
vn 0.2561 -0.4708 -0.8443
vn 0.2415 -0.5549 -0.7961
vn 0.2246 -0.6336 -0.7403
vn 0.2055 -0.7063 -0.6774
vn 0.1844 -0.7723 -0.6080
vn 0.1616 -0.8308 -0.5327
vn 0.1372 -0.8813 -0.4522
vn 0.1115 -0.9233 -0.3675
vn 0.0847 -0.9565 -0.2791
vn 0.0571 -0.9805 -0.1881
vn 0.0289 -0.9950 -0.0952
vn 0.0381 0.9950 -0.0920
vn 0.0752 0.9805 -0.1816
vn 0.1116 0.9565 -0.2695
vn 0.1469 0.9233 -0.3548
vn 0.1809 0.8813 -0.4366
vn 0.2130 0.8308 -0.5143
vn 0.2431 0.7723 -0.5869
vn 0.2709 0.7063 -0.6540
vn 0.2961 0.6336 -0.7147
vn 0.3184 0.5549 -0.7686
vn 0.3376 0.4708 -0.8151
vn 0.3536 0.3821 -0.8538
vn 0.3663 0.2899 -0.8842
vn 0.3754 0.1948 -0.9062
vn 0.3808 0.0979 -0.9194
vn 0.3827 -0.0000 -0.9239
vn 0.3808 -0.0979 -0.9194
vn 0.3754 -0.1948 -0.9062
vn 0.3663 -0.2899 -0.8842
vn 0.3536 -0.3821 -0.8538
vn 0.3376 -0.4708 -0.8151
vn 0.3184 -0.5549 -0.7686
vn 0.2961 -0.6336 -0.7147
vn 0.2709 -0.7063 -0.6540
vn 0.2431 -0.7723 -0.5869
vn 0.2130 -0.8308 -0.5143
vn 0.1809 -0.8813 -0.4366
vn 0.1469 -0.9233 -0.3548
vn 0.1116 -0.9565 -0.2695
vn 0.0752 -0.9805 -0.1816
vn 0.0381 -0.9950 -0.0920
vn 0.0469 0.9950 -0.0878
vn 0.0927 0.9805 -0.1734
vn 0.1375 0.9565 -0.2572
vn 0.1810 0.9233 -0.3386
vn 0.2228 0.8813 -0.4168
vn 0.2624 0.8308 -0.4909
vn 0.2995 0.7723 -0.5603
vn 0.3337 0.7063 -0.6243
vn 0.3647 0.6336 -0.6823
vn 0.3922 0.5549 -0.7337
vn 0.4159 0.4708 -0.7781
vn 0.4356 0.3821 -0.8150
vn 0.4512 0.2899 -0.8441
vn 0.4624 0.1948 -0.8650
vn 0.4691 0.0979 -0.8777
vn 0.4714 -0.0000 -0.8819
vn 0.4691 -0.0979 -0.8777
vn 0.4624 -0.1948 -0.8650
vn 0.4512 -0.2899 -0.8441
vn 0.4356 -0.3821 -0.8150
vn 0.4159 -0.4708 -0.7781
vn 0.3922 -0.5549 -0.7337
vn 0.3647 -0.6336 -0.6823
vn 0.3337 -0.7063 -0.6243
vn 0.2995 -0.7723 -0.5603
vn 0.2624 -0.8308 -0.4909
vn 0.2228 -0.8813 -0.4168
vn 0.1810 -0.9233 -0.3386
vn 0.1375 -0.9565 -0.2572
vn 0.0927 -0.9805 -0.1734
vn 0.0469 -0.9950 -0.0878
vn 0.0553 0.9950 -0.0828
vn 0.1092 0.9805 -0.1634
vn 0.1621 0.9565 -0.2425
vn 0.2133 0.9233 -0.3193
vn 0.2626 0.8813 -0.3929
vn 0.3092 0.8308 -0.4628
vn 0.3530 0.7723 -0.5282
vn 0.3933 0.7063 -0.5886
vn 0.4298 0.6336 -0.6432
vn 0.4622 0.5549 -0.6917
vn 0.4902 0.4708 -0.7336
vn 0.5134 0.3821 -0.7684
vn 0.5317 0.2899 -0.7958
vn 0.5449 0.1948 -0.8155
vn 0.5529 0.0979 -0.8275
vn 0.5556 -0.0000 -0.8315
vn 0.5529 -0.0979 -0.8275
vn 0.5449 -0.1948 -0.8155
vn 0.5317 -0.2899 -0.7958
vn 0.5134 -0.3821 -0.7684
vn 0.4902 -0.4708 -0.7336
vn 0.4622 -0.5549 -0.6917
vn 0.4298 -0.6336 -0.6432
vn 0.3933 -0.7063 -0.5886
vn 0.3530 -0.7723 -0.5282
vn 0.3092 -0.8308 -0.4628
vn 0.2626 -0.8813 -0.3929
vn 0.2133 -0.9233 -0.3193
vn 0.1621 -0.9565 -0.2425
vn 0.1092 -0.9805 -0.1634
vn 0.0553 -0.9950 -0.0828
vn 0.0631 0.9950 -0.0769
vn 0.1247 0.9805 -0.1519
vn 0.1850 0.9565 -0.2255
vn 0.2436 0.9233 -0.2968
vn 0.2998 0.8813 -0.3653
vn 0.3531 0.8308 -0.4303
vn 0.4030 0.7723 -0.4911
vn 0.4491 0.7063 -0.5472
vn 0.4908 0.6336 -0.5980
vn 0.5278 0.5549 -0.6431
vn 0.5597 0.4708 -0.6820
vn 0.5862 0.3821 -0.7143
vn 0.6072 0.2899 -0.7398
vn 0.6222 0.1948 -0.7582
vn 0.6313 0.0979 -0.7693
vn 0.6344 -0.0000 -0.7730
vn 0.6313 -0.0979 -0.7693
vn 0.6222 -0.1948 -0.7582
vn 0.6072 -0.2899 -0.7398
vn 0.5862 -0.3821 -0.7143
vn 0.5597 -0.4708 -0.6820
vn 0.5278 -0.5549 -0.6431
vn 0.4908 -0.6336 -0.5980
vn 0.4491 -0.7063 -0.5472
vn 0.4030 -0.7723 -0.4911
vn 0.3531 -0.8308 -0.4303
vn 0.2998 -0.8813 -0.3653
vn 0.2436 -0.9233 -0.2968
vn 0.1850 -0.9565 -0.2255
vn 0.1247 -0.9805 -0.1519
vn 0.0631 -0.9950 -0.0769
vn 0.0704 0.9950 -0.0704
vn 0.1390 0.9805 -0.1390
vn 0.2063 0.9565 -0.2063
vn 0.2715 0.9233 -0.2715
vn 0.3342 0.8813 -0.3342
vn 0.3936 0.8308 -0.3936
vn 0.4492 0.7723 -0.4492
vn 0.5005 0.7063 -0.5005
vn 0.5470 0.6336 -0.5470
vn 0.5883 0.5549 -0.5883
vn 0.6239 0.4708 -0.6239
vn 0.6534 0.3821 -0.6534
vn 0.6767 0.2899 -0.6768
vn 0.6936 0.1948 -0.6936
vn 0.7037 0.0979 -0.7037
vn 0.7071 -0.0000 -0.7071
vn 0.7037 -0.0979 -0.7037
vn 0.6936 -0.1948 -0.6936
vn 0.6768 -0.2899 -0.6768
vn 0.6534 -0.3821 -0.6534
vn 0.6239 -0.4708 -0.6239
vn 0.5883 -0.5549 -0.5883
vn 0.5470 -0.6336 -0.5470
vn 0.5005 -0.7063 -0.5005
vn 0.4492 -0.7723 -0.4492
vn 0.3936 -0.8308 -0.3936
vn 0.3342 -0.8813 -0.3342
vn 0.2715 -0.9233 -0.2715
vn 0.2063 -0.9565 -0.2063
vn 0.1390 -0.9805 -0.1390
vn 0.0704 -0.9950 -0.0704
vn 0.0769 0.9950 -0.0631
vn 0.1519 0.9805 -0.1247
vn 0.2255 0.9565 -0.1850
vn 0.2968 0.9233 -0.2436
vn 0.3653 0.8813 -0.2998
vn 0.4303 0.8308 -0.3531
vn 0.4911 0.7723 -0.4030
vn 0.5472 0.7063 -0.4491
vn 0.5980 0.6336 -0.4908
vn 0.6431 0.5549 -0.5278
vn 0.6820 0.4708 -0.5597
vn 0.7143 0.3821 -0.5862
vn 0.7398 0.2899 -0.6072
vn 0.7582 0.1948 -0.6222
vn 0.7693 0.0979 -0.6313
vn 0.7730 -0.0000 -0.6344
vn 0.7693 -0.0979 -0.6313
vn 0.7582 -0.1948 -0.6222
vn 0.7398 -0.2899 -0.6072
vn 0.7143 -0.3821 -0.5862
vn 0.6820 -0.4708 -0.5597
vn 0.6431 -0.5549 -0.5278
vn 0.5980 -0.6336 -0.4908
vn 0.5472 -0.7063 -0.4491
vn 0.4911 -0.7723 -0.4030
vn 0.4303 -0.8308 -0.3531
vn 0.3653 -0.8813 -0.2998
vn 0.2968 -0.9233 -0.2436
vn 0.2255 -0.9565 -0.1850
vn 0.1519 -0.9805 -0.1247
vn 0.0769 -0.9950 -0.0631
vn 0.0828 0.9950 -0.0553
vn 0.1634 0.9805 -0.1092
vn 0.2425 0.9565 -0.1621
vn 0.3193 0.9233 -0.2133
vn 0.3929 0.8813 -0.2626
vn 0.4628 0.8308 -0.3092
vn 0.5282 0.7723 -0.3530
vn 0.5886 0.7063 -0.3933
vn 0.6432 0.6336 -0.4298
vn 0.6917 0.5549 -0.4622
vn 0.7336 0.4708 -0.4902
vn 0.7684 0.3821 -0.5134
vn 0.7958 0.2899 -0.5317
vn 0.8155 0.1948 -0.5449
vn 0.8275 0.0979 -0.5529
vn 0.8315 -0.0000 -0.5556
vn 0.8275 -0.0979 -0.5529
vn 0.8155 -0.1948 -0.5449
vn 0.7958 -0.2899 -0.5317
vn 0.7684 -0.3821 -0.5134
vn 0.7336 -0.4708 -0.4902
vn 0.6917 -0.5549 -0.4622
vn 0.6432 -0.6336 -0.4298
vn 0.5886 -0.7063 -0.3933
vn 0.5282 -0.7723 -0.3530
vn 0.4628 -0.8308 -0.3092
vn 0.3929 -0.8813 -0.2626
vn 0.3193 -0.9233 -0.2133
vn 0.2425 -0.9565 -0.1621
vn 0.1634 -0.9805 -0.1092
vn 0.0828 -0.9950 -0.0553
vn 0.0878 0.9950 -0.0469
vn 0.1734 0.9805 -0.0927
vn 0.2572 0.9565 -0.1375
vn 0.3386 0.9233 -0.1810
vn 0.4168 0.8813 -0.2228
vn 0.4909 0.8308 -0.2624
vn 0.5603 0.7723 -0.2995
vn 0.6243 0.7063 -0.3337
vn 0.6823 0.6336 -0.3647
vn 0.7337 0.5549 -0.3922
vn 0.7781 0.4708 -0.4159
vn 0.8150 0.3821 -0.4356
vn 0.8441 0.2899 -0.4512
vn 0.8650 0.1948 -0.4624
vn 0.8777 0.0979 -0.4691
vn 0.8819 -0.0000 -0.4714
vn 0.8777 -0.0979 -0.4691
vn 0.8650 -0.1948 -0.4624
vn 0.8441 -0.2899 -0.4512
vn 0.8150 -0.3821 -0.4356
vn 0.7781 -0.4708 -0.4159
vn 0.7337 -0.5549 -0.3922
vn 0.6823 -0.6336 -0.3647
vn 0.6243 -0.7063 -0.3337
vn 0.5603 -0.7723 -0.2995
vn 0.4909 -0.8308 -0.2624
vn 0.4168 -0.8813 -0.2228
vn 0.3386 -0.9233 -0.1810
vn 0.2572 -0.9565 -0.1375
vn 0.1734 -0.9805 -0.0927
vn 0.0878 -0.9950 -0.0469
vn 0.0920 0.9950 -0.0381
vn 0.1816 0.9805 -0.0752
vn 0.2695 0.9565 -0.1116
vn 0.3548 0.9233 -0.1469
vn 0.4366 0.8813 -0.1809
vn 0.5143 0.8308 -0.2130
vn 0.5869 0.7723 -0.2431
vn 0.6540 0.7063 -0.2709
vn 0.7147 0.6336 -0.2961
vn 0.7686 0.5549 -0.3184
vn 0.8151 0.4708 -0.3376
vn 0.8538 0.3821 -0.3536
vn 0.8842 0.2899 -0.3663
vn 0.9062 0.1948 -0.3754
vn 0.9194 0.0979 -0.3808
vn 0.9239 -0.0000 -0.3827
vn 0.9194 -0.0979 -0.3808
vn 0.9062 -0.1948 -0.3754
vn 0.8842 -0.2899 -0.3663
vn 0.8538 -0.3821 -0.3536
vn 0.8151 -0.4708 -0.3376
vn 0.7686 -0.5549 -0.3184
vn 0.7147 -0.6336 -0.2961
vn 0.6540 -0.7063 -0.2709
vn 0.5869 -0.7723 -0.2431
vn 0.5143 -0.8308 -0.2130
vn 0.4366 -0.8813 -0.1809
vn 0.3548 -0.9233 -0.1469
vn 0.2695 -0.9565 -0.1116
vn 0.1816 -0.9805 -0.0752
vn 0.0920 -0.9950 -0.0381
vn 0.0952 0.9950 -0.0289
vn 0.1881 0.9805 -0.0571
vn 0.2791 0.9565 -0.0847
vn 0.3675 0.9233 -0.1115
vn 0.4522 0.8813 -0.1372
vn 0.5327 0.8308 -0.1616
vn 0.6080 0.7723 -0.1844
vn 0.6774 0.7063 -0.2055
vn 0.7403 0.6336 -0.2246
vn 0.7961 0.5549 -0.2415
vn 0.8443 0.4708 -0.2561
vn 0.8843 0.3821 -0.2683
vn 0.9159 0.2899 -0.2778
vn 0.9386 0.1948 -0.2847
vn 0.9523 0.0979 -0.2889
vn 0.9569 -0.0000 -0.2903
vn 0.9523 -0.0979 -0.2889
vn 0.9386 -0.1948 -0.2847
vn 0.9159 -0.2899 -0.2778
vn 0.8843 -0.3821 -0.2683
vn 0.8443 -0.4708 -0.2561
vn 0.7961 -0.5549 -0.2415
vn 0.7403 -0.6336 -0.2246
vn 0.6774 -0.7063 -0.2055
vn 0.6080 -0.7723 -0.1844
vn 0.5327 -0.8308 -0.1616
vn 0.4522 -0.8813 -0.1372
vn 0.3675 -0.9233 -0.1115
vn 0.2791 -0.9565 -0.0847
vn 0.1881 -0.9805 -0.0571
vn 0.0952 -0.9950 -0.0289
vn 0.0976 0.9950 -0.0194
vn 0.1928 0.9805 -0.0383
vn 0.2861 0.9565 -0.0569
vn 0.3766 0.9233 -0.0749
vn 0.4635 0.8813 -0.0922
vn 0.5459 0.8308 -0.1086
vn 0.6231 0.7723 -0.1239
vn 0.6943 0.7063 -0.1381
vn 0.7588 0.6336 -0.1509
vn 0.8160 0.5549 -0.1623
vn 0.8653 0.4708 -0.1721
vn 0.9063 0.3821 -0.1803
vn 0.9387 0.2899 -0.1867
vn 0.9620 0.1948 -0.1914
vn 0.9761 0.0979 -0.1942
vn 0.9808 -0.0000 -0.1951
vn 0.9761 -0.0979 -0.1942
vn 0.9620 -0.1948 -0.1914
vn 0.9387 -0.2899 -0.1867
vn 0.9063 -0.3821 -0.1803
vn 0.8653 -0.4708 -0.1721
vn 0.8160 -0.5549 -0.1623
vn 0.7588 -0.6336 -0.1509
vn 0.6943 -0.7063 -0.1381
vn 0.6231 -0.7723 -0.1239
vn 0.5459 -0.8308 -0.1086
vn 0.4635 -0.8813 -0.0922
vn 0.3766 -0.9233 -0.0749
vn 0.2861 -0.9565 -0.0569
vn 0.1928 -0.9805 -0.0383
vn 0.0976 -0.9950 -0.0194
vn 0.0991 0.9950 -0.0098
vn 0.1956 0.9805 -0.0193
vn 0.2903 0.9565 -0.0286
vn 0.3821 0.9233 -0.0376
vn 0.4703 0.8813 -0.0463
vn 0.5539 0.8308 -0.0546
vn 0.6322 0.7723 -0.0623
vn 0.7045 0.7063 -0.0694
vn 0.7699 0.6336 -0.0758
vn 0.8279 0.5549 -0.0815
vn 0.8780 0.4708 -0.0865
vn 0.9197 0.3821 -0.0906
vn 0.9525 0.2899 -0.0938
vn 0.9761 0.1948 -0.0961
vn 0.9904 0.0979 -0.0975
vn 0.9952 -0.0000 -0.0980
vn 0.9904 -0.0979 -0.0975
vn 0.9761 -0.1948 -0.0961
vn 0.9525 -0.2899 -0.0938
vn 0.9197 -0.3821 -0.0906
vn 0.8780 -0.4708 -0.0865
vn 0.8279 -0.5549 -0.0815
vn 0.7699 -0.6336 -0.0758
vn 0.7045 -0.7063 -0.0694
vn 0.6322 -0.7723 -0.0623
vn 0.5539 -0.8308 -0.0546
vn 0.4703 -0.8813 -0.0463
vn 0.3821 -0.9233 -0.0376
vn 0.2903 -0.9565 -0.0286
vn 0.1956 -0.9805 -0.0193
vn 0.0991 -0.9950 -0.0098
vn 0.0995 0.9950 -0.0000
vn 0.1966 0.9805 -0.0000
vn 0.2917 0.9565 -0.0000
vn 0.3840 0.9233 -0.0000
vn 0.4726 0.8813 -0.0000
vn 0.5566 0.8308 -0.0000
vn 0.6353 0.7723 -0.0000
vn 0.7079 0.7063 -0.0000
vn 0.7736 0.6336 -0.0000
vn 0.8319 0.5549 -0.0000
vn 0.8823 0.4708 -0.0000
vn 0.9241 0.3821 -0.0000
vn 0.9571 0.2899 -0.0000
vn 0.9808 0.1948 -0.0000
vn 0.9952 0.0979 -0.0000
vn 1.0000 -0.0000 -0.0000
vn 0.9952 -0.0979 -0.0000
vn 0.9808 -0.1948 -0.0000
vn 0.9571 -0.2899 -0.0000
vn 0.9241 -0.3821 -0.0000
vn 0.8823 -0.4708 -0.0000
vn 0.8319 -0.5549 -0.0000
vn 0.7736 -0.6336 -0.0000
vn 0.7079 -0.7063 -0.0000
vn 0.6353 -0.7723 -0.0000
vn 0.5566 -0.8308 -0.0000
vn 0.4726 -0.8813 -0.0000
vn 0.3840 -0.9233 -0.0000
vn 0.2917 -0.9565 -0.0000
vn 0.1966 -0.9805 -0.0000
vn 0.0995 -0.9950 -0.0000
vn 0.0991 0.9950 0.0098
vn 0.1956 0.9805 0.0193
vn 0.2903 0.9565 0.0286
vn 0.3821 0.9233 0.0376
vn 0.4703 0.8813 0.0463
vn 0.5539 0.8308 0.0546
vn 0.6322 0.7723 0.0623
vn 0.7045 0.7063 0.0694
vn 0.7699 0.6336 0.0758
vn 0.8279 0.5549 0.0815
vn 0.8780 0.4708 0.0865
vn 0.9197 0.3821 0.0906
vn 0.9525 0.2899 0.0938
vn 0.9761 0.1948 0.0961
vn 0.9904 0.0979 0.0975
vn 0.9952 -0.0000 0.0980
vn 0.9904 -0.0979 0.0975
vn 0.9761 -0.1948 0.0961
vn 0.9525 -0.2899 0.0938
vn 0.9197 -0.3821 0.0906
vn 0.8780 -0.4708 0.0865
vn 0.8279 -0.5549 0.0815
vn 0.7699 -0.6336 0.0758
vn 0.7045 -0.7063 0.0694
vn 0.6322 -0.7723 0.0623
vn 0.5539 -0.8308 0.0546
vn 0.4703 -0.8813 0.0463
vn 0.3821 -0.9233 0.0376
vn 0.2903 -0.9565 0.0286
vn 0.1956 -0.9805 0.0193
vn 0.0991 -0.9950 0.0098
vn 0.0976 0.9950 0.0194
vn 0.1928 0.9805 0.0383
vn 0.2861 0.9565 0.0569
vn 0.3766 0.9233 0.0749
vn 0.4635 0.8813 0.0922
vn 0.5459 0.8308 0.1086
vn 0.6231 0.7723 0.1239
vn 0.6943 0.7063 0.1381
vn 0.7588 0.6336 0.1509
vn 0.8160 0.5549 0.1623
vn 0.8653 0.4708 0.1721
vn 0.9063 0.3821 0.1803
vn 0.9387 0.2899 0.1867
vn 0.9620 0.1948 0.1914
vn 0.9761 0.0979 0.1942
vn 0.9808 -0.0000 0.1951
vn 0.9761 -0.0979 0.1942
vn 0.9620 -0.1948 0.1914
vn 0.9387 -0.2899 0.1867
vn 0.9063 -0.3821 0.1803
vn 0.8653 -0.4708 0.1721
vn 0.8160 -0.5549 0.1623
vn 0.7588 -0.6336 0.1509
vn 0.6943 -0.7063 0.1381
vn 0.6231 -0.7723 0.1239
vn 0.5459 -0.8308 0.1086
vn 0.4635 -0.8813 0.0922
vn 0.3766 -0.9233 0.0749
vn 0.2861 -0.9565 0.0569
vn 0.1928 -0.9805 0.0383
vn 0.0976 -0.9950 0.0194
vn 0.0952 0.9950 0.0289
vn 0.1881 0.9805 0.0571
vn 0.2791 0.9565 0.0847
vn 0.3675 0.9233 0.1115
vn 0.4522 0.8813 0.1372
vn 0.5327 0.8308 0.1616
vn 0.6080 0.7723 0.1844
vn 0.6774 0.7063 0.2055
vn 0.7403 0.6336 0.2246
vn 0.7961 0.5549 0.2415
vn 0.8443 0.4708 0.2561
vn 0.8843 0.3821 0.2683
vn 0.9159 0.2899 0.2778
vn 0.9386 0.1948 0.2847
vn 0.9523 0.0979 0.2889
vn 0.9569 -0.0000 0.2903
vn 0.9523 -0.0979 0.2889
vn 0.9386 -0.1948 0.2847
vn 0.9159 -0.2899 0.2778
vn 0.8843 -0.3821 0.2683
vn 0.8443 -0.4708 0.2561
vn 0.7961 -0.5549 0.2415
vn 0.7403 -0.6336 0.2246
vn 0.6774 -0.7063 0.2055
vn 0.6080 -0.7723 0.1844
vn 0.5327 -0.8308 0.1616
vn 0.4522 -0.8813 0.1372
vn 0.3675 -0.9233 0.1115
vn 0.2791 -0.9565 0.0847
vn 0.1881 -0.9805 0.0571
vn 0.0952 -0.9950 0.0289
vn 0.0920 0.9950 0.0381
vn 0.1816 0.9805 0.0752
vn 0.2695 0.9565 0.1116
vn 0.3548 0.9233 0.1469
vn 0.4366 0.8813 0.1809
vn 0.5143 0.8308 0.2130
vn 0.5869 0.7723 0.2431
vn 0.6540 0.7063 0.2709
vn 0.7147 0.6336 0.2961
vn 0.7686 0.5549 0.3184
vn 0.8151 0.4708 0.3376
vn 0.8538 0.3821 0.3536
vn 0.8842 0.2899 0.3663
vn 0.9062 0.1948 0.3754
vn 0.9194 0.0979 0.3808
vn 0.9239 -0.0000 0.3827
vn 0.9194 -0.0979 0.3808
vn 0.9062 -0.1948 0.3754
vn 0.8842 -0.2899 0.3663
vn 0.8538 -0.3821 0.3536
vn 0.8151 -0.4708 0.3376
vn 0.7686 -0.5549 0.3184
vn 0.7147 -0.6336 0.2961
vn 0.6540 -0.7063 0.2709
vn 0.5869 -0.7723 0.2431
vn 0.5143 -0.8308 0.2130
vn 0.4366 -0.8813 0.1809
vn 0.3548 -0.9233 0.1469
vn 0.2695 -0.9565 0.1116
vn 0.1816 -0.9805 0.0752
vn 0.0920 -0.9950 0.0381
vn 0.0878 0.9950 0.0469
vn 0.1734 0.9805 0.0927
vn 0.2572 0.9565 0.1375
vn 0.3386 0.9233 0.1810
vn 0.4168 0.8813 0.2228
vn 0.4909 0.8308 0.2624
vn 0.5603 0.7723 0.2995
vn 0.6243 0.7063 0.3337
vn 0.6823 0.6336 0.3647
vn 0.7337 0.5549 0.3922
vn 0.7781 0.4708 0.4159
vn 0.8150 0.3821 0.4356
vn 0.8441 0.2899 0.4512
vn 0.8650 0.1948 0.4624
vn 0.8777 0.0979 0.4691
vn 0.8819 -0.0000 0.4714
vn 0.8777 -0.0979 0.4691
vn 0.8650 -0.1948 0.4624
vn 0.8441 -0.2899 0.4512
vn 0.8150 -0.3821 0.4356
vn 0.7781 -0.4708 0.4159
vn 0.7337 -0.5549 0.3922
vn 0.6823 -0.6336 0.3647
vn 0.6243 -0.7063 0.3337
vn 0.5603 -0.7723 0.2995
vn 0.4909 -0.8308 0.2624
vn 0.4168 -0.8813 0.2228
vn 0.3386 -0.9233 0.1810
vn 0.2572 -0.9565 0.1375
vn 0.1734 -0.9805 0.0927
vn 0.0878 -0.9950 0.0469
vn 0.0828 0.9950 0.0553
vn 0.1634 0.9805 0.1092
vn 0.2425 0.9565 0.1621
vn 0.3193 0.9233 0.2133
vn 0.3929 0.8813 0.2626
vn 0.4628 0.8308 0.3092
vn 0.5282 0.7723 0.3530
vn 0.5886 0.7063 0.3933
vn 0.6432 0.6336 0.4298
vn 0.6917 0.5549 0.4622
vn 0.7336 0.4708 0.4902
vn 0.7684 0.3821 0.5134
vn 0.7958 0.2899 0.5317
vn 0.8155 0.1948 0.5449
vn 0.8275 0.0979 0.5529
vn 0.8315 -0.0000 0.5556
vn 0.8275 -0.0979 0.5529
vn 0.8155 -0.1948 0.5449
vn 0.7958 -0.2899 0.5317
vn 0.7684 -0.3821 0.5134
vn 0.7336 -0.4708 0.4902
vn 0.6917 -0.5549 0.4622
vn 0.6432 -0.6336 0.4298
vn 0.5886 -0.7063 0.3933
vn 0.5282 -0.7723 0.3530
vn 0.4628 -0.8308 0.3092
vn 0.3929 -0.8813 0.2626
vn 0.3193 -0.9233 0.2133
vn 0.2425 -0.9565 0.1621
vn 0.1634 -0.9805 0.1092
vn 0.0828 -0.9950 0.0553
vn 0.0769 0.9950 0.0631
vn 0.1519 0.9805 0.1247
vn 0.2255 0.9565 0.1850
vn 0.2968 0.9233 0.2436
vn 0.3653 0.8813 0.2998
vn 0.4303 0.8308 0.3531
vn 0.4911 0.7723 0.4030
vn 0.5472 0.7063 0.4491
vn 0.5980 0.6336 0.4908
vn 0.6431 0.5549 0.5278
vn 0.6820 0.4708 0.5597
vn 0.7143 0.3821 0.5862
vn 0.7398 0.2899 0.6072
vn 0.7582 0.1948 0.6222
vn 0.7693 0.0979 0.6313
vn 0.7730 -0.0000 0.6344
vn 0.7693 -0.0979 0.6313
vn 0.7582 -0.1948 0.6222
vn 0.7398 -0.2899 0.6072
vn 0.7143 -0.3821 0.5862
vn 0.6820 -0.4708 0.5597
vn 0.6431 -0.5549 0.5278
vn 0.5980 -0.6336 0.4908
vn 0.5472 -0.7063 0.4491
vn 0.4911 -0.7723 0.4030
vn 0.4303 -0.8308 0.3531
vn 0.3653 -0.8813 0.2998
vn 0.2968 -0.9233 0.2436
vn 0.2255 -0.9565 0.1850
vn 0.1519 -0.9805 0.1247
vn 0.0769 -0.9950 0.0631
vn 0.0704 0.9950 0.0704
vn 0.1390 0.9805 0.1390
vn 0.2063 0.9565 0.2063
vn 0.2715 0.9233 0.2715
vn 0.3342 0.8813 0.3342
vn 0.3936 0.8308 0.3936
vn 0.4492 0.7723 0.4492
vn 0.5005 0.7063 0.5005
vn 0.5470 0.6336 0.5470
vn 0.5883 0.5549 0.5883
vn 0.6239 0.4708 0.6239
vn 0.6534 0.3821 0.6534
vn 0.6767 0.2899 0.6767
vn 0.6936 0.1948 0.6936
vn 0.7037 0.0979 0.7037
vn 0.7071 -0.0000 0.7071
vn 0.7037 -0.0979 0.7037
vn 0.6936 -0.1948 0.6936
vn 0.6767 -0.2899 0.6768
vn 0.6534 -0.3821 0.6534
vn 0.6239 -0.4708 0.6239
vn 0.5883 -0.5549 0.5883
vn 0.5470 -0.6336 0.5470
vn 0.5005 -0.7063 0.5005
vn 0.4492 -0.7723 0.4492
vn 0.3936 -0.8308 0.3936
vn 0.3342 -0.8813 0.3342
vn 0.2715 -0.9233 0.2715
vn 0.2063 -0.9565 0.2063
vn 0.1390 -0.9805 0.1390
vn 0.0704 -0.9950 0.0704
vn 0.0631 0.9950 0.0769
vn 0.1247 0.9805 0.1519
vn 0.1850 0.9565 0.2255
vn 0.2436 0.9233 0.2968
vn 0.2998 0.8813 0.3653
vn 0.3531 0.8308 0.4303
vn 0.4030 0.7723 0.4911
vn 0.4491 0.7063 0.5472
vn 0.4908 0.6336 0.5980
vn 0.5278 0.5549 0.6431
vn 0.5597 0.4708 0.6820
vn 0.5862 0.3821 0.7143
vn 0.6072 0.2899 0.7398
vn 0.6222 0.1948 0.7582
vn 0.6313 0.0979 0.7693
vn 0.6344 -0.0000 0.7730
vn 0.6313 -0.0979 0.7693
vn 0.6222 -0.1948 0.7582
vn 0.6072 -0.2899 0.7398
vn 0.5862 -0.3821 0.7143
vn 0.5597 -0.4708 0.6820
vn 0.5278 -0.5549 0.6431
vn 0.4908 -0.6336 0.5980
vn 0.4491 -0.7063 0.5472
vn 0.4030 -0.7723 0.4911
vn 0.3531 -0.8308 0.4303
vn 0.2998 -0.8813 0.3653
vn 0.2436 -0.9233 0.2968
vn 0.1850 -0.9565 0.2255
vn 0.1247 -0.9805 0.1519
vn 0.0631 -0.9950 0.0769
vn 0.0553 0.9950 0.0828
vn 0.1092 0.9805 0.1634
vn 0.1621 0.9565 0.2425
vn 0.2133 0.9233 0.3193
vn 0.2626 0.8813 0.3929
vn 0.3092 0.8308 0.4628
vn 0.3530 0.7723 0.5282
vn 0.3933 0.7063 0.5886
vn 0.4298 0.6336 0.6432
vn 0.4622 0.5549 0.6917
vn 0.4902 0.4708 0.7336
vn 0.5134 0.3821 0.7684
vn 0.5317 0.2899 0.7958
vn 0.5449 0.1948 0.8155
vn 0.5529 0.0979 0.8275
vn 0.5556 -0.0000 0.8315
vn 0.5529 -0.0979 0.8275
vn 0.5449 -0.1948 0.8155
vn 0.5317 -0.2899 0.7958
vn 0.5134 -0.3821 0.7684
vn 0.4902 -0.4708 0.7336
vn 0.4622 -0.5549 0.6917
vn 0.4298 -0.6336 0.6432
vn 0.3933 -0.7063 0.5886
vn 0.3530 -0.7723 0.5282
vn 0.3092 -0.8308 0.4628
vn 0.2626 -0.8813 0.3929
vn 0.2133 -0.9233 0.3193
vn 0.1621 -0.9565 0.2425
vn 0.1092 -0.9805 0.1634
vn 0.0553 -0.9950 0.0828
vn 0.0469 0.9950 0.0878
vn 0.0927 0.9805 0.1734
vn 0.1375 0.9565 0.2572
vn 0.1810 0.9233 0.3386
vn 0.2228 0.8813 0.4168
vn 0.2624 0.8308 0.4909
vn 0.2995 0.7723 0.5603
vn 0.3337 0.7063 0.6243
vn 0.3647 0.6336 0.6823
vn 0.3922 0.5549 0.7337
vn 0.4159 0.4708 0.7781
vn 0.4356 0.3821 0.8150
vn 0.4512 0.2899 0.8441
vn 0.4624 0.1948 0.8650
vn 0.4691 0.0979 0.8777
vn 0.4714 -0.0000 0.8819
vn 0.4691 -0.0979 0.8777
vn 0.4624 -0.1948 0.8650
vn 0.4512 -0.2899 0.8441
vn 0.4356 -0.3821 0.8150
vn 0.4159 -0.4708 0.7781
vn 0.3922 -0.5549 0.7337
vn 0.3647 -0.6336 0.6823
vn 0.3337 -0.7063 0.6243
vn 0.2995 -0.7723 0.5603
vn 0.2624 -0.8308 0.4909
vn 0.2228 -0.8813 0.4168
vn 0.1810 -0.9233 0.3386
vn 0.1375 -0.9565 0.2572
vn 0.0927 -0.9805 0.1734
vn 0.0469 -0.9950 0.0878
vn 0.0381 0.9950 0.0920
vn 0.0752 0.9805 0.1816
vn 0.1116 0.9565 0.2695
vn 0.1469 0.9233 0.3548
vn 0.1809 0.8813 0.4366
vn 0.2130 0.8308 0.5143
vn 0.2431 0.7723 0.5869
vn 0.2709 0.7063 0.6540
vn 0.2961 0.6336 0.7147
vn 0.3184 0.5549 0.7686
vn 0.3376 0.4708 0.8151
vn 0.3536 0.3821 0.8538
vn 0.3663 0.2899 0.8842
vn 0.3754 0.1948 0.9062
vn 0.3808 0.0979 0.9194
vn 0.3827 -0.0000 0.9239
vn 0.3808 -0.0979 0.9194
vn 0.3754 -0.1948 0.9062
vn 0.3663 -0.2899 0.8842
vn 0.3536 -0.3821 0.8538
vn 0.3376 -0.4708 0.8151
vn 0.3184 -0.5549 0.7686
vn 0.2961 -0.6336 0.7147
vn 0.2709 -0.7063 0.6540
vn 0.2431 -0.7723 0.5869
vn 0.2130 -0.8308 0.5143
vn 0.1809 -0.8813 0.4366
vn 0.1469 -0.9233 0.3548
vn 0.1116 -0.9565 0.2695
vn 0.0752 -0.9805 0.1816
vn 0.0381 -0.9950 0.0920
vn 0.0289 0.9950 0.0952
vn 0.0571 0.9805 0.1881
vn 0.0847 0.9565 0.2791
vn 0.1115 0.9233 0.3675
vn 0.1372 0.8813 0.4522
vn 0.1616 0.8308 0.5327
vn 0.1844 0.7723 0.6080
vn 0.2055 0.7063 0.6774
vn 0.2246 0.6336 0.7403
vn 0.2415 0.5549 0.7961
vn 0.2561 0.4708 0.8443
vn 0.2683 0.3821 0.8843
vn 0.2778 0.2899 0.9159
vn 0.2847 0.1948 0.9386
vn 0.2889 0.0979 0.9523
vn 0.2903 -0.0000 0.9569
vn 0.2889 -0.0979 0.9523
vn 0.2847 -0.1948 0.9386
vn 0.2778 -0.2899 0.9159
vn 0.2683 -0.3821 0.8843
vn 0.2561 -0.4708 0.8443
vn 0.2415 -0.5549 0.7961
vn 0.2246 -0.6336 0.7403
vn 0.2055 -0.7063 0.6774
vn 0.1844 -0.7723 0.6080
vn 0.1616 -0.8308 0.5327
vn 0.1372 -0.8813 0.4522
vn 0.1115 -0.9233 0.3675
vn 0.0847 -0.9565 0.2791
vn 0.0571 -0.9805 0.1881
vn 0.0289 -0.9950 0.0952
vn 0.0194 0.9950 0.0976
vn 0.0383 0.9805 0.1928
vn 0.0569 0.9565 0.2861
vn 0.0749 0.9233 0.3766
vn 0.0922 0.8813 0.4635
vn 0.1086 0.8308 0.5459
vn 0.1239 0.7723 0.6231
vn 0.1381 0.7063 0.6943
vn 0.1509 0.6336 0.7588
vn 0.1623 0.5549 0.8160
vn 0.1721 0.4708 0.8653
vn 0.1803 0.3821 0.9063
vn 0.1867 0.2899 0.9387
vn 0.1914 0.1948 0.9620
vn 0.1942 0.0979 0.9761
vn 0.1951 -0.0000 0.9808
vn 0.1942 -0.0979 0.9761
vn 0.1914 -0.1948 0.9620
vn 0.1867 -0.2899 0.9387
vn 0.1803 -0.3821 0.9063
vn 0.1721 -0.4708 0.8653
vn 0.1623 -0.5549 0.8160
vn 0.1509 -0.6336 0.7588
vn 0.1381 -0.7063 0.6943
vn 0.1239 -0.7723 0.6231
vn 0.1086 -0.8308 0.5459
vn 0.0922 -0.8813 0.4635
vn 0.0749 -0.9233 0.3766
vn 0.0569 -0.9565 0.2861
vn 0.0383 -0.9805 0.1928
vn 0.0194 -0.9950 0.0976
vn 0.0098 0.9950 0.0991
vn 0.0193 0.9805 0.1956
vn 0.0286 0.9565 0.2903
vn 0.0376 0.9233 0.3821
vn 0.0463 0.8813 0.4703
vn 0.0546 0.8308 0.5539
vn 0.0623 0.7723 0.6322
vn 0.0694 0.7063 0.7045
vn 0.0758 0.6336 0.7699
vn 0.0815 0.5549 0.8279
vn 0.0865 0.4708 0.8780
vn 0.0906 0.3821 0.9197
vn 0.0938 0.2899 0.9525
vn 0.0961 0.1948 0.9761
vn 0.0975 0.0979 0.9904
vn 0.0980 -0.0000 0.9952
vn 0.0975 -0.0979 0.9904
vn 0.0961 -0.1948 0.9761
vn 0.0938 -0.2899 0.9525
vn 0.0906 -0.3821 0.9197
vn 0.0865 -0.4708 0.8780
vn 0.0815 -0.5549 0.8279
vn 0.0758 -0.6336 0.7699
vn 0.0694 -0.7063 0.7045
vn 0.0623 -0.7723 0.6322
vn 0.0546 -0.8308 0.5539
vn 0.0463 -0.8813 0.4703
vn 0.0376 -0.9233 0.3821
vn 0.0286 -0.9565 0.2903
vn 0.0193 -0.9805 0.1956
vn 0.0098 -0.9950 0.0991
vn -0.0000 -1.0000 -0.0000
vn -0.0000 0.9950 0.0995
vn -0.0000 0.9805 0.1966
vn -0.0000 0.9565 0.2917
vn -0.0000 0.9233 0.3840
vn -0.0000 0.8813 0.4726
vn -0.0000 0.8308 0.5566
vn -0.0000 0.7723 0.6353
vn -0.0000 0.7063 0.7079
vn -0.0000 0.6336 0.7736
vn -0.0000 0.5549 0.8319
vn -0.0000 0.4708 0.8823
vn -0.0000 0.3821 0.9241
vn -0.0000 0.2899 0.9571
vn -0.0000 0.1948 0.9808
vn -0.0000 0.0979 0.9952
vn -0.0000 -0.0000 1.0000
vn -0.0000 -0.0979 0.9952
vn -0.0000 -0.1948 0.9808
vn -0.0000 -0.2899 0.9571
vn -0.0000 -0.3821 0.9241
vn -0.0000 -0.4708 0.8823
vn -0.0000 -0.5549 0.8319
vn -0.0000 -0.6336 0.7736
vn -0.0000 -0.7063 0.7079
vn -0.0000 -0.7723 0.6353
vn -0.0000 -0.8308 0.5566
vn -0.0000 -0.8813 0.4726
vn -0.0000 -0.9233 0.3840
vn -0.0000 -0.9565 0.2917
vn -0.0000 -0.9805 0.1966
vn -0.0000 -0.9950 0.0995
vn -0.0098 0.9950 0.0991
vn -0.0193 0.9805 0.1956
vn -0.0286 0.9565 0.2903
vn -0.0376 0.9233 0.3821
vn -0.0463 0.8813 0.4703
vn -0.0546 0.8308 0.5539
vn -0.0623 0.7723 0.6322
vn -0.0694 0.7063 0.7045
vn -0.0758 0.6336 0.7699
vn -0.0815 0.5549 0.8279
vn -0.0865 0.4708 0.8780
vn -0.0906 0.3821 0.9197
vn -0.0938 0.2899 0.9525
vn -0.0961 0.1948 0.9761
vn -0.0975 0.0979 0.9904
vn -0.0980 -0.0000 0.9952
vn -0.0975 -0.0979 0.9904
vn -0.0961 -0.1948 0.9761
vn -0.0938 -0.2899 0.9525
vn -0.0906 -0.3821 0.9197
vn -0.0865 -0.4708 0.8780
vn -0.0815 -0.5549 0.8279
vn -0.0758 -0.6336 0.7699
vn -0.0694 -0.7063 0.7045
vn -0.0623 -0.7723 0.6322
vn -0.0546 -0.8308 0.5539
vn -0.0463 -0.8813 0.4703
vn -0.0376 -0.9233 0.3821
vn -0.0286 -0.9565 0.2903
vn -0.0193 -0.9805 0.1956
vn -0.0098 -0.9950 0.0991
vn -0.0194 0.9950 0.0976
vn -0.0383 0.9805 0.1928
vn -0.0569 0.9565 0.2861
vn -0.0749 0.9233 0.3766
vn -0.0922 0.8813 0.4635
vn -0.1086 0.8308 0.5459
vn -0.1239 0.7723 0.6231
vn -0.1381 0.7063 0.6943
vn -0.1509 0.6336 0.7588
vn -0.1623 0.5549 0.8160
vn -0.1721 0.4708 0.8653
vn -0.1803 0.3821 0.9063
vn -0.1867 0.2899 0.9387
vn -0.1914 0.1948 0.9620
vn -0.1942 0.0979 0.9761
vn -0.1951 -0.0000 0.9808
vn -0.1942 -0.0979 0.9761
vn -0.1914 -0.1948 0.9620
vn -0.1867 -0.2899 0.9387
vn -0.1803 -0.3821 0.9063
vn -0.1721 -0.4708 0.8653
vn -0.1623 -0.5549 0.8160
vn -0.1509 -0.6336 0.7588
vn -0.1381 -0.7063 0.6943
vn -0.1239 -0.7723 0.6231
vn -0.1086 -0.8308 0.5459
vn -0.0922 -0.8813 0.4635
vn -0.0749 -0.9233 0.3766
vn -0.0569 -0.9565 0.2861
vn -0.0383 -0.9805 0.1928
vn -0.0194 -0.9950 0.0976
vn -0.0289 0.9950 0.0952
vn -0.0571 0.9805 0.1881
vn -0.0847 0.9565 0.2791
vn -0.1115 0.9233 0.3675
vn -0.1372 0.8813 0.4522
vn -0.1616 0.8308 0.5327
vn -0.1844 0.7723 0.6080
vn -0.2055 0.7063 0.6774
vn -0.2246 0.6336 0.7403
vn -0.2415 0.5549 0.7961
vn -0.2561 0.4708 0.8443
vn -0.2683 0.3821 0.8843
vn -0.2778 0.2899 0.9159
vn -0.2847 0.1948 0.9386
vn -0.2889 0.0979 0.9523
vn -0.2903 -0.0000 0.9569
vn -0.2889 -0.0979 0.9523
vn -0.2847 -0.1948 0.9386
vn -0.2778 -0.2899 0.9159
vn -0.2683 -0.3821 0.8843
vn -0.2561 -0.4708 0.8443
vn -0.2415 -0.5549 0.7961
vn -0.2246 -0.6336 0.7403
vn -0.2055 -0.7063 0.6774
vn -0.1844 -0.7723 0.6080
vn -0.1616 -0.8308 0.5327
vn -0.1372 -0.8813 0.4522
vn -0.1115 -0.9233 0.3675
vn -0.0847 -0.9565 0.2791
vn -0.0571 -0.9805 0.1881
vn -0.0289 -0.9950 0.0952
vn -0.0381 0.9950 0.0920
vn -0.0752 0.9805 0.1816
vn -0.1116 0.9565 0.2695
vn -0.1469 0.9233 0.3548
vn -0.1809 0.8813 0.4366
vn -0.2130 0.8308 0.5143
vn -0.2431 0.7723 0.5869
vn -0.2709 0.7063 0.6540
vn -0.2961 0.6336 0.7147
vn -0.3184 0.5549 0.7686
vn -0.3376 0.4708 0.8151
vn -0.3536 0.3821 0.8538
vn -0.3663 0.2899 0.8842
vn -0.3754 0.1948 0.9062
vn -0.3808 0.0979 0.9194
vn -0.3827 -0.0000 0.9239
vn -0.3808 -0.0979 0.9194
vn -0.3754 -0.1948 0.9062
vn -0.3663 -0.2899 0.8842
vn -0.3536 -0.3821 0.8538
vn -0.3376 -0.4708 0.8151
vn -0.3184 -0.5549 0.7686
vn -0.2961 -0.6336 0.7147
vn -0.2709 -0.7063 0.6540
vn -0.2431 -0.7723 0.5869
vn -0.2130 -0.8308 0.5143
vn -0.1809 -0.8813 0.4366
vn -0.1469 -0.9233 0.3548
vn -0.1116 -0.9565 0.2695
vn -0.0752 -0.9805 0.1816
vn -0.0381 -0.9950 0.0920
vn -0.0469 0.9950 0.0878
vn -0.0927 0.9805 0.1734
vn -0.1375 0.9565 0.2572
vn -0.1810 0.9233 0.3386
vn -0.2228 0.8813 0.4168
vn -0.2624 0.8308 0.4909
vn -0.2995 0.7723 0.5603
vn -0.3337 0.7063 0.6243
vn -0.3647 0.6336 0.6823
vn -0.3922 0.5549 0.7337
vn -0.4159 0.4708 0.7781
vn -0.4356 0.3821 0.8150
vn -0.4512 0.2899 0.8441
vn -0.4624 0.1948 0.8650
vn -0.4691 0.0979 0.8777
vn -0.4714 -0.0000 0.8819
vn -0.4691 -0.0979 0.8777
vn -0.4624 -0.1948 0.8650
vn -0.4512 -0.2899 0.8441
vn -0.4356 -0.3821 0.8150
vn -0.4159 -0.4708 0.7781
vn -0.3922 -0.5549 0.7337
vn -0.3647 -0.6336 0.6823
vn -0.3337 -0.7063 0.6243
vn -0.2995 -0.7723 0.5603
vn -0.2624 -0.8308 0.4909
vn -0.2228 -0.8813 0.4168
vn -0.1810 -0.9233 0.3386
vn -0.1375 -0.9565 0.2572
vn -0.0927 -0.9805 0.1734
vn -0.0469 -0.9950 0.0878
vn -0.0553 0.9950 0.0828
vn -0.1092 0.9805 0.1634
vn -0.1621 0.9565 0.2425
vn -0.2133 0.9233 0.3193
vn -0.2626 0.8813 0.3929
vn -0.3092 0.8308 0.4628
vn -0.3530 0.7723 0.5282
vn -0.3933 0.7063 0.5886
vn -0.4298 0.6336 0.6432
vn -0.4622 0.5549 0.6917
vn -0.4902 0.4708 0.7336
vn -0.5134 0.3821 0.7684
vn -0.5317 0.2899 0.7958
vn -0.5449 0.1948 0.8155
vn -0.5529 0.0979 0.8275
vn -0.5556 -0.0000 0.8315
vn -0.5529 -0.0979 0.8275
vn -0.5449 -0.1948 0.8155
vn -0.5317 -0.2899 0.7958
vn -0.5134 -0.3821 0.7684
vn -0.4902 -0.4708 0.7336
vn -0.4622 -0.5549 0.6917
vn -0.4298 -0.6336 0.6432
vn -0.3933 -0.7063 0.5886
vn -0.3530 -0.7723 0.5282
vn -0.3092 -0.8308 0.4628
vn -0.2626 -0.8813 0.3929
vn -0.2133 -0.9233 0.3193
vn -0.1621 -0.9565 0.2425
vn -0.1092 -0.9805 0.1634
vn -0.0553 -0.9950 0.0828
vn -0.0631 0.9950 0.0769
vn -0.1247 0.9805 0.1519
vn -0.1850 0.9565 0.2255
vn -0.2436 0.9233 0.2968
vn -0.2998 0.8813 0.3653
vn -0.3531 0.8308 0.4303
vn -0.4030 0.7723 0.4911
vn -0.4491 0.7063 0.5472
vn -0.4908 0.6336 0.5980
vn -0.5278 0.5549 0.6431
vn -0.5597 0.4708 0.6820
vn -0.5862 0.3821 0.7143
vn -0.6072 0.2899 0.7398
vn -0.6222 0.1948 0.7582
vn -0.6313 0.0979 0.7693
vn -0.6344 -0.0000 0.7730
vn -0.6313 -0.0979 0.7693
vn -0.6222 -0.1948 0.7582
vn -0.6072 -0.2899 0.7398
vn -0.5862 -0.3821 0.7143
vn -0.5597 -0.4708 0.6820
vn -0.5278 -0.5549 0.6431
vn -0.4908 -0.6336 0.5980
vn -0.4491 -0.7063 0.5472
vn -0.4030 -0.7723 0.4911
vn -0.3531 -0.8308 0.4303
vn -0.2998 -0.8813 0.3653
vn -0.2436 -0.9233 0.2968
vn -0.1850 -0.9565 0.2255
vn -0.1247 -0.9805 0.1519
vn -0.0631 -0.9950 0.0769
vn -0.0704 0.9950 0.0704
vn -0.1390 0.9805 0.1390
vn -0.2063 0.9565 0.2063
vn -0.2715 0.9233 0.2715
vn -0.3342 0.8813 0.3342
vn -0.3936 0.8308 0.3936
vn -0.4492 0.7723 0.4492
vn -0.5005 0.7063 0.5005
vn -0.5470 0.6336 0.5470
vn -0.5883 0.5549 0.5883
vn -0.6239 0.4708 0.6239
vn -0.6534 0.3821 0.6534
vn -0.6767 0.2899 0.6767
vn -0.6936 0.1948 0.6936
vn -0.7037 0.0979 0.7037
vn -0.7071 -0.0000 0.7071
vn -0.7037 -0.0979 0.7037
vn -0.6936 -0.1948 0.6936
vn -0.6768 -0.2899 0.6768
vn -0.6534 -0.3821 0.6534
vn -0.6239 -0.4708 0.6239
vn -0.5883 -0.5549 0.5883
vn -0.5470 -0.6336 0.5470
vn -0.5005 -0.7063 0.5005
vn -0.4492 -0.7723 0.4492
vn -0.3936 -0.8308 0.3936
vn -0.3342 -0.8813 0.3342
vn -0.2715 -0.9233 0.2715
vn -0.2063 -0.9565 0.2063
vn -0.1390 -0.9805 0.1390
vn -0.0704 -0.9950 0.0704
vn -0.0769 0.9950 0.0631
vn -0.1519 0.9805 0.1247
vn -0.2255 0.9565 0.1850
vn -0.2968 0.9233 0.2436
vn -0.3653 0.8813 0.2998
vn -0.4303 0.8308 0.3531
vn -0.4911 0.7723 0.4030
vn -0.5472 0.7063 0.4491
vn -0.5980 0.6336 0.4908
vn -0.6431 0.5549 0.5278
vn -0.6820 0.4708 0.5597
vn -0.7143 0.3821 0.5862
vn -0.7398 0.2899 0.6072
vn -0.7582 0.1948 0.6222
vn -0.7693 0.0979 0.6313
vn -0.7730 -0.0000 0.6344
vn -0.7693 -0.0979 0.6313
vn -0.7582 -0.1948 0.6222
vn -0.7398 -0.2899 0.6072
vn -0.7143 -0.3821 0.5862
vn -0.6820 -0.4708 0.5597
vn -0.6431 -0.5549 0.5278
vn -0.5980 -0.6336 0.4908
vn -0.5472 -0.7063 0.4491
vn -0.4911 -0.7723 0.4030
vn -0.4303 -0.8308 0.3531
vn -0.3653 -0.8813 0.2998
vn -0.2968 -0.9233 0.2436
vn -0.2255 -0.9565 0.1850
vn -0.1519 -0.9805 0.1247
vn -0.0769 -0.9950 0.0631
vn -0.0828 0.9950 0.0553
vn -0.1634 0.9805 0.1092
vn -0.2425 0.9565 0.1621
vn -0.3193 0.9233 0.2133
vn -0.3929 0.8813 0.2626
vn -0.4628 0.8308 0.3092
vn -0.5282 0.7723 0.3530
vn -0.5886 0.7063 0.3933
vn -0.6432 0.6336 0.4298
vn -0.6917 0.5549 0.4622
vn -0.7336 0.4708 0.4902
vn -0.7684 0.3821 0.5134
vn -0.7958 0.2899 0.5317
vn -0.8155 0.1948 0.5449
vn -0.8275 0.0979 0.5529
vn -0.8315 -0.0000 0.5556
vn -0.8275 -0.0979 0.5529
vn -0.8155 -0.1948 0.5449
vn -0.7958 -0.2899 0.5317
vn -0.7684 -0.3821 0.5134
vn -0.7336 -0.4708 0.4902
vn -0.6917 -0.5549 0.4622
vn -0.6432 -0.6336 0.4298
vn -0.5886 -0.7063 0.3933
vn -0.5282 -0.7723 0.3530
vn -0.4628 -0.8308 0.3092
vn -0.3929 -0.8813 0.2626
vn -0.3193 -0.9233 0.2133
vn -0.2425 -0.9565 0.1621
vn -0.1634 -0.9805 0.1092
vn -0.0828 -0.9950 0.0553
vn -0.0878 0.9950 0.0469
vn -0.1734 0.9805 0.0927
vn -0.2572 0.9565 0.1375
vn -0.3386 0.9233 0.1810
vn -0.4168 0.8813 0.2228
vn -0.4909 0.8308 0.2624
vn -0.5603 0.7723 0.2995
vn -0.6243 0.7063 0.3337
vn -0.6823 0.6336 0.3647
vn -0.7337 0.5549 0.3922
vn -0.7781 0.4708 0.4159
vn -0.8150 0.3821 0.4356
vn -0.8441 0.2899 0.4512
vn -0.8650 0.1948 0.4624
vn -0.8777 0.0979 0.4691
vn -0.8819 -0.0000 0.4714
vn -0.8777 -0.0979 0.4691
vn -0.8650 -0.1948 0.4624
vn -0.8441 -0.2899 0.4512
vn -0.8150 -0.3821 0.4356
vn -0.7781 -0.4708 0.4159
vn -0.7337 -0.5549 0.3922
vn -0.6823 -0.6336 0.3647
vn -0.6243 -0.7063 0.3337
vn -0.5603 -0.7723 0.2995
vn -0.4909 -0.8308 0.2624
vn -0.4168 -0.8813 0.2228
vn -0.3386 -0.9233 0.1810
vn -0.2572 -0.9565 0.1375
vn -0.1734 -0.9805 0.0927
vn -0.0878 -0.9950 0.0469
vn -0.0920 0.9950 0.0381
vn -0.1816 0.9805 0.0752
vn -0.2695 0.9565 0.1116
vn -0.3548 0.9233 0.1469
vn -0.4366 0.8813 0.1809
vn -0.5143 0.8308 0.2130
vn -0.5869 0.7723 0.2431
vn -0.6540 0.7063 0.2709
vn -0.7147 0.6336 0.2961
vn -0.7686 0.5549 0.3184
vn -0.8151 0.4708 0.3376
vn -0.8538 0.3821 0.3536
vn -0.8842 0.2899 0.3663
vn -0.9062 0.1948 0.3754
vn -0.9194 0.0979 0.3808
vn -0.9239 -0.0000 0.3827
vn -0.9194 -0.0979 0.3808
vn -0.9062 -0.1948 0.3754
vn -0.8842 -0.2899 0.3663
vn -0.8538 -0.3821 0.3536
vn -0.8151 -0.4708 0.3376
vn -0.7686 -0.5549 0.3184
vn -0.7147 -0.6336 0.2961
vn -0.6540 -0.7063 0.2709
vn -0.5869 -0.7723 0.2431
vn -0.5143 -0.8308 0.2130
vn -0.4366 -0.8813 0.1809
vn -0.3548 -0.9233 0.1469
vn -0.2695 -0.9565 0.1116
vn -0.1816 -0.9805 0.0752
vn -0.0920 -0.9950 0.0381
vn -0.0952 0.9950 0.0289
vn -0.1881 0.9805 0.0571
vn -0.2791 0.9565 0.0847
vn -0.3675 0.9233 0.1115
vn -0.4522 0.8813 0.1372
vn -0.5327 0.8308 0.1616
vn -0.6080 0.7723 0.1844
vn -0.6774 0.7063 0.2055
vn -0.7403 0.6336 0.2246
vn -0.7961 0.5549 0.2415
vn -0.8443 0.4708 0.2561
vn -0.8843 0.3821 0.2683
vn -0.9159 0.2899 0.2778
vn -0.9386 0.1948 0.2847
vn -0.9523 0.0979 0.2889
vn -0.9569 -0.0000 0.2903
vn -0.9523 -0.0979 0.2889
vn -0.9386 -0.1948 0.2847
vn -0.9159 -0.2899 0.2778
vn -0.8843 -0.3821 0.2683
vn -0.8443 -0.4708 0.2561
vn -0.7961 -0.5549 0.2415
vn -0.7403 -0.6336 0.2246
vn -0.6774 -0.7063 0.2055
vn -0.6080 -0.7723 0.1844
vn -0.5327 -0.8308 0.1616
vn -0.4522 -0.8813 0.1372
vn -0.3675 -0.9233 0.1115
vn -0.2791 -0.9565 0.0847
vn -0.1881 -0.9805 0.0571
vn -0.0952 -0.9950 0.0289
vn -0.0976 0.9950 0.0194
vn -0.1928 0.9805 0.0383
vn -0.2861 0.9565 0.0569
vn -0.3766 0.9233 0.0749
vn -0.4635 0.8813 0.0922
vn -0.5459 0.8308 0.1086
vn -0.6231 0.7723 0.1239
vn -0.6943 0.7063 0.1381
vn -0.7588 0.6336 0.1509
vn -0.8160 0.5549 0.1623
vn -0.8653 0.4708 0.1721
vn -0.9063 0.3821 0.1803
vn -0.9387 0.2899 0.1867
vn -0.9620 0.1948 0.1914
vn -0.9761 0.0979 0.1942
vn -0.9808 -0.0000 0.1951
vn -0.9761 -0.0979 0.1942
vn -0.9620 -0.1948 0.1914
vn -0.9387 -0.2899 0.1867
vn -0.9063 -0.3821 0.1803
vn -0.8653 -0.4708 0.1721
vn -0.8160 -0.5549 0.1623
vn -0.7588 -0.6336 0.1509
vn -0.6943 -0.7063 0.1381
vn -0.6231 -0.7723 0.1239
vn -0.5459 -0.8308 0.1086
vn -0.4635 -0.8813 0.0922
vn -0.3766 -0.9233 0.0749
vn -0.2861 -0.9565 0.0569
vn -0.1928 -0.9805 0.0383
vn -0.0976 -0.9950 0.0194
vn -0.0000 1.0000 -0.0000
vn -0.0991 0.9950 0.0098
vn -0.1956 0.9805 0.0193
vn -0.2903 0.9565 0.0286
vn -0.3821 0.9233 0.0376
vn -0.4703 0.8813 0.0463
vn -0.5539 0.8308 0.0546
vn -0.6322 0.7723 0.0623
vn -0.7045 0.7063 0.0694
vn -0.7699 0.6336 0.0758
vn -0.8279 0.5549 0.0815
vn -0.8780 0.4708 0.0865
vn -0.9197 0.3821 0.0906
vn -0.9525 0.2899 0.0938
vn -0.9761 0.1948 0.0961
vn -0.9904 0.0979 0.0975
vn -0.9952 -0.0000 0.0980
vn -0.9904 -0.0979 0.0975
vn -0.9761 -0.1948 0.0961
vn -0.9525 -0.2899 0.0938
vn -0.9197 -0.3821 0.0906
vn -0.8780 -0.4708 0.0865
vn -0.8279 -0.5549 0.0815
vn -0.7699 -0.6336 0.0758
vn -0.7045 -0.7063 0.0694
vn -0.6322 -0.7723 0.0623
vn -0.5539 -0.8308 0.0546
vn -0.4703 -0.8813 0.0463
vn -0.3821 -0.9233 0.0376
vn -0.2903 -0.9565 0.0286
vn -0.1956 -0.9805 0.0193
vn -0.0991 -0.9950 0.0098
vn -0.0995 0.9950 -0.0000
vn -0.1966 0.9805 -0.0000
vn -0.2917 0.9565 -0.0000
vn -0.3840 0.9233 -0.0000
vn -0.4726 0.8813 -0.0000
vn -0.5566 0.8308 -0.0000
vn -0.6353 0.7723 -0.0000
vn -0.7079 0.7063 -0.0000
vn -0.7736 0.6336 -0.0000
vn -0.8319 0.5549 -0.0000
vn -0.8823 0.4708 -0.0000
vn -0.9241 0.3821 -0.0000
vn -0.9571 0.2899 -0.0000
vn -0.9808 0.1948 -0.0000
vn -0.9952 0.0979 -0.0000
vn -1.0000 -0.0000 -0.0000
vn -0.9952 -0.0979 -0.0000
vn -0.9808 -0.1948 -0.0000
vn -0.9571 -0.2899 -0.0000
vn -0.9241 -0.3821 -0.0000
vn -0.8823 -0.4708 -0.0000
vn -0.8319 -0.5549 -0.0000
vn -0.7736 -0.6336 -0.0000
vn -0.7079 -0.7063 -0.0000
vn -0.6353 -0.7723 -0.0000
vn -0.5566 -0.8308 -0.0000
vn -0.4726 -0.8813 -0.0000
vn -0.3840 -0.9233 -0.0000
vn -0.2917 -0.9565 -0.0000
vn -0.1966 -0.9805 -0.0000
vn -0.0995 -0.9950 -0.0000
vn -0.0991 0.9950 -0.0098
vn -0.1956 0.9805 -0.0193
vn -0.2903 0.9565 -0.0286
vn -0.3821 0.9233 -0.0376
vn -0.4703 0.8813 -0.0463
vn -0.5539 0.8308 -0.0546
vn -0.6322 0.7723 -0.0623
vn -0.7045 0.7063 -0.0694
vn -0.7699 0.6336 -0.0758
vn -0.8279 0.5549 -0.0815
vn -0.8780 0.4708 -0.0865
vn -0.9197 0.3821 -0.0906
vn -0.9525 0.2899 -0.0938
vn -0.9761 0.1948 -0.0961
vn -0.9904 0.0979 -0.0975
vn -0.9952 -0.0000 -0.0980
vn -0.9904 -0.0979 -0.0975
vn -0.9761 -0.1948 -0.0961
vn -0.9525 -0.2899 -0.0938
vn -0.9197 -0.3821 -0.0906
vn -0.8780 -0.4708 -0.0865
vn -0.8279 -0.5549 -0.0815
vn -0.7699 -0.6336 -0.0758
vn -0.7045 -0.7063 -0.0694
vn -0.6322 -0.7723 -0.0623
vn -0.5539 -0.8308 -0.0546
vn -0.4703 -0.8813 -0.0463
vn -0.3821 -0.9233 -0.0376
vn -0.2903 -0.9565 -0.0286
vn -0.1956 -0.9805 -0.0193
vn -0.0991 -0.9950 -0.0098
vn -0.0976 0.9950 -0.0194
vn -0.1928 0.9805 -0.0383
vn -0.2861 0.9565 -0.0569
vn -0.3766 0.9233 -0.0749
vn -0.4635 0.8813 -0.0922
vn -0.5459 0.8308 -0.1086
vn -0.6231 0.7723 -0.1239
vn -0.6943 0.7063 -0.1381
vn -0.7588 0.6336 -0.1509
vn -0.8160 0.5549 -0.1623
vn -0.8653 0.4708 -0.1721
vn -0.9063 0.3821 -0.1803
vn -0.9387 0.2899 -0.1867
vn -0.9620 0.1948 -0.1914
vn -0.9761 0.0979 -0.1942
vn -0.9808 -0.0000 -0.1951
vn -0.9761 -0.0979 -0.1942
vn -0.9620 -0.1948 -0.1914
vn -0.9387 -0.2899 -0.1867
vn -0.9063 -0.3821 -0.1803
vn -0.8653 -0.4708 -0.1721
vn -0.8160 -0.5549 -0.1623
vn -0.7588 -0.6336 -0.1509
vn -0.6943 -0.7063 -0.1381
vn -0.6231 -0.7723 -0.1239
vn -0.5459 -0.8308 -0.1086
vn -0.4635 -0.8813 -0.0922
vn -0.3766 -0.9233 -0.0749
vn -0.2861 -0.9565 -0.0569
vn -0.1928 -0.9805 -0.0383
vn -0.0976 -0.9950 -0.0194
vn -0.0952 0.9950 -0.0289
vn -0.1881 0.9805 -0.0571
vn -0.2791 0.9565 -0.0847
vn -0.3675 0.9233 -0.1115
vn -0.4522 0.8813 -0.1372
vn -0.5327 0.8308 -0.1616
vn -0.6080 0.7723 -0.1844
vn -0.6774 0.7063 -0.2055
vn -0.7403 0.6336 -0.2246
vn -0.7961 0.5549 -0.2415
vn -0.8443 0.4708 -0.2561
vn -0.8843 0.3821 -0.2683
vn -0.9159 0.2899 -0.2778
vn -0.9386 0.1948 -0.2847
vn -0.9523 0.0979 -0.2889
vn -0.9569 -0.0000 -0.2903
vn -0.9523 -0.0979 -0.2889
vn -0.9386 -0.1948 -0.2847
vn -0.9159 -0.2899 -0.2778
vn -0.8843 -0.3821 -0.2683
vn -0.8443 -0.4708 -0.2561
vn -0.7961 -0.5549 -0.2415
vn -0.7403 -0.6336 -0.2246
vn -0.6774 -0.7063 -0.2055
vn -0.6080 -0.7723 -0.1844
vn -0.5327 -0.8308 -0.1616
vn -0.4522 -0.8813 -0.1372
vn -0.3675 -0.9233 -0.1115
vn -0.2791 -0.9565 -0.0847
vn -0.1881 -0.9805 -0.0571
vn -0.0952 -0.9950 -0.0289
vn -0.0920 0.9950 -0.0381
vn -0.1816 0.9805 -0.0752
vn -0.2695 0.9565 -0.1116
vn -0.3548 0.9233 -0.1469
vn -0.4366 0.8813 -0.1809
vn -0.5143 0.8308 -0.2130
vn -0.5869 0.7723 -0.2431
vn -0.6540 0.7063 -0.2709
vn -0.7147 0.6336 -0.2961
vn -0.7686 0.5549 -0.3184
vn -0.8151 0.4708 -0.3376
vn -0.8538 0.3821 -0.3536
vn -0.8842 0.2899 -0.3663
vn -0.9062 0.1948 -0.3754
vn -0.9194 0.0979 -0.3808
vn -0.9239 -0.0000 -0.3827
vn -0.9194 -0.0979 -0.3808
vn -0.9062 -0.1948 -0.3754
vn -0.8842 -0.2899 -0.3663
vn -0.8538 -0.3821 -0.3536
vn -0.8151 -0.4708 -0.3376
vn -0.7686 -0.5549 -0.3184
vn -0.7147 -0.6336 -0.2961
vn -0.6540 -0.7063 -0.2709
vn -0.5869 -0.7723 -0.2431
vn -0.5143 -0.8308 -0.2130
vn -0.4366 -0.8813 -0.1809
vn -0.3548 -0.9233 -0.1469
vn -0.2695 -0.9565 -0.1116
vn -0.1816 -0.9805 -0.0752
vn -0.0920 -0.9950 -0.0381
vn -0.0878 0.9950 -0.0469
vn -0.1734 0.9805 -0.0927
vn -0.2572 0.9565 -0.1375
vn -0.3386 0.9233 -0.1810
vn -0.4168 0.8813 -0.2228
vn -0.4909 0.8308 -0.2624
vn -0.5603 0.7723 -0.2995
vn -0.6243 0.7063 -0.3337
vn -0.6823 0.6336 -0.3647
vn -0.7337 0.5549 -0.3922
vn -0.7781 0.4708 -0.4159
vn -0.8150 0.3821 -0.4356
vn -0.8441 0.2899 -0.4512
vn -0.8650 0.1948 -0.4624
vn -0.8777 0.0979 -0.4691
vn -0.8819 -0.0000 -0.4714
vn -0.8777 -0.0979 -0.4691
vn -0.8650 -0.1948 -0.4624
vn -0.8441 -0.2899 -0.4512
vn -0.8150 -0.3821 -0.4356
vn -0.7781 -0.4708 -0.4159
vn -0.7337 -0.5549 -0.3922
vn -0.6823 -0.6336 -0.3647
vn -0.6243 -0.7063 -0.3337
vn -0.5603 -0.7723 -0.2995
vn -0.4909 -0.8308 -0.2624
vn -0.4168 -0.8813 -0.2228
vn -0.3386 -0.9233 -0.1810
vn -0.2572 -0.9565 -0.1375
vn -0.1734 -0.9805 -0.0927
vn -0.0878 -0.9950 -0.0469
vn -0.0828 0.9950 -0.0553
vn -0.1634 0.9805 -0.1092
vn -0.2425 0.9565 -0.1621
vn -0.3193 0.9233 -0.2133
vn -0.3929 0.8813 -0.2626
vn -0.4628 0.8308 -0.3092
vn -0.5282 0.7723 -0.3530
vn -0.5886 0.7063 -0.3933
vn -0.6432 0.6336 -0.4298
vn -0.6917 0.5549 -0.4622
vn -0.7336 0.4708 -0.4902
vn -0.7684 0.3821 -0.5134
vn -0.7958 0.2899 -0.5317
vn -0.8155 0.1948 -0.5449
vn -0.8275 0.0979 -0.5529
vn -0.8315 -0.0000 -0.5556
vn -0.8275 -0.0979 -0.5529
vn -0.8155 -0.1948 -0.5449
vn -0.7958 -0.2899 -0.5317
vn -0.7684 -0.3821 -0.5134
vn -0.7336 -0.4708 -0.4902
vn -0.6917 -0.5549 -0.4622
vn -0.6432 -0.6336 -0.4298
vn -0.5886 -0.7063 -0.3933
vn -0.5282 -0.7723 -0.3530
vn -0.4628 -0.8308 -0.3092
vn -0.3929 -0.8813 -0.2626
vn -0.3193 -0.9233 -0.2133
vn -0.2425 -0.9565 -0.1621
vn -0.1634 -0.9805 -0.1092
vn -0.0828 -0.9950 -0.0553
vn -0.0769 0.9950 -0.0631
vn -0.1519 0.9805 -0.1247
vn -0.2255 0.9565 -0.1850
vn -0.2968 0.9233 -0.2436
vn -0.3653 0.8813 -0.2998
vn -0.4303 0.8308 -0.3531
vn -0.4911 0.7723 -0.4030
vn -0.5472 0.7063 -0.4491
vn -0.5980 0.6336 -0.4908
vn -0.6431 0.5549 -0.5278
vn -0.6820 0.4708 -0.5597
vn -0.7143 0.3821 -0.5862
vn -0.7398 0.2899 -0.6072
vn -0.7582 0.1948 -0.6222
vn -0.7693 0.0979 -0.6313
vn -0.7730 -0.0000 -0.6344
vn -0.7693 -0.0979 -0.6313
vn -0.7582 -0.1948 -0.6222
vn -0.7398 -0.2899 -0.6072
vn -0.7143 -0.3821 -0.5862
vn -0.6820 -0.4708 -0.5597
vn -0.6431 -0.5549 -0.5278
vn -0.5980 -0.6336 -0.4908
vn -0.5472 -0.7063 -0.4491
vn -0.4911 -0.7723 -0.4030
vn -0.4303 -0.8308 -0.3531
vn -0.3653 -0.8813 -0.2998
vn -0.2968 -0.9233 -0.2436
vn -0.2255 -0.9565 -0.1850
vn -0.1519 -0.9805 -0.1247
vn -0.0769 -0.9950 -0.0631
vn -0.0704 0.9950 -0.0704
vn -0.1390 0.9805 -0.1390
vn -0.2063 0.9565 -0.2063
vn -0.2715 0.9233 -0.2715
vn -0.3342 0.8813 -0.3342
vn -0.3936 0.8308 -0.3936
vn -0.4492 0.7723 -0.4492
vn -0.5005 0.7063 -0.5005
vn -0.5470 0.6336 -0.5470
vn -0.5883 0.5549 -0.5883
vn -0.6239 0.4708 -0.6239
vn -0.6534 0.3821 -0.6534
vn -0.6767 0.2899 -0.6767
vn -0.6936 0.1948 -0.6936
vn -0.7037 0.0979 -0.7037
vn -0.7071 -0.0000 -0.7071
vn -0.7037 -0.0979 -0.7037
vn -0.6936 -0.1948 -0.6936
vn -0.6767 -0.2899 -0.6768
vn -0.6534 -0.3821 -0.6534
vn -0.6239 -0.4708 -0.6239
vn -0.5883 -0.5549 -0.5883
vn -0.5470 -0.6336 -0.5470
vn -0.5005 -0.7063 -0.5005
vn -0.4492 -0.7723 -0.4492
vn -0.3936 -0.8308 -0.3936
vn -0.3342 -0.8813 -0.3342
vn -0.2715 -0.9233 -0.2715
vn -0.2063 -0.9565 -0.2063
vn -0.1390 -0.9805 -0.1390
vn -0.0704 -0.9950 -0.0704
vn -0.0631 0.9950 -0.0769
vn -0.1247 0.9805 -0.1519
vn -0.1850 0.9565 -0.2255
vn -0.2436 0.9233 -0.2968
vn -0.2998 0.8813 -0.3653
vn -0.3531 0.8308 -0.4303
vn -0.4030 0.7723 -0.4911
vn -0.4491 0.7063 -0.5472
vn -0.4908 0.6336 -0.5980
vn -0.5278 0.5549 -0.6431
vn -0.5597 0.4708 -0.6820
vn -0.5862 0.3821 -0.7143
vn -0.6072 0.2899 -0.7398
vn -0.6222 0.1948 -0.7582
vn -0.6313 0.0979 -0.7693
vn -0.6344 -0.0000 -0.7730
vn -0.6313 -0.0979 -0.7693
vn -0.6222 -0.1948 -0.7582
vn -0.6072 -0.2899 -0.7398
vn -0.5862 -0.3821 -0.7143
vn -0.5597 -0.4708 -0.6820
vn -0.5278 -0.5549 -0.6431
vn -0.4908 -0.6336 -0.5980
vn -0.4491 -0.7063 -0.5472
vn -0.4030 -0.7723 -0.4911
vn -0.3531 -0.8308 -0.4303
vn -0.2998 -0.8813 -0.3653
vn -0.2436 -0.9233 -0.2968
vn -0.1850 -0.9565 -0.2255
vn -0.1247 -0.9805 -0.1519
vn -0.0631 -0.9950 -0.0769
vn -0.0553 0.9950 -0.0828
vn -0.1092 0.9805 -0.1634
vn -0.1621 0.9565 -0.2425
vn -0.2133 0.9233 -0.3193
vn -0.2626 0.8813 -0.3929
vn -0.3092 0.8308 -0.4628
vn -0.3530 0.7723 -0.5282
vn -0.3933 0.7063 -0.5886
vn -0.4298 0.6336 -0.6432
vn -0.4622 0.5549 -0.6917
vn -0.4902 0.4708 -0.7336
vn -0.5134 0.3821 -0.7684
vn -0.5317 0.2899 -0.7958
vn -0.5449 0.1948 -0.8155
vn -0.5529 0.0979 -0.8275
vn -0.5556 -0.0000 -0.8315
vn -0.5529 -0.0979 -0.8275
vn -0.5449 -0.1948 -0.8155
vn -0.5317 -0.2899 -0.7958
vn -0.5134 -0.3821 -0.7684
vn -0.4902 -0.4708 -0.7336
vn -0.4622 -0.5549 -0.6917
vn -0.4298 -0.6336 -0.6432
vn -0.3933 -0.7063 -0.5886
vn -0.3530 -0.7723 -0.5282
vn -0.3092 -0.8308 -0.4628
vn -0.2626 -0.8813 -0.3929
vn -0.2133 -0.9233 -0.3193
vn -0.1621 -0.9565 -0.2425
vn -0.1092 -0.9805 -0.1634
vn -0.0553 -0.9950 -0.0828
vn -0.0469 0.9950 -0.0878
vn -0.0927 0.9805 -0.1734
vn -0.1375 0.9565 -0.2572
vn -0.1810 0.9233 -0.3386
vn -0.2228 0.8813 -0.4168
vn -0.2624 0.8308 -0.4909
vn -0.2995 0.7723 -0.5603
vn -0.3337 0.7063 -0.6243
vn -0.3647 0.6336 -0.6823
vn -0.3922 0.5549 -0.7337
vn -0.4159 0.4708 -0.7781
vn -0.4356 0.3821 -0.8150
vn -0.4512 0.2899 -0.8441
vn -0.4624 0.1948 -0.8650
vn -0.4691 0.0979 -0.8777
vn -0.4714 -0.0000 -0.8819
vn -0.4691 -0.0979 -0.8777
vn -0.4624 -0.1948 -0.8650
vn -0.4512 -0.2899 -0.8441
vn -0.4356 -0.3821 -0.8150
vn -0.4159 -0.4708 -0.7781
vn -0.3922 -0.5549 -0.7337
vn -0.3647 -0.6336 -0.6823
vn -0.3337 -0.7063 -0.6243
vn -0.2995 -0.7723 -0.5603
vn -0.2624 -0.8308 -0.4909
vn -0.2228 -0.8813 -0.4168
vn -0.1810 -0.9233 -0.3386
vn -0.1375 -0.9565 -0.2572
vn -0.0927 -0.9805 -0.1734
vn -0.0469 -0.9950 -0.0878
vn -0.0381 0.9950 -0.0920
vn -0.0752 0.9805 -0.1816
vn -0.1116 0.9565 -0.2695
vn -0.1469 0.9233 -0.3548
vn -0.1809 0.8813 -0.4366
vn -0.2130 0.8308 -0.5143
vn -0.2431 0.7723 -0.5869
vn -0.2709 0.7063 -0.6540
vn -0.2961 0.6336 -0.7147
vn -0.3184 0.5549 -0.7686
vn -0.3376 0.4708 -0.8151
vn -0.3536 0.3821 -0.8538
vn -0.3663 0.2899 -0.8842
vn -0.3754 0.1948 -0.9062
vn -0.3808 0.0979 -0.9194
vn -0.3827 -0.0000 -0.9239
vn -0.3808 -0.0979 -0.9194
vn -0.3754 -0.1948 -0.9062
vn -0.3663 -0.2899 -0.8842
vn -0.3536 -0.3821 -0.8538
vn -0.3376 -0.4708 -0.8151
vn -0.3184 -0.5549 -0.7686
vn -0.2961 -0.6336 -0.7147
vn -0.2709 -0.7063 -0.6540
vn -0.2431 -0.7723 -0.5869
vn -0.2130 -0.8308 -0.5143
vn -0.1809 -0.8813 -0.4366
vn -0.1469 -0.9233 -0.3548
vn -0.1116 -0.9565 -0.2695
vn -0.0752 -0.9805 -0.1816
vn -0.0381 -0.9950 -0.0920
vn -0.0289 0.9950 -0.0952
vn -0.0571 0.9805 -0.1881
vn -0.0847 0.9565 -0.2791
vn -0.1115 0.9233 -0.3675
vn -0.1372 0.8813 -0.4522
vn -0.1616 0.8308 -0.5327
vn -0.1844 0.7723 -0.6080
vn -0.2055 0.7063 -0.6774
vn -0.2246 0.6336 -0.7403
vn -0.2415 0.5549 -0.7961
vn -0.2561 0.4708 -0.8443
vn -0.2683 0.3821 -0.8843
vn -0.2778 0.2899 -0.9159
vn -0.2847 0.1948 -0.9386
vn -0.2889 0.0979 -0.9523
vn -0.2903 -0.0000 -0.9569
vn -0.2889 -0.0979 -0.9523
vn -0.2847 -0.1948 -0.9386
vn -0.2778 -0.2899 -0.9159
vn -0.2683 -0.3821 -0.8843
vn -0.2561 -0.4708 -0.8443
vn -0.2415 -0.5549 -0.7961
vn -0.2246 -0.6336 -0.7403
vn -0.2055 -0.7063 -0.6774
vn -0.1844 -0.7723 -0.6080
vn -0.1616 -0.8308 -0.5327
vn -0.1372 -0.8813 -0.4522
vn -0.1115 -0.9233 -0.3675
vn -0.0847 -0.9565 -0.2791
vn -0.0571 -0.9805 -0.1881
vn -0.0289 -0.9950 -0.0952
vn -0.0194 0.9950 -0.0976
vn -0.0383 0.9805 -0.1928
vn -0.0569 0.9565 -0.2861
vn -0.0749 0.9233 -0.3766
vn -0.0922 0.8813 -0.4635
vn -0.1086 0.8308 -0.5459
vn -0.1239 0.7723 -0.6231
vn -0.1381 0.7063 -0.6943
vn -0.1509 0.6336 -0.7588
vn -0.1623 0.5549 -0.8160
vn -0.1721 0.4708 -0.8653
vn -0.1803 0.3821 -0.9063
vn -0.1867 0.2899 -0.9387
vn -0.1914 0.1948 -0.9620
vn -0.1942 0.0979 -0.9761
vn -0.1951 -0.0000 -0.9808
vn -0.1942 -0.0979 -0.9761
vn -0.1914 -0.1948 -0.9620
vn -0.1867 -0.2899 -0.9387
vn -0.1803 -0.3821 -0.9063
vn -0.1721 -0.4708 -0.8653
vn -0.1623 -0.5549 -0.8160
vn -0.1509 -0.6336 -0.7588
vn -0.1381 -0.7063 -0.6943
vn -0.1239 -0.7723 -0.6231
vn -0.1086 -0.8308 -0.5459
vn -0.0922 -0.8813 -0.4635
vn -0.0749 -0.9233 -0.3766
vn -0.0569 -0.9565 -0.2861
vn -0.0383 -0.9805 -0.1928
vn -0.0194 -0.9950 -0.0976
vn -0.0098 0.9950 -0.0991
vn -0.0193 0.9805 -0.1956
vn -0.0286 0.9565 -0.2903
vn -0.0376 0.9233 -0.3821
vn -0.0463 0.8813 -0.4703
vn -0.0546 0.8308 -0.5539
vn -0.0623 0.7723 -0.6322
vn -0.0694 0.7063 -0.7045
vn -0.0758 0.6336 -0.7699
vn -0.0815 0.5549 -0.8279
vn -0.0865 0.4708 -0.8780
vn -0.0906 0.3821 -0.9197
vn -0.0938 0.2899 -0.9525
vn -0.0961 0.1948 -0.9761
vn -0.0975 0.0979 -0.9904
vn -0.0980 -0.0000 -0.9952
vn -0.0975 -0.0979 -0.9904
vn -0.0961 -0.1948 -0.9761
vn -0.0938 -0.2899 -0.9525
vn -0.0906 -0.3821 -0.9197
vn -0.0865 -0.4708 -0.8780
vn -0.0815 -0.5549 -0.8279
vn -0.0758 -0.6336 -0.7699
vn -0.0694 -0.7063 -0.7045
vn -0.0623 -0.7723 -0.6322
vn -0.0546 -0.8308 -0.5539
vn -0.0463 -0.8813 -0.4703
vn -0.0376 -0.9233 -0.3821
vn -0.0286 -0.9565 -0.2903
vn -0.0193 -0.9805 -0.1956
vn -0.0098 -0.9950 -0.0991
vn -0.0000 0.9805 -0.1966
vn -0.0000 0.8813 -0.4726
vn -0.0000 0.8308 -0.5566
vn -0.0000 0.5549 -0.8319
vn -0.0000 0.3821 -0.9241
vn -0.0000 -0.1948 -0.9808
vn -0.0000 -0.2899 -0.9571
vn -0.0000 -0.4708 -0.8823
vn -0.0000 -0.5549 -0.8319
vn -0.0000 -0.6336 -0.7736
vn -0.0000 -0.7063 -0.7079
vn -0.0000 -0.8308 -0.5566
vn -0.0000 -0.8813 -0.4726
vn -0.0000 -0.9805 -0.1966
vn 0.6768 0.2899 -0.6767
vn 0.0953 0.9950 0.0289
vn 0.6767 0.2899 0.6768
vt 0.750000 0.937500
vt 0.750000 0.968750
vt 0.734375 0.968750
vt 0.734375 0.937500
vt 0.750000 0.093750
vt 0.750000 0.125000
vt 0.734375 0.125000
vt 0.734375 0.093750
vt 0.750000 0.500000
vt 0.750000 0.531250
vt 0.734375 0.531250
vt 0.734375 0.500000
vt 0.750000 0.906250
vt 0.734375 0.906250
vt 0.750000 0.062500
vt 0.734375 0.062500
vt 0.750000 0.468750
vt 0.734375 0.468750
vt 0.750000 0.875000
vt 0.734375 0.875000
vt 0.750000 0.031250
vt 0.734375 0.031250
vt 0.750000 0.437500
vt 0.734375 0.437500
vt 0.750000 0.843750
vt 0.734375 0.843750
vt 0.742188 0.000000
vt 0.750000 0.406250
vt 0.734375 0.406250
vt 0.750000 0.812500
vt 0.734375 0.812500
vt 0.750000 0.375000
vt 0.734375 0.375000
vt 0.750000 0.781250
vt 0.734375 0.781250
vt 0.750000 0.343750
vt 0.734375 0.343750
vt 0.750000 0.750000
vt 0.734375 0.750000
vt 0.750000 0.312500
vt 0.734375 0.312500
vt 0.750000 0.718750
vt 0.734375 0.718750
vt 0.750000 0.281250
vt 0.734375 0.281250
vt 0.750000 0.687500
vt 0.734375 0.687500
vt 0.750000 0.250000
vt 0.734375 0.250000
vt 0.750000 0.656250
vt 0.734375 0.656250
vt 0.750000 0.218750
vt 0.734375 0.218750
vt 0.750000 0.625000
vt 0.734375 0.625000
vt 0.750000 0.187500
vt 0.734375 0.187500
vt 0.750000 0.593750
vt 0.734375 0.593750
vt 0.750000 0.156250
vt 0.734375 0.156250
vt 0.750000 0.562500
vt 0.734375 0.562500
vt 0.742188 1.000000
vt 0.718750 0.718750
vt 0.718750 0.687500
vt 0.718750 0.281250
vt 0.718750 0.250000
vt 0.718750 0.656250
vt 0.718750 0.218750
vt 0.718750 0.625000
vt 0.718750 0.187500
vt 0.718750 0.593750
vt 0.718750 0.156250
vt 0.718750 0.562500
vt 0.726562 1.000000
vt 0.718750 0.968750
vt 0.718750 0.125000
vt 0.718750 0.531250
vt 0.718750 0.937500
vt 0.718750 0.093750
vt 0.718750 0.500000
vt 0.718750 0.906250
vt 0.718750 0.062500
vt 0.718750 0.468750
vt 0.718750 0.875000
vt 0.718750 0.031250
vt 0.718750 0.437500
vt 0.718750 0.843750
vt 0.726562 0.000000
vt 0.718750 0.406250
vt 0.718750 0.812500
vt 0.718750 0.375000
vt 0.718750 0.781250
vt 0.718750 0.343750
vt 0.718750 0.750000
vt 0.718750 0.312500
vt 0.703125 0.656250
vt 0.703125 0.625000
vt 0.703125 0.218750
vt 0.703125 0.187500
vt 0.703125 0.593750
vt 0.703125 0.156250
vt 0.703125 0.562500
vt 0.710938 1.000000
vt 0.703125 0.968750
vt 0.703125 0.125000
vt 0.703125 0.531250
vt 0.703125 0.937500
vt 0.703125 0.093750
vt 0.703125 0.500000
vt 0.703125 0.906250
vt 0.703125 0.062500
vt 0.703125 0.468750
vt 0.703125 0.875000
vt 0.703125 0.031250
vt 0.703125 0.437500
vt 0.703125 0.843750
vt 0.710937 0.000000
vt 0.703125 0.406250
vt 0.703125 0.812500
vt 0.703125 0.375000
vt 0.703125 0.781250
vt 0.703125 0.343750
vt 0.703125 0.750000
vt 0.703125 0.312500
vt 0.703125 0.718750
vt 0.703125 0.281250
vt 0.703125 0.687500
vt 0.703125 0.250000
vt 0.687500 0.593750
vt 0.687500 0.562500
vt 0.695312 1.000000
vt 0.687500 0.968750
vt 0.687500 0.156250
vt 0.687500 0.125000
vt 0.687500 0.531250
vt 0.687500 0.937500
vt 0.687500 0.093750
vt 0.687500 0.500000
vt 0.687500 0.906250
vt 0.687500 0.062500
vt 0.687500 0.468750
vt 0.687500 0.875000
vt 0.687500 0.031250
vt 0.687500 0.437500
vt 0.687500 0.843750
vt 0.695312 0.000000
vt 0.687500 0.406250
vt 0.687500 0.812500
vt 0.687500 0.375000
vt 0.687500 0.781250
vt 0.687500 0.343750
vt 0.687500 0.750000
vt 0.687500 0.312500
vt 0.687500 0.718750
vt 0.687500 0.281250
vt 0.687500 0.687500
vt 0.687500 0.250000
vt 0.687500 0.656250
vt 0.687500 0.218750
vt 0.687500 0.625000
vt 0.687500 0.187500
vt 0.671875 0.531250
vt 0.671875 0.500000
vt 0.671875 0.937500
vt 0.671875 0.906250
vt 0.671875 0.093750
vt 0.671875 0.062500
vt 0.671875 0.468750
vt 0.671875 0.875000
vt 0.671875 0.031250
vt 0.671875 0.437500
vt 0.671875 0.843750
vt 0.679687 0.000000
vt 0.671875 0.406250
vt 0.671875 0.812500
vt 0.671875 0.375000
vt 0.671875 0.781250
vt 0.671875 0.343750
vt 0.671875 0.750000
vt 0.671875 0.312500
vt 0.671875 0.718750
vt 0.671875 0.281250
vt 0.671875 0.687500
vt 0.671875 0.250000
vt 0.671875 0.656250
vt 0.671875 0.218750
vt 0.671875 0.625000
vt 0.671875 0.187500
vt 0.671875 0.593750
vt 0.671875 0.156250
vt 0.671875 0.562500
vt 0.679688 1.000000
vt 0.671875 0.968750
vt 0.671875 0.125000
vt 0.656250 0.468750
vt 0.656250 0.437500
vt 0.656250 0.875000
vt 0.656250 0.843750
vt 0.664062 0.000000
vt 0.656250 0.031250
vt 0.656250 0.406250
vt 0.656250 0.812500
vt 0.656250 0.375000
vt 0.656250 0.781250
vt 0.656250 0.343750
vt 0.656250 0.750000
vt 0.656250 0.312500
vt 0.656250 0.718750
vt 0.656250 0.281250
vt 0.656250 0.687500
vt 0.656250 0.250000
vt 0.656250 0.656250
vt 0.656250 0.218750
vt 0.656250 0.625000
vt 0.656250 0.187500
vt 0.656250 0.593750
vt 0.656250 0.156250
vt 0.656250 0.562500
vt 0.664062 1.000000
vt 0.656250 0.968750
vt 0.656250 0.125000
vt 0.656250 0.531250
vt 0.656250 0.937500
vt 0.656250 0.093750
vt 0.656250 0.500000
vt 0.656250 0.906250
vt 0.656250 0.062500
vt 0.640625 0.406250
vt 0.640625 0.375000
vt 0.640625 0.812500
vt 0.640625 0.781250
vt 0.640625 0.343750
vt 0.640625 0.750000
vt 0.640625 0.312500
vt 0.640625 0.718750
vt 0.640625 0.281250
vt 0.640625 0.687500
vt 0.640625 0.250000
vt 0.640625 0.656250
vt 0.640625 0.218750
vt 0.640625 0.625000
vt 0.640625 0.187500
vt 0.640625 0.593750
vt 0.640625 0.156250
vt 0.640625 0.562500
vt 0.648437 1.000000
vt 0.640625 0.968750
vt 0.640625 0.125000
vt 0.640625 0.531250
vt 0.640625 0.937500
vt 0.640625 0.093750
vt 0.640625 0.500000
vt 0.640625 0.906250
vt 0.640625 0.062500
vt 0.640625 0.468750
vt 0.640625 0.875000
vt 0.640625 0.031250
vt 0.640625 0.437500
vt 0.640625 0.843750
vt 0.648437 0.000000
vt 0.625000 0.343750
vt 0.625000 0.312500
vt 0.625000 0.750000
vt 0.625000 0.718750
vt 0.625000 0.281250
vt 0.625000 0.687500
vt 0.625000 0.250000
vt 0.625000 0.656250
vt 0.625000 0.218750
vt 0.625000 0.625000
vt 0.625000 0.187500
vt 0.625000 0.593750
vt 0.625000 0.156250
vt 0.625000 0.562500
vt 0.632812 1.000000
vt 0.625000 0.968750
vt 0.625000 0.125000
vt 0.625000 0.531250
vt 0.625000 0.937500
vt 0.625000 0.093750
vt 0.625000 0.500000
vt 0.625000 0.906250
vt 0.625000 0.062500
vt 0.625000 0.468750
vt 0.625000 0.875000
vt 0.625000 0.031250
vt 0.625000 0.437500
vt 0.625000 0.843750
vt 0.632812 0.000000
vt 0.625000 0.406250
vt 0.625000 0.812500
vt 0.625000 0.375000
vt 0.625000 0.781250
vt 0.609375 0.281250
vt 0.609375 0.250000
vt 0.609375 0.687500
vt 0.609375 0.656250
vt 0.609375 0.218750
vt 0.609375 0.625000
vt 0.609375 0.187500
vt 0.609375 0.593750
vt 0.609375 0.156250
vt 0.609375 0.562500
vt 0.617187 1.000000
vt 0.609375 0.968750
vt 0.609375 0.125000
vt 0.609375 0.531250
vt 0.609375 0.937500
vt 0.609375 0.093750
vt 0.609375 0.500000
vt 0.609375 0.906250
vt 0.609375 0.062500
vt 0.609375 0.468750
vt 0.609375 0.875000
vt 0.609375 0.031250
vt 0.609375 0.437500
vt 0.609375 0.843750
vt 0.617187 0.000000
vt 0.609375 0.406250
vt 0.609375 0.812500
vt 0.609375 0.375000
vt 0.609375 0.781250
vt 0.609375 0.343750
vt 0.609375 0.750000
vt 0.609375 0.312500
vt 0.609375 0.718750
vt 0.593750 0.218750
vt 0.593750 0.187500
vt 0.593750 0.625000
vt 0.593750 0.593750
vt 0.593750 0.156250
vt 0.593750 0.562500
vt 0.601562 1.000000
vt 0.593750 0.968750
vt 0.593750 0.125000
vt 0.593750 0.531250
vt 0.593750 0.937500
vt 0.593750 0.093750
vt 0.593750 0.500000
vt 0.593750 0.906250
vt 0.593750 0.062500
vt 0.593750 0.468750
vt 0.593750 0.875000
vt 0.593750 0.031250
vt 0.593750 0.437500
vt 0.593750 0.843750
vt 0.601562 0.000000
vt 0.593750 0.406250
vt 0.593750 0.812500
vt 0.593750 0.375000
vt 0.593750 0.781250
vt 0.593750 0.343750
vt 0.593750 0.750000
vt 0.593750 0.312500
vt 0.593750 0.718750
vt 0.593750 0.281250
vt 0.593750 0.687500
vt 0.593750 0.250000
vt 0.593750 0.656250
vt 0.578125 0.156250
vt 0.578125 0.125000
vt 0.578125 0.562500
vt 0.578125 0.531250
vt 0.578125 0.968750
vt 0.578125 0.937500
vt 0.578125 0.093750
vt 0.578125 0.500000
vt 0.578125 0.906250
vt 0.578125 0.062500
vt 0.578125 0.468750
vt 0.578125 0.875000
vt 0.578125 0.031250
vt 0.578125 0.437500
vt 0.578125 0.843750
vt 0.585937 0.000000
vt 0.578125 0.406250
vt 0.578125 0.812500
vt 0.578125 0.375000
vt 0.578125 0.781250
vt 0.578125 0.343750
vt 0.578125 0.750000
vt 0.578125 0.312500
vt 0.578125 0.718750
vt 0.578125 0.281250
vt 0.578125 0.687500
vt 0.578125 0.250000
vt 0.578125 0.656250
vt 0.578125 0.218750
vt 0.578125 0.625000
vt 0.578125 0.187500
vt 0.578125 0.593750
vt 0.585937 1.000000
vt 0.562500 0.093750
vt 0.562500 0.062500
vt 0.562500 0.500000
vt 0.562500 0.468750
vt 0.562500 0.906250
vt 0.562500 0.875000
vt 0.562500 0.031250
vt 0.562500 0.437500
vt 0.562500 0.843750
vt 0.570312 0.000000
vt 0.562500 0.406250
vt 0.562500 0.812500
vt 0.562500 0.375000
vt 0.562500 0.781250
vt 0.562500 0.343750
vt 0.562500 0.750000
vt 0.562500 0.312500
vt 0.562500 0.718750
vt 0.562500 0.281250
vt 0.562500 0.687500
vt 0.562500 0.250000
vt 0.562500 0.656250
vt 0.562500 0.218750
vt 0.562500 0.625000
vt 0.562500 0.187500
vt 0.562500 0.593750
vt 0.562500 0.156250
vt 0.562500 0.562500
vt 0.570312 1.000000
vt 0.562500 0.968750
vt 0.562500 0.125000
vt 0.562500 0.531250
vt 0.562500 0.937500
vt 0.554687 0.000000
vt 0.546875 0.031250
vt 0.546875 0.437500
vt 0.546875 0.406250
vt 0.546875 0.843750
vt 0.546875 0.812500
vt 0.546875 0.375000
vt 0.546875 0.781250
vt 0.546875 0.343750
vt 0.546875 0.750000
vt 0.546875 0.312500
vt 0.546875 0.718750
vt 0.546875 0.281250
vt 0.546875 0.687500
vt 0.546875 0.250000
vt 0.546875 0.656250
vt 0.546875 0.218750
vt 0.546875 0.625000
vt 0.546875 0.187500
vt 0.546875 0.593750
vt 0.546875 0.156250
vt 0.546875 0.562500
vt 0.554687 1.000000
vt 0.546875 0.968750
vt 0.546875 0.125000
vt 0.546875 0.531250
vt 0.546875 0.937500
vt 0.546875 0.093750
vt 0.546875 0.500000
vt 0.546875 0.906250
vt 0.546875 0.062500
vt 0.546875 0.468750
vt 0.546875 0.875000
vt 0.531250 0.375000
vt 0.531250 0.343750
vt 0.531250 0.781250
vt 0.531250 0.750000
vt 0.531250 0.312500
vt 0.531250 0.718750
vt 0.531250 0.281250
vt 0.531250 0.687500
vt 0.531250 0.250000
vt 0.531250 0.656250
vt 0.531250 0.218750
vt 0.531250 0.625000
vt 0.531250 0.187500
vt 0.531250 0.593750
vt 0.531250 0.156250
vt 0.531250 0.562500
vt 0.539062 1.000000
vt 0.531250 0.968750
vt 0.531250 0.125000
vt 0.531250 0.531250
vt 0.531250 0.937500
vt 0.531250 0.093750
vt 0.531250 0.500000
vt 0.531250 0.906250
vt 0.531250 0.062500
vt 0.531250 0.468750
vt 0.531250 0.875000
vt 0.531250 0.031250
vt 0.531250 0.437500
vt 0.531250 0.843750
vt 0.539062 0.000000
vt 0.531250 0.406250
vt 0.531250 0.812500
vt 0.515625 0.312500
vt 0.515625 0.281250
vt 0.515625 0.718750
vt 0.515625 0.687500
vt 0.515625 0.250000
vt 0.515625 0.656250
vt 0.515625 0.218750
vt 0.515625 0.625000
vt 0.515625 0.187500
vt 0.515625 0.593750
vt 0.515625 0.156250
vt 0.515625 0.562500
vt 0.523437 1.000000
vt 0.515625 0.968750
vt 0.515625 0.125000
vt 0.515625 0.531250
vt 0.515625 0.937500
vt 0.515625 0.093750
vt 0.515625 0.500000
vt 0.515625 0.906250
vt 0.515625 0.062500
vt 0.515625 0.468750
vt 0.515625 0.875000
vt 0.515625 0.031250
vt 0.515625 0.437500
vt 0.515625 0.843750
vt 0.523437 0.000000
vt 0.515625 0.406250
vt 0.515625 0.812500
vt 0.515625 0.375000
vt 0.515625 0.781250
vt 0.515625 0.343750
vt 0.515625 0.750000
vt 0.500000 0.250000
vt 0.500000 0.218750
vt 0.500000 0.656250
vt 0.500000 0.625000
vt 0.500000 0.187500
vt 0.500000 0.593750
vt 0.500000 0.156250
vt 0.500000 0.562500
vt 0.507812 1.000000
vt 0.500000 0.968750
vt 0.500000 0.125000
vt 0.500000 0.531250
vt 0.500000 0.937500
vt 0.500000 0.093750
vt 0.500000 0.500000
vt 0.500000 0.906250
vt 0.500000 0.062500
vt 0.500000 0.468750
vt 0.500000 0.875000
vt 0.500000 0.031250
vt 0.500000 0.437500
vt 0.500000 0.843750
vt 0.507812 0.000000
vt 0.500000 0.406250
vt 0.500000 0.812500
vt 0.500000 0.375000
vt 0.500000 0.781250
vt 0.500000 0.343750
vt 0.500000 0.750000
vt 0.500000 0.312500
vt 0.500000 0.718750
vt 0.500000 0.281250
vt 0.500000 0.687500
vt 0.484375 0.187500
vt 0.484375 0.156250
vt 0.484375 0.593750
vt 0.484375 0.562500
vt 0.492187 1.000000
vt 0.484375 0.968750
vt 0.484375 0.125000
vt 0.484375 0.531250
vt 0.484375 0.937500
vt 0.484375 0.093750
vt 0.484375 0.500000
vt 0.484375 0.906250
vt 0.484375 0.062500
vt 0.484375 0.468750
vt 0.484375 0.875000
vt 0.484375 0.031250
vt 0.484375 0.437500
vt 0.484375 0.843750
vt 0.492187 0.000000
vt 0.484375 0.406250
vt 0.484375 0.812500
vt 0.484375 0.375000
vt 0.484375 0.781250
vt 0.484375 0.343750
vt 0.484375 0.750000
vt 0.484375 0.312500
vt 0.484375 0.718750
vt 0.484375 0.281250
vt 0.484375 0.687500
vt 0.484375 0.250000
vt 0.484375 0.656250
vt 0.484375 0.218750
vt 0.484375 0.625000
vt 0.468750 0.968750
vt 0.468750 0.937500
vt 0.468750 0.125000
vt 0.468750 0.093750
vt 0.468750 0.531250
vt 0.468750 0.500000
vt 0.468750 0.906250
vt 0.468750 0.062500
vt 0.468750 0.468750
vt 0.468750 0.875000
vt 0.468750 0.031250
vt 0.468750 0.437500
vt 0.468750 0.843750
vt 0.476562 0.000000
vt 0.468750 0.406250
vt 0.468750 0.812500
vt 0.468750 0.375000
vt 0.468750 0.781250
vt 0.468750 0.343750
vt 0.468750 0.750000
vt 0.468750 0.312500
vt 0.468750 0.718750
vt 0.468750 0.281250
vt 0.468750 0.687500
vt 0.468750 0.250000
vt 0.468750 0.656250
vt 0.468750 0.218750
vt 0.468750 0.625000
vt 0.468750 0.187500
vt 0.468750 0.593750
vt 0.468750 0.156250
vt 0.468750 0.562500
vt 0.476562 1.000000
vt 0.453125 0.906250
vt 0.453125 0.875000
vt 0.453125 0.062500
vt 0.453125 0.031250
vt 0.453125 0.468750
vt 0.453125 0.437500
vt 0.453125 0.843750
vt 0.460937 0.000000
vt 0.453125 0.406250
vt 0.453125 0.812500
vt 0.453125 0.375000
vt 0.453125 0.781250
vt 0.453125 0.343750
vt 0.453125 0.750000
vt 0.453125 0.312500
vt 0.453125 0.718750
vt 0.453125 0.281250
vt 0.453125 0.687500
vt 0.453125 0.250000
vt 0.453125 0.656250
vt 0.453125 0.218750
vt 0.453125 0.625000
vt 0.453125 0.187500
vt 0.453125 0.593750
vt 0.453125 0.156250
vt 0.453125 0.562500
vt 0.460937 1.000000
vt 0.453125 0.968750
vt 0.453125 0.125000
vt 0.453125 0.531250
vt 0.453125 0.937500
vt 0.453125 0.093750
vt 0.453125 0.500000
vt 0.437500 0.843750
vt 0.437500 0.812500
vt 0.437500 0.406250
vt 0.437500 0.375000
vt 0.437500 0.781250
vt 0.437500 0.343750
vt 0.437500 0.750000
vt 0.437500 0.312500
vt 0.437500 0.718750
vt 0.437500 0.281250
vt 0.437500 0.687500
vt 0.437500 0.250000
vt 0.437500 0.656250
vt 0.437500 0.218750
vt 0.437500 0.625000
vt 0.437500 0.187500
vt 0.437500 0.593750
vt 0.437500 0.156250
vt 0.437500 0.562500
vt 0.445312 1.000000
vt 0.437500 0.968750
vt 0.437500 0.125000
vt 0.437500 0.531250
vt 0.437500 0.937500
vt 0.437500 0.093750
vt 0.437500 0.500000
vt 0.437500 0.906250
vt 0.437500 0.062500
vt 0.437500 0.468750
vt 0.437500 0.875000
vt 0.437500 0.031250
vt 0.437500 0.437500
vt 0.445312 0.000000
vt 0.421875 0.781250
vt 0.421875 0.750000
vt 0.421875 0.343750
vt 0.421875 0.312500
vt 0.421875 0.718750
vt 0.421875 0.281250
vt 0.421875 0.687500
vt 0.421875 0.250000
vt 0.421875 0.656250
vt 0.421875 0.218750
vt 0.421875 0.625000
vt 0.421875 0.187500
vt 0.421875 0.593750
vt 0.421875 0.156250
vt 0.421875 0.562500
vt 0.429687 1.000000
vt 0.421875 0.968750
vt 0.421875 0.125000
vt 0.421875 0.531250
vt 0.421875 0.937500
vt 0.421875 0.093750
vt 0.421875 0.500000
vt 0.421875 0.906250
vt 0.421875 0.062500
vt 0.421875 0.468750
vt 0.421875 0.875000
vt 0.421875 0.031250
vt 0.421875 0.437500
vt 0.421875 0.843750
vt 0.429687 0.000000
vt 0.421875 0.406250
vt 0.421875 0.812500
vt 0.421875 0.375000
vt 0.406250 0.718750
vt 0.406250 0.687500
vt 0.406250 0.281250
vt 0.406250 0.250000
vt 0.406250 0.656250
vt 0.406250 0.218750
vt 0.406250 0.625000
vt 0.406250 0.187500
vt 0.406250 0.593750
vt 0.406250 0.156250
vt 0.406250 0.562500
vt 0.414062 1.000000
vt 0.406250 0.968750
vt 0.406250 0.125000
vt 0.406250 0.531250
vt 0.406250 0.937500
vt 0.406250 0.093750
vt 0.406250 0.500000
vt 0.406250 0.906250
vt 0.406250 0.062500
vt 0.406250 0.468750
vt 0.406250 0.875000
vt 0.406250 0.031250
vt 0.406250 0.437500
vt 0.406250 0.843750
vt 0.414062 0.000000
vt 0.406250 0.406250
vt 0.406250 0.812500
vt 0.406250 0.375000
vt 0.406250 0.781250
vt 0.406250 0.343750
vt 0.406250 0.750000
vt 0.406250 0.312500
vt 0.390625 0.656250
vt 0.390625 0.625000
vt 0.390625 0.218750
vt 0.390625 0.187500
vt 0.390625 0.593750
vt 0.390625 0.156250
vt 0.390625 0.562500
vt 0.398437 1.000000
vt 0.390625 0.968750
vt 0.390625 0.125000
vt 0.390625 0.531250
vt 0.390625 0.937500
vt 0.390625 0.093750
vt 0.390625 0.500000
vt 0.390625 0.906250
vt 0.390625 0.062500
vt 0.390625 0.468750
vt 0.390625 0.875000
vt 0.390625 0.031250
vt 0.390625 0.437500
vt 0.390625 0.843750
vt 0.398437 0.000000
vt 0.390625 0.406250
vt 0.390625 0.812500
vt 0.390625 0.375000
vt 0.390625 0.781250
vt 0.390625 0.343750
vt 0.390625 0.750000
vt 0.390625 0.312500
vt 0.390625 0.718750
vt 0.390625 0.281250
vt 0.390625 0.687500
vt 0.390625 0.250000
vt 0.375000 0.593750
vt 0.375000 0.562500
vt 0.382812 1.000000
vt 0.375000 0.968750
vt 0.375000 0.156250
vt 0.375000 0.125000
vt 0.375000 0.531250
vt 0.375000 0.937500
vt 0.375000 0.093750
vt 0.375000 0.500000
vt 0.375000 0.906250
vt 0.375000 0.062500
vt 0.375000 0.468750
vt 0.375000 0.875000
vt 0.375000 0.031250
vt 0.375000 0.437500
vt 0.375000 0.843750
vt 0.382812 0.000000
vt 0.375000 0.406250
vt 0.375000 0.812500
vt 0.375000 0.375000
vt 0.375000 0.781250
vt 0.375000 0.343750
vt 0.375000 0.750000
vt 0.375000 0.312500
vt 0.375000 0.718750
vt 0.375000 0.281250
vt 0.375000 0.687500
vt 0.375000 0.250000
vt 0.375000 0.656250
vt 0.375000 0.218750
vt 0.375000 0.625000
vt 0.375000 0.187500
vt 0.359375 0.531250
vt 0.359375 0.500000
vt 0.359375 0.937500
vt 0.359375 0.906250
vt 0.359375 0.093750
vt 0.359375 0.062500
vt 0.359375 0.468750
vt 0.359375 0.875000
vt 0.359375 0.031250
vt 0.359375 0.437500
vt 0.359375 0.843750
vt 0.367187 0.000000
vt 0.359375 0.406250
vt 0.359375 0.812500
vt 0.359375 0.375000
vt 0.359375 0.781250
vt 0.359375 0.343750
vt 0.359375 0.750000
vt 0.359375 0.312500
vt 0.359375 0.718750
vt 0.359375 0.281250
vt 0.359375 0.687500
vt 0.359375 0.250000
vt 0.359375 0.656250
vt 0.359375 0.218750
vt 0.359375 0.625000
vt 0.359375 0.187500
vt 0.359375 0.593750
vt 0.359375 0.156250
vt 0.359375 0.562500
vt 0.367187 1.000000
vt 0.359375 0.968750
vt 0.359375 0.125000
vt 0.343750 0.468750
vt 0.343750 0.437500
vt 0.343750 0.875000
vt 0.343750 0.843750
vt 0.351562 0.000000
vt 0.343750 0.031250
vt 0.343750 0.406250
vt 0.343750 0.812500
vt 0.343750 0.375000
vt 0.343750 0.781250
vt 0.343750 0.343750
vt 0.343750 0.750000
vt 0.343750 0.312500
vt 0.343750 0.718750
vt 0.343750 0.281250
vt 0.343750 0.687500
vt 0.343750 0.250000
vt 0.343750 0.656250
vt 0.343750 0.218750
vt 0.343750 0.625000
vt 0.343750 0.187500
vt 0.343750 0.593750
vt 0.343750 0.156250
vt 0.343750 0.562500
vt 0.351562 1.000000
vt 0.343750 0.968750
vt 0.343750 0.125000
vt 0.343750 0.531250
vt 0.343750 0.937500
vt 0.343750 0.093750
vt 0.343750 0.500000
vt 0.343750 0.906250
vt 0.343750 0.062500
vt 0.328125 0.656250
vt 0.328125 0.625000
vt 0.328125 0.218750
vt 0.328125 0.187500
vt 0.328125 0.593750
vt 0.328125 0.156250
vt 0.328125 0.562500
vt 0.335937 1.000000
vt 0.328125 0.968750
vt 0.328125 0.125000
vt 0.328125 0.531250
vt 0.328125 0.937500
vt 0.328125 0.093750
vt 0.328125 0.500000
vt 0.328125 0.906250
vt 0.328125 0.062500
vt 0.328125 0.468750
vt 0.328125 0.875000
vt 0.328125 0.031250
vt 0.328125 0.437500
vt 0.328125 0.843750
vt 0.335937 0.000000
vt 0.328125 0.406250
vt 0.328125 0.812500
vt 0.328125 0.375000
vt 0.328125 0.781250
vt 0.328125 0.343750
vt 0.328125 0.750000
vt 0.328125 0.312500
vt 0.328125 0.718750
vt 0.328125 0.281250
vt 0.328125 0.687500
vt 0.328125 0.250000
vt 0.312500 0.593750
vt 0.312500 0.562500
vt 0.320312 1.000000
vt 0.312500 0.968750
vt 0.312500 0.156250
vt 0.312500 0.125000
vt 0.312500 0.531250
vt 0.312500 0.937500
vt 0.312500 0.093750
vt 0.312500 0.500000
vt 0.312500 0.906250
vt 0.312500 0.062500
vt 0.312500 0.468750
vt 0.312500 0.875000
vt 0.312500 0.031250
vt 0.312500 0.437500
vt 0.312500 0.843750
vt 0.320312 0.000000
vt 0.312500 0.406250
vt 0.312500 0.812500
vt 0.312500 0.375000
vt 0.312500 0.781250
vt 0.312500 0.343750
vt 0.312500 0.750000
vt 0.312500 0.312500
vt 0.312500 0.718750
vt 0.312500 0.281250
vt 0.312500 0.687500
vt 0.312500 0.250000
vt 0.312500 0.656250
vt 0.312500 0.218750
vt 0.312500 0.625000
vt 0.312500 0.187500
vt 0.296875 0.531250
vt 0.296875 0.500000
vt 0.296875 0.937500
vt 0.296875 0.906250
vt 0.296875 0.093750
vt 0.296875 0.062500
vt 0.296875 0.468750
vt 0.296875 0.875000
vt 0.296875 0.031250
vt 0.296875 0.437500
vt 0.296875 0.843750
vt 0.304687 0.000000
vt 0.296875 0.406250
vt 0.296875 0.812500
vt 0.296875 0.375000
vt 0.296875 0.781250
vt 0.296875 0.343750
vt 0.296875 0.750000
vt 0.296875 0.312500
vt 0.296875 0.718750
vt 0.296875 0.281250
vt 0.296875 0.687500
vt 0.296875 0.250000
vt 0.296875 0.656250
vt 0.296875 0.218750
vt 0.296875 0.625000
vt 0.296875 0.187500
vt 0.296875 0.593750
vt 0.296875 0.156250
vt 0.296875 0.562500
vt 0.304687 1.000000
vt 0.296875 0.968750
vt 0.296875 0.125000
vt 0.281250 0.468750
vt 0.281250 0.437500
vt 0.281250 0.875000
vt 0.281250 0.843750
vt 0.289062 0.000000
vt 0.281250 0.031250
vt 0.281250 0.406250
vt 0.281250 0.812500
vt 0.281250 0.375000
vt 0.281250 0.781250
vt 0.281250 0.343750
vt 0.281250 0.750000
vt 0.281250 0.312500
vt 0.281250 0.718750
vt 0.281250 0.281250
vt 0.281250 0.687500
vt 0.281250 0.250000
vt 0.281250 0.656250
vt 0.281250 0.218750
vt 0.281250 0.625000
vt 0.281250 0.187500
vt 0.281250 0.593750
vt 0.281250 0.156250
vt 0.281250 0.562500
vt 0.289062 1.000000
vt 0.281250 0.968750
vt 0.281250 0.125000
vt 0.281250 0.531250
vt 0.281250 0.937500
vt 0.281250 0.093750
vt 0.281250 0.500000
vt 0.281250 0.906250
vt 0.281250 0.062500
vt 0.265625 0.406250
vt 0.265625 0.375000
vt 0.265625 0.812500
vt 0.265625 0.781250
vt 0.265625 0.343750
vt 0.265625 0.750000
vt 0.265625 0.312500
vt 0.265625 0.718750
vt 0.265625 0.281250
vt 0.265625 0.687500
vt 0.265625 0.250000
vt 0.265625 0.656250
vt 0.265625 0.218750
vt 0.265625 0.625000
vt 0.265625 0.187500
vt 0.265625 0.593750
vt 0.265625 0.156250
vt 0.265625 0.562500
vt 0.273437 1.000000
vt 0.265625 0.968750
vt 0.265625 0.125000
vt 0.265625 0.531250
vt 0.265625 0.937500
vt 0.265625 0.093750
vt 0.265625 0.500000
vt 0.265625 0.906250
vt 0.265625 0.062500
vt 0.265625 0.468750
vt 0.265625 0.875000
vt 0.265625 0.031250
vt 0.265625 0.437500
vt 0.265625 0.843750
vt 0.273437 0.000000
vt 0.250000 0.343750
vt 0.250000 0.312500
vt 0.250000 0.750000
vt 0.250000 0.718750
vt 0.250000 0.281250
vt 0.250000 0.687500
vt 0.250000 0.250000
vt 0.250000 0.656250
vt 0.250000 0.218750
vt 0.250000 0.625000
vt 0.250000 0.187500
vt 0.250000 0.593750
vt 0.250000 0.156250
vt 0.250000 0.562500
vt 0.257812 1.000000
vt 0.250000 0.968750
vt 0.250000 0.125000
vt 0.250000 0.531250
vt 0.250000 0.937500
vt 0.250000 0.093750
vt 0.250000 0.500000
vt 0.250000 0.906250
vt 0.250000 0.062500
vt 0.250000 0.468750
vt 0.250000 0.875000
vt 0.250000 0.031250
vt 0.250000 0.437500
vt 0.250000 0.843750
vt 0.257812 0.000000
vt 0.250000 0.406250
vt 0.250000 0.812500
vt 0.250000 0.375000
vt 0.250000 0.781250
vt 0.234375 0.281250
vt 0.234375 0.250000
vt 0.234375 0.687500
vt 0.234375 0.656250
vt 0.234375 0.218750
vt 0.234375 0.625000
vt 0.234375 0.187500
vt 0.234375 0.593750
vt 0.234375 0.156250
vt 0.234375 0.562500
vt 0.242187 1.000000
vt 0.234375 0.968750
vt 0.234375 0.125000
vt 0.234375 0.531250
vt 0.234375 0.937500
vt 0.234375 0.093750
vt 0.234375 0.500000
vt 0.234375 0.906250
vt 0.234375 0.062500
vt 0.234375 0.468750
vt 0.234375 0.875000
vt 0.234375 0.031250
vt 0.234375 0.437500
vt 0.234375 0.843750
vt 0.242188 0.000000
vt 0.234375 0.406250
vt 0.234375 0.812500
vt 0.234375 0.375000
vt 0.234375 0.781250
vt 0.234375 0.343750
vt 0.234375 0.750000
vt 0.234375 0.312500
vt 0.234375 0.718750
vt 0.218750 0.218750
vt 0.218750 0.187500
vt 0.218750 0.625000
vt 0.218750 0.593750
vt 0.218750 0.156250
vt 0.218750 0.562500
vt 0.226562 1.000000
vt 0.218750 0.968750
vt 0.218750 0.125000
vt 0.218750 0.531250
vt 0.218750 0.937500
vt 0.218750 0.093750
vt 0.218750 0.500000
vt 0.218750 0.906250
vt 0.218750 0.062500
vt 0.218750 0.468750
vt 0.218750 0.875000
vt 0.218750 0.031250
vt 0.218750 0.437500
vt 0.218750 0.843750
vt 0.226563 0.000000
vt 0.218750 0.406250
vt 0.218750 0.812500
vt 0.218750 0.375000
vt 0.218750 0.781250
vt 0.218750 0.343750
vt 0.218750 0.750000
vt 0.218750 0.312500
vt 0.218750 0.718750
vt 0.218750 0.281250
vt 0.218750 0.687500
vt 0.218750 0.250000
vt 0.218750 0.656250
vt 0.210938 1.000000
vt 0.203125 0.968750
vt 0.203125 0.156250
vt 0.203125 0.125000
vt 0.203125 0.562500
vt 0.203125 0.531250
vt 0.203125 0.937500
vt 0.203125 0.093750
vt 0.203125 0.500000
vt 0.203125 0.906250
vt 0.203125 0.062500
vt 0.203125 0.468750
vt 0.203125 0.875000
vt 0.203125 0.031250
vt 0.203125 0.437500
vt 0.203125 0.843750
vt 0.210938 0.000000
vt 0.203125 0.406250
vt 0.203125 0.812500
vt 0.203125 0.375000
vt 0.203125 0.781250
vt 0.203125 0.343750
vt 0.203125 0.750000
vt 0.203125 0.312500
vt 0.203125 0.718750
vt 0.203125 0.281250
vt 0.203125 0.687500
vt 0.203125 0.250000
vt 0.203125 0.656250
vt 0.203125 0.218750
vt 0.203125 0.625000
vt 0.203125 0.187500
vt 0.203125 0.593750
vt 0.187500 0.937500
vt 0.187500 0.906250
vt 0.187500 0.093750
vt 0.187500 0.062500
vt 0.187500 0.500000
vt 0.187500 0.468750
vt 0.187500 0.875000
vt 0.187500 0.031250
vt 0.187500 0.437500
vt 0.187500 0.843750
vt 0.195313 0.000000
vt 0.187500 0.406250
vt 0.187500 0.812500
vt 0.187500 0.375000
vt 0.187500 0.781250
vt 0.187500 0.343750
vt 0.187500 0.750000
vt 0.187500 0.312500
vt 0.187500 0.718750
vt 0.187500 0.281250
vt 0.187500 0.687500
vt 0.187500 0.250000
vt 0.187500 0.656250
vt 0.187500 0.218750
vt 0.187500 0.625000
vt 0.187500 0.187500
vt 0.187500 0.593750
vt 0.187500 0.156250
vt 0.187500 0.562500
vt 0.195313 1.000000
vt 0.187500 0.968750
vt 0.187500 0.125000
vt 0.187500 0.531250
vt 0.171875 0.875000
vt 0.171875 0.843750
vt 0.179688 0.000000
vt 0.171875 0.031250
vt 0.171875 0.437500
vt 0.171875 0.406250
vt 0.171875 0.812500
vt 0.171875 0.375000
vt 0.171875 0.781250
vt 0.171875 0.343750
vt 0.171875 0.750000
vt 0.171875 0.312500
vt 0.171875 0.718750
vt 0.171875 0.281250
vt 0.171875 0.687500
vt 0.171875 0.250000
vt 0.171875 0.656250
vt 0.171875 0.218750
vt 0.171875 0.625000
vt 0.171875 0.187500
vt 0.171875 0.593750
vt 0.171875 0.156250
vt 0.171875 0.562500
vt 0.179688 1.000000
vt 0.171875 0.968750
vt 0.171875 0.125000
vt 0.171875 0.531250
vt 0.171875 0.937500
vt 0.171875 0.093750
vt 0.171875 0.500000
vt 0.171875 0.906250
vt 0.171875 0.062500
vt 0.171875 0.468750
vt 0.156250 0.812500
vt 0.156250 0.781250
vt 0.156250 0.375000
vt 0.156250 0.343750
vt 0.156250 0.750000
vt 0.156250 0.312500
vt 0.156250 0.718750
vt 0.156250 0.281250
vt 0.156250 0.687500
vt 0.156250 0.250000
vt 0.156250 0.656250
vt 0.156250 0.218750
vt 0.156250 0.625000
vt 0.156250 0.187500
vt 0.156250 0.593750
vt 0.156250 0.156250
vt 0.156250 0.562500
vt 0.164063 1.000000
vt 0.156250 0.968750
vt 0.156250 0.125000
vt 0.156250 0.531250
vt 0.156250 0.937500
vt 0.156250 0.093750
vt 0.156250 0.500000
vt 0.156250 0.906250
vt 0.156250 0.062500
vt 0.156250 0.468750
vt 0.156250 0.875000
vt 0.156250 0.031250
vt 0.156250 0.437500
vt 0.156250 0.843750
vt 0.164063 0.000000
vt 0.156250 0.406250
vt 0.140625 0.750000
vt 0.140625 0.718750
vt 0.140625 0.312500
vt 0.140625 0.281250
vt 0.140625 0.687500
vt 0.140625 0.250000
vt 0.140625 0.656250
vt 0.140625 0.218750
vt 0.140625 0.625000
vt 0.140625 0.187500
vt 0.140625 0.593750
vt 0.140625 0.156250
vt 0.140625 0.562500
vt 0.148438 1.000000
vt 0.140625 0.968750
vt 0.140625 0.125000
vt 0.140625 0.531250
vt 0.140625 0.937500
vt 0.140625 0.093750
vt 0.140625 0.500000
vt 0.140625 0.906250
vt 0.140625 0.062500
vt 0.140625 0.468750
vt 0.140625 0.875000
vt 0.140625 0.031250
vt 0.140625 0.437500
vt 0.140625 0.843750
vt 0.148438 0.000000
vt 0.140625 0.406250
vt 0.140625 0.812500
vt 0.140625 0.375000
vt 0.140625 0.781250
vt 0.140625 0.343750
vt 0.125000 0.687500
vt 0.125000 0.656250
vt 0.125000 0.250000
vt 0.125000 0.218750
vt 0.125000 0.625000
vt 0.125000 0.187500
vt 0.125000 0.593750
vt 0.125000 0.156250
vt 0.125000 0.562500
vt 0.132813 1.000000
vt 0.125000 0.968750
vt 0.125000 0.125000
vt 0.125000 0.531250
vt 0.125000 0.937500
vt 0.125000 0.093750
vt 0.125000 0.500000
vt 0.125000 0.906250
vt 0.125000 0.062500
vt 0.125000 0.468750
vt 0.125000 0.875000
vt 0.125000 0.031250
vt 0.125000 0.437500
vt 0.125000 0.843750
vt 0.132813 0.000000
vt 0.125000 0.406250
vt 0.125000 0.812500
vt 0.125000 0.375000
vt 0.125000 0.781250
vt 0.125000 0.343750
vt 0.125000 0.750000
vt 0.125000 0.312500
vt 0.125000 0.718750
vt 0.125000 0.281250
vt 0.109375 0.625000
vt 0.109375 0.593750
vt 0.109375 0.187500
vt 0.109375 0.156250
vt 0.109375 0.562500
vt 0.117188 1.000000
vt 0.109375 0.968750
vt 0.109375 0.125000
vt 0.109375 0.531250
vt 0.109375 0.937500
vt 0.109375 0.093750
vt 0.109375 0.500000
vt 0.109375 0.906250
vt 0.109375 0.062500
vt 0.109375 0.468750
vt 0.109375 0.875000
vt 0.109375 0.031250
vt 0.109375 0.437500
vt 0.109375 0.843750
vt 0.117188 0.000000
vt 0.109375 0.406250
vt 0.109375 0.812500
vt 0.109375 0.375000
vt 0.109375 0.781250
vt 0.109375 0.343750
vt 0.109375 0.750000
vt 0.109375 0.312500
vt 0.109375 0.718750
vt 0.109375 0.281250
vt 0.109375 0.687500
vt 0.109375 0.250000
vt 0.109375 0.656250
vt 0.109375 0.218750
vt 0.093750 0.562500
vt 0.093750 0.531250
vt 0.093750 0.968750
vt 0.093750 0.937500
vt 0.093750 0.125000
vt 0.093750 0.093750
vt 0.093750 0.500000
vt 0.093750 0.906250
vt 0.093750 0.062500
vt 0.093750 0.468750
vt 0.093750 0.875000
vt 0.093750 0.031250
vt 0.093750 0.437500
vt 0.093750 0.843750
vt 0.101563 0.000000
vt 0.093750 0.406250
vt 0.093750 0.812500
vt 0.093750 0.375000
vt 0.093750 0.781250
vt 0.093750 0.343750
vt 0.093750 0.750000
vt 0.093750 0.312500
vt 0.093750 0.718750
vt 0.093750 0.281250
vt 0.093750 0.687500
vt 0.093750 0.250000
vt 0.093750 0.656250
vt 0.093750 0.218750
vt 0.093750 0.625000
vt 0.093750 0.187500
vt 0.093750 0.593750
vt 0.093750 0.156250
vt 0.101563 1.000000
vt 0.078125 0.500000
vt 0.078125 0.468750
vt 0.078125 0.906250
vt 0.078125 0.875000
vt 0.078125 0.062500
vt 0.078125 0.031250
vt 0.078125 0.437500
vt 0.078125 0.843750
vt 0.085938 0.000000
vt 0.078125 0.406250
vt 0.078125 0.812500
vt 0.078125 0.375000
vt 0.078125 0.781250
vt 0.078125 0.343750
vt 0.078125 0.750000
vt 0.078125 0.312500
vt 0.078125 0.718750
vt 0.078125 0.281250
vt 0.078125 0.687500
vt 0.078125 0.250000
vt 0.078125 0.656250
vt 0.078125 0.218750
vt 0.078125 0.625000
vt 0.078125 0.187500
vt 0.078125 0.593750
vt 0.078125 0.156250
vt 0.078125 0.562500
vt 0.085938 1.000000
vt 0.078125 0.968750
vt 0.078125 0.125000
vt 0.078125 0.531250
vt 0.078125 0.937500
vt 0.078125 0.093750
vt 0.062500 0.437500
vt 0.062500 0.406250
vt 0.062500 0.843750
vt 0.062500 0.812500
vt 0.062500 0.375000
vt 0.062500 0.781250
vt 0.062500 0.343750
vt 0.062500 0.750000
vt 0.062500 0.312500
vt 0.062500 0.718750
vt 0.062500 0.281250
vt 0.062500 0.687500
vt 0.062500 0.250000
vt 0.062500 0.656250
vt 0.062500 0.218750
vt 0.062500 0.625000
vt 0.062500 0.187500
vt 0.062500 0.593750
vt 0.062500 0.156250
vt 0.062500 0.562500
vt 0.070313 1.000000
vt 0.062500 0.968750
vt 0.062500 0.125000
vt 0.062500 0.531250
vt 0.062500 0.937500
vt 0.062500 0.093750
vt 0.062500 0.500000
vt 0.062500 0.906250
vt 0.062500 0.062500
vt 0.062500 0.468750
vt 0.062500 0.875000
vt 0.062500 0.031250
vt 0.070313 0.000000
vt 0.046875 0.375000
vt 0.046875 0.343750
vt 0.046875 0.781250
vt 0.046875 0.750000
vt 0.046875 0.312500
vt 0.046875 0.718750
vt 0.046875 0.281250
vt 0.046875 0.687500
vt 0.046875 0.250000
vt 0.046875 0.656250
vt 0.046875 0.218750
vt 0.046875 0.625000
vt 0.046875 0.187500
vt 0.046875 0.593750
vt 0.046875 0.156250
vt 0.046875 0.562500
vt 0.054688 1.000000
vt 0.046875 0.968750
vt 0.046875 0.125000
vt 0.046875 0.531250
vt 0.046875 0.937500
vt 0.046875 0.093750
vt 0.046875 0.500000
vt 0.046875 0.906250
vt 0.046875 0.062500
vt 0.046875 0.468750
vt 0.046875 0.875000
vt 0.046875 0.031250
vt 0.046875 0.437500
vt 0.046875 0.843750
vt 0.054688 0.000000
vt 0.046875 0.406250
vt 0.046875 0.812500
vt 0.031250 0.312500
vt 0.031250 0.281250
vt 0.031250 0.718750
vt 0.031250 0.687500
vt 0.031250 0.250000
vt 0.031250 0.656250
vt 0.031250 0.218750
vt 0.031250 0.625000
vt 0.031250 0.187500
vt 0.031250 0.593750
vt 0.031250 0.156250
vt 0.031250 0.562500
vt 0.039063 1.000000
vt 0.031250 0.968750
vt 0.031250 0.125000
vt 0.031250 0.531250
vt 0.031250 0.937500
vt 0.031250 0.093750
vt 0.031250 0.500000
vt 0.031250 0.906250
vt 0.031250 0.062500
vt 0.031250 0.468750
vt 0.031250 0.875000
vt 0.031250 0.031250
vt 0.031250 0.437500
vt 0.031250 0.843750
vt 0.039063 0.000000
vt 0.031250 0.406250
vt 0.031250 0.812500
vt 0.031250 0.375000
vt 0.031250 0.781250
vt 0.031250 0.343750
vt 0.031250 0.750000
vt 0.015625 0.250000
vt 0.015625 0.218750
vt 0.015625 0.656250
vt 0.015625 0.625000
vt 0.015625 0.187500
vt 0.015625 0.593750
vt 0.015625 0.156250
vt 0.015625 0.562500
vt 0.023438 1.000000
vt 0.015625 0.968750
vt 0.015625 0.125000
vt 0.015625 0.531250
vt 0.015625 0.937500
vt 0.015625 0.093750
vt 0.015625 0.500000
vt 0.015625 0.906250
vt 0.015625 0.062500
vt 0.015625 0.468750
vt 0.015625 0.875000
vt 0.015625 0.031250
vt 0.015625 0.437500
vt 0.015625 0.843750
vt 0.023438 0.000000
vt 0.015625 0.406250
vt 0.015625 0.812500
vt 0.015625 0.375000
vt 0.015625 0.781250
vt 0.015625 0.343750
vt 0.015625 0.750000
vt 0.015625 0.312500
vt 0.015625 0.718750
vt 0.015625 0.281250
vt 0.015625 0.687500
vt 0.000000 0.187500
vt 0.000000 0.156250
vt 0.000000 0.593750
vt 0.000000 0.562500
vt 0.007813 1.000000
vt 0.000000 0.968750
vt 0.000000 0.125000
vt 0.000000 0.531250
vt 0.000000 0.937500
vt 0.000000 0.093750
vt 0.000000 0.500000
vt 0.000000 0.906250
vt 0.000000 0.062500
vt 0.000000 0.468750
vt 0.000000 0.875000
vt 0.000000 0.031250
vt 0.000000 0.437500
vt 0.000000 0.843750
vt 0.007813 0.000000
vt 0.000000 0.406250
vt 0.000000 0.812500
vt 0.000000 0.375000
vt 0.000000 0.781250
vt 0.000000 0.343750
vt 0.000000 0.750000
vt 0.000000 0.312500
vt 0.000000 0.718750
vt 0.000000 0.281250
vt 0.000000 0.687500
vt 0.000000 0.250000
vt 0.000000 0.656250
vt 0.000000 0.218750
vt 0.000000 0.625000
vt 1.000000 0.093750
vt 1.000000 0.125000
vt 0.984375 0.125000
vt 0.984375 0.093750
vt 1.000000 0.500000
vt 1.000000 0.531250
vt 0.984375 0.531250
vt 0.984375 0.500000
vt 1.000000 0.906250
vt 1.000000 0.937500
vt 0.984375 0.937500
vt 0.984375 0.906250
vt 1.000000 0.062500
vt 0.984375 0.062500
vt 1.000000 0.468750
vt 0.984375 0.468750
vt 1.000000 0.875000
vt 0.984375 0.875000
vt 1.000000 0.031250
vt 0.984375 0.031250
vt 1.000000 0.437500
vt 0.984375 0.437500
vt 1.000000 0.843750
vt 0.984375 0.843750
vt 0.992188 0.000000
vt 1.000000 0.406250
vt 0.984375 0.406250
vt 1.000000 0.812500
vt 0.984375 0.812500
vt 1.000000 0.375000
vt 0.984375 0.375000
vt 1.000000 0.781250
vt 0.984375 0.781250
vt 1.000000 0.343750
vt 0.984375 0.343750
vt 1.000000 0.750000
vt 0.984375 0.750000
vt 1.000000 0.312500
vt 0.984375 0.312500
vt 1.000000 0.718750
vt 0.984375 0.718750
vt 1.000000 0.281250
vt 0.984375 0.281250
vt 1.000000 0.687500
vt 0.984375 0.687500
vt 1.000000 0.250000
vt 0.984375 0.250000
vt 1.000000 0.656250
vt 0.984375 0.656250
vt 1.000000 0.218750
vt 0.984375 0.218750
vt 1.000000 0.625000
vt 0.984375 0.625000
vt 1.000000 0.187500
vt 0.984375 0.187500
vt 1.000000 0.593750
vt 0.984375 0.593750
vt 1.000000 0.156250
vt 0.984375 0.156250
vt 1.000000 0.562500
vt 0.984375 0.562500
vt 1.000000 0.968750
vt 0.992188 1.000000
vt 0.984375 0.968750
vt 0.968750 0.062500
vt 0.968750 0.031250
vt 0.968750 0.468750
vt 0.968750 0.437500
vt 0.968750 0.875000
vt 0.968750 0.843750
vt 0.976563 0.000000
vt 0.968750 0.406250
vt 0.968750 0.812500
vt 0.968750 0.375000
vt 0.968750 0.781250
vt 0.968750 0.343750
vt 0.968750 0.750000
vt 0.968750 0.312500
vt 0.968750 0.718750
vt 0.968750 0.281250
vt 0.968750 0.687500
vt 0.968750 0.250000
vt 0.968750 0.656250
vt 0.968750 0.218750
vt 0.968750 0.625000
vt 0.968750 0.187500
vt 0.968750 0.593750
vt 0.968750 0.156250
vt 0.968750 0.562500
vt 0.976563 1.000000
vt 0.968750 0.968750
vt 0.968750 0.125000
vt 0.968750 0.531250
vt 0.968750 0.937500
vt 0.968750 0.093750
vt 0.968750 0.500000
vt 0.968750 0.906250
vt 0.953125 0.406250
vt 0.953125 0.375000
vt 0.953125 0.812500
vt 0.953125 0.781250
vt 0.953125 0.343750
vt 0.953125 0.750000
vt 0.953125 0.312500
vt 0.953125 0.718750
vt 0.953125 0.281250
vt 0.953125 0.687500
vt 0.953125 0.250000
vt 0.953125 0.656250
vt 0.953125 0.218750
vt 0.953125 0.625000
vt 0.953125 0.187500
vt 0.953125 0.593750
vt 0.953125 0.156250
vt 0.953125 0.562500
vt 0.960938 1.000000
vt 0.953125 0.968750
vt 0.953125 0.125000
vt 0.953125 0.531250
vt 0.953125 0.937500
vt 0.953125 0.093750
vt 0.953125 0.500000
vt 0.953125 0.906250
vt 0.953125 0.062500
vt 0.953125 0.468750
vt 0.953125 0.875000
vt 0.953125 0.031250
vt 0.953125 0.437500
vt 0.953125 0.843750
vt 0.960938 0.000000
vt 0.937500 0.375000
vt 0.937500 0.343750
vt 0.937500 0.781250
vt 0.937500 0.750000
vt 0.937500 0.312500
vt 0.937500 0.718750
vt 0.937500 0.281250
vt 0.937500 0.687500
vt 0.937500 0.250000
vt 0.937500 0.656250
vt 0.937500 0.218750
vt 0.937500 0.625000
vt 0.937500 0.187500
vt 0.937500 0.593750
vt 0.937500 0.156250
vt 0.937500 0.562500
vt 0.945313 1.000000
vt 0.937500 0.968750
vt 0.937500 0.125000
vt 0.937500 0.531250
vt 0.937500 0.937500
vt 0.937500 0.093750
vt 0.937500 0.500000
vt 0.937500 0.906250
vt 0.937500 0.062500
vt 0.937500 0.468750
vt 0.937500 0.875000
vt 0.937500 0.031250
vt 0.937500 0.437500
vt 0.937500 0.843750
vt 0.945313 0.000000
vt 0.937500 0.406250
vt 0.937500 0.812500
vt 0.921875 0.312500
vt 0.921875 0.281250
vt 0.921875 0.718750
vt 0.921875 0.687500
vt 0.921875 0.250000
vt 0.921875 0.656250
vt 0.921875 0.218750
vt 0.921875 0.625000
vt 0.921875 0.187500
vt 0.921875 0.593750
vt 0.921875 0.156250
vt 0.921875 0.562500
vt 0.929688 1.000000
vt 0.921875 0.968750
vt 0.921875 0.125000
vt 0.921875 0.531250
vt 0.921875 0.937500
vt 0.921875 0.093750
vt 0.921875 0.500000
vt 0.921875 0.906250
vt 0.921875 0.062500
vt 0.921875 0.468750
vt 0.921875 0.875000
vt 0.921875 0.031250
vt 0.921875 0.437500
vt 0.921875 0.843750
vt 0.929688 0.000000
vt 0.921875 0.406250
vt 0.921875 0.812500
vt 0.921875 0.375000
vt 0.921875 0.781250
vt 0.921875 0.343750
vt 0.921875 0.750000
vt 0.906250 0.250000
vt 0.906250 0.218750
vt 0.906250 0.656250
vt 0.906250 0.625000
vt 0.906250 0.187500
vt 0.906250 0.593750
vt 0.906250 0.156250
vt 0.906250 0.562500
vt 0.914063 1.000000
vt 0.906250 0.968750
vt 0.906250 0.125000
vt 0.906250 0.531250
vt 0.906250 0.937500
vt 0.906250 0.093750
vt 0.906250 0.500000
vt 0.906250 0.906250
vt 0.906250 0.062500
vt 0.906250 0.468750
vt 0.906250 0.875000
vt 0.906250 0.031250
vt 0.906250 0.437500
vt 0.906250 0.843750
vt 0.914063 0.000000
vt 0.906250 0.406250
vt 0.906250 0.812500
vt 0.906250 0.375000
vt 0.906250 0.781250
vt 0.906250 0.343750
vt 0.906250 0.750000
vt 0.906250 0.312500
vt 0.906250 0.718750
vt 0.906250 0.281250
vt 0.906250 0.687500
vt 0.890625 0.187500
vt 0.890625 0.156250
vt 0.890625 0.593750
vt 0.890625 0.562500
vt 0.898438 1.000000
vt 0.890625 0.968750
vt 0.890625 0.125000
vt 0.890625 0.531250
vt 0.890625 0.937500
vt 0.890625 0.093750
vt 0.890625 0.500000
vt 0.890625 0.906250
vt 0.890625 0.062500
vt 0.890625 0.468750
vt 0.890625 0.875000
vt 0.890625 0.031250
vt 0.890625 0.437500
vt 0.890625 0.843750
vt 0.898438 0.000000
vt 0.890625 0.406250
vt 0.890625 0.812500
vt 0.890625 0.375000
vt 0.890625 0.781250
vt 0.890625 0.343750
vt 0.890625 0.750000
vt 0.890625 0.312500
vt 0.890625 0.718750
vt 0.890625 0.281250
vt 0.890625 0.687500
vt 0.890625 0.250000
vt 0.890625 0.656250
vt 0.890625 0.218750
vt 0.890625 0.625000
vt 0.875000 0.968750
vt 0.875000 0.937500
vt 0.875000 0.125000
vt 0.875000 0.093750
vt 0.875000 0.531250
vt 0.875000 0.500000
vt 0.875000 0.906250
vt 0.875000 0.062500
vt 0.875000 0.468750
vt 0.875000 0.875000
vt 0.875000 0.031250
vt 0.875000 0.437500
vt 0.875000 0.843750
vt 0.882813 0.000000
vt 0.875000 0.406250
vt 0.875000 0.812500
vt 0.875000 0.375000
vt 0.875000 0.781250
vt 0.875000 0.343750
vt 0.875000 0.750000
vt 0.875000 0.312500
vt 0.875000 0.718750
vt 0.875000 0.281250
vt 0.875000 0.687500
vt 0.875000 0.250000
vt 0.875000 0.656250
vt 0.875000 0.218750
vt 0.875000 0.625000
vt 0.875000 0.187500
vt 0.875000 0.593750
vt 0.875000 0.156250
vt 0.875000 0.562500
vt 0.882813 1.000000
vt 0.859375 0.906250
vt 0.859375 0.875000
vt 0.859375 0.062500
vt 0.859375 0.031250
vt 0.859375 0.468750
vt 0.859375 0.437500
vt 0.859375 0.843750
vt 0.867188 0.000000
vt 0.859375 0.406250
vt 0.859375 0.812500
vt 0.859375 0.375000
vt 0.859375 0.781250
vt 0.859375 0.343750
vt 0.859375 0.750000
vt 0.859375 0.312500
vt 0.859375 0.718750
vt 0.859375 0.281250
vt 0.859375 0.687500
vt 0.859375 0.250000
vt 0.859375 0.656250
vt 0.859375 0.218750
vt 0.859375 0.625000
vt 0.859375 0.187500
vt 0.859375 0.593750
vt 0.859375 0.156250
vt 0.859375 0.562500
vt 0.867188 1.000000
vt 0.859375 0.968750
vt 0.859375 0.125000
vt 0.859375 0.531250
vt 0.859375 0.937500
vt 0.859375 0.093750
vt 0.859375 0.500000
vt 0.843750 0.843750
vt 0.843750 0.812500
vt 0.843750 0.406250
vt 0.843750 0.375000
vt 0.843750 0.781250
vt 0.843750 0.343750
vt 0.843750 0.750000
vt 0.843750 0.312500
vt 0.843750 0.718750
vt 0.843750 0.281250
vt 0.843750 0.687500
vt 0.843750 0.250000
vt 0.843750 0.656250
vt 0.843750 0.218750
vt 0.843750 0.625000
vt 0.843750 0.187500
vt 0.843750 0.593750
vt 0.843750 0.156250
vt 0.843750 0.562500
vt 0.851563 1.000000
vt 0.843750 0.968750
vt 0.843750 0.125000
vt 0.843750 0.531250
vt 0.843750 0.937500
vt 0.843750 0.093750
vt 0.843750 0.500000
vt 0.843750 0.906250
vt 0.843750 0.062500
vt 0.843750 0.468750
vt 0.843750 0.875000
vt 0.843750 0.031250
vt 0.843750 0.437500
vt 0.851563 0.000000
vt 0.828125 0.781250
vt 0.828125 0.750000
vt 0.828125 0.343750
vt 0.828125 0.312500
vt 0.828125 0.718750
vt 0.828125 0.281250
vt 0.828125 0.687500
vt 0.828125 0.250000
vt 0.828125 0.656250
vt 0.828125 0.218750
vt 0.828125 0.625000
vt 0.828125 0.187500
vt 0.828125 0.593750
vt 0.828125 0.156250
vt 0.828125 0.562500
vt 0.835938 1.000000
vt 0.828125 0.968750
vt 0.828125 0.125000
vt 0.828125 0.531250
vt 0.828125 0.937500
vt 0.828125 0.093750
vt 0.828125 0.500000
vt 0.828125 0.906250
vt 0.828125 0.062500
vt 0.828125 0.468750
vt 0.828125 0.875000
vt 0.828125 0.031250
vt 0.828125 0.437500
vt 0.828125 0.843750
vt 0.835938 0.000000
vt 0.828125 0.406250
vt 0.828125 0.812500
vt 0.828125 0.375000
vt 0.812500 0.718750
vt 0.812500 0.687500
vt 0.812500 0.281250
vt 0.812500 0.250000
vt 0.812500 0.656250
vt 0.812500 0.218750
vt 0.812500 0.625000
vt 0.812500 0.187500
vt 0.812500 0.593750
vt 0.812500 0.156250
vt 0.812500 0.562500
vt 0.820313 1.000000
vt 0.812500 0.968750
vt 0.812500 0.125000
vt 0.812500 0.531250
vt 0.812500 0.937500
vt 0.812500 0.093750
vt 0.812500 0.500000
vt 0.812500 0.906250
vt 0.812500 0.062500
vt 0.812500 0.468750
vt 0.812500 0.875000
vt 0.812500 0.031250
vt 0.812500 0.437500
vt 0.812500 0.843750
vt 0.820313 0.000000
vt 0.812500 0.406250
vt 0.812500 0.812500
vt 0.812500 0.375000
vt 0.812500 0.781250
vt 0.812500 0.343750
vt 0.812500 0.750000
vt 0.812500 0.312500
vt 0.796875 0.656250
vt 0.796875 0.625000
vt 0.796875 0.218750
vt 0.796875 0.187500
vt 0.796875 0.593750
vt 0.796875 0.156250
vt 0.796875 0.562500
vt 0.804688 1.000000
vt 0.796875 0.968750
vt 0.796875 0.125000
vt 0.796875 0.531250
vt 0.796875 0.937500
vt 0.796875 0.093750
vt 0.796875 0.500000
vt 0.796875 0.906250
vt 0.796875 0.062500
vt 0.796875 0.468750
vt 0.796875 0.875000
vt 0.796875 0.031250
vt 0.796875 0.437500
vt 0.796875 0.843750
vt 0.804688 0.000000
vt 0.796875 0.406250
vt 0.796875 0.812500
vt 0.796875 0.375000
vt 0.796875 0.781250
vt 0.796875 0.343750
vt 0.796875 0.750000
vt 0.796875 0.312500
vt 0.796875 0.718750
vt 0.796875 0.281250
vt 0.796875 0.687500
vt 0.796875 0.250000
vt 0.781250 0.593750
vt 0.781250 0.562500
vt 0.789063 1.000000
vt 0.781250 0.968750
vt 0.781250 0.156250
vt 0.781250 0.125000
vt 0.781250 0.531250
vt 0.781250 0.937500
vt 0.781250 0.093750
vt 0.781250 0.500000
vt 0.781250 0.906250
vt 0.781250 0.062500
vt 0.781250 0.468750
vt 0.781250 0.875000
vt 0.781250 0.031250
vt 0.781250 0.437500
vt 0.781250 0.843750
vt 0.789062 0.000000
vt 0.781250 0.406250
vt 0.781250 0.812500
vt 0.781250 0.375000
vt 0.781250 0.781250
vt 0.781250 0.343750
vt 0.781250 0.750000
vt 0.781250 0.312500
vt 0.781250 0.718750
vt 0.781250 0.281250
vt 0.781250 0.687500
vt 0.781250 0.250000
vt 0.781250 0.656250
vt 0.781250 0.218750
vt 0.781250 0.625000
vt 0.781250 0.187500
vt 0.765625 0.531250
vt 0.765625 0.500000
vt 0.765625 0.937500
vt 0.765625 0.906250
vt 0.765625 0.093750
vt 0.765625 0.062500
vt 0.765625 0.468750
vt 0.765625 0.875000
vt 0.765625 0.031250
vt 0.765625 0.437500
vt 0.765625 0.843750
vt 0.773438 0.000000
vt 0.765625 0.406250
vt 0.765625 0.812500
vt 0.765625 0.375000
vt 0.765625 0.781250
vt 0.765625 0.343750
vt 0.765625 0.750000
vt 0.765625 0.312500
vt 0.765625 0.718750
vt 0.765625 0.281250
vt 0.765625 0.687500
vt 0.765625 0.250000
vt 0.765625 0.656250
vt 0.765625 0.218750
vt 0.765625 0.625000
vt 0.765625 0.187500
vt 0.765625 0.593750
vt 0.765625 0.156250
vt 0.765625 0.562500
vt 0.773438 1.000000
vt 0.765625 0.968750
vt 0.765625 0.125000
vt 0.757812 0.000000
vt 0.757813 1.000000
s 1
usemtl Venus
f 1973/1/1973 1/2/1 18/3/18 19/4/19
f 16/5/16 15/6/15 45/7/45 46/8/46
f 11/9/11 10/10/10 32/11/32 33/12/33
f 2/13/2 1973/1/1973 19/4/19 20/14/20
f 1986/15/1986 16/5/16 46/8/46 47/16/47
f 12/17/12 11/9/11 33/12/33 34/18/34
f 3/19/3 2/13/2 20/14/20 21/20/21
f 17/21/17 1986/15/1986 47/16/47 48/22/48
f 1978/23/1978 12/17/12 34/18/34 35/24/35
f 1974/25/1974 3/19/3 21/20/21 22/26/22
f 979/27/979 17/21/17 48/22/48
f 1979/28/1979 1978/23/1978 35/24/35 36/29/36
f 1975/30/1975 1974/25/1974 22/26/22 23/31/23
f 13/32/13 1979/28/1979 36/29/36 37/33/37
f 4/34/4 1975/30/1975 23/31/23 24/35/24
f 1980/36/1980 13/32/13 37/33/37 38/37/38
f 5/38/5 4/34/4 24/35/24 25/39/25
f 1981/40/1981 1980/36/1980 38/37/38 39/41/39
f 6/42/6 5/38/5 25/39/25 26/43/26
f 1982/44/1982 1981/40/1981 39/41/39 40/45/40
f 1976/46/1976 6/42/6 26/43/26 27/47/27
f 1983/48/1983 1982/44/1982 40/45/40 41/49/41
f 7/50/7 1976/46/1976 27/47/27 28/51/28
f 14/52/14 1983/48/1983 41/49/41 42/53/42
f 1977/54/1977 7/50/7 28/51/28 29/55/29
f 1984/56/1984 14/52/14 42/53/42 43/57/43
f 8/58/8 1977/54/1977 29/55/29 30/59/30
f 1985/60/1985 1984/56/1984 43/57/43 44/61/44
f 9/62/9 8/58/8 30/59/30 31/63/31
f 1/2/1 1445/64/1445 18/3/18
f 15/6/15 1985/60/1985 44/61/44 45/7/45
f 10/10/10 9/62/9 31/63/31 32/11/32
f 27/47/27 26/43/26 57/65/57 58/66/58
f 41/49/41 40/45/40 71/67/71 72/68/72
f 28/51/28 27/47/27 58/66/58 59/69/59
f 42/53/42 41/49/41 72/68/72 73/70/73
f 29/55/29 28/51/28 59/69/59 60/71/60
f 43/57/43 42/53/42 73/70/73 74/72/74
f 30/59/30 29/55/29 60/71/60 61/73/61
f 44/61/44 43/57/43 74/72/74 75/74/75
f 31/63/31 30/59/30 61/73/61 62/75/62
f 18/3/18 1445/76/1445 49/77/49
f 45/7/45 44/61/44 75/74/75 76/78/76
f 32/11/32 31/63/31 62/75/62 63/79/63
f 19/4/19 18/3/18 49/77/49 50/80/50
f 46/8/46 45/7/45 76/78/76 77/81/77
f 33/12/33 32/11/32 63/79/63 64/82/64
f 20/14/20 19/4/19 50/80/50 51/83/51
f 47/16/47 46/8/46 77/81/77 78/84/78
f 34/18/34 33/12/33 64/82/64 65/85/65
f 21/20/21 20/14/20 51/83/51 52/86/52
f 48/22/48 47/16/47 78/84/78 79/87/79
f 35/24/35 34/18/34 65/85/65 66/88/66
f 22/26/22 21/20/21 52/86/52 53/89/53
f 979/90/979 48/22/48 79/87/79
f 36/29/36 35/24/35 66/88/66 67/91/67
f 23/31/23 22/26/22 53/89/53 54/92/54
f 37/33/37 36/29/36 67/91/67 68/93/68
f 24/35/24 23/31/23 54/92/54 55/94/55
f 38/37/38 37/33/37 68/93/68 69/95/69
f 25/39/25 24/35/24 55/94/55 56/96/56
f 39/41/39 38/37/38 69/95/69 70/97/70
f 26/43/26 25/39/25 56/96/56 57/65/57
f 40/45/40 39/41/39 70/97/70 71/67/71
f 60/71/60 59/69/59 90/98/90 91/99/91
f 74/72/74 73/70/73 104/100/104 105/101/105
f 61/73/61 60/71/60 91/99/91 92/102/92
f 75/74/75 74/72/74 105/101/105 106/103/106
f 62/75/62 61/73/61 92/102/92 93/104/93
f 49/77/49 1445/105/1445 80/106/80
f 76/78/76 75/74/75 106/103/106 107/107/107
f 63/79/63 62/75/62 93/104/93 94/108/94
f 50/80/50 49/77/49 80/106/80 81/109/81
f 77/81/77 76/78/76 107/107/107 108/110/108
f 64/82/64 63/79/63 94/108/94 95/111/95
f 51/83/51 50/80/50 81/109/81 82/112/82
f 78/84/78 77/81/77 108/110/108 109/113/109
f 65/85/65 64/82/64 95/111/95 96/114/96
f 52/86/52 51/83/51 82/112/82 83/115/83
f 79/87/79 78/84/78 109/113/109 110/116/110
f 66/88/66 65/85/65 96/114/96 97/117/97
f 53/89/53 52/86/52 83/115/83 84/118/84
f 979/119/979 79/87/79 110/116/110
f 67/91/67 66/88/66 97/117/97 98/120/98
f 54/92/54 53/89/53 84/118/84 85/121/85
f 68/93/68 67/91/67 98/120/98 99/122/99
f 55/94/55 54/92/54 85/121/85 86/123/86
f 69/95/69 68/93/68 99/122/99 100/124/100
f 56/96/56 55/94/55 86/123/86 87/125/87
f 70/97/70 69/95/69 100/124/100 101/126/101
f 57/65/57 56/96/56 87/125/87 88/127/88
f 71/67/71 70/97/70 101/126/101 102/128/102
f 58/66/58 57/65/57 88/127/88 89/129/89
f 72/68/72 71/67/71 102/128/102 103/130/103
f 59/69/59 58/66/58 89/129/89 90/98/90
f 73/70/73 72/68/72 103/130/103 104/100/104
f 93/104/93 92/102/92 123/131/123 124/132/124
f 80/106/80 1445/133/1445 111/134/111
f 107/107/107 106/103/106 137/135/137 138/136/138
f 94/108/94 93/104/93 124/132/124 125/137/125
f 81/109/81 80/106/80 111/134/111 112/138/112
f 108/110/108 107/107/107 138/136/138 139/139/139
f 95/111/95 94/108/94 125/137/125 126/140/126
f 82/112/82 81/109/81 112/138/112 113/141/113
f 109/113/109 108/110/108 139/139/139 140/142/140
f 96/114/96 95/111/95 126/140/126 127/143/127
f 83/115/83 82/112/82 113/141/113 114/144/114
f 110/116/110 109/113/109 140/142/140 141/145/141
f 97/117/97 96/114/96 127/143/127 128/146/128
f 84/118/84 83/115/83 114/144/114 115/147/115
f 979/148/979 110/116/110 141/145/141
f 98/120/98 97/117/97 128/146/128 129/149/129
f 85/121/85 84/118/84 115/147/115 116/150/116
f 99/122/99 98/120/98 129/149/129 130/151/130
f 86/123/86 85/121/85 116/150/116 117/152/117
f 100/124/100 99/122/99 130/151/130 131/153/131
f 87/125/87 86/123/86 117/152/117 118/154/118
f 101/126/101 100/124/100 131/153/131 132/155/132
f 88/127/88 87/125/87 118/154/118 119/156/119
f 102/128/102 101/126/101 132/155/132 133/157/133
f 89/129/89 88/127/88 119/156/119 120/158/120
f 103/130/103 102/128/102 133/157/133 134/159/134
f 90/98/90 89/129/89 120/158/120 121/160/121
f 104/100/104 103/130/103 134/159/134 135/161/135
f 91/99/91 90/98/90 121/160/121 122/162/122
f 105/101/105 104/100/104 135/161/135 136/163/136
f 92/102/92 91/99/91 122/162/122 123/131/123
f 106/103/106 105/101/105 136/163/136 137/135/137
f 126/140/126 125/137/125 156/164/156 157/165/157
f 113/141/113 112/138/112 143/166/143 144/167/144
f 140/142/140 139/139/139 170/168/170 171/169/171
f 127/143/127 126/140/126 157/165/157 158/170/158
f 114/144/114 113/141/113 144/167/144 145/171/145
f 141/145/141 140/142/140 171/169/171 172/172/172
f 128/146/128 127/143/127 158/170/158 159/173/159
f 115/147/115 114/144/114 145/171/145 146/174/146
f 979/175/979 141/145/141 172/172/172
f 129/149/129 128/146/128 159/173/159 160/176/160
f 116/150/116 115/147/115 146/174/146 147/177/147
f 130/151/130 129/149/129 160/176/160 161/178/161
f 117/152/117 116/150/116 147/177/147 148/179/148
f 131/153/131 130/151/130 161/178/161 162/180/162
f 118/154/118 117/152/117 148/179/148 149/181/149
f 132/155/132 131/153/131 162/180/162 163/182/163
f 119/156/119 118/154/118 149/181/149 150/183/150
f 133/157/133 132/155/132 163/182/163 164/184/164
f 120/158/120 119/156/119 150/183/150 151/185/151
f 134/159/134 133/157/133 164/184/164 165/186/165
f 121/160/121 120/158/120 151/185/151 152/187/152
f 135/161/135 134/159/134 165/186/165 166/188/166
f 122/162/122 121/160/121 152/187/152 153/189/153
f 136/163/136 135/161/135 166/188/166 167/190/167
f 123/131/123 122/162/122 153/189/153 154/191/154
f 137/135/137 136/163/136 167/190/167 168/192/168
f 124/132/124 123/131/123 154/191/154 155/193/155
f 111/134/111 1445/194/1445 142/195/142
f 138/136/138 137/135/137 168/192/168 169/196/169
f 125/137/125 124/132/124 155/193/155 156/164/156
f 112/138/112 111/134/111 142/195/142 143/166/143
f 139/139/139 138/136/138 169/196/169 170/168/170
f 159/173/159 158/170/158 189/197/189 190/198/190
f 146/174/146 145/171/145 176/199/176 177/200/177
f 979/201/979 172/172/172 203/202/203
f 160/176/160 159/173/159 190/198/190 191/203/191
f 147/177/147 146/174/146 177/200/177 178/204/178
f 161/178/161 160/176/160 191/203/191 192/205/192
f 148/179/148 147/177/147 178/204/178 179/206/179
f 162/180/162 161/178/161 192/205/192 193/207/193
f 149/181/149 148/179/148 179/206/179 180/208/180
f 163/182/163 162/180/162 193/207/193 194/209/194
f 150/183/150 149/181/149 180/208/180 181/210/181
f 164/184/164 163/182/163 194/209/194 195/211/195
f 151/185/151 150/183/150 181/210/181 182/212/182
f 165/186/165 164/184/164 195/211/195 196/213/196
f 152/187/152 151/185/151 182/212/182 183/214/183
f 166/188/166 165/186/165 196/213/196 197/215/197
f 153/189/153 152/187/152 183/214/183 184/216/184
f 167/190/167 166/188/166 197/215/197 198/217/198
f 154/191/154 153/189/153 184/216/184 185/218/185
f 168/192/168 167/190/167 198/217/198 199/219/199
f 155/193/155 154/191/154 185/218/185 186/220/186
f 142/195/142 1445/221/1445 173/222/173
f 169/196/169 168/192/168 199/219/199 200/223/200
f 156/164/156 155/193/155 186/220/186 187/224/187
f 143/166/143 142/195/142 173/222/173 174/225/174
f 170/168/170 169/196/169 200/223/200 201/226/201
f 157/165/157 156/164/156 187/224/187 188/227/188
f 144/167/144 143/166/143 174/225/174 175/228/175
f 171/169/171 170/168/170 201/226/201 202/229/202
f 158/170/158 157/165/157 188/227/188 189/197/189
f 145/171/145 144/167/144 175/228/175 176/199/176
f 172/172/172 171/169/171 202/229/202 203/202/203
f 192/205/192 191/203/191 222/230/222 223/231/223
f 179/206/179 178/204/178 209/232/209 210/233/210
f 193/207/193 192/205/192 223/231/223 224/234/224
f 180/208/180 179/206/179 210/233/210 211/235/211
f 194/209/194 193/207/193 224/234/224 225/236/225
f 181/210/181 180/208/180 211/235/211 212/237/212
f 195/211/195 194/209/194 225/236/225 226/238/226
f 182/212/182 181/210/181 212/237/212 213/239/213
f 196/213/196 195/211/195 226/238/226 227/240/227
f 183/214/183 182/212/182 213/239/213 214/241/214
f 197/215/197 196/213/196 227/240/227 228/242/228
f 184/216/184 183/214/183 214/241/214 215/243/215
f 198/217/198 197/215/197 228/242/228 229/244/229
f 185/218/185 184/216/184 215/243/215 216/245/216
f 199/219/199 198/217/198 229/244/229 230/246/230
f 186/220/186 185/218/185 216/245/216 217/247/217
f 173/222/173 1445/248/1445 204/249/204
f 200/223/200 199/219/199 230/246/230 231/250/231
f 187/224/187 186/220/186 217/247/217 218/251/218
f 174/225/174 173/222/173 204/249/204 205/252/205
f 201/226/201 200/223/200 231/250/231 232/253/232
f 188/227/188 187/224/187 218/251/218 219/254/219
f 175/228/175 174/225/174 205/252/205 206/255/206
f 202/229/202 201/226/201 232/253/232 233/256/233
f 189/197/189 188/227/188 219/254/219 220/257/220
f 176/199/176 175/228/175 206/255/206 207/258/207
f 203/202/203 202/229/202 233/256/233 234/259/234
f 190/198/190 189/197/189 220/257/220 221/260/221
f 177/200/177 176/199/176 207/258/207 208/261/208
f 979/262/979 203/202/203 234/259/234
f 191/203/191 190/198/190 221/260/221 222/230/222
f 178/204/178 177/200/177 208/261/208 209/232/209
f 225/236/225 224/234/224 255/263/255 256/264/256
f 212/237/212 211/235/211 242/265/242 243/266/243
f 226/238/226 225/236/225 256/264/256 257/267/257
f 213/239/213 212/237/212 243/266/243 244/268/244
f 227/240/227 226/238/226 257/267/257 258/269/258
f 214/241/214 213/239/213 244/268/244 245/270/245
f 228/242/228 227/240/227 258/269/258 259/271/259
f 215/243/215 214/241/214 245/270/245 246/272/246
f 229/244/229 228/242/228 259/271/259 260/273/260
f 216/245/216 215/243/215 246/272/246 247/274/247
f 230/246/230 229/244/229 260/273/260 261/275/261
f 217/247/217 216/245/216 247/274/247 248/276/248
f 204/249/204 1445/277/1445 235/278/235
f 231/250/231 230/246/230 261/275/261 262/279/262
f 218/251/218 217/247/217 248/276/248 249/280/249
f 205/252/205 204/249/204 235/278/235 236/281/236
f 232/253/232 231/250/231 262/279/262 263/282/263
f 219/254/219 218/251/218 249/280/249 250/283/250
f 206/255/206 205/252/205 236/281/236 237/284/237
f 233/256/233 232/253/232 263/282/263 264/285/264
f 220/257/220 219/254/219 250/283/250 251/286/251
f 207/258/207 206/255/206 237/284/237 238/287/238
f 234/259/234 233/256/233 264/285/264 265/288/265
f 221/260/221 220/257/220 251/286/251 252/289/252
f 208/261/208 207/258/207 238/287/238 239/290/239
f 979/291/979 234/259/234 265/288/265
f 222/230/222 221/260/221 252/289/252 253/292/253
f 209/232/209 208/261/208 239/290/239 240/293/240
f 223/231/223 222/230/222 253/292/253 254/294/254
f 210/233/210 209/232/209 240/293/240 241/295/241
f 224/234/224 223/231/223 254/294/254 255/263/255
f 211/235/211 210/233/210 241/295/241 242/265/242
f 258/269/258 257/267/257 288/296/288 289/297/289
f 245/270/245 244/268/244 275/298/275 276/299/276
f 259/271/259 258/269/258 289/297/289 290/300/290
f 246/272/246 245/270/245 276/299/276 277/301/277
f 260/273/260 259/271/259 290/300/290 291/302/291
f 247/274/247 246/272/246 277/301/277 278/303/278
f 261/275/261 260/273/260 291/302/291 292/304/292
f 248/276/248 247/274/247 278/303/278 279/305/279
f 235/278/235 1445/306/1445 266/307/266
f 262/279/262 261/275/261 292/304/292 293/308/293
f 249/280/249 248/276/248 279/305/279 280/309/280
f 236/281/236 235/278/235 266/307/266 267/310/267
f 263/282/263 262/279/262 293/308/293 294/311/294
f 250/283/250 249/280/249 280/309/280 281/312/281
f 237/284/237 236/281/236 267/310/267 268/313/268
f 264/285/264 263/282/263 294/311/294 295/314/295
f 251/286/251 250/283/250 281/312/281 282/315/282
f 238/287/238 237/284/237 268/313/268 269/316/269
f 265/288/265 264/285/264 295/314/295 296/317/296
f 252/289/252 251/286/251 282/315/282 283/318/283
f 239/290/239 238/287/238 269/316/269 270/319/270
f 979/320/979 265/288/265 296/317/296
f 253/292/253 252/289/252 283/318/283 284/321/284
f 240/293/240 239/290/239 270/319/270 271/322/271
f 254/294/254 253/292/253 284/321/284 285/323/285
f 241/295/241 240/293/240 271/322/271 272/324/272
f 255/263/255 254/294/254 285/323/285 286/325/286
f 242/265/242 241/295/241 272/324/272 273/326/273
f 256/264/256 255/263/255 286/325/286 287/327/287
f 243/266/243 242/265/242 273/326/273 274/328/274
f 257/267/257 256/264/256 287/327/287 288/296/288
f 244/268/244 243/266/243 274/328/274 275/298/275
f 291/302/291 290/300/290 321/329/321 322/330/322
f 278/303/278 277/301/277 308/331/308 309/332/309
f 292/304/292 291/302/291 322/330/322 323/333/323
f 279/305/279 278/303/278 309/332/309 310/334/310
f 266/307/266 1445/335/1445 297/336/297
f 293/308/293 292/304/292 323/333/323 324/337/324
f 280/309/280 279/305/279 310/334/310 311/338/311
f 267/310/267 266/307/266 297/336/297 298/339/298
f 294/311/294 293/308/293 324/337/324 325/340/325
f 281/312/281 280/309/280 311/338/311 312/341/312
f 268/313/268 267/310/267 298/339/298 299/342/299
f 295/314/295 294/311/294 325/340/325 326/343/326
f 282/315/282 281/312/281 312/341/312 313/344/313
f 269/316/269 268/313/268 299/342/299 300/345/300
f 296/317/296 295/314/295 326/343/326 327/346/327
f 283/318/283 282/315/282 313/344/313 314/347/314
f 270/319/270 269/316/269 300/345/300 301/348/301
f 979/349/979 296/317/296 327/346/327
f 284/321/284 283/318/283 314/347/314 315/350/315
f 271/322/271 270/319/270 301/348/301 302/351/302
f 285/323/285 284/321/284 315/350/315 316/352/316
f 272/324/272 271/322/271 302/351/302 303/353/303
f 286/325/286 285/323/285 316/352/316 317/354/317
f 273/326/273 272/324/272 303/353/303 304/355/304
f 287/327/287 286/325/286 317/354/317 318/356/318
f 274/328/274 273/326/273 304/355/304 305/357/305
f 288/296/288 287/327/287 318/356/318 319/358/319
f 275/298/275 274/328/274 305/357/305 306/359/306
f 289/297/289 288/296/288 319/358/319 320/360/320
f 276/299/276 275/298/275 306/359/306 307/361/307
f 290/300/290 289/297/289 320/360/320 321/329/321
f 277/301/277 276/299/276 307/361/307 308/331/308
f 324/337/324 323/333/323 354/362/354 355/363/355
f 311/338/311 310/334/310 341/364/341 342/365/342
f 298/339/298 297/336/297 328/366/328 329/367/329
f 325/340/325 324/337/324 355/363/355 356/368/356
f 312/341/312 311/338/311 342/365/342 343/369/343
f 299/342/299 298/339/298 329/367/329 330/370/330
f 326/343/326 325/340/325 356/368/356 357/371/357
f 313/344/313 312/341/312 343/369/343 344/372/344
f 300/345/300 299/342/299 330/370/330 331/373/331
f 327/346/327 326/343/326 357/371/357 358/374/358
f 314/347/314 313/344/313 344/372/344 345/375/345
f 301/348/301 300/345/300 331/373/331 332/376/332
f 979/377/979 327/346/327 358/374/358
f 315/350/315 314/347/314 345/375/345 346/378/346
f 302/351/302 301/348/301 332/376/332 333/379/333
f 316/352/316 315/350/315 346/378/346 347/380/347
f 303/353/303 302/351/302 333/379/333 334/381/334
f 317/354/317 316/352/316 347/380/347 348/382/348
f 304/355/304 303/353/303 334/381/334 335/383/335
f 318/356/318 317/354/317 348/382/348 349/384/349
f 305/357/305 304/355/304 335/383/335 336/385/336
f 319/358/319 318/356/318 349/384/349 350/386/350
f 306/359/306 305/357/305 336/385/336 337/387/337
f 320/360/320 319/358/319 350/386/350 351/388/351
f 307/361/307 306/359/306 337/387/337 338/389/338
f 321/329/321 320/360/320 351/388/351 352/390/352
f 308/331/308 307/361/307 338/389/338 339/391/339
f 322/330/322 321/329/321 352/390/352 353/392/353
f 309/332/309 308/331/308 339/391/339 340/393/340
f 323/333/323 322/330/322 353/392/353 354/362/354
f 310/334/310 309/332/309 340/393/340 341/364/341
f 297/336/297 1445/394/1445 328/366/328
f 357/371/357 356/368/356 387/395/387 388/396/388
f 344/372/344 343/369/343 374/397/374 375/398/375
f 331/373/331 330/370/330 361/399/361 362/400/362
f 358/374/358 357/371/357 388/396/388 389/401/389
f 345/375/345 344/372/344 375/398/375 376/402/376
f 332/376/332 331/373/331 362/400/362 363/403/363
f 979/404/979 358/374/358 389/401/389
f 346/378/346 345/375/345 376/402/376 377/405/377
f 333/379/333 332/376/332 363/403/363 364/406/364
f 347/380/347 346/378/346 377/405/377 378/407/378
f 334/381/334 333/379/333 364/406/364 365/408/365
f 348/382/348 347/380/347 378/407/378 379/409/379
f 335/383/335 334/381/334 365/408/365 366/410/366
f 349/384/349 348/382/348 379/409/379 380/411/380
f 336/385/336 335/383/335 366/410/366 367/412/367
f 350/386/350 349/384/349 380/411/380 381/413/381
f 337/387/337 336/385/336 367/412/367 368/414/368
f 351/388/351 350/386/350 381/413/381 382/415/382
f 338/389/338 337/387/337 368/414/368 369/416/369
f 352/390/352 351/388/351 382/415/382 383/417/383
f 339/391/339 338/389/338 369/416/369 370/418/370
f 353/392/353 352/390/352 383/417/383 384/419/384
f 340/393/340 339/391/339 370/418/370 371/420/371
f 354/362/354 353/392/353 384/419/384 385/421/385
f 341/364/341 340/393/340 371/420/371 372/422/372
f 328/366/328 1445/423/1445 359/424/359
f 355/363/355 354/362/354 385/421/385 386/425/386
f 342/365/342 341/364/341 372/422/372 373/426/373
f 329/367/329 328/366/328 359/424/359 360/427/360
f 356/368/356 355/363/355 386/425/386 387/395/387
f 343/369/343 342/365/342 373/426/373 374/397/374
f 330/370/330 329/367/329 360/427/360 361/399/361
f 979/428/979 389/401/389 420/429/420
f 377/405/377 376/402/376 407/430/407 408/431/408
f 364/406/364 363/403/363 394/432/394 395/433/395
f 378/407/378 377/405/377 408/431/408 409/434/409
f 365/408/365 364/406/364 395/433/395 396/435/396
f 379/409/379 378/407/378 409/434/409 410/436/410
f 366/410/366 365/408/365 396/435/396 397/437/397
f 380/411/380 379/409/379 410/436/410 411/438/411
f 367/412/367 366/410/366 397/437/397 398/439/398
f 381/413/381 380/411/380 411/438/411 412/440/412
f 368/414/368 367/412/367 398/439/398 399/441/399
f 382/415/382 381/413/381 412/440/412 413/442/413
f 369/416/369 368/414/368 399/441/399 400/443/400
f 383/417/383 382/415/382 413/442/413 414/444/414
f 370/418/370 369/416/369 400/443/400 401/445/401
f 384/419/384 383/417/383 414/444/414 415/446/415
f 371/420/371 370/418/370 401/445/401 402/447/402
f 385/421/385 384/419/384 415/446/415 416/448/416
f 372/422/372 371/420/371 402/447/402 403/449/403
f 359/424/359 1445/450/1445 390/451/390
f 386/425/386 385/421/385 416/448/416 417/452/417
f 373/426/373 372/422/372 403/449/403 404/453/404
f 360/427/360 359/424/359 390/451/390 391/454/391
f 387/395/387 386/425/386 417/452/417 418/455/418
f 374/397/374 373/426/373 404/453/404 405/456/405
f 361/399/361 360/427/360 391/454/391 392/457/392
f 388/396/388 387/395/387 418/455/418 419/458/419
f 375/398/375 374/397/374 405/456/405 406/459/406
f 362/400/362 361/399/361 392/457/392 393/460/393
f 389/401/389 388/396/388 419/458/419 420/429/420
f 376/402/376 375/398/375 406/459/406 407/430/407
f 363/403/363 362/400/362 393/460/393 394/432/394
f 410/436/410 409/434/409 440/461/440 441/462/441
f 397/437/397 396/435/396 427/463/427 428/464/428
f 411/438/411 410/436/410 441/462/441 442/465/442
f 398/439/398 397/437/397 428/464/428 429/466/429
f 412/440/412 411/438/411 442/465/442 443/467/443
f 399/441/399 398/439/398 429/466/429 430/468/430
f 413/442/413 412/440/412 443/467/443 444/469/444
f 400/443/400 399/441/399 430/468/430 431/470/431
f 414/444/414 413/442/413 444/469/444 445/471/445
f 401/445/401 400/443/400 431/470/431 432/472/432
f 415/446/415 414/444/414 445/471/445 446/473/446
f 402/447/402 401/445/401 432/472/432 433/474/433
f 416/448/416 415/446/415 446/473/446 447/475/447
f 403/449/403 402/447/402 433/474/433 434/476/434
f 390/451/390 1445/477/1445 421/478/421
f 417/452/417 416/448/416 447/475/447 448/479/448
f 404/453/404 403/449/403 434/476/434 435/480/435
f 391/454/391 390/451/390 421/478/421 422/481/422
f 418/455/418 417/452/417 448/479/448 449/482/449
f 405/456/405 404/453/404 435/480/435 436/483/436
f 392/457/392 391/454/391 422/481/422 423/484/423
f 419/458/419 418/455/418 449/482/449 450/485/450
f 406/459/406 405/456/405 436/483/436 437/486/437
f 393/460/393 392/457/392 423/484/423 424/487/424
f 420/429/420 419/458/419 450/485/450 451/488/451
f 407/430/407 406/459/406 437/486/437 438/489/438
f 394/432/394 393/460/393 424/487/424 425/490/425
f 979/491/979 420/429/420 451/488/451
f 408/431/408 407/430/407 438/489/438 439/492/439
f 395/433/395 394/432/394 425/490/425 426/493/426
f 409/434/409 408/431/408 439/492/439 440/461/440
f 396/435/396 395/433/395 426/493/426 427/463/427
f 443/467/443 442/465/442 473/494/473 474/495/474
f 430/468/430 429/466/429 460/496/460 461/497/461
f 444/469/444 443/467/443 474/495/474 475/498/475
f 431/470/431 430/468/430 461/497/461 462/499/462
f 445/471/445 444/469/444 475/498/475 476/500/476
f 432/472/432 431/470/431 462/499/462 463/501/463
f 446/473/446 445/471/445 476/500/476 477/502/477
f 433/474/433 432/472/432 463/501/463 464/503/464
f 447/475/447 446/473/446 477/502/477 478/504/478
f 434/476/434 433/474/433 464/503/464 465/505/465
f 421/478/421 1445/506/1445 452/507/452
f 448/479/448 447/475/447 478/504/478 479/508/479
f 435/480/435 434/476/434 465/505/465 466/509/466
f 422/481/422 421/478/421 452/507/452 453/510/453
f 449/482/449 448/479/448 479/508/479 480/511/480
f 436/483/436 435/480/435 466/509/466 467/512/467
f 423/484/423 422/481/422 453/510/453 454/513/454
f 450/485/450 449/482/449 480/511/480 481/514/481
f 437/486/437 436/483/436 467/512/467 468/515/468
f 424/487/424 423/484/423 454/513/454 455/516/455
f 451/488/451 450/485/450 481/514/481 482/517/482
f 438/489/438 437/486/437 468/515/468 469/518/469
f 425/490/425 424/487/424 455/516/455 456/519/456
f 979/520/979 451/488/451 482/517/482
f 439/492/439 438/489/438 469/518/469 470/521/470
f 426/493/426 425/490/425 456/519/456 457/522/457
f 440/461/440 439/492/439 470/521/470 471/523/471
f 427/463/427 426/493/426 457/522/457 458/524/458
f 441/462/441 440/461/440 471/523/471 472/525/472
f 428/464/428 427/463/427 458/524/458 459/526/459
f 442/465/442 441/462/441 472/525/472 473/494/473
f 429/466/429 428/464/428 459/526/459 460/496/460
f 476/500/476 475/498/475 506/527/506 507/528/507
f 463/501/463 462/499/462 493/529/493 494/530/494
f 477/502/477 476/500/476 507/528/507 508/531/508
f 464/503/464 463/501/463 494/530/494 495/532/495
f 478/504/478 477/502/477 508/531/508 509/533/509
f 465/505/465 464/503/464 495/532/495 496/534/496
f 452/507/452 1445/535/1445 483/536/483
f 479/508/479 478/504/478 509/533/509 510/537/510
f 466/509/466 465/505/465 496/534/496 497/538/497
f 453/510/453 452/507/452 483/536/483 484/539/484
f 480/511/480 479/508/479 510/537/510 511/540/511
f 467/512/467 466/509/466 497/538/497 498/541/498
f 454/513/454 453/510/453 484/539/484 485/542/485
f 481/514/481 480/511/480 511/540/511 512/543/512
f 468/515/468 467/512/467 498/541/498 499/544/499
f 455/516/455 454/513/454 485/542/485 486/545/486
f 482/517/482 481/514/481 512/543/512 513/546/513
f 469/518/469 468/515/468 499/544/499 500/547/500
f 456/519/456 455/516/455 486/545/486 487/548/487
f 979/549/979 482/517/482 513/546/513
f 470/521/470 469/518/469 500/547/500 501/550/501
f 457/522/457 456/519/456 487/548/487 488/551/488
f 471/523/471 470/521/470 501/550/501 502/552/502
f 458/524/458 457/522/457 488/551/488 489/553/489
f 472/525/472 471/523/471 502/552/502 503/554/503
f 459/526/459 458/524/458 489/553/489 490/555/490
f 473/494/473 472/525/472 503/554/503 504/556/504
f 460/496/460 459/526/459 490/555/490 491/557/491
f 474/495/474 473/494/473 504/556/504 505/558/505
f 461/497/461 460/496/460 491/557/491 492/559/492
f 475/498/475 474/495/474 505/558/505 506/527/506
f 462/499/462 461/497/461 492/559/492 493/529/493
f 509/533/509 508/531/508 539/560/539 540/561/540
f 496/534/496 495/532/495 526/562/526 527/563/527
f 483/536/483 1445/564/1445 514/565/514
f 510/537/510 509/533/509 540/561/540 541/566/541
f 497/538/497 496/534/496 527/563/527 528/567/528
f 484/539/484 483/536/483 514/565/514 515/568/515
f 511/540/511 510/537/510 541/566/541 542/569/542
f 498/541/498 497/538/497 528/567/528 529/570/529
f 485/542/485 484/539/484 515/568/515 516/571/516
f 512/543/512 511/540/511 542/569/542 543/572/543
f 499/544/499 498/541/498 529/570/529 530/573/530
f 486/545/486 485/542/485 516/571/516 517/574/517
f 513/546/513 512/543/512 543/572/543 544/575/544
f 500/547/500 499/544/499 530/573/530 531/576/531
f 487/548/487 486/545/486 517/574/517 518/577/518
f 979/578/979 513/546/513 544/575/544
f 501/550/501 500/547/500 531/576/531 532/579/532
f 488/551/488 487/548/487 518/577/518 519/580/519
f 502/552/502 501/550/501 532/579/532 533/581/533
f 489/553/489 488/551/488 519/580/519 520/582/520
f 503/554/503 502/552/502 533/581/533 534/583/534
f 490/555/490 489/553/489 520/582/520 521/584/521
f 504/556/504 503/554/503 534/583/534 535/585/535
f 491/557/491 490/555/490 521/584/521 522/586/522
f 505/558/505 504/556/504 535/585/535 536/587/536
f 492/559/492 491/557/491 522/586/522 523/588/523
f 506/527/506 505/558/505 536/587/536 537/589/537
f 493/529/493 492/559/492 523/588/523 524/590/524
f 507/528/507 506/527/506 537/589/537 538/591/538
f 494/530/494 493/529/493 524/590/524 525/592/525
f 508/531/508 507/528/507 538/591/538 539/560/539
f 495/532/495 494/530/494 525/592/525 526/562/526
f 515/568/515 514/565/514 545/593/545 546/594/546
f 542/569/542 541/566/541 572/595/572 573/596/573
f 529/570/529 528/567/528 559/597/559 560/598/560
f 516/571/516 515/568/515 546/594/546 547/599/547
f 543/572/543 542/569/542 573/596/573 574/600/574
f 530/573/530 529/570/529 560/598/560 561/601/561
f 517/574/517 516/571/516 547/599/547 548/602/548
f 544/575/544 543/572/543 574/600/574 575/603/575
f 531/576/531 530/573/530 561/601/561 562/604/562
f 518/577/518 517/574/517 548/602/548 549/605/549
f 979/606/979 544/575/544 575/603/575
f 532/579/532 531/576/531 562/604/562 563/607/563
f 519/580/519 518/577/518 549/605/549 550/608/550
f 533/581/533 532/579/532 563/607/563 564/609/564
f 520/582/520 519/580/519 550/608/550 551/610/551
f 534/583/534 533/581/533 564/609/564 565/611/565
f 521/584/521 520/582/520 551/610/551 552/612/552
f 535/585/535 534/583/534 565/611/565 566/613/566
f 522/586/522 521/584/521 552/612/552 553/614/553
f 536/587/536 535/585/535 566/613/566 567/615/567
f 523/588/523 522/586/522 553/614/553 554/616/554
f 537/589/537 536/587/536 567/615/567 568/617/568
f 524/590/524 523/588/523 554/616/554 555/618/555
f 538/591/538 537/589/537 568/617/568 569/619/569
f 525/592/525 524/590/524 555/618/555 556/620/556
f 539/560/539 538/591/538 569/619/569 570/621/570
f 526/562/526 525/592/525 556/620/556 557/622/557
f 540/561/540 539/560/539 570/621/570 571/623/571
f 527/563/527 526/562/526 557/622/557 558/624/558
f 514/565/514 1445/625/1445 545/593/545
f 541/566/541 540/561/540 571/623/571 572/595/572
f 528/567/528 527/563/527 558/624/558 559/597/559
f 548/602/548 547/599/547 578/626/578 579/627/579
f 575/603/575 574/600/574 605/628/605 606/629/606
f 562/604/562 561/601/561 592/630/592 593/631/593
f 549/605/549 548/602/548 579/627/579 580/632/580
f 979/633/979 575/603/575 606/629/606
f 563/607/563 562/604/562 593/631/593 594/634/594
f 550/608/550 549/605/549 580/632/580 581/635/581
f 564/609/564 563/607/563 594/634/594 595/636/595
f 551/610/551 550/608/550 581/635/581 582/637/582
f 565/611/565 564/609/564 595/636/595 596/638/596
f 552/612/552 551/610/551 582/637/582 583/639/583
f 566/613/566 565/611/565 596/638/596 597/640/597
f 553/614/553 552/612/552 583/639/583 584/641/584
f 567/615/567 566/613/566 597/640/597 598/642/598
f 554/616/554 553/614/553 584/641/584 585/643/585
f 568/617/568 567/615/567 598/642/598 599/644/599
f 555/618/555 554/616/554 585/643/585 586/645/586
f 569/619/569 568/617/568 599/644/599 600/646/600
f 556/620/556 555/618/555 586/645/586 587/647/587
f 570/621/570 569/619/569 600/646/600 601/648/601
f 557/622/557 556/620/556 587/647/587 588/649/588
f 571/623/571 570/621/570 601/648/601 602/650/602
f 558/624/558 557/622/557 588/649/588 589/651/589
f 545/593/545 1445/652/1445 576/653/576
f 572/595/572 571/623/571 602/650/602 603/654/603
f 559/597/559 558/624/558 589/651/589 590/655/590
f 546/594/546 545/593/545 576/653/576 577/656/577
f 573/596/573 572/595/572 603/654/603 604/657/604
f 560/598/560 559/597/559 590/655/590 591/658/591
f 547/599/547 546/594/546 577/656/577 578/626/578
f 574/600/574 573/596/573 604/657/604 605/628/605
f 561/601/561 560/598/560 591/658/591 592/630/592
f 581/635/581 580/632/580 611/659/611 612/660/612
f 595/636/595 594/634/594 625/661/625 626/662/626
f 582/637/582 581/635/581 612/660/612 613/663/613
f 596/638/596 595/636/595 626/662/626 627/664/627
f 583/639/583 582/637/582 613/663/613 614/665/614
f 597/640/597 596/638/596 627/664/627 628/666/628
f 584/641/584 583/639/583 614/665/614 615/667/615
f 598/642/598 597/640/597 628/666/628 629/668/629
f 585/643/585 584/641/584 615/667/615 616/669/616
f 599/644/599 598/642/598 629/668/629 630/670/630
f 586/645/586 585/643/585 616/669/616 617/671/617
f 600/646/600 599/644/599 630/670/630 631/672/631
f 587/647/587 586/645/586 617/671/617 618/673/618
f 601/648/601 600/646/600 631/672/631 632/674/632
f 588/649/588 587/647/587 618/673/618 619/675/619
f 602/650/602 601/648/601 632/674/632 633/676/633
f 589/651/589 588/649/588 619/675/619 620/677/620
f 576/653/576 1445/678/1445 607/679/607
f 603/654/603 602/650/602 633/676/633 634/680/634
f 590/655/590 589/651/589 620/677/620 621/681/621
f 577/656/577 576/653/576 607/679/607 608/682/608
f 604/657/604 603/654/603 634/680/634 635/683/635
f 591/658/591 590/655/590 621/681/621 622/684/622
f 578/626/578 577/656/577 608/682/608 609/685/609
f 605/628/605 604/657/604 635/683/635 636/686/636
f 592/630/592 591/658/591 622/684/622 623/687/623
f 579/627/579 578/626/578 609/685/609 610/688/610
f 606/629/606 605/628/605 636/686/636 637/689/637
f 593/631/593 592/630/592 623/687/623 624/690/624
f 580/632/580 579/627/579 610/688/610 611/659/611
f 979/691/979 606/629/606 637/689/637
f 594/634/594 593/631/593 624/690/624 625/661/625
f 614/665/614 613/663/613 644/692/644 645/693/645
f 628/666/628 627/664/627 658/694/658 659/695/659
f 615/667/615 614/665/614 645/693/645 646/696/646
f 629/668/629 628/666/628 659/695/659 660/697/660
f 616/669/616 615/667/615 646/696/646 647/698/647
f 630/670/630 629/668/629 660/697/660 661/699/661
f 617/671/617 616/669/616 647/698/647 648/700/648
f 631/672/631 630/670/630 661/699/661 662/701/662
f 618/673/618 617/671/617 648/700/648 649/702/649
f 632/674/632 631/672/631 662/701/662 663/703/663
f 619/675/619 618/673/618 649/702/649 650/704/650
f 633/676/633 632/674/632 663/703/663 664/705/664
f 620/677/620 619/675/619 650/704/650 651/706/651
f 607/679/607 1445/707/1445 638/708/638
f 634/680/634 633/676/633 664/705/664 665/709/665
f 621/681/621 620/677/620 651/706/651 652/710/652
f 608/682/608 607/679/607 638/708/638 639/711/639
f 635/683/635 634/680/634 665/709/665 666/712/666
f 622/684/622 621/681/621 652/710/652 653/713/653
f 609/685/609 608/682/608 639/711/639 640/714/640
f 636/686/636 635/683/635 666/712/666 667/715/667
f 623/687/623 622/684/622 653/713/653 654/716/654
f 610/688/610 609/685/609 640/714/640 641/717/641
f 637/689/637 636/686/636 667/715/667 668/718/668
f 624/690/624 623/687/623 654/716/654 655/719/655
f 611/659/611 610/688/610 641/717/641 642/720/642
f 979/721/979 637/689/637 668/718/668
f 625/661/625 624/690/624 655/719/655 656/722/656
f 612/660/612 611/659/611 642/720/642 643/723/643
f 626/662/626 625/661/625 656/722/656 657/724/657
f 613/663/613 612/660/612 643/723/643 644/692/644
f 627/664/627 626/662/626 657/724/657 658/694/658
f 647/698/647 646/696/646 677/725/677 678/726/678
f 661/699/661 660/697/660 691/727/691 692/728/692
f 648/700/648 647/698/647 678/726/678 679/729/679
f 662/701/662 661/699/661 692/728/692 693/730/693
f 649/702/649 648/700/648 679/729/679 680/731/680
f 663/703/663 662/701/662 693/730/693 694/732/694
f 650/704/650 649/702/649 680/731/680 681/733/681
f 664/705/664 663/703/663 694/732/694 695/734/695
f 651/706/651 650/704/650 681/733/681 682/735/682
f 638/708/638 1445/736/1445 669/737/669
f 665/709/665 664/705/664 695/734/695 696/738/696
f 652/710/652 651/706/651 682/735/682 683/739/683
f 639/711/639 638/708/638 669/737/669 670/740/670
f 666/712/666 665/709/665 696/738/696 697/741/697
f 653/713/653 652/710/652 683/739/683 684/742/684
f 640/714/640 639/711/639 670/740/670 671/743/671
f 667/715/667 666/712/666 697/741/697 698/744/698
f 654/716/654 653/713/653 684/742/684 685/745/685
f 641/717/641 640/714/640 671/743/671 672/746/672
f 668/718/668 667/715/667 698/744/698 699/747/699
f 655/719/655 654/716/654 685/745/685 686/748/686
f 642/720/642 641/717/641 672/746/672 673/749/673
f 979/750/979 668/718/668 699/747/699
f 656/722/656 655/719/655 686/748/686 687/751/687
f 643/723/643 642/720/642 673/749/673 674/752/674
f 657/724/657 656/722/656 687/751/687 688/753/688
f 644/692/644 643/723/643 674/752/674 675/754/675
f 658/694/658 657/724/657 688/753/688 689/755/689
f 645/693/645 644/692/644 675/754/675 676/756/676
f 659/695/659 658/694/658 689/755/689 690/757/690
f 646/696/646 645/693/645 676/756/676 677/725/677
f 660/697/660 659/695/659 690/757/690 691/727/691
f 680/731/680 679/729/679 710/758/710 711/759/711
f 694/732/694 693/730/693 724/760/724 725/761/725
f 681/733/681 680/731/680 711/759/711 712/762/712
f 695/734/695 694/732/694 725/761/725 726/763/726
f 682/735/682 681/733/681 712/762/712 713/764/713
f 669/737/669 1445/765/1445 700/766/700
f 696/738/696 695/734/695 726/763/726 727/767/727
f 683/739/683 682/735/682 713/764/713 714/768/714
f 670/740/670 669/737/669 700/766/700 701/769/701
f 697/741/697 696/738/696 727/767/727 728/770/728
f 684/742/684 683/739/683 714/768/714 715/771/715
f 671/743/671 670/740/670 701/769/701 702/772/702
f 698/744/698 697/741/697 728/770/728 729/773/729
f 685/745/685 684/742/684 715/771/715 716/774/716
f 672/746/672 671/743/671 702/772/702 703/775/703
f 699/747/699 698/744/698 729/773/729 730/776/730
f 686/748/686 685/745/685 716/774/716 717/777/717
f 673/749/673 672/746/672 703/775/703 704/778/704
f 979/779/979 699/747/699 730/776/730
f 687/751/687 686/748/686 717/777/717 718/780/718
f 674/752/674 673/749/673 704/778/704 705/781/705
f 688/753/688 687/751/687 718/780/718 719/782/719
f 675/754/675 674/752/674 705/781/705 706/783/706
f 689/755/689 688/753/688 719/782/719 720/784/720
f 676/756/676 675/754/675 706/783/706 707/785/707
f 690/757/690 689/755/689 720/784/720 721/786/721
f 677/725/677 676/756/676 707/785/707 708/787/708
f 691/727/691 690/757/690 721/786/721 722/788/722
f 678/726/678 677/725/677 708/787/708 709/789/709
f 692/728/692 691/727/691 722/788/722 723/790/723
f 679/729/679 678/726/678 709/789/709 710/758/710
f 693/730/693 692/728/692 723/790/723 724/760/724
f 713/764/713 712/762/712 743/791/743 744/792/744
f 700/766/700 1445/793/1445 731/794/731
f 727/767/727 726/763/726 757/795/757 758/796/758
f 714/768/714 713/764/713 744/792/744 745/797/745
f 701/769/701 700/766/700 731/794/731 732/798/732
f 728/770/728 727/767/727 758/796/758 759/799/759
f 715/771/715 714/768/714 745/797/745 746/800/746
f 702/772/702 701/769/701 732/798/732 733/801/733
f 729/773/729 728/770/728 759/799/759 760/802/760
f 716/774/716 715/771/715 746/800/746 747/803/747
f 703/775/703 702/772/702 733/801/733 734/804/734
f 730/776/730 729/773/729 760/802/760 761/805/761
f 717/777/717 716/774/716 747/803/747 748/806/748
f 704/778/704 703/775/703 734/804/734 735/807/735
f 979/808/979 730/776/730 761/805/761
f 718/780/718 717/777/717 748/806/748 749/809/749
f 705/781/705 704/778/704 735/807/735 736/810/736
f 719/782/719 718/780/718 749/809/749 750/811/750
f 706/783/706 705/781/705 736/810/736 737/812/737
f 720/784/720 719/782/719 750/811/750 751/813/751
f 707/785/707 706/783/706 737/812/737 738/814/738
f 721/786/721 720/784/720 751/813/751 752/815/752
f 708/787/708 707/785/707 738/814/738 739/816/739
f 722/788/722 721/786/721 752/815/752 753/817/753
f 709/789/709 708/787/708 739/816/739 740/818/740
f 723/790/723 722/788/722 753/817/753 754/819/754
f 710/758/710 709/789/709 740/818/740 741/820/741
f 724/760/724 723/790/723 754/819/754 755/821/755
f 711/759/711 710/758/710 741/820/741 742/822/742
f 725/761/725 724/760/724 755/821/755 756/823/756
f 712/762/712 711/759/711 742/822/742 743/791/743
f 726/763/726 725/761/725 756/823/756 757/795/757
f 746/800/746 745/797/745 776/824/776 777/825/777
f 733/801/733 732/798/732 763/826/763 764/827/764
f 760/802/760 759/799/759 790/828/790 791/829/791
f 747/803/747 746/800/746 777/825/777 778/830/778
f 734/804/734 733/801/733 764/827/764 765/831/765
f 761/805/761 760/802/760 791/829/791 792/832/792
f 748/806/748 747/803/747 778/830/778 779/833/779
f 735/807/735 734/804/734 765/831/765 766/834/766
f 979/835/979 761/805/761 792/832/792
f 749/809/749 748/806/748 779/833/779 780/836/780
f 736/810/736 735/807/735 766/834/766 767/837/767
f 750/811/750 749/809/749 780/836/780 781/838/781
f 737/812/737 736/810/736 767/837/767 768/839/768
f 751/813/751 750/811/750 781/838/781 782/840/782
f 738/814/738 737/812/737 768/839/768 769/841/769
f 752/815/752 751/813/751 782/840/782 783/842/783
f 739/816/739 738/814/738 769/841/769 770/843/770
f 753/817/753 752/815/752 783/842/783 784/844/784
f 740/818/740 739/816/739 770/843/770 771/845/771
f 754/819/754 753/817/753 784/844/784 785/846/785
f 741/820/741 740/818/740 771/845/771 772/847/772
f 755/821/755 754/819/754 785/846/785 786/848/786
f 742/822/742 741/820/741 772/847/772 773/849/773
f 756/823/756 755/821/755 786/848/786 787/850/787
f 743/791/743 742/822/742 773/849/773 774/851/774
f 757/795/757 756/823/756 787/850/787 788/852/788
f 744/792/744 743/791/743 774/851/774 775/853/775
f 731/794/731 1445/854/1445 762/855/762
f 758/796/758 757/795/757 788/852/788 789/856/789
f 745/797/745 744/792/744 775/853/775 776/824/776
f 732/798/732 731/794/731 762/855/762 763/826/763
f 759/799/759 758/796/758 789/856/789 790/828/790
f 779/833/779 778/830/778 809/857/809 810/858/810
f 766/834/766 765/831/765 796/859/796 797/860/797
f 979/861/979 792/832/792 823/862/823
f 780/836/780 779/833/779 810/858/810 811/863/811
f 767/837/767 766/834/766 797/860/797 798/864/798
f 781/838/781 780/836/780 811/863/811 812/865/812
f 768/839/768 767/837/767 798/864/798 799/866/799
f 782/840/782 781/838/781 812/865/812 813/867/813
f 769/841/769 768/839/768 799/866/799 800/868/800
f 783/842/783 782/840/782 813/867/813 814/869/814
f 770/843/770 769/841/769 800/868/800 801/870/801
f 784/844/784 783/842/783 814/869/814 815/871/815
f 771/845/771 770/843/770 801/870/801 802/872/802
f 785/846/785 784/844/784 815/871/815 816/873/816
f 772/847/772 771/845/771 802/872/802 803/874/803
f 786/848/786 785/846/785 816/873/816 817/875/817
f 773/849/773 772/847/772 803/874/803 804/876/804
f 787/850/787 786/848/786 817/875/817 818/877/818
f 774/851/774 773/849/773 804/876/804 805/878/805
f 788/852/788 787/850/787 818/877/818 819/879/819
f 775/853/775 774/851/774 805/878/805 806/880/806
f 762/855/762 1445/881/1445 793/882/793
f 789/856/789 788/852/788 819/879/819 820/883/820
f 776/824/776 775/853/775 806/880/806 807/884/807
f 763/826/763 762/855/762 793/882/793 794/885/794
f 790/828/790 789/856/789 820/883/820 821/886/821
f 777/825/777 776/824/776 807/884/807 808/887/808
f 764/827/764 763/826/763 794/885/794 795/888/795
f 791/829/791 790/828/790 821/886/821 822/889/822
f 778/830/778 777/825/777 808/887/808 809/857/809
f 765/831/765 764/827/764 795/888/795 796/859/796
f 792/832/792 791/829/791 822/889/822 823/862/823
f 804/876/804 803/874/803 834/890/834 835/891/835
f 818/877/818 817/875/817 848/892/848 849/893/849
f 805/878/805 804/876/804 835/891/835 836/894/836
f 819/879/819 818/877/818 849/893/849 850/895/850
f 806/880/806 805/878/805 836/894/836 837/896/837
f 793/882/793 1445/897/1445 824/898/824
f 820/883/820 819/879/819 850/895/850 851/899/851
f 807/884/807 806/880/806 837/896/837 838/900/838
f 794/885/794 793/882/793 824/898/824 825/901/825
f 821/886/821 820/883/820 851/899/851 852/902/852
f 808/887/808 807/884/807 838/900/838 839/903/839
f 795/888/795 794/885/794 825/901/825 826/904/826
f 822/889/822 821/886/821 852/902/852 853/905/853
f 809/857/809 808/887/808 839/903/839 840/906/840
f 796/859/796 795/888/795 826/904/826 827/907/827
f 823/862/823 822/889/822 853/905/853 854/908/854
f 810/858/810 809/857/809 840/906/840 841/909/841
f 797/860/797 796/859/796 827/907/827 828/910/828
f 979/911/979 823/862/823 854/908/854
f 811/863/811 810/858/810 841/909/841 842/912/842
f 798/864/798 797/860/797 828/910/828 829/913/829
f 812/865/812 811/863/811 842/912/842 843/914/843
f 799/866/799 798/864/798 829/913/829 830/915/830
f 813/867/813 812/865/812 843/914/843 844/916/844
f 800/868/800 799/866/799 830/915/830 831/917/831
f 814/869/814 813/867/813 844/916/844 845/918/845
f 801/870/801 800/868/800 831/917/831 832/919/832
f 815/871/815 814/869/814 845/918/845 846/920/846
f 802/872/802 801/870/801 832/919/832 833/921/833
f 816/873/816 815/871/815 846/920/846 847/922/847
f 803/874/803 802/872/802 833/921/833 834/890/834
f 817/875/817 816/873/816 847/922/847 848/892/848
f 837/896/837 836/894/836 867/923/867 868/924/868
f 824/898/824 1445/925/1445 855/926/855
f 851/899/851 850/895/850 881/927/881 882/928/882
f 838/900/838 837/896/837 868/924/868 869/929/869
f 825/901/825 824/898/824 855/926/855 856/930/856
f 852/902/852 851/899/851 882/928/882 883/931/883
f 839/903/839 838/900/838 869/929/869 870/932/870
f 826/904/826 825/901/825 856/930/856 857/933/857
f 853/905/853 852/902/852 883/931/883 884/934/884
f 840/906/840 839/903/839 870/932/870 871/935/871
f 827/907/827 826/904/826 857/933/857 858/936/858
f 854/908/854 853/905/853 884/934/884 885/937/885
f 841/909/841 840/906/840 871/935/871 872/938/872
f 828/910/828 827/907/827 858/936/858 859/939/859
f 979/940/979 854/908/854 885/937/885
f 842/912/842 841/909/841 872/938/872 873/941/873
f 829/913/829 828/910/828 859/939/859 860/942/860
f 843/914/843 842/912/842 873/941/873 874/943/874
f 830/915/830 829/913/829 860/942/860 861/944/861
f 844/916/844 843/914/843 874/943/874 875/945/875
f 831/917/831 830/915/830 861/944/861 862/946/862
f 845/918/845 844/916/844 875/945/875 876/947/876
f 832/919/832 831/917/831 862/946/862 863/948/863
f 846/920/846 845/918/845 876/947/876 877/949/877
f 833/921/833 832/919/832 863/948/863 864/950/864
f 847/922/847 846/920/846 877/949/877 878/951/878
f 834/890/834 833/921/833 864/950/864 865/952/865
f 848/892/848 847/922/847 878/951/878 879/953/879
f 835/891/835 834/890/834 865/952/865 866/954/866
f 849/893/849 848/892/848 879/953/879 880/955/880
f 836/894/836 835/891/835 866/954/866 867/923/867
f 850/895/850 849/893/849 880/955/880 881/927/881
f 870/932/870 869/929/869 900/956/900 901/957/901
f 857/933/857 856/930/856 887/958/887 888/959/888
f 884/934/884 883/931/883 914/960/914 915/961/915
f 871/935/871 870/932/870 901/957/901 902/962/902
f 858/936/858 857/933/857 888/959/888 889/963/889
f 885/937/885 884/934/884 915/961/915 916/964/916
f 872/938/872 871/935/871 902/962/902 903/965/903
f 859/939/859 858/936/858 889/963/889 890/966/890
f 979/967/979 885/937/885 916/964/916
f 873/941/873 872/938/872 903/965/903 904/968/904
f 860/942/860 859/939/859 890/966/890 891/969/891
f 874/943/874 873/941/873 904/968/904 905/970/905
f 861/944/861 860/942/860 891/969/891 892/971/892
f 875/945/875 874/943/874 905/970/905 906/972/906
f 862/946/862 861/944/861 892/971/892 893/973/893
f 876/947/876 875/945/875 906/972/906 907/974/907
f 863/948/863 862/946/862 893/973/893 894/975/894
f 877/949/877 876/947/876 907/974/907 908/976/908
f 864/950/864 863/948/863 894/975/894 895/977/895
f 878/951/878 877/949/877 908/976/908 909/978/909
f 865/952/865 864/950/864 895/977/895 896/979/896
f 879/953/879 878/951/878 909/978/909 910/980/910
f 866/954/866 865/952/865 896/979/896 897/981/897
f 880/955/880 879/953/879 910/980/910 911/982/911
f 867/923/867 866/954/866 897/981/897 898/983/898
f 881/927/881 880/955/880 911/982/911 912/984/912
f 868/924/868 867/923/867 898/983/898 899/985/899
f 855/926/855 1445/986/1445 886/987/886
f 882/928/882 881/927/881 912/984/912 913/988/913
f 869/929/869 868/924/868 899/985/899 900/956/900
f 856/930/856 855/926/855 886/987/886 887/958/887
f 883/931/883 882/928/882 913/988/913 914/960/914
f 903/965/903 902/962/902 933/989/933 934/990/934
f 890/966/890 889/963/889 920/991/920 921/992/921
f 979/993/979 916/964/916 947/994/947
f 904/968/904 903/965/903 934/990/934 935/995/935
f 891/969/891 890/966/890 921/992/921 922/996/922
f 905/970/905 904/968/904 935/995/935 936/997/936
f 892/971/892 891/969/891 922/996/922 923/998/923
f 906/972/906 905/970/905 936/997/936 937/999/937
f 893/973/893 892/971/892 923/998/923 924/1000/924
f 907/974/907 906/972/906 937/999/937 938/1001/938
f 894/975/894 893/973/893 924/1000/924 925/1002/925
f 908/976/908 907/974/907 938/1001/938 939/1003/939
f 895/977/895 894/975/894 925/1002/925 926/1004/926
f 909/978/909 908/976/908 939/1003/939 940/1005/940
f 896/979/896 895/977/895 926/1004/926 927/1006/927
f 910/980/910 909/978/909 940/1005/940 941/1007/941
f 897/981/897 896/979/896 927/1006/927 928/1008/928
f 911/982/911 910/980/910 941/1007/941 942/1009/942
f 898/983/898 897/981/897 928/1008/928 929/1010/929
f 912/984/912 911/982/911 942/1009/942 943/1011/943
f 899/985/899 898/983/898 929/1010/929 930/1012/930
f 886/987/886 1445/1013/1445 917/1014/917
f 913/988/913 912/984/912 943/1011/943 944/1015/944
f 900/956/900 899/985/899 930/1012/930 931/1016/931
f 887/958/887 886/987/886 917/1014/917 918/1017/918
f 914/960/914 913/988/913 944/1015/944 945/1018/945
f 901/957/901 900/956/900 931/1016/931 932/1019/932
f 888/959/888 887/958/887 918/1017/918 919/1020/919
f 915/961/915 914/960/914 945/1018/945 946/1021/946
f 902/962/902 901/957/901 932/1019/932 933/989/933
f 889/963/889 888/959/888 919/1020/919 920/991/920
f 916/964/916 915/961/915 946/1021/946 947/994/947
f 936/997/936 935/995/935 966/1022/966 967/1023/967
f 923/998/923 922/996/922 953/1024/953 954/1025/954
f 937/999/937 936/997/936 967/1023/967 968/1026/968
f 924/1000/924 923/998/923 954/1025/954 955/1027/955
f 938/1001/938 937/999/937 968/1026/968 969/1028/969
f 925/1002/925 924/1000/924 955/1027/955 956/1029/956
f 939/1003/939 938/1001/938 969/1028/969 970/1030/970
f 926/1004/926 925/1002/925 956/1029/956 957/1031/957
f 940/1005/940 939/1003/939 970/1030/970 971/1032/971
f 927/1006/927 926/1004/926 957/1031/957 958/1033/958
f 941/1007/941 940/1005/940 971/1032/971 972/1034/972
f 928/1008/928 927/1006/927 958/1033/958 959/1035/959
f 942/1009/942 941/1007/941 972/1034/972 973/1036/973
f 929/1010/929 928/1008/928 959/1035/959 960/1037/960
f 943/1011/943 942/1009/942 973/1036/973 974/1038/974
f 930/1012/930 929/1010/929 960/1037/960 961/1039/961
f 917/1014/917 1445/1040/1445 948/1041/948
f 944/1015/944 943/1011/943 974/1038/974 975/1042/975
f 931/1016/931 930/1012/930 961/1039/961 962/1043/962
f 918/1017/918 917/1014/917 948/1041/948 949/1044/949
f 945/1018/945 944/1015/944 975/1042/975 976/1045/976
f 932/1019/932 931/1016/931 962/1043/962 963/1046/963
f 919/1020/919 918/1017/918 949/1044/949 950/1047/950
f 946/1021/946 945/1018/945 976/1045/976 977/1048/977
f 933/989/933 932/1019/932 963/1046/963 964/1049/964
f 920/991/920 919/1020/919 950/1047/950 951/1050/951
f 947/994/947 946/1021/946 977/1048/977 978/1051/978
f 934/990/934 933/989/933 964/1049/964 965/1052/965
f 921/992/921 920/991/920 951/1050/951 952/1053/952
f 979/1054/979 947/994/947 978/1051/978
f 935/995/935 934/990/934 965/1052/965 966/1022/966
f 922/996/922 921/992/921 952/1053/952 953/1024/953
f 969/1028/969 968/1026/968 1000/1055/1000 1001/1056/1001
f 956/1029/956 955/1027/955 987/1057/987 988/1058/988
f 970/1030/970 969/1028/969 1001/1056/1001 1002/1059/1002
f 957/1031/957 956/1029/956 988/1058/988 989/1060/989
f 971/1032/971 970/1030/970 1002/1059/1002 1003/1061/1003
f 958/1033/958 957/1031/957 989/1060/989 990/1062/990
f 972/1034/972 971/1032/971 1003/1061/1003 1004/1063/1004
f 959/1035/959 958/1033/958 990/1062/990 991/1064/991
f 973/1036/973 972/1034/972 1004/1063/1004 1005/1065/1005
f 960/1037/960 959/1035/959 991/1064/991 992/1066/992
f 974/1038/974 973/1036/973 1005/1065/1005 1006/1067/1006
f 961/1039/961 960/1037/960 992/1066/992 993/1068/993
f 948/1041/948 1445/1069/1445 980/1070/980
f 975/1042/975 974/1038/974 1006/1067/1006 1007/1071/1007
f 962/1043/962 961/1039/961 993/1068/993 994/1072/994
f 949/1044/949 948/1041/948 980/1070/980 981/1073/981
f 976/1045/976 975/1042/975 1007/1071/1007 1008/1074/1008
f 963/1046/963 962/1043/962 994/1072/994 995/1075/995
f 950/1047/950 949/1044/949 981/1073/981 982/1076/982
f 977/1048/977 976/1045/976 1008/1074/1008 1009/1077/1009
f 964/1049/964 963/1046/963 995/1075/995 996/1078/996
f 951/1050/951 950/1047/950 982/1076/982 983/1079/983
f 978/1051/978 977/1048/977 1009/1077/1009 1010/1080/1010
f 965/1052/965 964/1049/964 996/1078/996 997/1081/997
f 952/1053/952 951/1050/951 983/1079/983 984/1082/984
f 979/1083/979 978/1051/978 1010/1080/1010
f 966/1022/966 965/1052/965 997/1081/997 998/1084/998
f 953/1024/953 952/1053/952 984/1082/984 985/1085/985
f 967/1023/967 966/1022/966 998/1084/998 999/1086/999
f 954/1025/954 953/1024/953 985/1085/985 986/1087/986
f 968/1026/968 967/1023/967 999/1086/999 1000/1055/1000
f 955/1027/955 954/1025/954 986/1087/986 987/1057/987
f 1003/1061/1003 1002/1059/1002 1033/1088/1033 1034/1089/1034
f 990/1062/990 989/1060/989 1020/1090/1020 1021/1091/1021
f 1004/1063/1004 1003/1061/1003 1034/1089/1034 1035/1092/1035
f 991/1064/991 990/1062/990 1021/1091/1021 1022/1093/1022
f 1005/1065/1005 1004/1063/1004 1035/1092/1035 1036/1094/1036
f 992/1066/992 991/1064/991 1022/1093/1022 1023/1095/1023
f 1006/1067/1006 1005/1065/1005 1036/1094/1036 1037/1096/1037
f 993/1068/993 992/1066/992 1023/1095/1023 1024/1097/1024
f 980/1070/980 1445/1098/1445 1011/1099/1011
f 1007/1071/1007 1006/1067/1006 1037/1096/1037 1038/1100/1038
f 994/1072/994 993/1068/993 1024/1097/1024 1025/1101/1025
f 981/1073/981 980/1070/980 1011/1099/1011 1012/1102/1012
f 1008/1074/1008 1007/1071/1007 1038/1100/1038 1039/1103/1039
f 995/1075/995 994/1072/994 1025/1101/1025 1026/1104/1026
f 982/1076/982 981/1073/981 1012/1102/1012 1013/1105/1013
f 1009/1077/1009 1008/1074/1008 1039/1103/1039 1040/1106/1040
f 996/1078/996 995/1075/995 1026/1104/1026 1027/1107/1027
f 983/1079/983 982/1076/982 1013/1105/1013 1014/1108/1014
f 1010/1080/1010 1009/1077/1009 1040/1106/1040 1041/1109/1041
f 997/1081/997 996/1078/996 1027/1107/1027 1028/1110/1028
f 984/1082/984 983/1079/983 1014/1108/1014 1015/1111/1015
f 979/1112/979 1010/1080/1010 1041/1109/1041
f 998/1084/998 997/1081/997 1028/1110/1028 1029/1113/1029
f 985/1085/985 984/1082/984 1015/1111/1015 1016/1114/1016
f 999/1086/999 998/1084/998 1029/1113/1029 1030/1115/1030
f 986/1087/986 985/1085/985 1016/1114/1016 1017/1116/1017
f 1000/1055/1000 999/1086/999 1030/1115/1030 1031/1117/1031
f 987/1057/987 986/1087/986 1017/1116/1017 1018/1118/1018
f 1001/1056/1001 1000/1055/1000 1031/1117/1031 1032/1119/1032
f 988/1058/988 987/1057/987 1018/1118/1018 1019/1120/1019
f 1002/1059/1002 1001/1056/1001 1032/1119/1032 1033/1088/1033
f 989/1060/989 988/1058/988 1019/1120/1019 1020/1090/1020
f 1036/1094/1036 1035/1092/1035 1066/1121/1066 1067/1122/1067
f 1023/1095/1023 1022/1093/1022 1053/1123/1053 1054/1124/1054
f 1037/1096/1037 1036/1094/1036 1067/1122/1067 1068/1125/1068
f 1024/1097/1024 1023/1095/1023 1054/1124/1054 1055/1126/1055
f 1011/1099/1011 1445/1127/1445 1042/1128/1042
f 1038/1100/1038 1037/1096/1037 1068/1125/1068 1069/1129/1069
f 1025/1101/1025 1024/1097/1024 1055/1126/1055 1056/1130/1056
f 1012/1102/1012 1011/1099/1011 1042/1128/1042 1043/1131/1043
f 1039/1103/1039 1038/1100/1038 1069/1129/1069 1070/1132/1070
f 1026/1104/1026 1025/1101/1025 1056/1130/1056 1057/1133/1057
f 1013/1105/1013 1012/1102/1012 1043/1131/1043 1044/1134/1044
f 1040/1106/1040 1039/1103/1039 1070/1132/1070 1071/1135/1071
f 1027/1107/1027 1026/1104/1026 1057/1133/1057 1058/1136/1058
f 1014/1108/1014 1013/1105/1013 1044/1134/1044 1045/1137/1045
f 1041/1109/1041 1040/1106/1040 1071/1135/1071 1072/1138/1072
f 1028/1110/1028 1027/1107/1027 1058/1136/1058 1059/1139/1059
f 1015/1111/1015 1014/1108/1014 1045/1137/1045 1046/1140/1046
f 979/1141/979 1041/1109/1041 1072/1138/1072
f 1029/1113/1029 1028/1110/1028 1059/1139/1059 1060/1142/1060
f 1016/1114/1016 1015/1111/1015 1046/1140/1046 1047/1143/1047
f 1030/1115/1030 1029/1113/1029 1060/1142/1060 1061/1144/1061
f 1017/1116/1017 1016/1114/1016 1047/1143/1047 1048/1145/1048
f 1031/1117/1031 1030/1115/1030 1061/1144/1061 1062/1146/1062
f 1018/1118/1018 1017/1116/1017 1048/1145/1048 1049/1147/1049
f 1032/1119/1032 1031/1117/1031 1062/1146/1062 1063/1148/1063
f 1019/1120/1019 1018/1118/1018 1049/1147/1049 1050/1149/1050
f 1033/1088/1033 1032/1119/1032 1063/1148/1063 1064/1150/1064
f 1020/1090/1020 1019/1120/1019 1050/1149/1050 1051/1151/1051
f 1034/1089/1034 1033/1088/1033 1064/1150/1064 1065/1152/1065
f 1021/1091/1021 1020/1090/1020 1051/1151/1051 1052/1153/1052
f 1035/1092/1035 1034/1089/1034 1065/1152/1065 1066/1121/1066
f 1022/1093/1022 1021/1091/1021 1052/1153/1052 1053/1123/1053
f 1042/1128/1042 1445/1154/1445 1073/1155/1073
f 1069/1129/1069 1068/1125/1068 1099/1156/1099 1100/1157/1100
f 1056/1130/1056 1055/1126/1055 1086/1158/1086 1087/1159/1087
f 1043/1131/1043 1042/1128/1042 1073/1155/1073 1074/1160/1074
f 1070/1132/1070 1069/1129/1069 1100/1157/1100 1101/1161/1101
f 1057/1133/1057 1056/1130/1056 1087/1159/1087 1088/1162/1088
f 1044/1134/1044 1043/1131/1043 1074/1160/1074 1075/1163/1075
f 1071/1135/1071 1070/1132/1070 1101/1161/1101 1102/1164/1102
f 1058/1136/1058 1057/1133/1057 1088/1162/1088 1089/1165/1089
f 1045/1137/1045 1044/1134/1044 1075/1163/1075 1076/1166/1076
f 1072/1138/1072 1071/1135/1071 1102/1164/1102 1103/1167/1103
f 1059/1139/1059 1058/1136/1058 1089/1165/1089 1090/1168/1090
f 1046/1140/1046 1045/1137/1045 1076/1166/1076 1077/1169/1077
f 979/1170/979 1072/1138/1072 1103/1167/1103
f 1060/1142/1060 1059/1139/1059 1090/1168/1090 1091/1171/1091
f 1047/1143/1047 1046/1140/1046 1077/1169/1077 1078/1172/1078
f 1061/1144/1061 1060/1142/1060 1091/1171/1091 1092/1173/1092
f 1048/1145/1048 1047/1143/1047 1078/1172/1078 1079/1174/1079
f 1062/1146/1062 1061/1144/1061 1092/1173/1092 1093/1175/1093
f 1049/1147/1049 1048/1145/1048 1079/1174/1079 1080/1176/1080
f 1063/1148/1063 1062/1146/1062 1093/1175/1093 1094/1177/1094
f 1050/1149/1050 1049/1147/1049 1080/1176/1080 1081/1178/1081
f 1064/1150/1064 1063/1148/1063 1094/1177/1094 1095/1179/1095
f 1051/1151/1051 1050/1149/1050 1081/1178/1081 1082/1180/1082
f 1065/1152/1065 1064/1150/1064 1095/1179/1095 1096/1181/1096
f 1052/1153/1052 1051/1151/1051 1082/1180/1082 1083/1182/1083
f 1066/1121/1066 1065/1152/1065 1096/1181/1096 1097/1183/1097
f 1053/1123/1053 1052/1153/1052 1083/1182/1083 1084/1184/1084
f 1067/1122/1067 1066/1121/1066 1097/1183/1097 1098/1185/1098
f 1054/1124/1054 1053/1123/1053 1084/1184/1084 1085/1186/1085
f 1068/1125/1068 1067/1122/1067 1098/1185/1098 1099/1156/1099
f 1055/1126/1055 1054/1124/1054 1085/1186/1085 1086/1158/1086
f 1075/1163/1075 1074/1160/1074 1105/1187/1105 1106/1188/1106
f 1102/1164/1102 1101/1161/1101 1132/1189/1132 1133/1190/1133
f 1089/1165/1089 1088/1162/1088 1119/1191/1119 1120/1192/1120
f 1076/1166/1076 1075/1163/1075 1106/1188/1106 1107/1193/1107
f 1103/1167/1103 1102/1164/1102 1133/1190/1133 1134/1194/1134
f 1090/1168/1090 1089/1165/1089 1120/1192/1120 1121/1195/1121
f 1077/1169/1077 1076/1166/1076 1107/1193/1107 1108/1196/1108
f 979/1197/979 1103/1167/1103 1134/1194/1134
f 1091/1171/1091 1090/1168/1090 1121/1195/1121 1122/1198/1122
f 1078/1172/1078 1077/1169/1077 1108/1196/1108 1109/1199/1109
f 1092/1173/1092 1091/1171/1091 1122/1198/1122 1123/1200/1123
f 1079/1174/1079 1078/1172/1078 1109/1199/1109 1110/1201/1110
f 1093/1175/1093 1092/1173/1092 1123/1200/1123 1124/1202/1124
f 1080/1176/1080 1079/1174/1079 1110/1201/1110 1111/1203/1111
f 1094/1177/1094 1093/1175/1093 1124/1202/1124 1125/1204/1125
f 1081/1178/1081 1080/1176/1080 1111/1203/1111 1112/1205/1112
f 1095/1179/1095 1094/1177/1094 1125/1204/1125 1126/1206/1126
f 1082/1180/1082 1081/1178/1081 1112/1205/1112 1113/1207/1113
f 1096/1181/1096 1095/1179/1095 1126/1206/1126 1127/1208/1127
f 1083/1182/1083 1082/1180/1082 1113/1207/1113 1114/1209/1114
f 1097/1183/1097 1096/1181/1096 1127/1208/1127 1128/1210/1128
f 1084/1184/1084 1083/1182/1083 1114/1209/1114 1115/1211/1115
f 1098/1185/1098 1097/1183/1097 1128/1210/1128 1129/1212/1129
f 1085/1186/1085 1084/1184/1084 1115/1211/1115 1116/1213/1116
f 1099/1156/1099 1098/1185/1098 1129/1212/1129 1130/1214/1130
f 1086/1158/1086 1085/1186/1085 1116/1213/1116 1117/1215/1117
f 1073/1155/1073 1445/1216/1445 1104/1217/1104
f 1100/1157/1100 1099/1156/1099 1130/1214/1130 1131/1218/1131
f 1087/1159/1087 1086/1158/1086 1117/1215/1117 1118/1219/1118
f 1074/1160/1074 1073/1155/1073 1104/1217/1104 1105/1187/1105
f 1101/1161/1101 1100/1157/1100 1131/1218/1131 1132/1189/1132
f 1088/1162/1088 1087/1159/1087 1118/1219/1118 1119/1191/1119
f 1108/1196/1108 1107/1193/1107 1138/1220/1138 1139/1221/1139
f 979/1222/979 1134/1194/1134 1165/1223/1165
f 1122/1198/1122 1121/1195/1121 1152/1224/1152 1153/1225/1153
f 1109/1199/1109 1108/1196/1108 1139/1221/1139 1140/1226/1140
f 1123/1200/1123 1122/1198/1122 1153/1225/1153 1154/1227/1154
f 1110/1201/1110 1109/1199/1109 1140/1226/1140 1141/1228/1141
f 1124/1202/1124 1123/1200/1123 1154/1227/1154 1155/1229/1155
f 1111/1203/1111 1110/1201/1110 1141/1228/1141 1142/1230/1142
f 1125/1204/1125 1124/1202/1124 1155/1229/1155 1156/1231/1156
f 1112/1205/1112 1111/1203/1111 1142/1230/1142 1143/1232/1143
f 1126/1206/1126 1125/1204/1125 1156/1231/1156 1157/1233/1157
f 1113/1207/1113 1112/1205/1112 1143/1232/1143 1144/1234/1144
f 1127/1208/1127 1126/1206/1126 1157/1233/1157 1158/1235/1158
f 1114/1209/1114 1113/1207/1113 1144/1234/1144 1145/1236/1145
f 1128/1210/1128 1127/1208/1127 1158/1235/1158 1159/1237/1159
f 1115/1211/1115 1114/1209/1114 1145/1236/1145 1146/1238/1146
f 1129/1212/1129 1128/1210/1128 1159/1237/1159 1160/1239/1160
f 1116/1213/1116 1115/1211/1115 1146/1238/1146 1147/1240/1147
f 1130/1214/1130 1129/1212/1129 1160/1239/1160 1161/1241/1161
f 1117/1215/1117 1116/1213/1116 1147/1240/1147 1148/1242/1148
f 1104/1217/1104 1445/1243/1445 1135/1244/1135
f 1131/1218/1131 1130/1214/1130 1161/1241/1161 1162/1245/1162
f 1118/1219/1118 1117/1215/1117 1148/1242/1148 1149/1246/1149
f 1105/1187/1105 1104/1217/1104 1135/1244/1135 1136/1247/1136
f 1132/1189/1132 1131/1218/1131 1162/1245/1162 1163/1248/1163
f 1119/1191/1119 1118/1219/1118 1149/1246/1149 1150/1249/1150
f 1106/1188/1106 1105/1187/1105 1136/1247/1136 1137/1250/1137
f 1133/1190/1133 1132/1189/1132 1163/1248/1163 1164/1251/1164
f 1120/1192/1120 1119/1191/1119 1150/1249/1150 1151/1252/1151
f 1107/1193/1107 1106/1188/1106 1137/1250/1137 1138/1220/1138
f 1134/1194/1134 1133/1190/1133 1164/1251/1164 1165/1223/1165
f 1121/1195/1121 1120/1192/1120 1151/1252/1151 1152/1224/1152
f 1141/1228/1141 1140/1226/1140 1171/1253/1171 1172/1254/1172
f 1155/1229/1155 1154/1227/1154 1185/1255/1185 1186/1256/1186
f 1142/1230/1142 1141/1228/1141 1172/1254/1172 1173/1257/1173
f 1156/1231/1156 1155/1229/1155 1186/1256/1186 1187/1258/1187
f 1143/1232/1143 1142/1230/1142 1173/1257/1173 1174/1259/1174
f 1157/1233/1157 1156/1231/1156 1187/1258/1187 1188/1260/1188
f 1144/1234/1144 1143/1232/1143 1174/1259/1174 1175/1261/1175
f 1158/1235/1158 1157/1233/1157 1188/1260/1188 1189/1262/1189
f 1145/1236/1145 1144/1234/1144 1175/1261/1175 1176/1263/1176
f 1159/1237/1159 1158/1235/1158 1189/1262/1189 1190/1264/1190
f 1146/1238/1146 1145/1236/1145 1176/1263/1176 1177/1265/1177
f 1160/1239/1160 1159/1237/1159 1190/1264/1190 1191/1266/1191
f 1147/1240/1147 1146/1238/1146 1177/1265/1177 1178/1267/1178
f 1161/1241/1161 1160/1239/1160 1191/1266/1191 1192/1268/1192
f 1148/1242/1148 1147/1240/1147 1178/1267/1178 1179/1269/1179
f 1135/1244/1135 1445/1270/1445 1166/1271/1166
f 1162/1245/1162 1161/1241/1161 1192/1268/1192 1193/1272/1193
f 1149/1246/1149 1148/1242/1148 1179/1269/1179 1180/1273/1180
f 1136/1247/1136 1135/1244/1135 1166/1271/1166 1167/1274/1167
f 1163/1248/1163 1162/1245/1162 1193/1272/1193 1194/1275/1194
f 1150/1249/1150 1149/1246/1149 1180/1273/1180 1181/1276/1181
f 1137/1250/1137 1136/1247/1136 1167/1274/1167 1168/1277/1168
f 1164/1251/1164 1163/1248/1163 1194/1275/1194 1195/1278/1195
f 1151/1252/1151 1150/1249/1150 1181/1276/1181 1182/1279/1182
f 1138/1220/1138 1137/1250/1137 1168/1277/1168 1169/1280/1169
f 1165/1223/1165 1164/1251/1164 1195/1278/1195 1196/1281/1196
f 1152/1224/1152 1151/1252/1151 1182/1279/1182 1183/1282/1183
f 1139/1221/1139 1138/1220/1138 1169/1280/1169 1170/1283/1170
f 979/1284/979 1165/1223/1165 1196/1281/1196
f 1153/1225/1153 1152/1224/1152 1183/1282/1183 1184/1285/1184
f 1140/1226/1140 1139/1221/1139 1170/1283/1170 1171/1253/1171
f 1154/1227/1154 1153/1225/1153 1184/1285/1184 1185/1255/1185
f 1174/1259/1174 1173/1257/1173 1204/1286/1204 1205/1287/1205
f 1188/1260/1188 1187/1258/1187 1218/1288/1218 1219/1289/1219
f 1175/1261/1175 1174/1259/1174 1205/1287/1205 1206/1290/1206
f 1189/1262/1189 1188/1260/1188 1219/1289/1219 1220/1291/1220
f 1176/1263/1176 1175/1261/1175 1206/1290/1206 1207/1292/1207
f 1190/1264/1190 1189/1262/1189 1220/1291/1220 1221/1293/1221
f 1177/1265/1177 1176/1263/1176 1207/1292/1207 1208/1294/1208
f 1191/1266/1191 1190/1264/1190 1221/1293/1221 1222/1295/1222
f 1178/1267/1178 1177/1265/1177 1208/1294/1208 1209/1296/1209
f 1192/1268/1192 1191/1266/1191 1222/1295/1222 1223/1297/1223
f 1179/1269/1179 1178/1267/1178 1209/1296/1209 1210/1298/1210
f 1166/1271/1166 1445/1299/1445 1197/1300/1197
f 1193/1272/1193 1192/1268/1192 1223/1297/1223 1224/1301/1224
f 1180/1273/1180 1179/1269/1179 1210/1298/1210 1211/1302/1211
f 1167/1274/1167 1166/1271/1166 1197/1300/1197 1198/1303/1198
f 1194/1275/1194 1193/1272/1193 1224/1301/1224 1225/1304/1225
f 1181/1276/1181 1180/1273/1180 1211/1302/1211 1212/1305/1212
f 1168/1277/1168 1167/1274/1167 1198/1303/1198 1199/1306/1199
f 1195/1278/1195 1194/1275/1194 1225/1304/1225 1226/1307/1226
f 1182/1279/1182 1181/1276/1181 1212/1305/1212 1213/1308/1213
f 1169/1280/1169 1168/1277/1168 1199/1306/1199 1200/1309/1200
f 1196/1281/1196 1195/1278/1195 1226/1307/1226 1227/1310/1227
f 1183/1282/1183 1182/1279/1182 1213/1308/1213 1214/1311/1214
f 1170/1283/1170 1169/1280/1169 1200/1309/1200 1201/1312/1201
f 979/1313/979 1196/1281/1196 1227/1310/1227
f 1184/1285/1184 1183/1282/1183 1214/1311/1214 1215/1314/1215
f 1171/1253/1171 1170/1283/1170 1201/1312/1201 1202/1315/1202
f 1185/1255/1185 1184/1285/1184 1215/1314/1215 1216/1316/1216
f 1172/1254/1172 1171/1253/1171 1202/1315/1202 1203/1317/1203
f 1186/1256/1186 1185/1255/1185 1216/1316/1216 1217/1318/1217
f 1173/1257/1173 1172/1254/1172 1203/1317/1203 1204/1286/1204
f 1187/1258/1187 1186/1256/1186 1217/1318/1217 1218/1288/1218
f 1207/1292/1207 1206/1290/1206 1237/1319/1237 1238/1320/1238
f 1221/1293/1221 1220/1291/1220 1251/1321/1251 1252/1322/1252
f 1208/1294/1208 1207/1292/1207 1238/1320/1238 1239/1323/1239
f 1222/1295/1222 1221/1293/1221 1252/1322/1252 1253/1324/1253
f 1209/1296/1209 1208/1294/1208 1239/1323/1239 1240/1325/1240
f 1223/1297/1223 1222/1295/1222 1253/1324/1253 1254/1326/1254
f 1210/1298/1210 1209/1296/1209 1240/1325/1240 1241/1327/1241
f 1197/1300/1197 1445/1328/1445 1228/1329/1228
f 1224/1301/1224 1223/1297/1223 1254/1326/1254 1255/1330/1255
f 1211/1302/1211 1210/1298/1210 1241/1327/1241 1242/1331/1242
f 1198/1303/1198 1197/1300/1197 1228/1329/1228 1229/1332/1229
f 1225/1304/1225 1224/1301/1224 1255/1330/1255 1256/1333/1256
f 1212/1305/1212 1211/1302/1211 1242/1331/1242 1243/1334/1243
f 1199/1306/1199 1198/1303/1198 1229/1332/1229 1230/1335/1230
f 1226/1307/1226 1225/1304/1225 1256/1333/1256 1257/1336/1257
f 1213/1308/1213 1212/1305/1212 1243/1334/1243 1244/1337/1244
f 1200/1309/1200 1199/1306/1199 1230/1335/1230 1231/1338/1231
f 1227/1310/1227 1226/1307/1226 1257/1336/1257 1258/1339/1258
f 1214/1311/1214 1213/1308/1213 1244/1337/1244 1245/1340/1245
f 1201/1312/1201 1200/1309/1200 1231/1338/1231 1232/1341/1232
f 979/1342/979 1227/1310/1227 1258/1339/1258
f 1215/1314/1215 1214/1311/1214 1245/1340/1245 1246/1343/1246
f 1202/1315/1202 1201/1312/1201 1232/1341/1232 1233/1344/1233
f 1216/1316/1216 1215/1314/1215 1246/1343/1246 1247/1345/1247
f 1203/1317/1203 1202/1315/1202 1233/1344/1233 1234/1346/1234
f 1217/1318/1217 1216/1316/1216 1247/1345/1247 1248/1347/1248
f 1204/1286/1204 1203/1317/1203 1234/1346/1234 1235/1348/1235
f 1218/1288/1218 1217/1318/1217 1248/1347/1248 1249/1349/1249
f 1205/1287/1205 1204/1286/1204 1235/1348/1235 1236/1350/1236
f 1219/1289/1219 1218/1288/1218 1249/1349/1249 1250/1351/1250
f 1206/1290/1206 1205/1287/1205 1236/1350/1236 1237/1319/1237
f 1220/1291/1220 1219/1289/1219 1250/1351/1250 1251/1321/1251
f 1240/1325/1240 1239/1323/1239 1270/1352/1270 1271/1353/1271
f 1254/1326/1254 1253/1324/1253 1284/1354/1284 1285/1355/1285
f 1241/1327/1241 1240/1325/1240 1271/1353/1271 1272/1356/1272
f 1228/1329/1228 1445/1357/1445 1259/1358/1259
f 1255/1330/1255 1254/1326/1254 1285/1355/1285 1286/1359/1286
f 1242/1331/1242 1241/1327/1241 1272/1356/1272 1273/1360/1273
f 1229/1332/1229 1228/1329/1228 1259/1358/1259 1260/1361/1260
f 1256/1333/1256 1255/1330/1255 1286/1359/1286 1287/1362/1287
f 1243/1334/1243 1242/1331/1242 1273/1360/1273 1274/1363/1274
f 1230/1335/1230 1229/1332/1229 1260/1361/1260 1261/1364/1261
f 1257/1336/1257 1256/1333/1256 1287/1362/1287 1288/1365/1288
f 1244/1337/1244 1243/1334/1243 1274/1363/1274 1275/1366/1275
f 1231/1338/1231 1230/1335/1230 1261/1364/1261 1262/1367/1262
f 1258/1339/1258 1257/1336/1257 1288/1365/1288 1289/1368/1289
f 1245/1340/1245 1244/1337/1244 1275/1366/1275 1276/1369/1276
f 1232/1341/1232 1231/1338/1231 1262/1367/1262 1263/1370/1263
f 979/1371/979 1258/1339/1258 1289/1368/1289
f 1246/1343/1246 1245/1340/1245 1276/1369/1276 1277/1372/1277
f 1233/1344/1233 1232/1341/1232 1263/1370/1263 1264/1373/1264
f 1247/1345/1247 1246/1343/1246 1277/1372/1277 1278/1374/1278
f 1234/1346/1234 1233/1344/1233 1264/1373/1264 1265/1375/1265
f 1248/1347/1248 1247/1345/1247 1278/1374/1278 1279/1376/1279
f 1235/1348/1235 1234/1346/1234 1265/1375/1265 1266/1377/1266
f 1249/1349/1249 1248/1347/1248 1279/1376/1279 1280/1378/1280
f 1236/1350/1236 1235/1348/1235 1266/1377/1266 1267/1379/1267
f 1250/1351/1250 1249/1349/1249 1280/1378/1280 1281/1380/1281
f 1237/1319/1237 1236/1350/1236 1267/1379/1267 1268/1381/1268
f 1251/1321/1251 1250/1351/1250 1281/1380/1281 1282/1382/1282
f 1238/1320/1238 1237/1319/1237 1268/1381/1268 1269/1383/1269
f 1252/1322/1252 1251/1321/1251 1282/1382/1282 1283/1384/1283
f 1239/1323/1239 1238/1320/1238 1269/1383/1269 1270/1352/1270
f 1253/1324/1253 1252/1322/1252 1283/1384/1283 1284/1354/1284
f 1273/1360/1273 1272/1356/1272 1303/1385/1303 1304/1386/1304
f 1260/1361/1260 1259/1358/1259 1290/1387/1290 1291/1388/1291
f 1287/1362/1287 1286/1359/1286 1317/1389/1317 1318/1390/1318
f 1274/1363/1274 1273/1360/1273 1304/1386/1304 1305/1391/1305
f 1261/1364/1261 1260/1361/1260 1291/1388/1291 1292/1392/1292
f 1288/1365/1288 1287/1362/1287 1318/1390/1318 1319/1393/1319
f 1275/1366/1275 1274/1363/1274 1305/1391/1305 1306/1394/1306
f 1262/1367/1262 1261/1364/1261 1292/1392/1292 1293/1395/1293
f 1289/1368/1289 1288/1365/1288 1319/1393/1319 1320/1396/1320
f 1276/1369/1276 1275/1366/1275 1306/1394/1306 1307/1397/1307
f 1263/1370/1263 1262/1367/1262 1293/1395/1293 1294/1398/1294
f 979/1399/979 1289/1368/1289 1320/1396/1320
f 1277/1372/1277 1276/1369/1276 1307/1397/1307 1308/1400/1308
f 1264/1373/1264 1263/1370/1263 1294/1398/1294 1295/1401/1295
f 1278/1374/1278 1277/1372/1277 1308/1400/1308 1309/1402/1309
f 1265/1375/1265 1264/1373/1264 1295/1401/1295 1296/1403/1296
f 1279/1376/1279 1278/1374/1278 1309/1402/1309 1310/1404/1310
f 1266/1377/1266 1265/1375/1265 1296/1403/1296 1297/1405/1297
f 1280/1378/1280 1279/1376/1279 1310/1404/1310 1311/1406/1311
f 1267/1379/1267 1266/1377/1266 1297/1405/1297 1298/1407/1298
f 1281/1380/1281 1280/1378/1280 1311/1406/1311 1312/1408/1312
f 1268/1381/1268 1267/1379/1267 1298/1407/1298 1299/1409/1299
f 1282/1382/1282 1281/1380/1281 1312/1408/1312 1313/1410/1313
f 1269/1383/1269 1268/1381/1268 1299/1409/1299 1300/1411/1300
f 1283/1384/1283 1282/1382/1282 1313/1410/1313 1314/1412/1314
f 1270/1352/1270 1269/1383/1269 1300/1411/1300 1301/1413/1301
f 1284/1354/1284 1283/1384/1283 1314/1412/1314 1315/1414/1315
f 1271/1353/1271 1270/1352/1270 1301/1413/1301 1302/1415/1302
f 1285/1355/1285 1284/1354/1284 1315/1414/1315 1316/1416/1316
f 1272/1356/1272 1271/1353/1271 1302/1415/1302 1303/1385/1303
f 1259/1358/1259 1445/1417/1445 1290/1387/1290
f 1286/1359/1286 1285/1355/1285 1316/1416/1316 1317/1389/1317
f 1306/1394/1306 1305/1391/1305 1336/1418/1336 1337/1419/1337
f 1293/1395/1293 1292/1392/1292 1323/1420/1323 1324/1421/1324
f 1320/1396/1320 1319/1393/1319 1350/1422/1350 1351/1423/1351
f 1307/1397/1307 1306/1394/1306 1337/1419/1337 1338/1424/1338
f 1294/1398/1294 1293/1395/1293 1324/1421/1324 1325/1425/1325
f 979/1426/979 1320/1396/1320 1351/1423/1351
f 1308/1400/1308 1307/1397/1307 1338/1424/1338 1339/1427/1339
f 1295/1401/1295 1294/1398/1294 1325/1425/1325 1326/1428/1326
f 1309/1402/1309 1308/1400/1308 1339/1427/1339 1340/1429/1340
f 1296/1403/1296 1295/1401/1295 1326/1428/1326 1327/1430/1327
f 1310/1404/1310 1309/1402/1309 1340/1429/1340 1341/1431/1341
f 1297/1405/1297 1296/1403/1296 1327/1430/1327 1328/1432/1328
f 1311/1406/1311 1310/1404/1310 1341/1431/1341 1342/1433/1342
f 1298/1407/1298 1297/1405/1297 1328/1432/1328 1329/1434/1329
f 1312/1408/1312 1311/1406/1311 1342/1433/1342 1343/1435/1343
f 1299/1409/1299 1298/1407/1298 1329/1434/1329 1330/1436/1330
f 1313/1410/1313 1312/1408/1312 1343/1435/1343 1344/1437/1344
f 1300/1411/1300 1299/1409/1299 1330/1436/1330 1331/1438/1331
f 1314/1412/1314 1313/1410/1313 1344/1437/1344 1345/1439/1345
f 1301/1413/1301 1300/1411/1300 1331/1438/1331 1332/1440/1332
f 1315/1414/1315 1314/1412/1314 1345/1439/1345 1346/1441/1346
f 1302/1415/1302 1301/1413/1301 1332/1440/1332 1333/1442/1333
f 1316/1416/1316 1315/1414/1315 1346/1441/1346 1347/1443/1347
f 1303/1385/1303 1302/1415/1302 1333/1442/1333 1334/1444/1334
f 1290/1387/1290 1445/1445/1445 1321/1446/1321
f 1317/1389/1317 1316/1416/1316 1347/1443/1347 1348/1447/1348
f 1304/1386/1304 1303/1385/1303 1334/1444/1334 1335/1448/1335
f 1291/1388/1291 1290/1387/1290 1321/1446/1321 1322/1449/1322
f 1318/1390/1318 1317/1389/1317 1348/1447/1348 1349/1450/1349
f 1305/1391/1305 1304/1386/1304 1335/1448/1335 1336/1418/1336
f 1292/1392/1292 1291/1388/1291 1322/1449/1322 1323/1420/1323
f 1319/1393/1319 1318/1390/1318 1349/1450/1349 1350/1422/1350
f 1339/1427/1339 1338/1424/1338 1369/1451/1369 1370/1452/1370
f 1326/1428/1326 1325/1425/1325 1356/1453/1356 1357/1454/1357
f 1340/1429/1340 1339/1427/1339 1370/1452/1370 1371/1455/1371
f 1327/1430/1327 1326/1428/1326 1357/1454/1357 1358/1456/1358
f 1341/1431/1341 1340/1429/1340 1371/1455/1371 1372/1457/1372
f 1328/1432/1328 1327/1430/1327 1358/1456/1358 1359/1458/1359
f 1342/1433/1342 1341/1431/1341 1372/1457/1372 1373/1459/1373
f 1329/1434/1329 1328/1432/1328 1359/1458/1359 1360/1460/1360
f 1343/1435/1343 1342/1433/1342 1373/1459/1373 1374/1461/1374
f 1330/1436/1330 1329/1434/1329 1360/1460/1360 1361/1462/1361
f 1344/1437/1344 1343/1435/1343 1374/1461/1374 1375/1463/1375
f 1331/1438/1331 1330/1436/1330 1361/1462/1361 1362/1464/1362
f 1345/1439/1345 1344/1437/1344 1375/1463/1375 1376/1465/1376
f 1332/1440/1332 1331/1438/1331 1362/1464/1362 1363/1466/1363
f 1346/1441/1346 1345/1439/1345 1376/1465/1376 1377/1467/1377
f 1333/1442/1333 1332/1440/1332 1363/1466/1363 1364/1468/1364
f 1347/1443/1347 1346/1441/1346 1377/1467/1377 1378/1469/1378
f 1334/1444/1334 1333/1442/1333 1364/1468/1364 1365/1470/1365
f 1321/1446/1321 1445/1471/1445 1352/1472/1352
f 1348/1447/1348 1347/1443/1347 1378/1469/1378 1379/1473/1379
f 1335/1448/1335 1334/1444/1334 1365/1470/1365 1366/1474/1366
f 1322/1449/1322 1321/1446/1321 1352/1472/1352 1353/1475/1353
f 1349/1450/1349 1348/1447/1348 1379/1473/1379 1380/1476/1380
f 1336/1418/1336 1335/1448/1335 1366/1474/1366 1367/1477/1367
f 1323/1420/1323 1322/1449/1322 1353/1475/1353 1354/1478/1354
f 1350/1422/1350 1349/1450/1349 1380/1476/1380 1381/1479/1381
f 1337/1419/1337 1336/1418/1336 1367/1477/1367 1368/1480/1368
f 1324/1421/1324 1323/1420/1323 1354/1478/1354 1355/1481/1355
f 1351/1423/1351 1350/1422/1350 1381/1479/1381 1382/1482/1382
f 1338/1424/1338 1337/1419/1337 1368/1480/1368 1369/1451/1369
f 1325/1425/1325 1324/1421/1324 1355/1481/1355 1356/1453/1356
f 979/1483/979 1351/1423/1351 1382/1482/1382
f 1372/1457/1372 1371/1455/1371 1402/1484/1402 1403/1485/1403
f 1359/1458/1359 1358/1456/1358 1389/1486/1389 1390/1487/1390
f 1373/1459/1373 1372/1457/1372 1403/1485/1403 1404/1488/1404
f 1360/1460/1360 1359/1458/1359 1390/1487/1390 1391/1489/1391
f 1374/1461/1374 1373/1459/1373 1404/1488/1404 1405/1490/1405
f 1361/1462/1361 1360/1460/1360 1391/1489/1391 1392/1491/1392
f 1375/1463/1375 1374/1461/1374 1405/1490/1405 1406/1492/1406
f 1362/1464/1362 1361/1462/1361 1392/1491/1392 1393/1493/1393
f 1376/1465/1376 1375/1463/1375 1406/1492/1406 1407/1494/1407
f 1363/1466/1363 1362/1464/1362 1393/1493/1393 1394/1495/1394
f 1377/1467/1377 1376/1465/1376 1407/1494/1407 1408/1496/1408
f 1364/1468/1364 1363/1466/1363 1394/1495/1394 1395/1497/1395
f 1378/1469/1378 1377/1467/1377 1408/1496/1408 1409/1498/1409
f 1365/1470/1365 1364/1468/1364 1395/1497/1395 1396/1499/1396
f 1352/1472/1352 1445/1500/1445 1383/1501/1383
f 1379/1473/1379 1378/1469/1378 1409/1498/1409 1410/1502/1410
f 1366/1474/1366 1365/1470/1365 1396/1499/1396 1397/1503/1397
f 1353/1475/1353 1352/1472/1352 1383/1501/1383 1384/1504/1384
f 1380/1476/1380 1379/1473/1379 1410/1502/1410 1411/1505/1411
f 1367/1477/1367 1366/1474/1366 1397/1503/1397 1398/1506/1398
f 1354/1478/1354 1353/1475/1353 1384/1504/1384 1385/1507/1385
f 1381/1479/1381 1380/1476/1380 1411/1505/1411 1412/1508/1412
f 1368/1480/1368 1367/1477/1367 1398/1506/1398 1399/1509/1399
f 1355/1481/1355 1354/1478/1354 1385/1507/1385 1386/1510/1386
f 1382/1482/1382 1381/1479/1381 1412/1508/1412 1413/1511/1413
f 1369/1451/1369 1368/1480/1368 1399/1509/1399 1400/1512/1400
f 1356/1453/1356 1355/1481/1355 1386/1510/1386 1387/1513/1387
f 979/1514/979 1382/1482/1382 1413/1511/1413
f 1370/1452/1370 1369/1451/1369 1400/1512/1400 1401/1515/1401
f 1357/1454/1357 1356/1453/1356 1387/1513/1387 1388/1516/1388
f 1371/1455/1371 1370/1452/1370 1401/1515/1401 1402/1484/1402
f 1358/1456/1358 1357/1454/1357 1388/1516/1388 1389/1486/1389
f 1405/1490/1405 1404/1488/1404 1435/1517/1435 1436/1518/1436
f 1392/1491/1392 1391/1489/1391 1422/1519/1422 1423/1520/1423
f 1406/1492/1406 1405/1490/1405 1436/1518/1436 1437/1521/1437
f 1393/1493/1393 1392/1491/1392 1423/1520/1423 1424/1522/1424
f 1407/1494/1407 1406/1492/1406 1437/1521/1437 1438/1523/1438
f 1394/1495/1394 1393/1493/1393 1424/1522/1424 1425/1524/1425
f 1408/1496/1408 1407/1494/1407 1438/1523/1438 1439/1525/1439
f 1395/1497/1395 1394/1495/1394 1425/1524/1425 1426/1526/1426
f 1409/1498/1409 1408/1496/1408 1439/1525/1439 1440/1527/1440
f 1396/1499/1396 1395/1497/1395 1426/1526/1426 1427/1528/1427
f 1383/1501/1383 1445/1529/1445 1414/1530/1414
f 1410/1502/1410 1409/1498/1409 1440/1527/1440 1441/1531/1441
f 1397/1503/1397 1396/1499/1396 1427/1528/1427 1428/1532/1428
f 1384/1504/1384 1383/1501/1383 1414/1530/1414 1415/1533/1415
f 1411/1505/1411 1410/1502/1410 1441/1531/1441 1442/1534/1442
f 1398/1506/1398 1397/1503/1397 1428/1532/1428 1429/1535/1429
f 1385/1507/1385 1384/1504/1384 1415/1533/1415 1416/1536/1416
f 1412/1508/1412 1411/1505/1411 1442/1534/1442 1443/1537/1443
f 1399/1509/1399 1398/1506/1398 1429/1535/1429 1430/1538/1430
f 1386/1510/1386 1385/1507/1385 1416/1536/1416 1417/1539/1417
f 1413/1511/1413 1412/1508/1412 1443/1537/1443 1444/1540/1444
f 1400/1512/1400 1399/1509/1399 1430/1538/1430 1431/1541/1431
f 1387/1513/1387 1386/1510/1386 1417/1539/1417 1418/1542/1418
f 979/1543/979 1413/1511/1413 1444/1540/1444
f 1401/1515/1401 1400/1512/1400 1431/1541/1431 1432/1544/1432
f 1388/1516/1388 1387/1513/1387 1418/1542/1418 1419/1545/1419
f 1402/1484/1402 1401/1515/1401 1432/1544/1432 1433/1546/1433
f 1389/1486/1389 1388/1516/1388 1419/1545/1419 1420/1547/1420
f 1403/1485/1403 1402/1484/1402 1433/1546/1433 1434/1548/1434
f 1390/1487/1390 1389/1486/1389 1420/1547/1420 1421/1549/1421
f 1404/1488/1404 1403/1485/1403 1434/1548/1434 1435/1517/1435
f 1391/1489/1391 1390/1487/1390 1421/1549/1421 1422/1519/1422
f 1438/1523/1438 1437/1521/1437 1469/1550/1469 1470/1551/1470
f 1425/1524/1425 1424/1522/1424 1456/1552/1456 1457/1553/1457
f 1439/1525/1439 1438/1523/1438 1470/1551/1470 1471/1554/1471
f 1426/1526/1426 1425/1524/1425 1457/1553/1457 1458/1555/1458
f 1440/1527/1440 1439/1525/1439 1471/1554/1471 1472/1556/1472
f 1427/1528/1427 1426/1526/1426 1458/1555/1458 1459/1557/1459
f 1414/1530/1414 1445/1558/1445 1446/1559/1446
f 1441/1531/1441 1440/1527/1440 1472/1556/1472 1473/1560/1473
f 1428/1532/1428 1427/1528/1427 1459/1557/1459 1460/1561/1460
f 1415/1533/1415 1414/1530/1414 1446/1559/1446 1447/1562/1447
f 1442/1534/1442 1441/1531/1441 1473/1560/1473 1474/1563/1474
f 1429/1535/1429 1428/1532/1428 1460/1561/1460 1461/1564/1461
f 1416/1536/1416 1415/1533/1415 1447/1562/1447 1448/1565/1448
f 1443/1537/1443 1442/1534/1442 1474/1563/1474 1475/1566/1475
f 1430/1538/1430 1429/1535/1429 1461/1564/1461 1462/1567/1462
f 1417/1539/1417 1416/1536/1416 1448/1565/1448 1449/1568/1449
f 1444/1540/1444 1443/1537/1443 1475/1566/1475 1476/1569/1476
f 1431/1541/1431 1430/1538/1430 1462/1567/1462 1463/1570/1463
f 1418/1542/1418 1417/1539/1417 1449/1568/1449 1450/1571/1450
f 979/1572/979 1444/1540/1444 1476/1569/1476
f 1432/1544/1432 1431/1541/1431 1463/1570/1463 1464/1573/1464
f 1419/1545/1419 1418/1542/1418 1450/1571/1450 1451/1574/1451
f 1433/1546/1433 1432/1544/1432 1464/1573/1464 1465/1575/1465
f 1420/1547/1420 1419/1545/1419 1451/1574/1451 1452/1576/1452
f 1434/1548/1434 1433/1546/1433 1465/1575/1465 1466/1577/1466
f 1421/1549/1421 1420/1547/1420 1452/1576/1452 1453/1578/1453
f 1435/1517/1435 1434/1548/1434 1466/1577/1466 1467/1579/1467
f 1422/1519/1422 1421/1549/1421 1453/1578/1453 1454/1580/1454
f 1436/1518/1436 1435/1517/1435 1467/1579/1467 1468/1581/1468
f 1423/1520/1423 1422/1519/1422 1454/1580/1454 1455/1582/1455
f 1437/1521/1437 1436/1518/1436 1468/1581/1468 1469/1550/1469
f 1424/1522/1424 1423/1520/1423 1455/1582/1455 1456/1552/1456
f 1472/1556/1472 1471/1554/1471 1502/1583/1502 1503/1584/1503
f 1459/1557/1459 1458/1555/1458 1489/1585/1489 1490/1586/1490
f 1446/1559/1446 1445/1587/1445 1477/1588/1477
f 1473/1560/1473 1472/1556/1472 1503/1584/1503 1504/1589/1504
f 1460/1561/1460 1459/1557/1459 1490/1586/1490 1491/1590/1491
f 1447/1562/1447 1446/1559/1446 1477/1588/1477 1478/1591/1478
f 1474/1563/1474 1473/1560/1473 1504/1589/1504 1505/1592/1505
f 1461/1564/1461 1460/1561/1460 1491/1590/1491 1492/1593/1492
f 1448/1565/1448 1447/1562/1447 1478/1591/1478 1479/1594/1479
f 1475/1566/1475 1474/1563/1474 1505/1592/1505 1506/1595/1506
f 1462/1567/1462 1461/1564/1461 1492/1593/1492 1493/1596/1493
f 1449/1568/1449 1448/1565/1448 1479/1594/1479 1480/1597/1480
f 1476/1569/1476 1475/1566/1475 1506/1595/1506 1507/1598/1507
f 1463/1570/1463 1462/1567/1462 1493/1596/1493 1494/1599/1494
f 1450/1571/1450 1449/1568/1449 1480/1597/1480 1481/1600/1481
f 979/1601/979 1476/1569/1476 1507/1598/1507
f 1464/1573/1464 1463/1570/1463 1494/1599/1494 1495/1602/1495
f 1451/1574/1451 1450/1571/1450 1481/1600/1481 1482/1603/1482
f 1465/1575/1465 1464/1573/1464 1495/1602/1495 1496/1604/1496
f 1452/1576/1452 1451/1574/1451 1482/1603/1482 1483/1605/1483
f 1466/1577/1466 1465/1575/1465 1496/1604/1496 1497/1606/1497
f 1453/1578/1453 1452/1576/1452 1483/1605/1483 1484/1607/1484
f 1467/1579/1467 1466/1577/1466 1497/1606/1497 1498/1608/1498
f 1454/1580/1454 1453/1578/1453 1484/1607/1484 1485/1609/1485
f 1468/1581/1468 1467/1579/1467 1498/1608/1498 1499/1610/1499
f 1455/1582/1455 1454/1580/1454 1485/1609/1485 1486/1611/1486
f 1469/1550/1469 1468/1581/1468 1499/1610/1499 1500/1612/1500
f 1456/1552/1456 1455/1582/1455 1486/1611/1486 1487/1613/1487
f 1470/1551/1470 1469/1550/1469 1500/1612/1500 1501/1614/1501
f 1457/1553/1457 1456/1552/1456 1487/1613/1487 1488/1615/1488
f 1471/1554/1471 1470/1551/1470 1501/1614/1501 1502/1583/1502
f 1458/1555/1458 1457/1553/1457 1488/1615/1488 1489/1585/1489
f 1505/1616/1505 1504/1617/1504 1535/1618/1535 1536/1619/1536
f 1492/1620/1492 1491/1621/1491 1522/1622/1522 1523/1623/1523
f 1479/1624/1479 1478/1625/1478 1509/1626/1509 1510/1627/1510
f 1506/1628/1506 1505/1616/1505 1536/1619/1536 1537/1629/1537
f 1493/1630/1493 1492/1620/1492 1523/1623/1523 1524/1631/1524
f 1480/1632/1480 1479/1624/1479 1510/1627/1510 1511/1633/1511
f 1507/1634/1507 1506/1628/1506 1537/1629/1537 1538/1635/1538
f 1494/1636/1494 1493/1630/1493 1524/1631/1524 1525/1637/1525
f 1481/1638/1481 1480/1632/1480 1511/1633/1511 1512/1639/1512
f 979/1640/979 1507/1634/1507 1538/1635/1538
f 1495/1641/1495 1494/1636/1494 1525/1637/1525 1526/1642/1526
f 1482/1643/1482 1481/1638/1481 1512/1639/1512 1513/1644/1513
f 1496/1645/1496 1495/1641/1495 1526/1642/1526 1527/1646/1527
f 1483/1647/1483 1482/1643/1482 1513/1644/1513 1514/1648/1514
f 1497/1649/1497 1496/1645/1496 1527/1646/1527 1528/1650/1528
f 1484/1651/1484 1483/1647/1483 1514/1648/1514 1515/1652/1515
f 1498/1653/1498 1497/1649/1497 1528/1650/1528 1529/1654/1529
f 1485/1655/1485 1484/1651/1484 1515/1652/1515 1516/1656/1516
f 1499/1657/1499 1498/1653/1498 1529/1654/1529 1530/1658/1530
f 1486/1659/1486 1485/1655/1485 1516/1656/1516 1517/1660/1517
f 1500/1661/1500 1499/1657/1499 1530/1658/1530 1531/1662/1531
f 1487/1663/1487 1486/1659/1486 1517/1660/1517 1518/1664/1518
f 1501/1665/1501 1500/1661/1500 1531/1662/1531 1532/1666/1532
f 1488/1667/1488 1487/1663/1487 1518/1664/1518 1519/1668/1519
f 1502/1669/1502 1501/1665/1501 1532/1666/1532 1533/1670/1533
f 1489/1671/1489 1488/1667/1488 1519/1668/1519 1520/1672/1520
f 1503/1673/1503 1502/1669/1502 1533/1670/1533 1534/1674/1534
f 1490/1675/1490 1489/1671/1489 1520/1672/1520 1521/1676/1521
f 1477/1677/1477 1445/1678/1445 1508/1679/1508
f 1504/1617/1504 1503/1673/1503 1534/1674/1534 1535/1618/1535
f 1491/1621/1491 1490/1675/1490 1521/1676/1521 1522/1622/1522
f 1478/1625/1478 1477/1677/1477 1508/1679/1508 1509/1626/1509
f 1538/1635/1538 1537/1629/1537 1568/1680/1568 1569/1681/1569
f 1525/1637/1525 1524/1631/1524 1555/1682/1555 1556/1683/1556
f 1512/1639/1512 1511/1633/1511 1542/1684/1542 1543/1685/1543
f 979/1686/979 1538/1635/1538 1569/1681/1569
f 1526/1642/1526 1525/1637/1525 1556/1683/1556 1557/1687/1557
f 1513/1644/1513 1512/1639/1512 1543/1685/1543 1544/1688/1544
f 1527/1646/1527 1526/1642/1526 1557/1687/1557 1558/1689/1558
f 1514/1648/1514 1513/1644/1513 1544/1688/1544 1545/1690/1545
f 1528/1650/1528 1527/1646/1527 1558/1689/1558 1559/1691/1559
f 1515/1652/1515 1514/1648/1514 1545/1690/1545 1546/1692/1546
f 1529/1654/1529 1528/1650/1528 1559/1691/1559 1560/1693/1560
f 1516/1656/1516 1515/1652/1515 1546/1692/1546 1547/1694/1547
f 1530/1658/1530 1529/1654/1529 1560/1693/1560 1561/1695/1561
f 1517/1660/1517 1516/1656/1516 1547/1694/1547 1548/1696/1548
f 1531/1662/1531 1530/1658/1530 1561/1695/1561 1562/1697/1562
f 1518/1664/1518 1517/1660/1517 1548/1696/1548 1549/1698/1549
f 1532/1666/1532 1531/1662/1531 1562/1697/1562 1563/1699/1563
f 1519/1668/1519 1518/1664/1518 1549/1698/1549 1550/1700/1550
f 1533/1670/1533 1532/1666/1532 1563/1699/1563 1564/1701/1564
f 1520/1672/1520 1519/1668/1519 1550/1700/1550 1551/1702/1551
f 1534/1674/1534 1533/1670/1533 1564/1701/1564 1565/1703/1565
f 1521/1676/1521 1520/1672/1520 1551/1702/1551 1552/1704/1552
f 1508/1679/1508 1445/1705/1445 1539/1706/1539
f 1535/1618/1535 1534/1674/1534 1565/1703/1565 1566/1707/1566
f 1522/1622/1522 1521/1676/1521 1552/1704/1552 1553/1708/1553
f 1509/1626/1509 1508/1679/1508 1539/1706/1539 1540/1709/1540
f 1536/1619/1536 1535/1618/1535 1566/1707/1566 1567/1710/1567
f 1523/1623/1523 1522/1622/1522 1553/1708/1553 1554/1711/1554
f 1510/1627/1510 1509/1626/1509 1540/1709/1540 1541/1712/1541
f 1537/1629/1537 1536/1619/1536 1567/1710/1567 1568/1680/1568
f 1524/1631/1524 1523/1623/1523 1554/1711/1554 1555/1682/1555
f 1511/1633/1511 1510/1627/1510 1541/1712/1541 1542/1684/1542
f 1558/1689/1558 1557/1687/1557 1588/1713/1588 1589/1714/1589
f 1545/1690/1545 1544/1688/1544 1575/1715/1575 1576/1716/1576
f 1559/1691/1559 1558/1689/1558 1589/1714/1589 1590/1717/1590
f 1546/1692/1546 1545/1690/1545 1576/1716/1576 1577/1718/1577
f 1560/1693/1560 1559/1691/1559 1590/1717/1590 1591/1719/1591
f 1547/1694/1547 1546/1692/1546 1577/1718/1577 1578/1720/1578
f 1561/1695/1561 1560/1693/1560 1591/1719/1591 1592/1721/1592
f 1548/1696/1548 1547/1694/1547 1578/1720/1578 1579/1722/1579
f 1562/1697/1562 1561/1695/1561 1592/1721/1592 1593/1723/1593
f 1549/1698/1549 1548/1696/1548 1579/1722/1579 1580/1724/1580
f 1563/1699/1563 1562/1697/1562 1593/1723/1593 1594/1725/1594
f 1550/1700/1550 1549/1698/1549 1580/1724/1580 1581/1726/1581
f 1564/1701/1564 1563/1699/1563 1594/1725/1594 1595/1727/1595
f 1551/1702/1551 1550/1700/1550 1581/1726/1581 1582/1728/1582
f 1565/1703/1565 1564/1701/1564 1595/1727/1595 1596/1729/1596
f 1552/1704/1552 1551/1702/1551 1582/1728/1582 1583/1730/1583
f 1539/1706/1539 1445/1731/1445 1570/1732/1570
f 1566/1707/1566 1565/1703/1565 1596/1729/1596 1597/1733/1597
f 1553/1708/1553 1552/1704/1552 1583/1730/1583 1584/1734/1584
f 1540/1709/1540 1539/1706/1539 1570/1732/1570 1571/1735/1571
f 1567/1710/1567 1566/1707/1566 1597/1733/1597 1598/1736/1598
f 1554/1711/1554 1553/1708/1553 1584/1734/1584 1585/1737/1585
f 1541/1712/1541 1540/1709/1540 1571/1735/1571 1572/1738/1572
f 1568/1680/1568 1567/1710/1567 1598/1736/1598 1599/1739/1599
f 1555/1682/1555 1554/1711/1554 1585/1737/1585 1586/1740/1586
f 1542/1684/1542 1541/1712/1541 1572/1738/1572 1573/1741/1573
f 1569/1681/1569 1568/1680/1568 1599/1739/1599 1600/1742/1600
f 1556/1683/1556 1555/1682/1555 1586/1740/1586 1587/1743/1587
f 1543/1685/1543 1542/1684/1542 1573/1741/1573 1574/1744/1574
f 979/1745/979 1569/1681/1569 1600/1742/1600
f 1557/1687/1557 1556/1683/1556 1587/1743/1587 1588/1713/1588
f 1544/1688/1544 1543/1685/1543 1574/1744/1574 1575/1715/1575
f 1590/1717/1590 1589/1714/1589 1620/1746/1620 1621/1747/1621
f 1577/1718/1577 1576/1716/1576 1607/1748/1607 1608/1749/1608
f 1591/1719/1591 1590/1717/1590 1621/1747/1621 1622/1750/1622
f 1578/1720/1578 1577/1718/1577 1608/1749/1608 1609/1751/1609
f 1592/1721/1592 1591/1719/1591 1622/1750/1622 1623/1752/1623
f 1579/1722/1579 1578/1720/1578 1609/1751/1609 1610/1753/1610
f 1593/1723/1593 1592/1721/1592 1623/1752/1623 1624/1754/1624
f 1580/1724/1580 1579/1722/1579 1610/1753/1610 1611/1755/1611
f 1594/1725/1594 1593/1723/1593 1624/1754/1624 1625/1756/1625
f 1581/1726/1581 1580/1724/1580 1611/1755/1611 1612/1757/1612
f 1595/1727/1595 1594/1725/1594 1625/1756/1625 1626/1758/1626
f 1582/1728/1582 1581/1726/1581 1612/1757/1612 1613/1759/1613
f 1596/1729/1596 1595/1727/1595 1626/1758/1626 1627/1760/1627
f 1583/1730/1583 1582/1728/1582 1613/1759/1613 1614/1761/1614
f 1570/1732/1570 1445/1762/1445 1601/1763/1601
f 1597/1733/1597 1596/1729/1596 1627/1760/1627 1628/1764/1628
f 1584/1734/1584 1583/1730/1583 1614/1761/1614 1615/1765/1615
f 1571/1735/1571 1570/1732/1570 1601/1763/1601 1602/1766/1602
f 1598/1736/1598 1597/1733/1597 1628/1764/1628 1629/1767/1629
f 1585/1737/1585 1584/1734/1584 1615/1765/1615 1616/1768/1616
f 1572/1738/1572 1571/1735/1571 1602/1766/1602 1603/1769/1603
f 1599/1739/1599 1598/1736/1598 1629/1767/1629 1630/1770/1630
f 1586/1740/1586 1585/1737/1585 1616/1768/1616 1617/1771/1617
f 1573/1741/1573 1572/1738/1572 1603/1769/1603 1604/1772/1604
f 1600/1742/1600 1599/1739/1599 1630/1770/1630 1631/1773/1631
f 1587/1743/1587 1586/1740/1586 1617/1771/1617 1618/1774/1618
f 1574/1744/1574 1573/1741/1573 1604/1772/1604 1605/1775/1605
f 979/1776/979 1600/1742/1600 1631/1773/1631
f 1588/1713/1588 1587/1743/1587 1618/1774/1618 1619/1777/1619
f 1575/1715/1575 1574/1744/1574 1605/1775/1605 1606/1778/1606
f 1589/1714/1589 1588/1713/1588 1619/1777/1619 1620/1746/1620
f 1576/1716/1576 1575/1715/1575 1606/1778/1606 1607/1748/1607
f 1623/1752/1623 1622/1750/1622 1653/1779/1653 1654/1780/1654
f 1610/1753/1610 1609/1751/1609 1640/1781/1640 1641/1782/1641
f 1624/1754/1624 1623/1752/1623 1654/1780/1654 1655/1783/1655
f 1611/1755/1611 1610/1753/1610 1641/1782/1641 1642/1784/1642
f 1625/1756/1625 1624/1754/1624 1655/1783/1655 1656/1785/1656
f 1612/1757/1612 1611/1755/1611 1642/1784/1642 1643/1786/1643
f 1626/1758/1626 1625/1756/1625 1656/1785/1656 1657/1787/1657
f 1613/1759/1613 1612/1757/1612 1643/1786/1643 1644/1788/1644
f 1627/1760/1627 1626/1758/1626 1657/1787/1657 1658/1789/1658
f 1614/1761/1614 1613/1759/1613 1644/1788/1644 1645/1790/1645
f 1601/1763/1601 1445/1791/1445 1632/1792/1632
f 1628/1764/1628 1627/1760/1627 1658/1789/1658 1659/1793/1659
f 1615/1765/1615 1614/1761/1614 1645/1790/1645 1646/1794/1646
f 1602/1766/1602 1601/1763/1601 1632/1792/1632 1633/1795/1633
f 1629/1767/1629 1628/1764/1628 1659/1793/1659 1660/1796/1660
f 1616/1768/1616 1615/1765/1615 1646/1794/1646 1647/1797/1647
f 1603/1769/1603 1602/1766/1602 1633/1795/1633 1634/1798/1634
f 1630/1770/1630 1629/1767/1629 1660/1796/1660 1661/1799/1661
f 1617/1771/1617 1616/1768/1616 1647/1797/1647 1648/1800/1648
f 1604/1772/1604 1603/1769/1603 1634/1798/1634 1635/1801/1635
f 1631/1773/1631 1630/1770/1630 1661/1799/1661 1662/1802/1662
f 1618/1774/1618 1617/1771/1617 1648/1800/1648 1649/1803/1649
f 1605/1775/1605 1604/1772/1604 1635/1801/1635 1636/1804/1636
f 979/1805/979 1631/1773/1631 1662/1802/1662
f 1619/1777/1619 1618/1774/1618 1649/1803/1649 1650/1806/1650
f 1606/1778/1606 1605/1775/1605 1636/1804/1636 1637/1807/1637
f 1620/1746/1620 1619/1777/1619 1650/1806/1650 1651/1808/1651
f 1607/1748/1607 1606/1778/1606 1637/1807/1637 1638/1809/1638
f 1621/1747/1621 1620/1746/1620 1651/1808/1651 1652/1810/1652
f 1608/1749/1608 1607/1748/1607 1638/1809/1638 1639/1811/1639
f 1622/1750/1622 1621/1747/1621 1652/1810/1652 1653/1779/1653
f 1609/1751/1609 1608/1749/1608 1639/1811/1639 1640/1781/1640
f 1656/1785/1656 1655/1783/1655 1686/1812/1686 1687/1813/1687
f 1643/1786/1643 1642/1784/1642 1673/1814/1673 1674/1815/1674
f 1657/1787/1657 1656/1785/1656 1687/1813/1687 1688/1816/1688
f 1644/1788/1644 1643/1786/1643 1674/1815/1674 1675/1817/1675
f 1658/1789/1658 1657/1787/1657 1688/1816/1688 1689/1818/1689
f 1645/1790/1645 1644/1788/1644 1675/1817/1675 1676/1819/1676
f 1632/1792/1632 1445/1820/1445 1663/1821/1663
f 1659/1793/1659 1658/1789/1658 1689/1818/1689 1690/1822/1690
f 1646/1794/1646 1645/1790/1645 1676/1819/1676 1677/1823/1677
f 1633/1795/1633 1632/1792/1632 1663/1821/1663 1664/1824/1664
f 1660/1796/1660 1659/1793/1659 1690/1822/1690 1691/1825/1691
f 1647/1797/1647 1646/1794/1646 1677/1823/1677 1678/1826/1678
f 1634/1798/1634 1633/1795/1633 1664/1824/1664 1665/1827/1665
f 1661/1799/1661 1660/1796/1660 1691/1825/1691 1692/1828/1692
f 1648/1800/1648 1647/1797/1647 1678/1826/1678 1679/1829/1679
f 1635/1801/1635 1634/1798/1634 1665/1827/1665 1666/1830/1666
f 1662/1802/1662 1661/1799/1661 1692/1828/1692 1693/1831/1693
f 1649/1803/1649 1648/1800/1648 1679/1829/1679 1680/1832/1680
f 1636/1804/1636 1635/1801/1635 1666/1830/1666 1667/1833/1667
f 979/1834/979 1662/1802/1662 1693/1831/1693
f 1650/1806/1650 1649/1803/1649 1680/1832/1680 1681/1835/1681
f 1637/1807/1637 1636/1804/1636 1667/1833/1667 1668/1836/1668
f 1651/1808/1651 1650/1806/1650 1681/1835/1681 1682/1837/1682
f 1638/1809/1638 1637/1807/1637 1668/1836/1668 1669/1838/1669
f 1652/1810/1652 1651/1808/1651 1682/1837/1682 1683/1839/1683
f 1639/1811/1639 1638/1809/1638 1669/1838/1669 1670/1840/1670
f 1653/1779/1653 1652/1810/1652 1683/1839/1683 1684/1841/1684
f 1640/1781/1640 1639/1811/1639 1670/1840/1670 1671/1842/1671
f 1654/1780/1654 1653/1779/1653 1684/1841/1684 1685/1843/1685
f 1641/1782/1641 1640/1781/1640 1671/1842/1671 1672/1844/1672
f 1655/1783/1655 1654/1780/1654 1685/1843/1685 1686/1812/1686
f 1642/1784/1642 1641/1782/1641 1672/1844/1672 1673/1814/1673
f 1689/1818/1689 1688/1816/1688 1719/1845/1719 1720/1846/1720
f 1676/1819/1676 1675/1817/1675 1706/1847/1706 1707/1848/1707
f 1663/1821/1663 1445/1849/1445 1694/1850/1694
f 1690/1822/1690 1689/1818/1689 1720/1846/1720 1721/1851/1721
f 1677/1823/1677 1676/1819/1676 1707/1848/1707 1708/1852/1708
f 1664/1824/1664 1663/1821/1663 1694/1850/1694 1695/1853/1695
f 1691/1825/1691 1690/1822/1690 1721/1851/1721 1722/1854/1722
f 1678/1826/1678 1677/1823/1677 1708/1852/1708 1709/1855/1709
f 1665/1827/1665 1664/1824/1664 1695/1853/1695 1696/1856/1696
f 1692/1828/1692 1691/1825/1691 1722/1854/1722 1723/1857/1723
f 1679/1829/1679 1678/1826/1678 1709/1855/1709 1710/1858/1710
f 1666/1830/1666 1665/1827/1665 1696/1856/1696 1697/1859/1697
f 1693/1831/1693 1692/1828/1692 1723/1857/1723 1724/1860/1724
f 1680/1832/1680 1679/1829/1679 1710/1858/1710 1711/1861/1711
f 1667/1833/1667 1666/1830/1666 1697/1859/1697 1698/1862/1698
f 979/1863/979 1693/1831/1693 1724/1860/1724
f 1681/1835/1681 1680/1832/1680 1711/1861/1711 1712/1864/1712
f 1668/1836/1668 1667/1833/1667 1698/1862/1698 1699/1865/1699
f 1682/1837/1682 1681/1835/1681 1712/1864/1712 1713/1866/1713
f 1669/1838/1669 1668/1836/1668 1699/1865/1699 1700/1867/1700
f 1683/1839/1683 1682/1837/1682 1713/1866/1713 1714/1868/1714
f 1670/1840/1670 1669/1838/1669 1700/1867/1700 1701/1869/1701
f 1684/1841/1684 1683/1839/1683 1714/1868/1714 1715/1870/1715
f 1671/1842/1671 1670/1840/1670 1701/1869/1701 1702/1871/1702
f 1685/1843/1685 1684/1841/1684 1715/1870/1715 1716/1872/1716
f 1672/1844/1672 1671/1842/1671 1702/1871/1702 1703/1873/1703
f 1686/1812/1686 1685/1843/1685 1716/1872/1716 1717/1874/1717
f 1673/1814/1673 1672/1844/1672 1703/1873/1703 1704/1875/1704
f 1687/1813/1687 1686/1812/1686 1717/1874/1717 1718/1876/1718
f 1674/1815/1674 1673/1814/1673 1704/1875/1704 1705/1877/1705
f 1688/1816/1688 1687/1813/1687 1718/1876/1718 1719/1845/1719
f 1675/1817/1675 1674/1815/1674 1705/1877/1705 1706/1847/1706
f 1695/1853/1695 1694/1850/1694 1725/1878/1725 1726/1879/1726
f 1722/1854/1722 1721/1851/1721 1752/1880/1752 1753/1881/1753
f 1709/1855/1709 1708/1852/1708 1739/1882/1739 1740/1883/1740
f 1696/1856/1696 1695/1853/1695 1726/1879/1726 1727/1884/1727
f 1723/1857/1723 1722/1854/1722 1753/1881/1753 1754/1885/1754
f 1710/1858/1710 1709/1855/1709 1740/1883/1740 1741/1886/1741
f 1697/1859/1697 1696/1856/1696 1727/1884/1727 1728/1887/1728
f 1724/1860/1724 1723/1857/1723 1754/1885/1754 1755/1888/1755
f 1711/1861/1711 1710/1858/1710 1741/1886/1741 1742/1889/1742
f 1698/1862/1698 1697/1859/1697 1728/1887/1728 1729/1890/1729
f 979/1891/979 1724/1860/1724 1755/1888/1755
f 1712/1864/1712 1711/1861/1711 1742/1889/1742 1743/1892/1743
f 1699/1865/1699 1698/1862/1698 1729/1890/1729 1730/1893/1730
f 1713/1866/1713 1712/1864/1712 1743/1892/1743 1744/1894/1744
f 1700/1867/1700 1699/1865/1699 1730/1893/1730 1731/1895/1731
f 1714/1868/1714 1713/1866/1713 1744/1894/1744 1745/1896/1745
f 1701/1869/1701 1700/1867/1700 1731/1895/1731 1732/1897/1732
f 1715/1870/1715 1714/1868/1714 1745/1896/1745 1746/1898/1746
f 1702/1871/1702 1701/1869/1701 1732/1897/1732 1733/1899/1733
f 1716/1872/1716 1715/1870/1715 1746/1898/1746 1747/1900/1747
f 1703/1873/1703 1702/1871/1702 1733/1899/1733 1734/1901/1734
f 1717/1874/1717 1716/1872/1716 1747/1900/1747 1748/1902/1748
f 1704/1875/1704 1703/1873/1703 1734/1901/1734 1735/1903/1735
f 1718/1876/1718 1717/1874/1717 1748/1902/1748 1749/1904/1749
f 1705/1877/1705 1704/1875/1704 1735/1903/1735 1736/1905/1736
f 1719/1845/1719 1718/1876/1718 1749/1904/1749 1750/1906/1750
f 1706/1847/1706 1705/1877/1705 1736/1905/1736 1737/1907/1737
f 1720/1846/1720 1719/1845/1719 1750/1906/1750 1751/1908/1751
f 1707/1848/1707 1706/1847/1706 1737/1907/1737 1738/1909/1738
f 1694/1850/1694 1445/1910/1445 1725/1878/1725
f 1721/1851/1721 1720/1846/1720 1751/1908/1751 1752/1880/1752
f 1708/1852/1708 1707/1848/1707 1738/1909/1738 1739/1882/1739
f 1728/1887/1728 1727/1884/1727 1758/1911/1758 1759/1912/1759
f 1755/1888/1755 1754/1885/1754 1785/1913/1785 1786/1914/1786
f 1742/1889/1742 1741/1886/1741 1772/1915/1772 1773/1916/1773
f 1729/1890/1729 1728/1887/1728 1759/1912/1759 1760/1917/1760
f 979/1918/979 1755/1888/1755 1786/1914/1786
f 1743/1892/1743 1742/1889/1742 1773/1916/1773 1774/1919/1774
f 1730/1893/1730 1729/1890/1729 1760/1917/1760 1761/1920/1761
f 1744/1894/1744 1743/1892/1743 1774/1919/1774 1775/1921/1775
f 1731/1895/1731 1730/1893/1730 1761/1920/1761 1762/1922/1762
f 1745/1896/1745 1744/1894/1744 1775/1921/1775 1776/1923/1776
f 1732/1897/1732 1731/1895/1731 1762/1922/1762 1763/1924/1763
f 1746/1898/1746 1745/1896/1745 1776/1923/1776 1777/1925/1777
f 1733/1899/1733 1732/1897/1732 1763/1924/1763 1764/1926/1764
f 1747/1900/1747 1746/1898/1746 1777/1925/1777 1778/1927/1778
f 1734/1901/1734 1733/1899/1733 1764/1926/1764 1765/1928/1765
f 1748/1902/1748 1747/1900/1747 1778/1927/1778 1779/1929/1779
f 1735/1903/1735 1734/1901/1734 1765/1928/1765 1766/1930/1766
f 1749/1904/1749 1748/1902/1748 1779/1929/1779 1780/1931/1780
f 1736/1905/1736 1735/1903/1735 1766/1930/1766 1767/1932/1767
f 1750/1906/1750 1749/1904/1749 1780/1931/1780 1781/1933/1781
f 1737/1907/1737 1736/1905/1736 1767/1932/1767 1768/1934/1768
f 1751/1908/1751 1750/1906/1750 1781/1933/1781 1782/1935/1782
f 1738/1909/1738 1737/1907/1737 1768/1934/1768 1769/1936/1769
f 1725/1878/1725 1445/1937/1445 1756/1938/1756
f 1752/1880/1752 1751/1908/1751 1782/1935/1782 1783/1939/1783
f 1739/1882/1739 1738/1909/1738 1769/1936/1769 1770/1940/1770
f 1726/1879/1726 1725/1878/1725 1756/1938/1756 1757/1941/1757
f 1753/1881/1753 1752/1880/1752 1783/1939/1783 1784/1942/1784
f 1740/1883/1740 1739/1882/1739 1770/1940/1770 1771/1943/1771
f 1727/1884/1727 1726/1879/1726 1757/1941/1757 1758/1911/1758
f 1754/1885/1754 1753/1881/1753 1784/1942/1784 1785/1913/1785
f 1741/1886/1741 1740/1883/1740 1771/1943/1771 1772/1915/1772
f 1761/1920/1761 1760/1917/1760 1791/1944/1791 1792/1945/1792
f 1775/1921/1775 1774/1919/1774 1805/1946/1805 1806/1947/1806
f 1762/1922/1762 1761/1920/1761 1792/1945/1792 1793/1948/1793
f 1776/1923/1776 1775/1921/1775 1806/1947/1806 1807/1949/1807
f 1763/1924/1763 1762/1922/1762 1793/1948/1793 1794/1950/1794
f 1777/1925/1777 1776/1923/1776 1807/1949/1807 1808/1951/1808
f 1764/1926/1764 1763/1924/1763 1794/1950/1794 1795/1952/1795
f 1778/1927/1778 1777/1925/1777 1808/1951/1808 1809/1953/1809
f 1765/1928/1765 1764/1926/1764 1795/1952/1795 1796/1954/1796
f 1779/1929/1779 1778/1927/1778 1809/1953/1809 1810/1955/1810
f 1766/1930/1766 1765/1928/1765 1796/1954/1796 1797/1956/1797
f 1780/1931/1780 1779/1929/1779 1810/1955/1810 1811/1957/1811
f 1767/1932/1767 1766/1930/1766 1797/1956/1797 1798/1958/1798
f 1781/1933/1781 1780/1931/1780 1811/1957/1811 1812/1959/1812
f 1768/1934/1768 1767/1932/1767 1798/1958/1798 1799/1960/1799
f 1782/1935/1782 1781/1933/1781 1812/1959/1812 1813/1961/1813
f 1769/1936/1769 1768/1934/1768 1799/1960/1799 1800/1962/1800
f 1756/1938/1756 1445/1963/1445 1787/1964/1787
f 1783/1939/1783 1782/1935/1782 1813/1961/1813 1814/1965/1814
f 1770/1940/1770 1769/1936/1769 1800/1962/1800 1801/1966/1801
f 1757/1941/1757 1756/1938/1756 1787/1964/1787 1788/1967/1788
f 1784/1942/1784 1783/1939/1783 1814/1965/1814 1815/1968/1815
f 1771/1943/1771 1770/1940/1770 1801/1966/1801 1802/1969/1802
f 1758/1911/1758 1757/1941/1757 1788/1967/1788 1789/1970/1789
f 1785/1913/1785 1784/1942/1784 1815/1968/1815 1816/1971/1816
f 1772/1915/1772 1771/1943/1771 1802/1969/1802 1803/1972/1803
f 1759/1912/1759 1758/1911/1758 1789/1970/1789 1790/1973/1790
f 1786/1914/1786 1785/1913/1785 1816/1971/1816 1817/1974/1817
f 1773/1916/1773 1772/1915/1772 1803/1972/1803 1804/1975/1804
f 1760/1917/1760 1759/1912/1759 1790/1973/1790 1791/1944/1791
f 979/1976/979 1786/1914/1786 1817/1974/1817
f 1774/1919/1774 1773/1916/1773 1804/1975/1804 1805/1946/1805
f 1794/1950/1794 1793/1948/1793 1824/1977/1824 1825/1978/1825
f 1808/1951/1808 1807/1949/1807 1838/1979/1838 1839/1980/1839
f 1795/1952/1795 1794/1950/1794 1825/1978/1825 1826/1981/1826
f 1809/1953/1809 1808/1951/1808 1839/1980/1839 1840/1982/1840
f 1796/1954/1796 1795/1952/1795 1826/1981/1826 1827/1983/1827
f 1810/1955/1810 1809/1953/1809 1840/1982/1840 1841/1984/1841
f 1797/1956/1797 1796/1954/1796 1827/1983/1827 1828/1985/1828
f 1811/1957/1811 1810/1955/1810 1841/1984/1841 1842/1986/1842
f 1798/1958/1798 1797/1956/1797 1828/1985/1828 1829/1987/1829
f 1812/1959/1812 1811/1957/1811 1842/1986/1842 1843/1988/1843
f 1799/1960/1799 1798/1958/1798 1829/1987/1829 1830/1989/1830
f 1813/1961/1813 1812/1959/1812 1843/1988/1843 1844/1990/1844
f 1800/1962/1800 1799/1960/1799 1830/1989/1830 1831/1991/1831
f 1787/1964/1787 1445/1992/1445 1818/1993/1818
f 1814/1965/1814 1813/1961/1813 1844/1990/1844 1845/1994/1845
f 1801/1966/1801 1800/1962/1800 1831/1991/1831 1832/1995/1832
f 1788/1967/1788 1787/1964/1787 1818/1993/1818 1819/1996/1819
f 1815/1968/1815 1814/1965/1814 1845/1994/1845 1846/1997/1846
f 1802/1969/1802 1801/1966/1801 1832/1995/1832 1833/1998/1833
f 1789/1970/1789 1788/1967/1788 1819/1996/1819 1820/1999/1820
f 1816/1971/1816 1815/1968/1815 1846/1997/1846 1847/2000/1847
f 1803/1972/1803 1802/1969/1802 1833/1998/1833 1834/2001/1834
f 1790/1973/1790 1789/1970/1789 1820/1999/1820 1821/2002/1821
f 1817/1974/1817 1816/1971/1816 1847/2000/1847 1848/2003/1848
f 1804/1975/1804 1803/1972/1803 1834/2001/1834 1835/2004/1835
f 1791/1944/1791 1790/1973/1790 1821/2002/1821 1822/2005/1822
f 979/2006/979 1817/1974/1817 1848/2003/1848
f 1805/1946/1805 1804/1975/1804 1835/2004/1835 1836/2007/1836
f 1792/1945/1792 1791/1944/1791 1822/2005/1822 1823/2008/1823
f 1806/1947/1806 1805/1946/1805 1836/2007/1836 1837/2009/1837
f 1793/1948/1793 1792/1945/1792 1823/2008/1823 1824/1977/1824
f 1807/1949/1807 1806/1947/1806 1837/2009/1837 1838/1979/1838
f 1827/1983/1827 1826/1981/1826 1857/2010/1857 1858/2011/1858
f 1841/1984/1841 1840/1982/1840 1871/2012/1871 1872/2013/1872
f 1828/1985/1828 1827/1983/1827 1858/2011/1858 1859/2014/1859
f 1842/1986/1842 1841/1984/1841 1872/2013/1872 1873/2015/1873
f 1829/1987/1829 1828/1985/1828 1859/2014/1859 1860/2016/1860
f 1843/1988/1843 1842/1986/1842 1873/2015/1873 1874/2017/1874
f 1830/1989/1830 1829/1987/1829 1860/2016/1860 1861/2018/1861
f 1844/1990/1844 1843/1988/1843 1874/2017/1874 1875/2019/1875
f 1831/1991/1831 1830/1989/1830 1861/2018/1861 1862/2020/1862
f 1818/1993/1818 1445/2021/1445 1849/2022/1849
f 1845/1994/1845 1844/1990/1844 1875/2019/1875 1876/2023/1876
f 1832/1995/1832 1831/1991/1831 1862/2020/1862 1863/2024/1863
f 1819/1996/1819 1818/1993/1818 1849/2022/1849 1850/2025/1850
f 1846/1997/1846 1845/1994/1845 1876/2023/1876 1877/2026/1877
f 1833/1998/1833 1832/1995/1832 1863/2024/1863 1864/2027/1864
f 1820/1999/1820 1819/1996/1819 1850/2025/1850 1851/2028/1851
f 1847/2000/1847 1846/1997/1846 1877/2026/1877 1878/2029/1878
f 1834/2001/1834 1833/1998/1833 1864/2027/1864 1865/2030/1865
f 1821/2002/1821 1820/1999/1820 1851/2028/1851 1852/2031/1852
f 1848/2003/1848 1847/2000/1847 1878/2029/1878 1879/2032/1879
f 1835/2004/1835 1834/2001/1834 1865/2030/1865 1866/2033/1866
f 1822/2005/1822 1821/2002/1821 1852/2031/1852 1853/2034/1853
f 979/2035/979 1848/2003/1848 1879/2032/1879
f 1836/2007/1836 1835/2004/1835 1866/2033/1866 1867/2036/1867
f 1823/2008/1823 1822/2005/1822 1853/2034/1853 1854/2037/1854
f 1837/2009/1837 1836/2007/1836 1867/2036/1867 1868/2038/1868
f 1824/1977/1824 1823/2008/1823 1854/2037/1854 1855/2039/1855
f 1838/1979/1838 1837/2009/1837 1868/2038/1868 1869/2040/1869
f 1825/1978/1825 1824/1977/1824 1855/2039/1855 1856/2041/1856
f 1839/1980/1839 1838/1979/1838 1869/2040/1869 1870/2042/1870
f 1826/1981/1826 1825/1978/1825 1856/2041/1856 1857/2010/1857
f 1840/1982/1840 1839/1980/1839 1870/2042/1870 1871/2012/1871
f 1860/2016/1860 1859/2014/1859 1890/2043/1890 1891/2044/1891
f 1874/2017/1874 1873/2015/1873 1904/2045/1904 1905/2046/1905
f 1861/2018/1861 1860/2016/1860 1891/2044/1891 1892/2047/1892
f 1875/2019/1875 1874/2017/1874 1905/2046/1905 1906/2048/1906
f 1862/2020/1862 1861/2018/1861 1892/2047/1892 1893/2049/1893
f 1849/2022/1849 1445/2050/1445 1880/2051/1880
f 1876/2023/1876 1875/2019/1875 1906/2048/1906 1907/2052/1907
f 1863/2024/1863 1862/2020/1862 1893/2049/1893 1894/2053/1894
f 1850/2025/1850 1849/2022/1849 1880/2051/1880 1881/2054/1881
f 1877/2026/1877 1876/2023/1876 1907/2052/1907 1908/2055/1908
f 1864/2027/1864 1863/2024/1863 1894/2053/1894 1895/2056/1895
f 1851/2028/1851 1850/2025/1850 1881/2054/1881 1882/2057/1882
f 1878/2029/1878 1877/2026/1877 1908/2055/1908 1909/2058/1909
f 1865/2030/1865 1864/2027/1864 1895/2056/1895 1896/2059/1896
f 1852/2031/1852 1851/2028/1851 1882/2057/1882 1883/2060/1883
f 1879/2032/1879 1878/2029/1878 1909/2058/1909 1910/2061/1910
f 1866/2033/1866 1865/2030/1865 1896/2059/1896 1897/2062/1897
f 1853/2034/1853 1852/2031/1852 1883/2060/1883 1884/2063/1884
f 979/2064/979 1879/2032/1879 1910/2061/1910
f 1867/2036/1867 1866/2033/1866 1897/2062/1897 1898/2065/1898
f 1854/2037/1854 1853/2034/1853 1884/2063/1884 1885/2066/1885
f 1868/2038/1868 1867/2036/1867 1898/2065/1898 1899/2067/1899
f 1855/2039/1855 1854/2037/1854 1885/2066/1885 1886/2068/1886
f 1869/2040/1869 1868/2038/1868 1899/2067/1899 1900/2069/1900
f 1856/2041/1856 1855/2039/1855 1886/2068/1886 1887/2070/1887
f 1870/2042/1870 1869/2040/1869 1900/2069/1900 1901/2071/1901
f 1857/2010/1857 1856/2041/1856 1887/2070/1887 1888/2072/1888
f 1871/2012/1871 1870/2042/1870 1901/2071/1901 1902/2073/1902
f 1858/2011/1858 1857/2010/1857 1888/2072/1888 1889/2074/1889
f 1872/2013/1872 1871/2012/1871 1902/2073/1902 1903/2075/1903
f 1859/2014/1859 1858/2011/1858 1889/2074/1889 1890/2043/1890
f 1873/2015/1873 1872/2013/1872 1903/2075/1903 1904/2045/1904
f 1893/2049/1893 1892/2047/1892 1923/2076/1923 1924/2077/1924
f 1880/2051/1880 1445/2078/1445 1911/2079/1911
f 1907/2052/1907 1906/2048/1906 1937/2080/1937 1938/2081/1938
f 1894/2053/1894 1893/2049/1893 1924/2077/1924 1925/2082/1925
f 1881/2054/1881 1880/2051/1880 1911/2079/1911 1912/2083/1912
f 1908/2055/1908 1907/2052/1907 1938/2081/1938 1939/2084/1939
f 1895/2056/1895 1894/2053/1894 1925/2082/1925 1926/2085/1926
f 1882/2057/1882 1881/2054/1881 1912/2083/1912 1913/2086/1913
f 1909/2058/1909 1908/2055/1908 1939/2084/1939 1940/2087/1940
f 1896/2059/1896 1895/2056/1895 1926/2085/1926 1927/2088/1927
f 1883/2060/1883 1882/2057/1882 1913/2086/1913 1914/2089/1914
f 1910/2061/1910 1909/2058/1909 1940/2087/1940 1941/2090/1941
f 1897/2062/1897 1896/2059/1896 1927/2088/1927 1928/2091/1928
f 1884/2063/1884 1883/2060/1883 1914/2089/1914 1915/2092/1915
f 979/2093/979 1910/2061/1910 1941/2090/1941
f 1898/2065/1898 1897/2062/1897 1928/2091/1928 1929/2094/1929
f 1885/2066/1885 1884/2063/1884 1915/2092/1915 1916/2095/1916
f 1899/2067/1899 1898/2065/1898 1929/2094/1929 1930/2096/1930
f 1886/2068/1886 1885/2066/1885 1916/2095/1916 1917/2097/1917
f 1900/2069/1900 1899/2067/1899 1930/2096/1930 1931/2098/1931
f 1887/2070/1887 1886/2068/1886 1917/2097/1917 1918/2099/1918
f 1901/2071/1901 1900/2069/1900 1931/2098/1931 1932/2100/1932
f 1888/2072/1888 1887/2070/1887 1918/2099/1918 1919/2101/1919
f 1902/2073/1902 1901/2071/1901 1932/2100/1932 1933/2102/1933
f 1889/2074/1889 1888/2072/1888 1919/2101/1919 1920/2103/1920
f 1903/2075/1903 1902/2073/1902 1933/2102/1933 1934/2104/1934
f 1890/2043/1890 1889/2074/1889 1920/2103/1920 1921/2105/1921
f 1904/2045/1904 1903/2075/1903 1934/2104/1934 1935/2106/1935
f 1891/2044/1891 1890/2043/1890 1921/2105/1921 1922/2107/1922
f 1905/2046/1905 1904/2045/1904 1935/2106/1935 1936/2108/1936
f 1892/2047/1892 1891/2044/1891 1922/2107/1922 1923/2076/1923
f 1906/2048/1906 1905/2046/1905 1936/2108/1936 1937/2080/1937
f 1926/2085/1926 1925/2082/1925 1956/2109/1956 1957/2110/1957
f 1913/2086/1913 1912/2083/1912 1943/2111/1943 1944/2112/1944
f 1940/2087/1940 1939/2084/1939 1970/2113/1970 1971/2114/1971
f 1927/2088/1927 1926/2085/1926 1957/2110/1957 1958/2115/1958
f 1914/2089/1914 1913/2086/1913 1944/2112/1944 1945/2116/1945
f 1941/2090/1941 1940/2087/1940 1971/2114/1971 1972/2117/1972
f 1928/2091/1928 1927/2088/1927 1958/2115/1958 1959/2118/1959
f 1915/2092/1915 1914/2089/1914 1945/2116/1945 1946/2119/1946
f 979/2120/979 1941/2090/1941 1972/2117/1972
f 1929/2094/1929 1928/2091/1928 1959/2118/1959 1960/2121/1960
f 1916/2095/1916 1915/2092/1915 1946/2119/1946 1947/2122/1947
f 1930/2096/1930 1929/2094/1929 1960/2121/1960 1961/2123/1961
f 1917/2097/1917 1916/2095/1916 1947/2122/1947 1948/2124/1948
f 1931/2098/1931 1930/2096/1930 1961/2123/1961 1962/2125/1962
f 1918/2099/1918 1917/2097/1917 1948/2124/1948 1949/2126/1949
f 1932/2100/1932 1931/2098/1931 1962/2125/1962 1963/2127/1963
f 1919/2101/1919 1918/2099/1918 1949/2126/1949 1950/2128/1950
f 1933/2102/1933 1932/2100/1932 1963/2127/1963 1964/2129/1964
f 1920/2103/1920 1919/2101/1919 1950/2128/1950 1951/2130/1951
f 1934/2104/1934 1933/2102/1933 1964/2129/1964 1965/2131/1965
f 1921/2105/1921 1920/2103/1920 1951/2130/1951 1952/2132/1952
f 1935/2106/1935 1934/2104/1934 1965/2131/1965 1966/2133/1966
f 1922/2107/1922 1921/2105/1921 1952/2132/1952 1953/2134/1953
f 1936/2108/1936 1935/2106/1935 1966/2133/1966 1967/2135/1967
f 1923/2076/1923 1922/2107/1922 1953/2134/1953 1954/2136/1954
f 1937/2080/1937 1936/2108/1936 1967/2135/1967 1968/2137/1968
f 1924/2077/1924 1923/2076/1923 1954/2136/1954 1955/2138/1955
f 1911/2079/1911 1445/2139/1445 1942/2140/1942
f 1938/2081/1938 1937/2080/1937 1968/2137/1968 1969/2141/1969
f 1925/2082/1925 1924/2077/1924 1955/2138/1955 1956/2109/1956
f 1912/2083/1912 1911/2079/1911 1942/2140/1942 1943/2111/1943
f 1939/2084/1939 1938/2081/1938 1969/2141/1969 1970/2113/1970
f 1959/2118/1959 1958/2115/1958 12/17/12 1978/23/1978
f 1946/2119/1946 1945/2116/1945 3/19/3 1974/25/1974
f 979/2142/979 1972/2117/1972 17/21/17
f 1960/2121/1960 1959/2118/1959 1978/23/1978 1979/28/1979
f 1947/2122/1947 1946/2119/1946 1974/25/1974 1975/30/1975
f 1961/2123/1961 1960/2121/1960 1979/28/1979 13/32/13
f 1948/2124/1948 1947/2122/1947 1975/30/1975 4/34/4
f 1962/2125/1962 1961/2123/1961 13/32/13 1980/36/1980
f 1949/2126/1949 1948/2124/1948 4/34/4 5/38/5
f 1963/2127/1963 1962/2125/1962 1980/36/1980 1981/40/1981
f 1950/2128/1950 1949/2126/1949 5/38/5 6/42/6
f 1964/2129/1964 1963/2127/1963 1981/40/1981 1982/44/1982
f 1951/2130/1951 1950/2128/1950 6/42/6 1976/46/1976
f 1965/2131/1965 1964/2129/1964 1982/44/1982 1983/48/1983
f 1952/2132/1952 1951/2130/1951 1976/46/1976 7/50/7
f 1966/2133/1966 1965/2131/1965 1983/48/1983 14/52/14
f 1953/2134/1953 1952/2132/1952 7/50/7 1977/54/1977
f 1967/2135/1967 1966/2133/1966 14/52/14 1984/56/1984
f 1954/2136/1954 1953/2134/1953 1977/54/1977 8/58/8
f 1968/2137/1968 1967/2135/1967 1984/56/1984 1985/60/1985
f 1955/2138/1955 1954/2136/1954 8/58/8 9/62/9
f 1942/2140/1942 1445/2143/1445 1/2/1
f 1969/2141/1969 1968/2137/1968 1985/60/1985 15/6/15
f 1956/2109/1956 1955/2138/1955 9/62/9 10/10/10
f 1943/2111/1943 1942/2140/1942 1/2/1 1973/1/1973
f 1970/2113/1970 1969/2141/1969 15/6/15 16/5/16
f 1957/2110/1957 1956/2109/1956 10/10/10 11/9/11
f 1944/2112/1944 1943/2111/1943 1973/1/1973 2/13/2
f 1971/2114/1971 1970/2113/1970 16/5/16 1986/15/1986
f 1958/2115/1958 1957/2110/1957 11/9/11 12/17/12
f 1945/2116/1945 1944/2112/1944 2/13/2 3/19/3
f 1972/2117/1972 1971/2114/1971 1986/15/1986 17/21/17
usemtl Venus_Atmosphere
f 3959/1/1973 1987/2/1 2004/3/18 2005/4/19
f 2002/5/16 2001/6/15 2031/7/45 2032/8/46
f 1997/9/11 1996/10/10 2018/11/32 2019/12/33
f 1988/13/2 3959/1/1973 2005/4/19 2006/14/20
f 3972/15/1986 2002/5/16 2032/8/46 2033/16/47
f 1998/17/12 1997/9/11 2019/12/33 2020/18/34
f 1989/19/3 1988/13/2 2006/14/20 2007/20/21
f 2003/21/17 3972/15/1986 2033/16/47 2034/22/48
f 3964/23/1978 1998/17/12 2020/18/34 2021/24/35
f 3960/25/1974 1989/19/3 2007/20/21 2008/26/22
f 2965/27/979 2003/21/17 2034/22/48
f 3965/28/1979 3964/23/1978 2021/24/35 2022/29/36
f 3961/30/1975 3960/25/1974 2008/26/22 2009/31/23
f 1999/32/13 3965/28/1979 2022/29/36 2023/33/37
f 1990/34/4 3961/30/1975 2009/31/23 2010/35/24
f 3966/36/1980 1999/32/13 2023/33/37 2024/37/38
f 1991/38/5 1990/34/4 2010/35/24 2011/39/25
f 3967/40/1981 3966/36/1980 2024/37/38 2025/41/39
f 1992/42/6 1991/38/5 2011/39/25 2012/43/26
f 3968/44/1982 3967/40/1981 2025/41/39 2026/45/40
f 3962/46/1976 1992/42/6 2012/43/26 2013/47/27
f 3969/48/1983 3968/44/1982 2026/45/40 2027/49/41
f 1993/50/7 3962/46/1976 2013/47/27 2014/51/28
f 2000/52/14 3969/48/1983 2027/49/41 2028/53/42
f 3963/54/1977 1993/50/7 2014/51/28 2015/55/29
f 3970/56/1984 2000/52/14 2028/53/42 2029/57/43
f 1994/58/8 3963/54/1977 2015/55/29 2016/59/30
f 3971/60/1985 3970/56/1984 2029/57/43 2030/61/44
f 1995/62/9 1994/58/8 2016/59/30 2017/63/31
f 1987/2/1 3431/64/1445 2004/3/18
f 2001/6/15 3971/60/1985 2030/61/44 2031/7/45
f 1996/10/10 1995/62/9 2017/63/31 2018/11/32
f 2013/47/27 2012/43/26 2043/65/57 2044/66/58
f 2027/49/41 2026/45/40 2057/67/71 2058/68/72
f 2014/51/28 2013/47/27 2044/66/58 2045/69/59
f 2028/53/42 2027/49/41 2058/68/72 2059/70/73
f 2015/55/29 2014/51/28 2045/69/59 2046/71/60
f 2029/57/43 2028/53/42 2059/70/73 2060/72/74
f 2016/59/30 2015/55/29 2046/71/60 2047/73/61
f 2030/61/44 2029/57/43 2060/72/74 2061/74/75
f 2017/63/31 2016/59/30 2047/73/61 2048/75/62
f 2004/3/18 3431/76/1445 2035/77/49
f 2031/7/45 2030/61/44 2061/74/75 2062/78/76
f 2018/11/32 2017/63/31 2048/75/62 2049/79/63
f 2005/4/19 2004/3/18 2035/77/49 2036/80/50
f 2032/8/46 2031/7/45 2062/78/76 2063/81/77
f 2019/12/33 2018/11/32 2049/79/63 2050/82/64
f 2006/14/20 2005/4/19 2036/80/50 2037/83/51
f 2033/16/47 2032/8/46 2063/81/77 2064/84/78
f 2020/18/34 2019/12/33 2050/82/64 2051/85/65
f 2007/20/21 2006/14/20 2037/83/51 2038/86/52
f 2034/22/48 2033/16/47 2064/84/78 2065/87/79
f 2021/24/35 2020/18/34 2051/85/65 2052/88/66
f 2008/26/22 2007/20/21 2038/86/52 2039/89/53
f 2965/90/979 2034/22/48 2065/87/79
f 2022/29/36 2021/24/35 2052/88/66 2053/91/67
f 2009/31/23 2008/26/22 2039/89/53 2040/92/54
f 2023/33/37 2022/29/36 2053/91/67 2054/93/68
f 2010/35/24 2009/31/23 2040/92/54 2041/94/55
f 2024/37/38 2023/33/37 2054/93/68 2055/95/69
f 2011/39/25 2010/35/24 2041/94/55 2042/96/56
f 2025/41/39 2024/37/38 2055/95/69 2056/97/70
f 2012/43/26 2011/39/25 2042/96/56 2043/65/57
f 2026/45/40 2025/41/39 2056/97/70 2057/67/71
f 2046/71/60 2045/69/59 2076/98/90 2077/99/91
f 2060/72/74 2059/70/73 2090/100/104 2091/101/105
f 2047/73/61 2046/71/60 2077/99/91 2078/102/92
f 2061/74/75 2060/72/74 2091/101/105 2092/103/106
f 2048/75/62 2047/73/61 2078/102/92 2079/104/93
f 2035/77/49 3431/105/1445 2066/106/80
f 2062/78/76 2061/74/75 2092/103/106 2093/107/107
f 2049/79/63 2048/75/62 2079/104/93 2080/108/94
f 2036/80/50 2035/77/49 2066/106/80 2067/109/81
f 2063/81/77 2062/78/76 2093/107/107 2094/110/108
f 2050/82/64 2049/79/63 2080/108/94 2081/111/95
f 2037/83/51 2036/80/50 2067/109/81 2068/112/82
f 2064/84/78 2063/81/77 2094/110/108 2095/113/109
f 2051/85/65 2050/82/64 2081/111/95 2082/114/96
f 2038/86/52 2037/83/51 2068/112/82 2069/115/83
f 2065/87/79 2064/84/78 2095/113/109 2096/116/110
f 2052/88/66 2051/85/65 2082/114/96 2083/117/97
f 2039/89/53 2038/86/52 2069/115/83 2070/118/84
f 2965/119/979 2065/87/79 2096/116/110
f 2053/91/67 2052/88/66 2083/117/97 2084/120/98
f 2040/92/54 2039/89/53 2070/118/84 2071/121/85
f 2054/93/68 2053/91/67 2084/120/98 2085/122/99
f 2041/94/55 2040/92/54 2071/121/85 2072/123/86
f 2055/95/69 2054/93/68 2085/122/99 2086/124/100
f 2042/96/56 2041/94/55 2072/123/86 2073/125/87
f 2056/97/70 2055/95/69 2086/124/100 2087/126/101
f 2043/65/57 2042/96/56 2073/125/87 2074/127/88
f 2057/67/71 2056/97/70 2087/126/101 2088/128/102
f 2044/66/58 2043/65/57 2074/127/88 2075/129/89
f 2058/68/72 2057/67/71 2088/128/102 2089/130/103
f 2045/69/59 2044/66/58 2075/129/89 2076/98/90
f 2059/70/73 2058/68/72 2089/130/103 2090/100/104
f 2079/104/93 2078/102/92 2109/131/123 2110/132/124
f 2066/106/80 3431/133/1445 2097/134/111
f 2093/107/107 2092/103/106 2123/135/137 2124/136/138
f 2080/108/94 2079/104/93 2110/132/124 2111/137/125
f 2067/109/81 2066/106/80 2097/134/111 2098/138/112
f 2094/110/108 2093/107/107 2124/136/138 2125/139/139
f 2081/111/95 2080/108/94 2111/137/125 2112/140/126
f 2068/112/82 2067/109/81 2098/138/112 2099/141/113
f 2095/113/109 2094/110/108 2125/139/139 2126/142/140
f 2082/114/96 2081/111/95 2112/140/126 2113/143/127
f 2069/115/83 2068/112/82 2099/141/113 2100/144/114
f 2096/116/110 2095/113/109 2126/142/140 2127/145/141
f 2083/117/97 2082/114/96 2113/143/127 2114/146/128
f 2070/118/84 2069/115/83 2100/144/114 2101/147/115
f 2965/148/979 2096/116/110 2127/145/141
f 2084/120/98 2083/117/97 2114/146/128 2115/149/129
f 2071/121/85 2070/118/84 2101/147/115 2102/150/116
f 2085/122/99 2084/120/98 2115/149/129 2116/151/130
f 2072/123/86 2071/121/85 2102/150/116 2103/152/117
f 2086/124/100 2085/122/99 2116/151/130 2117/153/131
f 2073/125/87 2072/123/86 2103/152/117 2104/154/118
f 2087/126/101 2086/124/100 2117/153/131 2118/155/132
f 2074/127/88 2073/125/87 2104/154/118 2105/156/119
f 2088/128/102 2087/126/101 2118/155/132 2119/157/133
f 2075/129/89 2074/127/88 2105/156/119 2106/158/120
f 2089/130/103 2088/128/102 2119/157/133 2120/159/134
f 2076/98/90 2075/129/89 2106/158/120 2107/160/121
f 2090/100/104 2089/130/103 2120/159/134 2121/161/135
f 2077/99/91 2076/98/90 2107/160/121 2108/162/122
f 2091/101/105 2090/100/104 2121/161/135 2122/163/136
f 2078/102/92 2077/99/91 2108/162/122 2109/131/123
f 2092/103/106 2091/101/105 2122/163/136 2123/135/137
f 2112/140/126 2111/137/125 2142/164/156 2143/165/157
f 2099/141/113 2098/138/112 2129/166/143 2130/167/144
f 2126/142/140 2125/139/139 2156/168/170 2157/169/171
f 2113/143/127 2112/140/126 2143/165/157 2144/170/158
f 2100/144/114 2099/141/113 2130/167/144 2131/171/145
f 2127/145/141 2126/142/140 2157/169/171 2158/172/172
f 2114/146/128 2113/143/127 2144/170/158 2145/173/159
f 2101/147/115 2100/144/114 2131/171/145 2132/174/146
f 2965/175/979 2127/145/141 2158/172/172
f 2115/149/129 2114/146/128 2145/173/159 2146/176/160
f 2102/150/116 2101/147/115 2132/174/146 2133/177/147
f 2116/151/130 2115/149/129 2146/176/160 2147/178/161
f 2103/152/117 2102/150/116 2133/177/147 2134/179/148
f 2117/153/131 2116/151/130 2147/178/161 2148/180/162
f 2104/154/118 2103/152/117 2134/179/148 2135/181/149
f 2118/155/132 2117/153/131 2148/180/162 2149/182/163
f 2105/156/119 2104/154/118 2135/181/149 2136/183/150
f 2119/157/133 2118/155/132 2149/182/163 2150/184/164
f 2106/158/120 2105/156/119 2136/183/150 2137/185/151
f 2120/159/134 2119/157/133 2150/184/164 2151/186/165
f 2107/160/121 2106/158/120 2137/185/151 2138/187/152
f 2121/161/135 2120/159/134 2151/186/165 2152/188/166
f 2108/162/122 2107/160/121 2138/187/152 2139/189/153
f 2122/163/136 2121/161/135 2152/188/166 2153/190/167
f 2109/131/123 2108/162/122 2139/189/153 2140/191/154
f 2123/135/137 2122/163/136 2153/190/167 2154/192/168
f 2110/132/124 2109/131/123 2140/191/154 2141/193/155
f 2097/134/111 3431/194/1445 2128/195/142
f 2124/136/138 2123/135/137 2154/192/168 2155/196/169
f 2111/137/125 2110/132/124 2141/193/155 2142/164/156
f 2098/138/112 2097/134/111 2128/195/142 2129/166/143
f 2125/139/139 2124/136/138 2155/196/169 2156/168/170
f 2145/173/159 2144/170/158 2175/197/189 2176/198/190
f 2132/174/146 2131/171/145 2162/199/176 2163/200/177
f 2965/201/979 2158/172/172 2189/202/203
f 2146/176/160 2145/173/159 2176/198/190 2177/203/191
f 2133/177/147 2132/174/146 2163/200/177 2164/204/178
f 2147/178/161 2146/176/160 2177/203/191 2178/205/192
f 2134/179/148 2133/177/147 2164/204/178 2165/206/179
f 2148/180/162 2147/178/161 2178/205/192 2179/207/193
f 2135/181/149 2134/179/148 2165/206/179 2166/208/180
f 2149/182/163 2148/180/162 2179/207/193 2180/209/194
f 2136/183/150 2135/181/149 2166/208/180 2167/210/181
f 2150/184/164 2149/182/163 2180/209/194 2181/211/195
f 2137/185/151 2136/183/150 2167/210/181 2168/212/182
f 2151/186/165 2150/184/164 2181/211/195 2182/213/196
f 2138/187/152 2137/185/151 2168/212/182 2169/214/183
f 2152/188/166 2151/186/165 2182/213/196 2183/215/197
f 2139/189/153 2138/187/152 2169/214/183 2170/216/184
f 2153/190/167 2152/188/166 2183/215/197 2184/217/198
f 2140/191/154 2139/189/153 2170/216/184 2171/218/185
f 2154/192/168 2153/190/167 2184/217/198 2185/219/199
f 2141/193/155 2140/191/154 2171/218/185 2172/220/186
f 2128/195/142 3431/221/1445 2159/222/173
f 2155/196/169 2154/192/168 2185/219/199 2186/223/200
f 2142/164/156 2141/193/155 2172/220/186 2173/224/187
f 2129/166/143 2128/195/142 2159/222/173 2160/225/174
f 2156/168/170 2155/196/169 2186/223/200 2187/226/201
f 2143/165/157 2142/164/156 2173/224/187 2174/227/188
f 2130/167/144 2129/166/143 2160/225/174 2161/228/175
f 2157/169/171 2156/168/170 2187/226/201 2188/229/202
f 2144/170/158 2143/165/157 2174/227/188 2175/197/189
f 2131/171/145 2130/167/144 2161/228/175 2162/199/176
f 2158/172/172 2157/169/171 2188/229/202 2189/202/203
f 2178/205/192 2177/203/191 2208/230/222 2209/231/223
f 2165/206/179 2164/204/178 2195/232/209 2196/233/210
f 2179/207/193 2178/205/192 2209/231/223 2210/234/224
f 2166/208/180 2165/206/179 2196/233/210 2197/235/211
f 2180/209/194 2179/207/193 2210/234/224 2211/236/225
f 2167/210/181 2166/208/180 2197/235/211 2198/237/212
f 2181/211/195 2180/209/194 2211/236/225 2212/238/226
f 2168/212/182 2167/210/181 2198/237/212 2199/239/213
f 2182/213/196 2181/211/195 2212/238/226 2213/240/227
f 2169/214/183 2168/212/182 2199/239/213 2200/241/214
f 2183/215/197 2182/213/196 2213/240/227 2214/242/228
f 2170/216/184 2169/214/183 2200/241/214 2201/243/215
f 2184/217/198 2183/215/197 2214/242/228 2215/244/229
f 2171/218/185 2170/216/184 2201/243/215 2202/245/216
f 2185/219/199 2184/217/198 2215/244/229 2216/246/230
f 2172/220/186 2171/218/185 2202/245/216 2203/247/217
f 2159/222/173 3431/248/1445 2190/249/204
f 2186/223/200 2185/219/199 2216/246/230 2217/250/231
f 2173/224/187 2172/220/186 2203/247/217 2204/251/218
f 2160/225/174 2159/222/173 2190/249/204 2191/252/205
f 2187/226/201 2186/223/200 2217/250/231 2218/253/232
f 2174/227/188 2173/224/187 2204/251/218 2205/254/219
f 2161/228/175 2160/225/174 2191/252/205 2192/255/206
f 2188/229/202 2187/226/201 2218/253/232 2219/256/233
f 2175/197/189 2174/227/188 2205/254/219 2206/257/220
f 2162/199/176 2161/228/175 2192/255/206 2193/258/207
f 2189/202/203 2188/229/202 2219/256/233 2220/259/234
f 2176/198/190 2175/197/189 2206/257/220 2207/260/221
f 2163/200/177 2162/199/176 2193/258/207 2194/261/208
f 2965/262/979 2189/202/203 2220/259/234
f 2177/203/191 2176/198/190 2207/260/221 2208/230/222
f 2164/204/178 2163/200/177 2194/261/208 2195/232/209
f 2211/236/225 2210/234/224 2241/263/255 2242/264/256
f 2198/237/212 2197/235/211 2228/265/242 2229/266/243
f 2212/238/226 2211/236/225 2242/264/256 2243/267/257
f 2199/239/213 2198/237/212 2229/266/243 2230/268/244
f 2213/240/227 2212/238/226 2243/267/257 2244/269/258
f 2200/241/214 2199/239/213 2230/268/244 2231/270/245
f 2214/242/228 2213/240/227 2244/269/258 2245/271/259
f 2201/243/215 2200/241/214 2231/270/245 2232/272/246
f 2215/244/229 2214/242/228 2245/271/259 2246/273/260
f 2202/245/216 2201/243/215 2232/272/246 2233/274/1987
f 2216/246/230 2215/244/229 2246/273/260 2247/275/261
f 2203/247/217 2202/245/216 2233/274/1987 2234/276/248
f 2190/249/204 3431/277/1445 2221/278/235
f 2217/250/231 2216/246/230 2247/275/261 2248/279/262
f 2204/251/218 2203/247/217 2234/276/248 2235/280/249
f 2191/252/205 2190/249/204 2221/278/235 2222/281/236
f 2218/253/232 2217/250/231 2248/279/262 2249/282/263
f 2205/254/219 2204/251/218 2235/280/249 2236/283/250
f 2192/255/206 2191/252/205 2222/281/236 2223/284/237
f 2219/256/233 2218/253/232 2249/282/263 2250/285/264
f 2206/257/220 2205/254/219 2236/283/250 2237/286/251
f 2193/258/207 2192/255/206 2223/284/237 2224/287/238
f 2220/259/234 2219/256/233 2250/285/264 2251/288/265
f 2207/260/221 2206/257/220 2237/286/251 2238/289/252
f 2194/261/208 2193/258/207 2224/287/238 2225/290/239
f 2965/291/979 2220/259/234 2251/288/265
f 2208/230/222 2207/260/221 2238/289/252 2239/292/253
f 2195/232/209 2194/261/208 2225/290/239 2226/293/240
f 2209/231/223 2208/230/222 2239/292/253 2240/294/254
f 2196/233/210 2195/232/209 2226/293/240 2227/295/241
f 2210/234/224 2209/231/223 2240/294/254 2241/263/255
f 2197/235/211 2196/233/210 2227/295/241 2228/265/242
f 2244/269/258 2243/267/257 2274/296/288 2275/297/289
f 2231/270/245 2230/268/244 2261/298/275 2262/299/276
f 2245/271/259 2244/269/258 2275/297/289 2276/300/290
f 2232/272/246 2231/270/245 2262/299/276 2263/301/277
f 2246/273/260 2245/271/259 2276/300/290 2277/302/291
f 2233/274/1987 2232/272/246 2263/301/277 2264/303/278
f 2247/275/261 2246/273/260 2277/302/291 2278/304/292
f 2234/276/248 2233/274/1987 2264/303/278 2265/305/279
f 2221/278/235 3431/306/1445 2252/307/266
f 2248/279/262 2247/275/261 2278/304/292 2279/308/293
f 2235/280/249 2234/276/248 2265/305/279 2266/309/280
f 2222/281/236 2221/278/235 2252/307/266 2253/310/267
f 2249/282/263 2248/279/262 2279/308/293 2280/311/294
f 2236/283/250 2235/280/249 2266/309/280 2267/312/281
f 2223/284/237 2222/281/236 2253/310/267 2254/313/268
f 2250/285/264 2249/282/263 2280/311/294 2281/314/295
f 2237/286/251 2236/283/250 2267/312/281 2268/315/282
f 2224/287/238 2223/284/237 2254/313/268 2255/316/269
f 2251/288/265 2250/285/264 2281/314/295 2282/317/296
f 2238/289/252 2237/286/251 2268/315/282 2269/318/283
f 2225/290/239 2224/287/238 2255/316/269 2256/319/270
f 2965/320/979 2251/288/265 2282/317/296
f 2239/292/253 2238/289/252 2269/318/283 2270/321/284
f 2226/293/240 2225/290/239 2256/319/270 2257/322/271
f 2240/294/254 2239/292/253 2270/321/284 2271/323/285
f 2227/295/241 2226/293/240 2257/322/271 2258/324/272
f 2241/263/255 2240/294/254 2271/323/285 2272/325/286
f 2228/265/242 2227/295/241 2258/324/272 2259/326/273
f 2242/264/256 2241/263/255 2272/325/286 2273/327/287
f 2229/266/243 2228/265/242 2259/326/273 2260/328/274
f 2243/267/257 2242/264/256 2273/327/287 2274/296/288
f 2230/268/244 2229/266/243 2260/328/274 2261/298/275
f 2277/302/291 2276/300/290 2307/329/321 2308/330/322
f 2264/303/278 2263/301/277 2294/331/308 2295/332/309
f 2278/304/292 2277/302/291 2308/330/322 2309/333/323
f 2265/305/279 2264/303/278 2295/332/309 2296/334/310
f 2252/307/266 3431/335/1445 2283/336/297
f 2279/308/293 2278/304/292 2309/333/323 2310/337/324
f 2266/309/280 2265/305/279 2296/334/310 2297/338/311
f 2253/310/267 2252/307/266 2283/336/297 2284/339/298
f 2280/311/294 2279/308/293 2310/337/324 2311/340/325
f 2267/312/281 2266/309/280 2297/338/311 2298/341/312
f 2254/313/268 2253/310/267 2284/339/298 2285/342/299
f 2281/314/295 2280/311/294 2311/340/325 2312/343/326
f 2268/315/282 2267/312/281 2298/341/312 2299/344/313
f 2255/316/269 2254/313/268 2285/342/299 2286/345/300
f 2282/317/296 2281/314/295 2312/343/326 2313/346/327
f 2269/318/283 2268/315/282 2299/344/313 2300/347/314
f 2256/319/270 2255/316/269 2286/345/300 2287/348/301
f 2965/349/979 2282/317/296 2313/346/327
f 2270/321/284 2269/318/283 2300/347/314 2301/350/315
f 2257/322/271 2256/319/270 2287/348/301 2288/351/302
f 2271/323/285 2270/321/284 2301/350/315 2302/352/316
f 2258/324/272 2257/322/271 2288/351/302 2289/353/303
f 2272/325/286 2271/323/285 2302/352/316 2303/354/317
f 2259/326/273 2258/324/272 2289/353/303 2290/355/304
f 2273/327/287 2272/325/286 2303/354/317 2304/356/318
f 2260/328/274 2259/326/273 2290/355/304 2291/357/305
f 2274/296/288 2273/327/287 2304/356/318 2305/358/319
f 2261/298/275 2260/328/274 2291/357/305 2292/359/306
f 2275/297/289 2274/296/288 2305/358/319 2306/360/320
f 2262/299/276 2261/298/275 2292/359/306 2293/361/307
f 2276/300/290 2275/297/289 2306/360/320 2307/329/321
f 2263/301/277 2262/299/276 2293/361/307 2294/331/308
f 2310/337/324 2309/333/323 2340/362/354 2341/363/355
f 2297/338/311 2296/334/310 2327/364/341 2328/365/342
f 2284/339/298 2283/336/297 2314/366/328 2315/367/329
f 2311/340/325 2310/337/324 2341/363/355 2342/368/356
f 2298/341/312 2297/338/311 2328/365/342 2329/369/343
f 2285/342/299 2284/339/298 2315/367/329 2316/370/330
f 2312/343/326 2311/340/325 2342/368/356 2343/371/357
f 2299/344/313 2298/341/312 2329/369/343 2330/372/344
f 2286/345/300 2285/342/299 2316/370/330 2317/373/331
f 2313/346/327 2312/343/326 2343/371/357 2344/374/358
f 2300/347/314 2299/344/313 2330/372/344 2331/375/345
f 2287/348/301 2286/345/300 2317/373/331 2318/376/332
f 2965/377/979 2313/346/327 2344/374/358
f 2301/350/315 2300/347/314 2331/375/345 2332/378/346
f 2288/351/302 2287/348/301 2318/376/332 2319/379/333
f 2302/352/316 2301/350/315 2332/378/346 2333/380/347
f 2289/353/303 2288/351/302 2319/379/333 2320/381/334
f 2303/354/317 2302/352/316 2333/380/347 2334/382/348
f 2290/355/304 2289/353/303 2320/381/334 2321/383/335
f 2304/356/318 2303/354/317 2334/382/348 2335/384/349
f 2291/357/305 2290/355/304 2321/383/335 2322/385/336
f 2305/358/319 2304/356/318 2335/384/349 2336/386/350
f 2292/359/306 2291/357/305 2322/385/336 2323/387/337
f 2306/360/320 2305/358/319 2336/386/350 2337/388/351
f 2293/361/307 2292/359/306 2323/387/337 2324/389/338
f 2307/329/321 2306/360/320 2337/388/351 2338/390/352
f 2294/331/308 2293/361/307 2324/389/338 2325/391/339
f 2308/330/322 2307/329/321 2338/390/352 2339/392/353
f 2295/332/309 2294/331/308 2325/391/339 2326/393/340
f 2309/333/323 2308/330/322 2339/392/353 2340/362/354
f 2296/334/310 2295/332/309 2326/393/340 2327/364/341
f 2283/336/297 3431/394/1445 2314/366/328
f 2343/371/357 2342/368/356 2373/395/387 2374/396/388
f 2330/372/344 2329/369/343 2360/397/374 2361/398/375
f 2317/373/331 2316/370/330 2347/399/361 2348/400/362
f 2344/374/358 2343/371/357 2374/396/388 2375/401/389
f 2331/375/345 2330/372/344 2361/398/375 2362/402/376
f 2318/376/332 2317/373/331 2348/400/362 2349/403/363
f 2965/404/979 2344/374/358 2375/401/389
f 2332/378/346 2331/375/345 2362/402/376 2363/405/377
f 2319/379/333 2318/376/332 2349/403/363 2350/406/364
f 2333/380/347 2332/378/346 2363/405/377 2364/407/378
f 2320/381/334 2319/379/333 2350/406/364 2351/408/365
f 2334/382/348 2333/380/347 2364/407/378 2365/409/379
f 2321/383/335 2320/381/334 2351/408/365 2352/410/366
f 2335/384/349 2334/382/348 2365/409/379 2366/411/380
f 2322/385/336 2321/383/335 2352/410/366 2353/412/367
f 2336/386/350 2335/384/349 2366/411/380 2367/413/381
f 2323/387/337 2322/385/336 2353/412/367 2354/414/368
f 2337/388/351 2336/386/350 2367/413/381 2368/415/382
f 2324/389/338 2323/387/337 2354/414/368 2355/416/369
f 2338/390/352 2337/388/351 2368/415/382 2369/417/383
f 2325/391/339 2324/389/338 2355/416/369 2356/418/370
f 2339/392/353 2338/390/352 2369/417/383 2370/419/384
f 2326/393/340 2325/391/339 2356/418/370 2357/420/371
f 2340/362/354 2339/392/353 2370/419/384 2371/421/385
f 2327/364/341 2326/393/340 2357/420/371 2358/422/372
f 2314/366/328 3431/423/1445 2345/424/359
f 2341/363/355 2340/362/354 2371/421/385 2372/425/386
f 2328/365/342 2327/364/341 2358/422/372 2359/426/373
f 2315/367/329 2314/366/328 2345/424/359 2346/427/360
f 2342/368/356 2341/363/355 2372/425/386 2373/395/387
f 2329/369/343 2328/365/342 2359/426/373 2360/397/374
f 2316/370/330 2315/367/329 2346/427/360 2347/399/361
f 2965/428/979 2375/401/389 2406/429/420
f 2363/405/377 2362/402/376 2393/430/407 2394/431/408
f 2350/406/364 2349/403/363 2380/432/394 2381/433/395
f 2364/407/378 2363/405/377 2394/431/408 2395/434/409
f 2351/408/365 2350/406/364 2381/433/395 2382/435/396
f 2365/409/379 2364/407/378 2395/434/409 2396/436/410
f 2352/410/366 2351/408/365 2382/435/396 2383/437/397
f 2366/411/380 2365/409/379 2396/436/410 2397/438/411
f 2353/412/367 2352/410/366 2383/437/397 2384/439/398
f 2367/413/381 2366/411/380 2397/438/411 2398/440/412
f 2354/414/368 2353/412/367 2384/439/398 2385/441/399
f 2368/415/382 2367/413/381 2398/440/412 2399/442/413
f 2355/416/369 2354/414/368 2385/441/399 2386/443/400
f 2369/417/383 2368/415/382 2399/442/413 2400/444/414
f 2356/418/370 2355/416/369 2386/443/400 2387/445/401
f 2370/419/384 2369/417/383 2400/444/414 2401/446/415
f 2357/420/371 2356/418/370 2387/445/401 2388/447/402
f 2371/421/385 2370/419/384 2401/446/415 2402/448/416
f 2358/422/372 2357/420/371 2388/447/402 2389/449/403
f 2345/424/359 3431/450/1445 2376/451/390
f 2372/425/386 2371/421/385 2402/448/416 2403/452/417
f 2359/426/373 2358/422/372 2389/449/403 2390/453/404
f 2346/427/360 2345/424/359 2376/451/390 2377/454/391
f 2373/395/387 2372/425/386 2403/452/417 2404/455/418
f 2360/397/374 2359/426/373 2390/453/404 2391/456/405
f 2347/399/361 2346/427/360 2377/454/391 2378/457/392
f 2374/396/388 2373/395/387 2404/455/418 2405/458/419
f 2361/398/375 2360/397/374 2391/456/405 2392/459/406
f 2348/400/362 2347/399/361 2378/457/392 2379/460/393
f 2375/401/389 2374/396/388 2405/458/419 2406/429/420
f 2362/402/376 2361/398/375 2392/459/406 2393/430/407
f 2349/403/363 2348/400/362 2379/460/393 2380/432/394
f 2396/436/410 2395/434/409 2426/461/440 2427/462/441
f 2383/437/397 2382/435/396 2413/463/427 2414/464/428
f 2397/438/411 2396/436/410 2427/462/441 2428/465/442
f 2384/439/398 2383/437/397 2414/464/428 2415/466/429
f 2398/440/412 2397/438/411 2428/465/442 2429/467/443
f 2385/441/399 2384/439/398 2415/466/429 2416/468/430
f 2399/442/413 2398/440/412 2429/467/443 2430/469/444
f 2386/443/400 2385/441/399 2416/468/430 2417/470/431
f 2400/444/414 2399/442/413 2430/469/444 2431/471/445
f 2387/445/401 2386/443/400 2417/470/431 2418/472/432
f 2401/446/415 2400/444/414 2431/471/445 2432/473/446
f 2388/447/402 2387/445/401 2418/472/432 2419/474/433
f 2402/448/416 2401/446/415 2432/473/446 2433/475/447
f 2389/449/403 2388/447/402 2419/474/433 2420/476/434
f 2376/451/390 3431/477/1445 2407/478/421
f 2403/452/417 2402/448/416 2433/475/447 2434/479/448
f 2390/453/404 2389/449/403 2420/476/434 2421/480/435
f 2377/454/391 2376/451/390 2407/478/421 2408/481/422
f 2404/455/418 2403/452/417 2434/479/448 2435/482/449
f 2391/456/405 2390/453/404 2421/480/435 2422/483/436
f 2378/457/392 2377/454/391 2408/481/422 2409/484/423
f 2405/458/419 2404/455/418 2435/482/449 2436/485/450
f 2392/459/406 2391/456/405 2422/483/436 2423/486/437
f 2379/460/393 2378/457/392 2409/484/423 2410/487/424
f 2406/429/420 2405/458/419 2436/485/450 2437/488/451
f 2393/430/407 2392/459/406 2423/486/437 2424/489/438
f 2380/432/394 2379/460/393 2410/487/424 2411/490/425
f 2965/491/979 2406/429/420 2437/488/451
f 2394/431/408 2393/430/407 2424/489/438 2425/492/439
f 2381/433/395 2380/432/394 2411/490/425 2412/493/426
f 2395/434/409 2394/431/408 2425/492/439 2426/461/440
f 2382/435/396 2381/433/395 2412/493/426 2413/463/427
f 2429/467/443 2428/465/442 2459/494/473 2460/495/474
f 2416/468/430 2415/466/429 2446/496/460 2447/497/461
f 2430/469/444 2429/467/443 2460/495/474 2461/498/475
f 2417/470/431 2416/468/430 2447/497/461 2448/499/462
f 2431/471/445 2430/469/444 2461/498/475 2462/500/476
f 2418/472/432 2417/470/431 2448/499/462 2449/501/463
f 2432/473/446 2431/471/445 2462/500/476 2463/502/477
f 2419/474/433 2418/472/432 2449/501/463 2450/503/464
f 2433/475/447 2432/473/446 2463/502/477 2464/504/478
f 2420/476/434 2419/474/433 2450/503/464 2451/505/465
f 2407/478/421 3431/506/1445 2438/507/452
f 2434/479/448 2433/475/447 2464/504/478 2465/508/479
f 2421/480/435 2420/476/434 2451/505/465 2452/509/466
f 2408/481/422 2407/478/421 2438/507/452 2439/510/453
f 2435/482/449 2434/479/448 2465/508/479 2466/511/480
f 2422/483/436 2421/480/435 2452/509/466 2453/512/467
f 2409/484/423 2408/481/422 2439/510/453 2440/513/454
f 2436/485/450 2435/482/449 2466/511/480 2467/514/481
f 2423/486/437 2422/483/436 2453/512/467 2454/515/468
f 2410/487/424 2409/484/423 2440/513/454 2441/516/455
f 2437/488/451 2436/485/450 2467/514/481 2468/517/482
f 2424/489/438 2423/486/437 2454/515/468 2455/518/469
f 2411/490/425 2410/487/424 2441/516/455 2442/519/456
f 2965/520/979 2437/488/451 2468/517/482
f 2425/492/439 2424/489/438 2455/518/469 2456/521/470
f 2412/493/426 2411/490/425 2442/519/456 2443/522/457
f 2426/461/440 2425/492/439 2456/521/470 2457/523/471
f 2413/463/427 2412/493/426 2443/522/457 2444/524/458
f 2427/462/441 2426/461/440 2457/523/471 2458/525/472
f 2414/464/428 2413/463/427 2444/524/458 2445/526/459
f 2428/465/442 2427/462/441 2458/525/472 2459/494/473
f 2415/466/429 2414/464/428 2445/526/459 2446/496/460
f 2462/500/476 2461/498/475 2492/527/506 2493/528/507
f 2449/501/463 2448/499/462 2479/529/493 2480/530/494
f 2463/502/477 2462/500/476 2493/528/507 2494/531/508
f 2450/503/464 2449/501/463 2480/530/494 2481/532/495
f 2464/504/478 2463/502/477 2494/531/508 2495/533/509
f 2451/505/465 2450/503/464 2481/532/495 2482/534/496
f 2438/507/452 3431/535/1445 2469/536/483
f 2465/508/479 2464/504/478 2495/533/509 2496/537/510
f 2452/509/466 2451/505/465 2482/534/496 2483/538/497
f 2439/510/453 2438/507/452 2469/536/483 2470/539/484
f 2466/511/480 2465/508/479 2496/537/510 2497/540/511
f 2453/512/467 2452/509/466 2483/538/497 2484/541/498
f 2440/513/454 2439/510/453 2470/539/484 2471/542/485
f 2467/514/481 2466/511/480 2497/540/511 2498/543/512
f 2454/515/468 2453/512/467 2484/541/498 2485/544/499
f 2441/516/455 2440/513/454 2471/542/485 2472/545/486
f 2468/517/482 2467/514/481 2498/543/512 2499/546/513
f 2455/518/469 2454/515/468 2485/544/499 2486/547/500
f 2442/519/456 2441/516/455 2472/545/486 2473/548/487
f 2965/549/979 2468/517/482 2499/546/513
f 2456/521/470 2455/518/469 2486/547/500 2487/550/501
f 2443/522/457 2442/519/456 2473/548/487 2474/551/488
f 2457/523/471 2456/521/470 2487/550/501 2488/552/502
f 2444/524/458 2443/522/457 2474/551/488 2475/553/489
f 2458/525/472 2457/523/471 2488/552/502 2489/554/503
f 2445/526/459 2444/524/458 2475/553/489 2476/555/490
f 2459/494/473 2458/525/472 2489/554/503 2490/556/504
f 2446/496/460 2445/526/459 2476/555/490 2477/557/491
f 2460/495/474 2459/494/473 2490/556/504 2491/558/505
f 2447/497/461 2446/496/460 2477/557/491 2478/559/492
f 2461/498/475 2460/495/474 2491/558/505 2492/527/506
f 2448/499/462 2447/497/461 2478/559/492 2479/529/493
f 2495/533/509 2494/531/508 2525/560/539 2526/561/540
f 2482/534/496 2481/532/495 2512/562/526 2513/563/527
f 2469/536/483 3431/564/1445 2500/565/514
f 2496/537/510 2495/533/509 2526/561/540 2527/566/541
f 2483/538/497 2482/534/496 2513/563/527 2514/567/528
f 2470/539/484 2469/536/483 2500/565/514 2501/568/515
f 2497/540/511 2496/537/510 2527/566/541 2528/569/542
f 2484/541/498 2483/538/497 2514/567/528 2515/570/529
f 2471/542/485 2470/539/484 2501/568/515 2502/571/516
f 2498/543/512 2497/540/511 2528/569/542 2529/572/543
f 2485/544/499 2484/541/498 2515/570/529 2516/573/530
f 2472/545/486 2471/542/485 2502/571/516 2503/574/517
f 2499/546/513 2498/543/512 2529/572/543 2530/575/544
f 2486/547/500 2485/544/499 2516/573/530 2517/576/531
f 2473/548/487 2472/545/486 2503/574/517 2504/577/518
f 2965/578/979 2499/546/513 2530/575/544
f 2487/550/501 2486/547/500 2517/576/531 2518/579/532
f 2474/551/488 2473/548/487 2504/577/518 2505/580/519
f 2488/552/502 2487/550/501 2518/579/532 2519/581/533
f 2475/553/489 2474/551/488 2505/580/519 2506/582/520
f 2489/554/503 2488/552/502 2519/581/533 2520/583/534
f 2476/555/490 2475/553/489 2506/582/520 2507/584/521
f 2490/556/504 2489/554/503 2520/583/534 2521/585/535
f 2477/557/491 2476/555/490 2507/584/521 2508/586/522
f 2491/558/505 2490/556/504 2521/585/535 2522/587/536
f 2478/559/492 2477/557/491 2508/586/522 2509/588/523
f 2492/527/506 2491/558/505 2522/587/536 2523/589/537
f 2479/529/493 2478/559/492 2509/588/523 2510/590/524
f 2493/528/507 2492/527/506 2523/589/537 2524/591/538
f 2480/530/494 2479/529/493 2510/590/524 2511/592/525
f 2494/531/508 2493/528/507 2524/591/538 2525/560/539
f 2481/532/495 2480/530/494 2511/592/525 2512/562/526
f 2501/568/515 2500/565/514 2531/593/545 2532/594/546
f 2528/569/542 2527/566/541 2558/595/572 2559/596/573
f 2515/570/529 2514/567/528 2545/597/559 2546/598/560
f 2502/571/516 2501/568/515 2532/594/546 2533/599/547
f 2529/572/543 2528/569/542 2559/596/573 2560/600/574
f 2516/573/530 2515/570/529 2546/598/560 2547/601/561
f 2503/574/517 2502/571/516 2533/599/547 2534/602/548
f 2530/575/544 2529/572/543 2560/600/574 2561/603/575
f 2517/576/531 2516/573/530 2547/601/561 2548/604/562
f 2504/577/518 2503/574/517 2534/602/548 2535/605/549
f 2965/606/979 2530/575/544 2561/603/575
f 2518/579/532 2517/576/531 2548/604/562 2549/607/563
f 2505/580/519 2504/577/518 2535/605/549 2536/608/550
f 2519/581/533 2518/579/532 2549/607/563 2550/609/564
f 2506/582/520 2505/580/519 2536/608/550 2537/610/551
f 2520/583/534 2519/581/533 2550/609/564 2551/611/565
f 2507/584/521 2506/582/520 2537/610/551 2538/612/552
f 2521/585/535 2520/583/534 2551/611/565 2552/613/566
f 2508/586/522 2507/584/521 2538/612/552 2539/614/553
f 2522/587/536 2521/585/535 2552/613/566 2553/615/567
f 2509/588/523 2508/586/522 2539/614/553 2540/616/554
f 2523/589/537 2522/587/536 2553/615/567 2554/617/568
f 2510/590/524 2509/588/523 2540/616/554 2541/618/555
f 2524/591/538 2523/589/537 2554/617/568 2555/619/569
f 2511/592/525 2510/590/524 2541/618/555 2542/620/556
f 2525/560/539 2524/591/538 2555/619/569 2556/621/570
f 2512/562/526 2511/592/525 2542/620/556 2543/622/557
f 2526/561/540 2525/560/539 2556/621/570 2557/623/571
f 2513/563/527 2512/562/526 2543/622/557 2544/624/558
f 2500/565/514 3431/625/1445 2531/593/545
f 2527/566/541 2526/561/540 2557/623/571 2558/595/572
f 2514/567/528 2513/563/527 2544/624/558 2545/597/559
f 2534/602/548 2533/599/547 2564/626/578 2565/627/579
f 2561/603/575 2560/600/574 2591/628/605 2592/629/606
f 2548/604/562 2547/601/561 2578/630/592 2579/631/593
f 2535/605/549 2534/602/548 2565/627/579 2566/632/580
f 2965/633/979 2561/603/575 2592/629/606
f 2549/607/563 2548/604/562 2579/631/593 2580/634/594
f 2536/608/550 2535/605/549 2566/632/580 2567/635/581
f 2550/609/564 2549/607/563 2580/634/594 2581/636/595
f 2537/610/551 2536/608/550 2567/635/581 2568/637/582
f 2551/611/565 2550/609/564 2581/636/595 2582/638/596
f 2538/612/552 2537/610/551 2568/637/582 2569/639/583
f 2552/613/566 2551/611/565 2582/638/596 2583/640/597
f 2539/614/553 2538/612/552 2569/639/583 2570/641/584
f 2553/615/567 2552/613/566 2583/640/597 2584/642/598
f 2540/616/554 2539/614/553 2570/641/584 2571/643/585
f 2554/617/568 2553/615/567 2584/642/598 2585/644/599
f 2541/618/555 2540/616/554 2571/643/585 2572/645/586
f 2555/619/569 2554/617/568 2585/644/599 2586/646/600
f 2542/620/556 2541/618/555 2572/645/586 2573/647/587
f 2556/621/570 2555/619/569 2586/646/600 2587/648/601
f 2543/622/557 2542/620/556 2573/647/587 2574/649/588
f 2557/623/571 2556/621/570 2587/648/601 2588/650/602
f 2544/624/558 2543/622/557 2574/649/588 2575/651/589
f 2531/593/545 3431/652/1445 2562/653/1988
f 2558/595/572 2557/623/571 2588/650/602 2589/654/603
f 2545/597/559 2544/624/558 2575/651/589 2576/655/590
f 2532/594/546 2531/593/545 2562/653/1988 2563/656/577
f 2559/596/573 2558/595/572 2589/654/603 2590/657/604
f 2546/598/560 2545/597/559 2576/655/590 2577/658/591
f 2533/599/547 2532/594/546 2563/656/577 2564/626/578
f 2560/600/574 2559/596/573 2590/657/604 2591/628/605
f 2547/601/561 2546/598/560 2577/658/591 2578/630/592
f 2567/635/581 2566/632/580 2597/659/611 2598/660/612
f 2581/636/595 2580/634/594 2611/661/625 2612/662/626
f 2568/637/582 2567/635/581 2598/660/612 2599/663/613
f 2582/638/596 2581/636/595 2612/662/626 2613/664/627
f 2569/639/583 2568/637/582 2599/663/613 2600/665/614
f 2583/640/597 2582/638/596 2613/664/627 2614/666/628
f 2570/641/584 2569/639/583 2600/665/614 2601/667/615
f 2584/642/598 2583/640/597 2614/666/628 2615/668/629
f 2571/643/585 2570/641/584 2601/667/615 2602/669/616
f 2585/644/599 2584/642/598 2615/668/629 2616/670/630
f 2572/645/586 2571/643/585 2602/669/616 2603/671/617
f 2586/646/600 2585/644/599 2616/670/630 2617/672/631
f 2573/647/587 2572/645/586 2603/671/617 2604/673/618
f 2587/648/601 2586/646/600 2617/672/631 2618/674/632
f 2574/649/588 2573/647/587 2604/673/618 2605/675/619
f 2588/650/602 2587/648/601 2618/674/632 2619/676/633
f 2575/651/589 2574/649/588 2605/675/619 2606/677/620
f 2562/653/1988 3431/678/1445 2593/679/607
f 2589/654/603 2588/650/602 2619/676/633 2620/680/634
f 2576/655/590 2575/651/589 2606/677/620 2607/681/621
f 2563/656/577 2562/653/1988 2593/679/607 2594/682/608
f 2590/657/604 2589/654/603 2620/680/634 2621/683/635
f 2577/658/591 2576/655/590 2607/681/621 2608/684/622
f 2564/626/578 2563/656/577 2594/682/608 2595/685/609
f 2591/628/605 2590/657/604 2621/683/635 2622/686/636
f 2578/630/592 2577/658/591 2608/684/622 2609/687/623
f 2565/627/579 2564/626/578 2595/685/609 2596/688/610
f 2592/629/606 2591/628/605 2622/686/636 2623/689/637
f 2579/631/593 2578/630/592 2609/687/623 2610/690/624
f 2566/632/580 2565/627/579 2596/688/610 2597/659/611
f 2965/691/979 2592/629/606 2623/689/637
f 2580/634/594 2579/631/593 2610/690/624 2611/661/625
f 2600/665/614 2599/663/613 2630/692/644 2631/693/645
f 2614/666/628 2613/664/627 2644/694/658 2645/695/659
f 2601/667/615 2600/665/614 2631/693/645 2632/696/646
f 2615/668/629 2614/666/628 2645/695/659 2646/697/660
f 2602/669/616 2601/667/615 2632/696/646 2633/698/647
f 2616/670/630 2615/668/629 2646/697/660 2647/699/661
f 2603/671/617 2602/669/616 2633/698/647 2634/700/648
f 2617/672/631 2616/670/630 2647/699/661 2648/701/662
f 2604/673/618 2603/671/617 2634/700/648 2635/702/649
f 2618/674/632 2617/672/631 2648/701/662 2649/703/663
f 2605/675/619 2604/673/618 2635/702/649 2636/704/650
f 2619/676/633 2618/674/632 2649/703/663 2650/705/664
f 2606/677/620 2605/675/619 2636/704/650 2637/706/651
f 2593/679/607 3431/707/1445 2624/708/638
f 2620/680/634 2619/676/633 2650/705/664 2651/709/665
f 2607/681/621 2606/677/620 2637/706/651 2638/710/652
f 2594/682/608 2593/679/607 2624/708/638 2625/711/639
f 2621/683/635 2620/680/634 2651/709/665 2652/712/666
f 2608/684/622 2607/681/621 2638/710/652 2639/713/653
f 2595/685/609 2594/682/608 2625/711/639 2626/714/640
f 2622/686/636 2621/683/635 2652/712/666 2653/715/667
f 2609/687/623 2608/684/622 2639/713/653 2640/716/654
f 2596/688/610 2595/685/609 2626/714/640 2627/717/641
f 2623/689/637 2622/686/636 2653/715/667 2654/718/668
f 2610/690/624 2609/687/623 2640/716/654 2641/719/655
f 2597/659/611 2596/688/610 2627/717/641 2628/720/642
f 2965/721/979 2623/689/637 2654/718/668
f 2611/661/625 2610/690/624 2641/719/655 2642/722/656
f 2598/660/612 2597/659/611 2628/720/642 2629/723/643
f 2612/662/626 2611/661/625 2642/722/656 2643/724/657
f 2599/663/613 2598/660/612 2629/723/643 2630/692/644
f 2613/664/627 2612/662/626 2643/724/657 2644/694/658
f 2633/698/647 2632/696/646 2663/725/677 2664/726/678
f 2647/699/661 2646/697/660 2677/727/691 2678/728/692
f 2634/700/648 2633/698/647 2664/726/678 2665/729/679
f 2648/701/662 2647/699/661 2678/728/692 2679/730/693
f 2635/702/649 2634/700/648 2665/729/679 2666/731/680
f 2649/703/663 2648/701/662 2679/730/693 2680/732/694
f 2636/704/650 2635/702/649 2666/731/680 2667/733/681
f 2650/705/664 2649/703/663 2680/732/694 2681/734/695
f 2637/706/651 2636/704/650 2667/733/681 2668/735/682
f 2624/708/638 3431/736/1445 2655/737/669
f 2651/709/665 2650/705/664 2681/734/695 2682/738/696
f 2638/710/652 2637/706/651 2668/735/682 2669/739/683
f 2625/711/639 2624/708/638 2655/737/669 2656/740/670
f 2652/712/666 2651/709/665 2682/738/696 2683/741/697
f 2639/713/653 2638/710/652 2669/739/683 2670/742/684
f 2626/714/640 2625/711/639 2656/740/670 2657/743/671
f 2653/715/667 2652/712/666 2683/741/697 2684/744/698
f 2640/716/654 2639/713/653 2670/742/684 2671/745/685
f 2627/717/641 2626/714/640 2657/743/671 2658/746/672
f 2654/718/668 2653/715/667 2684/744/698 2685/747/699
f 2641/719/655 2640/716/654 2671/745/685 2672/748/686
f 2628/720/642 2627/717/641 2658/746/672 2659/749/673
f 2965/750/979 2654/718/668 2685/747/699
f 2642/722/656 2641/719/655 2672/748/686 2673/751/687
f 2629/723/643 2628/720/642 2659/749/673 2660/752/674
f 2643/724/657 2642/722/656 2673/751/687 2674/753/688
f 2630/692/644 2629/723/643 2660/752/674 2661/754/675
f 2644/694/658 2643/724/657 2674/753/688 2675/755/689
f 2631/693/645 2630/692/644 2661/754/675 2662/756/676
f 2645/695/659 2644/694/658 2675/755/689 2676/757/690
f 2632/696/646 2631/693/645 2662/756/676 2663/725/677
f 2646/697/660 2645/695/659 2676/757/690 2677/727/691
f 2666/731/680 2665/729/679 2696/758/710 2697/759/711
f 2680/732/694 2679/730/693 2710/760/724 2711/761/725
f 2667/733/681 2666/731/680 2697/759/711 2698/762/712
f 2681/734/695 2680/732/694 2711/761/725 2712/763/726
f 2668/735/682 2667/733/681 2698/762/712 2699/764/713
f 2655/737/669 3431/765/1445 2686/766/700
f 2682/738/696 2681/734/695 2712/763/726 2713/767/727
f 2669/739/683 2668/735/682 2699/764/713 2700/768/714
f 2656/740/670 2655/737/669 2686/766/700 2687/769/701
f 2683/741/697 2682/738/696 2713/767/727 2714/770/728
f 2670/742/684 2669/739/683 2700/768/714 2701/771/715
f 2657/743/671 2656/740/670 2687/769/701 2688/772/702
f 2684/744/698 2683/741/697 2714/770/728 2715/773/729
f 2671/745/685 2670/742/684 2701/771/715 2702/774/716
f 2658/746/672 2657/743/671 2688/772/702 2689/775/703
f 2685/747/699 2684/744/698 2715/773/729 2716/776/730
f 2672/748/686 2671/745/685 2702/774/716 2703/777/717
f 2659/749/673 2658/746/672 2689/775/703 2690/778/704
f 2965/779/979 2685/747/699 2716/776/730
f 2673/751/687 2672/748/686 2703/777/717 2704/780/718
f 2660/752/674 2659/749/673 2690/778/704 2691/781/705
f 2674/753/688 2673/751/687 2704/780/718 2705/782/719
f 2661/754/675 2660/752/674 2691/781/705 2692/783/706
f 2675/755/689 2674/753/688 2705/782/719 2706/784/720
f 2662/756/676 2661/754/675 2692/783/706 2693/785/707
f 2676/757/690 2675/755/689 2706/784/720 2707/786/721
f 2663/725/677 2662/756/676 2693/785/707 2694/787/708
f 2677/727/691 2676/757/690 2707/786/721 2708/788/722
f 2664/726/678 2663/725/677 2694/787/708 2695/789/709
f 2678/728/692 2677/727/691 2708/788/722 2709/790/723
f 2665/729/679 2664/726/678 2695/789/709 2696/758/710
f 2679/730/693 2678/728/692 2709/790/723 2710/760/724
f 2699/764/713 2698/762/712 2729/791/1989 2730/792/744
f 2686/766/700 3431/793/1445 2717/794/731
f 2713/767/727 2712/763/726 2743/795/757 2744/796/758
f 2700/768/714 2699/764/713 2730/792/744 2731/797/745
f 2687/769/701 2686/766/700 2717/794/731 2718/798/732
f 2714/770/728 2713/767/727 2744/796/758 2745/799/759
f 2701/771/715 2700/768/714 2731/797/745 2732/800/746
f 2688/772/702 2687/769/701 2718/798/732 2719/801/733
f 2715/773/729 2714/770/728 2745/799/759 2746/802/760
f 2702/774/716 2701/771/715 2732/800/746 2733/803/747
f 2689/775/703 2688/772/702 2719/801/733 2720/804/734
f 2716/776/730 2715/773/729 2746/802/760 2747/805/761
f 2703/777/717 2702/774/716 2733/803/747 2734/806/748
f 2690/778/704 2689/775/703 2720/804/734 2721/807/735
f 2965/808/979 2716/776/730 2747/805/761
f 2704/780/718 2703/777/717 2734/806/748 2735/809/749
f 2691/781/705 2690/778/704 2721/807/735 2722/810/736
f 2705/782/719 2704/780/718 2735/809/749 2736/811/750
f 2692/783/706 2691/781/705 2722/810/736 2723/812/737
f 2706/784/720 2705/782/719 2736/811/750 2737/813/751
f 2693/785/707 2692/783/706 2723/812/737 2724/814/738
f 2707/786/721 2706/784/720 2737/813/751 2738/815/752
f 2694/787/708 2693/785/707 2724/814/738 2725/816/739
f 2708/788/722 2707/786/721 2738/815/752 2739/817/753
f 2695/789/709 2694/787/708 2725/816/739 2726/818/740
f 2709/790/723 2708/788/722 2739/817/753 2740/819/754
f 2696/758/710 2695/789/709 2726/818/740 2727/820/741
f 2710/760/724 2709/790/723 2740/819/754 2741/821/755
f 2697/759/711 2696/758/710 2727/820/741 2728/822/742
f 2711/761/725 2710/760/724 2741/821/755 2742/823/756
f 2698/762/712 2697/759/711 2728/822/742 2729/791/1989
f 2712/763/726 2711/761/725 2742/823/756 2743/795/757
f 2732/800/746 2731/797/745 2762/824/776 2763/825/777
f 2719/801/733 2718/798/732 2749/826/763 2750/827/764
f 2746/802/760 2745/799/759 2776/828/790 2777/829/791
f 2733/803/747 2732/800/746 2763/825/777 2764/830/778
f 2720/804/734 2719/801/733 2750/827/764 2751/831/765
f 2747/805/761 2746/802/760 2777/829/791 2778/832/792
f 2734/806/748 2733/803/747 2764/830/778 2765/833/779
f 2721/807/735 2720/804/734 2751/831/765 2752/834/766
f 2965/835/979 2747/805/761 2778/832/792
f 2735/809/749 2734/806/748 2765/833/779 2766/836/780
f 2722/810/736 2721/807/735 2752/834/766 2753/837/767
f 2736/811/750 2735/809/749 2766/836/780 2767/838/781
f 2723/812/737 2722/810/736 2753/837/767 2754/839/768
f 2737/813/751 2736/811/750 2767/838/781 2768/840/782
f 2724/814/738 2723/812/737 2754/839/768 2755/841/769
f 2738/815/752 2737/813/751 2768/840/782 2769/842/783
f 2725/816/739 2724/814/738 2755/841/769 2756/843/770
f 2739/817/753 2738/815/752 2769/842/783 2770/844/784
f 2726/818/740 2725/816/739 2756/843/770 2757/845/771
f 2740/819/754 2739/817/753 2770/844/784 2771/846/785
f 2727/820/741 2726/818/740 2757/845/771 2758/847/772
f 2741/821/755 2740/819/754 2771/846/785 2772/848/786
f 2728/822/742 2727/820/741 2758/847/772 2759/849/773
f 2742/823/756 2741/821/755 2772/848/786 2773/850/787
f 2729/791/1989 2728/822/742 2759/849/773 2760/851/774
f 2743/795/757 2742/823/756 2773/850/787 2774/852/788
f 2730/792/744 2729/791/1989 2760/851/774 2761/853/775
f 2717/794/731 3431/854/1445 2748/855/762
f 2744/796/758 2743/795/757 2774/852/788 2775/856/789
f 2731/797/745 2730/792/744 2761/853/775 2762/824/776
f 2718/798/732 2717/794/731 2748/855/762 2749/826/763
f 2745/799/759 2744/796/758 2775/856/789 2776/828/790
f 2765/833/779 2764/830/778 2795/857/809 2796/858/810
f 2752/834/766 2751/831/765 2782/859/796 2783/860/797
f 2965/861/979 2778/832/792 2809/862/823
f 2766/836/780 2765/833/779 2796/858/810 2797/863/811
f 2753/837/767 2752/834/766 2783/860/797 2784/864/798
f 2767/838/781 2766/836/780 2797/863/811 2798/865/812
f 2754/839/768 2753/837/767 2784/864/798 2785/866/799
f 2768/840/782 2767/838/781 2798/865/812 2799/867/813
f 2755/841/769 2754/839/768 2785/866/799 2786/868/800
f 2769/842/783 2768/840/782 2799/867/813 2800/869/814
f 2756/843/770 2755/841/769 2786/868/800 2787/870/801
f 2770/844/784 2769/842/783 2800/869/814 2801/871/815
f 2757/845/771 2756/843/770 2787/870/801 2788/872/802
f 2771/846/785 2770/844/784 2801/871/815 2802/873/816
f 2758/847/772 2757/845/771 2788/872/802 2789/874/803
f 2772/848/786 2771/846/785 2802/873/816 2803/875/817
f 2759/849/773 2758/847/772 2789/874/803 2790/876/804
f 2773/850/787 2772/848/786 2803/875/817 2804/877/818
f 2760/851/774 2759/849/773 2790/876/804 2791/878/805
f 2774/852/788 2773/850/787 2804/877/818 2805/879/819
f 2761/853/775 2760/851/774 2791/878/805 2792/880/806
f 2748/855/762 3431/881/1445 2779/882/793
f 2775/856/789 2774/852/788 2805/879/819 2806/883/820
f 2762/824/776 2761/853/775 2792/880/806 2793/884/807
f 2749/826/763 2748/855/762 2779/882/793 2780/885/794
f 2776/828/790 2775/856/789 2806/883/820 2807/886/821
f 2763/825/777 2762/824/776 2793/884/807 2794/887/808
f 2750/827/764 2749/826/763 2780/885/794 2781/888/795
f 2777/829/791 2776/828/790 2807/886/821 2808/889/822
f 2764/830/778 2763/825/777 2794/887/808 2795/857/809
f 2751/831/765 2750/827/764 2781/888/795 2782/859/796
f 2778/832/792 2777/829/791 2808/889/822 2809/862/823
f 2790/876/804 2789/874/803 2820/890/834 2821/891/835
f 2804/877/818 2803/875/817 2834/892/848 2835/893/849
f 2791/878/805 2790/876/804 2821/891/835 2822/894/836
f 2805/879/819 2804/877/818 2835/893/849 2836/895/850
f 2792/880/806 2791/878/805 2822/894/836 2823/896/837
f 2779/882/793 3431/897/1445 2810/898/824
f 2806/883/820 2805/879/819 2836/895/850 2837/899/851
f 2793/884/807 2792/880/806 2823/896/837 2824/900/838
f 2780/885/794 2779/882/793 2810/898/824 2811/901/825
f 2807/886/821 2806/883/820 2837/899/851 2838/902/852
f 2794/887/808 2793/884/807 2824/900/838 2825/903/839
f 2781/888/795 2780/885/794 2811/901/825 2812/904/826
f 2808/889/822 2807/886/821 2838/902/852 2839/905/853
f 2795/857/809 2794/887/808 2825/903/839 2826/906/840
f 2782/859/796 2781/888/795 2812/904/826 2813/907/827
f 2809/862/823 2808/889/822 2839/905/853 2840/908/854
f 2796/858/810 2795/857/809 2826/906/840 2827/909/841
f 2783/860/797 2782/859/796 2813/907/827 2814/910/828
f 2965/911/979 2809/862/823 2840/908/854
f 2797/863/811 2796/858/810 2827/909/841 2828/912/842
f 2784/864/798 2783/860/797 2814/910/828 2815/913/829
f 2798/865/812 2797/863/811 2828/912/842 2829/914/843
f 2785/866/799 2784/864/798 2815/913/829 2816/915/830
f 2799/867/813 2798/865/812 2829/914/843 2830/916/844
f 2786/868/800 2785/866/799 2816/915/830 2817/917/831
f 2800/869/814 2799/867/813 2830/916/844 2831/918/845
f 2787/870/801 2786/868/800 2817/917/831 2818/919/832
f 2801/871/815 2800/869/814 2831/918/845 2832/920/846
f 2788/872/802 2787/870/801 2818/919/832 2819/921/833
f 2802/873/816 2801/871/815 2832/920/846 2833/922/847
f 2789/874/803 2788/872/802 2819/921/833 2820/890/834
f 2803/875/817 2802/873/816 2833/922/847 2834/892/848
f 2823/896/837 2822/894/836 2853/923/867 2854/924/868
f 2810/898/824 3431/925/1445 2841/926/855
f 2837/899/851 2836/895/850 2867/927/881 2868/928/882
f 2824/900/838 2823/896/837 2854/924/868 2855/929/869
f 2811/901/825 2810/898/824 2841/926/855 2842/930/856
f 2838/902/852 2837/899/851 2868/928/882 2869/931/883
f 2825/903/839 2824/900/838 2855/929/869 2856/932/870
f 2812/904/826 2811/901/825 2842/930/856 2843/933/857
f 2839/905/853 2838/902/852 2869/931/883 2870/934/884
f 2826/906/840 2825/903/839 2856/932/870 2857/935/871
f 2813/907/827 2812/904/826 2843/933/857 2844/936/858
f 2840/908/854 2839/905/853 2870/934/884 2871/937/885
f 2827/909/841 2826/906/840 2857/935/871 2858/938/872
f 2814/910/828 2813/907/827 2844/936/858 2845/939/859
f 2965/940/979 2840/908/854 2871/937/885
f 2828/912/842 2827/909/841 2858/938/872 2859/941/873
f 2815/913/829 2814/910/828 2845/939/859 2846/942/860
f 2829/914/843 2828/912/842 2859/941/873 2860/943/874
f 2816/915/830 2815/913/829 2846/942/860 2847/944/861
f 2830/916/844 2829/914/843 2860/943/874 2861/945/875
f 2817/917/831 2816/915/830 2847/944/861 2848/946/862
f 2831/918/845 2830/916/844 2861/945/875 2862/947/876
f 2818/919/832 2817/917/831 2848/946/862 2849/948/863
f 2832/920/846 2831/918/845 2862/947/876 2863/949/877
f 2819/921/833 2818/919/832 2849/948/863 2850/950/864
f 2833/922/847 2832/920/846 2863/949/877 2864/951/878
f 2820/890/834 2819/921/833 2850/950/864 2851/952/865
f 2834/892/848 2833/922/847 2864/951/878 2865/953/879
f 2821/891/835 2820/890/834 2851/952/865 2852/954/866
f 2835/893/849 2834/892/848 2865/953/879 2866/955/880
f 2822/894/836 2821/891/835 2852/954/866 2853/923/867
f 2836/895/850 2835/893/849 2866/955/880 2867/927/881
f 2856/932/870 2855/929/869 2886/956/900 2887/957/901
f 2843/933/857 2842/930/856 2873/958/887 2874/959/888
f 2870/934/884 2869/931/883 2900/960/914 2901/961/915
f 2857/935/871 2856/932/870 2887/957/901 2888/962/902
f 2844/936/858 2843/933/857 2874/959/888 2875/963/889
f 2871/937/885 2870/934/884 2901/961/915 2902/964/916
f 2858/938/872 2857/935/871 2888/962/902 2889/965/903
f 2845/939/859 2844/936/858 2875/963/889 2876/966/890
f 2965/967/979 2871/937/885 2902/964/916
f 2859/941/873 2858/938/872 2889/965/903 2890/968/904
f 2846/942/860 2845/939/859 2876/966/890 2877/969/891
f 2860/943/874 2859/941/873 2890/968/904 2891/970/905
f 2847/944/861 2846/942/860 2877/969/891 2878/971/892
f 2861/945/875 2860/943/874 2891/970/905 2892/972/906
f 2848/946/862 2847/944/861 2878/971/892 2879/973/893
f 2862/947/876 2861/945/875 2892/972/906 2893/974/907
f 2849/948/863 2848/946/862 2879/973/893 2880/975/894
f 2863/949/877 2862/947/876 2893/974/907 2894/976/908
f 2850/950/864 2849/948/863 2880/975/894 2881/977/895
f 2864/951/878 2863/949/877 2894/976/908 2895/978/909
f 2851/952/865 2850/950/864 2881/977/895 2882/979/896
f 2865/953/879 2864/951/878 2895/978/909 2896/980/910
f 2852/954/866 2851/952/865 2882/979/896 2883/981/897
f 2866/955/880 2865/953/879 2896/980/910 2897/982/911
f 2853/923/867 2852/954/866 2883/981/897 2884/983/898
f 2867/927/881 2866/955/880 2897/982/911 2898/984/912
f 2854/924/868 2853/923/867 2884/983/898 2885/985/899
f 2841/926/855 3431/986/1445 2872/987/886
f 2868/928/882 2867/927/881 2898/984/912 2899/988/913
f 2855/929/869 2854/924/868 2885/985/899 2886/956/900
f 2842/930/856 2841/926/855 2872/987/886 2873/958/887
f 2869/931/883 2868/928/882 2899/988/913 2900/960/914
f 2889/965/903 2888/962/902 2919/989/933 2920/990/934
f 2876/966/890 2875/963/889 2906/991/920 2907/992/921
f 2965/993/979 2902/964/916 2933/994/947
f 2890/968/904 2889/965/903 2920/990/934 2921/995/935
f 2877/969/891 2876/966/890 2907/992/921 2908/996/922
f 2891/970/905 2890/968/904 2921/995/935 2922/997/936
f 2878/971/892 2877/969/891 2908/996/922 2909/998/923
f 2892/972/906 2891/970/905 2922/997/936 2923/999/937
f 2879/973/893 2878/971/892 2909/998/923 2910/1000/924
f 2893/974/907 2892/972/906 2923/999/937 2924/1001/938
f 2880/975/894 2879/973/893 2910/1000/924 2911/1002/925
f 2894/976/908 2893/974/907 2924/1001/938 2925/1003/939
f 2881/977/895 2880/975/894 2911/1002/925 2912/1004/926
f 2895/978/909 2894/976/908 2925/1003/939 2926/1005/940
f 2882/979/896 2881/977/895 2912/1004/926 2913/1006/927
f 2896/980/910 2895/978/909 2926/1005/940 2927/1007/941
f 2883/981/897 2882/979/896 2913/1006/927 2914/1008/928
f 2897/982/911 2896/980/910 2927/1007/941 2928/1009/942
f 2884/983/898 2883/981/897 2914/1008/928 2915/1010/929
f 2898/984/912 2897/982/911 2928/1009/942 2929/1011/943
f 2885/985/899 2884/983/898 2915/1010/929 2916/1012/930
f 2872/987/886 3431/1013/1445 2903/1014/917
f 2899/988/913 2898/984/912 2929/1011/943 2930/1015/944
f 2886/956/900 2885/985/899 2916/1012/930 2917/1016/931
f 2873/958/887 2872/987/886 2903/1014/917 2904/1017/918
f 2900/960/914 2899/988/913 2930/1015/944 2931/1018/945
f 2887/957/901 2886/956/900 2917/1016/931 2918/1019/932
f 2874/959/888 2873/958/887 2904/1017/918 2905/1020/919
f 2901/961/915 2900/960/914 2931/1018/945 2932/1021/946
f 2888/962/902 2887/957/901 2918/1019/932 2919/989/933
f 2875/963/889 2874/959/888 2905/1020/919 2906/991/920
f 2902/964/916 2901/961/915 2932/1021/946 2933/994/947
f 2922/997/936 2921/995/935 2952/1022/966 2953/1023/967
f 2909/998/923 2908/996/922 2939/1024/953 2940/1025/954
f 2923/999/937 2922/997/936 2953/1023/967 2954/1026/968
f 2910/1000/924 2909/998/923 2940/1025/954 2941/1027/955
f 2924/1001/938 2923/999/937 2954/1026/968 2955/1028/969
f 2911/1002/925 2910/1000/924 2941/1027/955 2942/1029/956
f 2925/1003/939 2924/1001/938 2955/1028/969 2956/1030/970
f 2912/1004/926 2911/1002/925 2942/1029/956 2943/1031/957
f 2926/1005/940 2925/1003/939 2956/1030/970 2957/1032/971
f 2913/1006/927 2912/1004/926 2943/1031/957 2944/1033/958
f 2927/1007/941 2926/1005/940 2957/1032/971 2958/1034/972
f 2914/1008/928 2913/1006/927 2944/1033/958 2945/1035/959
f 2928/1009/942 2927/1007/941 2958/1034/972 2959/1036/973
f 2915/1010/929 2914/1008/928 2945/1035/959 2946/1037/960
f 2929/1011/943 2928/1009/942 2959/1036/973 2960/1038/974
f 2916/1012/930 2915/1010/929 2946/1037/960 2947/1039/961
f 2903/1014/917 3431/1040/1445 2934/1041/948
f 2930/1015/944 2929/1011/943 2960/1038/974 2961/1042/975
f 2917/1016/931 2916/1012/930 2947/1039/961 2948/1043/962
f 2904/1017/918 2903/1014/917 2934/1041/948 2935/1044/949
f 2931/1018/945 2930/1015/944 2961/1042/975 2962/1045/976
f 2918/1019/932 2917/1016/931 2948/1043/962 2949/1046/963
f 2905/1020/919 2904/1017/918 2935/1044/949 2936/1047/950
f 2932/1021/946 2931/1018/945 2962/1045/976 2963/1048/977
f 2919/989/933 2918/1019/932 2949/1046/963 2950/1049/964
f 2906/991/920 2905/1020/919 2936/1047/950 2937/1050/951
f 2933/994/947 2932/1021/946 2963/1048/977 2964/1051/978
f 2920/990/934 2919/989/933 2950/1049/964 2951/1052/965
f 2907/992/921 2906/991/920 2937/1050/951 2938/1053/952
f 2965/1054/979 2933/994/947 2964/1051/978
f 2921/995/935 2920/990/934 2951/1052/965 2952/1022/966
f 2908/996/922 2907/992/921 2938/1053/952 2939/1024/953
f 2955/1028/969 2954/1026/968 2986/1055/1000 2987/1056/1001
f 2942/1029/956 2941/1027/955 2973/1057/987 2974/1058/988
f 2956/1030/970 2955/1028/969 2987/1056/1001 2988/1059/1002
f 2943/1031/957 2942/1029/956 2974/1058/988 2975/1060/989
f 2957/1032/971 2956/1030/970 2988/1059/1002 2989/1061/1003
f 2944/1033/958 2943/1031/957 2975/1060/989 2976/1062/990
f 2958/1034/972 2957/1032/971 2989/1061/1003 2990/1063/1004
f 2945/1035/959 2944/1033/958 2976/1062/990 2977/1064/991
f 2959/1036/973 2958/1034/972 2990/1063/1004 2991/1065/1005
f 2946/1037/960 2945/1035/959 2977/1064/991 2978/1066/992
f 2960/1038/974 2959/1036/973 2991/1065/1005 2992/1067/1006
f 2947/1039/961 2946/1037/960 2978/1066/992 2979/1068/993
f 2934/1041/948 3431/1069/1445 2966/1070/980
f 2961/1042/975 2960/1038/974 2992/1067/1006 2993/1071/1007
f 2948/1043/962 2947/1039/961 2979/1068/993 2980/1072/994
f 2935/1044/949 2934/1041/948 2966/1070/980 2967/1073/981
f 2962/1045/976 2961/1042/975 2993/1071/1007 2994/1074/1008
f 2949/1046/963 2948/1043/962 2980/1072/994 2981/1075/995
f 2936/1047/950 2935/1044/949 2967/1073/981 2968/1076/982
f 2963/1048/977 2962/1045/976 2994/1074/1008 2995/1077/1009
f 2950/1049/964 2949/1046/963 2981/1075/995 2982/1078/996
f 2937/1050/951 2936/1047/950 2968/1076/982 2969/1079/983
f 2964/1051/978 2963/1048/977 2995/1077/1009 2996/1080/1010
f 2951/1052/965 2950/1049/964 2982/1078/996 2983/1081/997
f 2938/1053/952 2937/1050/951 2969/1079/983 2970/1082/984
f 2965/1083/979 2964/1051/978 2996/1080/1010
f 2952/1022/966 2951/1052/965 2983/1081/997 2984/1084/998
f 2939/1024/953 2938/1053/952 2970/1082/984 2971/1085/985
f 2953/1023/967 2952/1022/966 2984/1084/998 2985/1086/999
f 2940/1025/954 2939/1024/953 2971/1085/985 2972/1087/986
f 2954/1026/968 2953/1023/967 2985/1086/999 2986/1055/1000
f 2941/1027/955 2940/1025/954 2972/1087/986 2973/1057/987
f 2989/1061/1003 2988/1059/1002 3019/1088/1033 3020/1089/1034
f 2976/1062/990 2975/1060/989 3006/1090/1020 3007/1091/1021
f 2990/1063/1004 2989/1061/1003 3020/1089/1034 3021/1092/1035
f 2977/1064/991 2976/1062/990 3007/1091/1021 3008/1093/1022
f 2991/1065/1005 2990/1063/1004 3021/1092/1035 3022/1094/1036
f 2978/1066/992 2977/1064/991 3008/1093/1022 3009/1095/1023
f 2992/1067/1006 2991/1065/1005 3022/1094/1036 3023/1096/1037
f 2979/1068/993 2978/1066/992 3009/1095/1023 3010/1097/1024
f 2966/1070/980 3431/1098/1445 2997/1099/1011
f 2993/1071/1007 2992/1067/1006 3023/1096/1037 3024/1100/1038
f 2980/1072/994 2979/1068/993 3010/1097/1024 3011/1101/1025
f 2967/1073/981 2966/1070/980 2997/1099/1011 2998/1102/1012
f 2994/1074/1008 2993/1071/1007 3024/1100/1038 3025/1103/1039
f 2981/1075/995 2980/1072/994 3011/1101/1025 3012/1104/1026
f 2968/1076/982 2967/1073/981 2998/1102/1012 2999/1105/1013
f 2995/1077/1009 2994/1074/1008 3025/1103/1039 3026/1106/1040
f 2982/1078/996 2981/1075/995 3012/1104/1026 3013/1107/1027
f 2969/1079/983 2968/1076/982 2999/1105/1013 3000/1108/1014
f 2996/1080/1010 2995/1077/1009 3026/1106/1040 3027/1109/1041
f 2983/1081/997 2982/1078/996 3013/1107/1027 3014/1110/1028
f 2970/1082/984 2969/1079/983 3000/1108/1014 3001/1111/1015
f 2965/1112/979 2996/1080/1010 3027/1109/1041
f 2984/1084/998 2983/1081/997 3014/1110/1028 3015/1113/1029
f 2971/1085/985 2970/1082/984 3001/1111/1015 3002/1114/1016
f 2985/1086/999 2984/1084/998 3015/1113/1029 3016/1115/1030
f 2972/1087/986 2971/1085/985 3002/1114/1016 3003/1116/1017
f 2986/1055/1000 2985/1086/999 3016/1115/1030 3017/1117/1031
f 2973/1057/987 2972/1087/986 3003/1116/1017 3004/1118/1018
f 2987/1056/1001 2986/1055/1000 3017/1117/1031 3018/1119/1032
f 2974/1058/988 2973/1057/987 3004/1118/1018 3005/1120/1019
f 2988/1059/1002 2987/1056/1001 3018/1119/1032 3019/1088/1033
f 2975/1060/989 2974/1058/988 3005/1120/1019 3006/1090/1020
f 3022/1094/1036 3021/1092/1035 3052/1121/1066 3053/1122/1067
f 3009/1095/1023 3008/1093/1022 3039/1123/1053 3040/1124/1054
f 3023/1096/1037 3022/1094/1036 3053/1122/1067 3054/1125/1068
f 3010/1097/1024 3009/1095/1023 3040/1124/1054 3041/1126/1055
f 2997/1099/1011 3431/1127/1445 3028/1128/1042
f 3024/1100/1038 3023/1096/1037 3054/1125/1068 3055/1129/1069
f 3011/1101/1025 3010/1097/1024 3041/1126/1055 3042/1130/1056
f 2998/1102/1012 2997/1099/1011 3028/1128/1042 3029/1131/1043
f 3025/1103/1039 3024/1100/1038 3055/1129/1069 3056/1132/1070
f 3012/1104/1026 3011/1101/1025 3042/1130/1056 3043/1133/1057
f 2999/1105/1013 2998/1102/1012 3029/1131/1043 3030/1134/1044
f 3026/1106/1040 3025/1103/1039 3056/1132/1070 3057/1135/1071
f 3013/1107/1027 3012/1104/1026 3043/1133/1057 3044/1136/1058
f 3000/1108/1014 2999/1105/1013 3030/1134/1044 3031/1137/1045
f 3027/1109/1041 3026/1106/1040 3057/1135/1071 3058/1138/1072
f 3014/1110/1028 3013/1107/1027 3044/1136/1058 3045/1139/1059
f 3001/1111/1015 3000/1108/1014 3031/1137/1045 3032/1140/1046
f 2965/1141/979 3027/1109/1041 3058/1138/1072
f 3015/1113/1029 3014/1110/1028 3045/1139/1059 3046/1142/1060
f 3002/1114/1016 3001/1111/1015 3032/1140/1046 3033/1143/1047
f 3016/1115/1030 3015/1113/1029 3046/1142/1060 3047/1144/1061
f 3003/1116/1017 3002/1114/1016 3033/1143/1047 3034/1145/1048
f 3017/1117/1031 3016/1115/1030 3047/1144/1061 3048/1146/1062
f 3004/1118/1018 3003/1116/1017 3034/1145/1048 3035/1147/1049
f 3018/1119/1032 3017/1117/1031 3048/1146/1062 3049/1148/1063
f 3005/1120/1019 3004/1118/1018 3035/1147/1049 3036/1149/1050
f 3019/1088/1033 3018/1119/1032 3049/1148/1063 3050/1150/1064
f 3006/1090/1020 3005/1120/1019 3036/1149/1050 3037/1151/1051
f 3020/1089/1034 3019/1088/1033 3050/1150/1064 3051/1152/1065
f 3007/1091/1021 3006/1090/1020 3037/1151/1051 3038/1153/1052
f 3021/1092/1035 3020/1089/1034 3051/1152/1065 3052/1121/1066
f 3008/1093/1022 3007/1091/1021 3038/1153/1052 3039/1123/1053
f 3028/1128/1042 3431/1154/1445 3059/1155/1073
f 3055/1129/1069 3054/1125/1068 3085/1156/1099 3086/1157/1100
f 3042/1130/1056 3041/1126/1055 3072/1158/1086 3073/1159/1087
f 3029/1131/1043 3028/1128/1042 3059/1155/1073 3060/1160/1074
f 3056/1132/1070 3055/1129/1069 3086/1157/1100 3087/1161/1101
f 3043/1133/1057 3042/1130/1056 3073/1159/1087 3074/1162/1088
f 3030/1134/1044 3029/1131/1043 3060/1160/1074 3061/1163/1075
f 3057/1135/1071 3056/1132/1070 3087/1161/1101 3088/1164/1102
f 3044/1136/1058 3043/1133/1057 3074/1162/1088 3075/1165/1089
f 3031/1137/1045 3030/1134/1044 3061/1163/1075 3062/1166/1076
f 3058/1138/1072 3057/1135/1071 3088/1164/1102 3089/1167/1103
f 3045/1139/1059 3044/1136/1058 3075/1165/1089 3076/1168/1090
f 3032/1140/1046 3031/1137/1045 3062/1166/1076 3063/1169/1077
f 2965/1170/979 3058/1138/1072 3089/1167/1103
f 3046/1142/1060 3045/1139/1059 3076/1168/1090 3077/1171/1091
f 3033/1143/1047 3032/1140/1046 3063/1169/1077 3064/1172/1078
f 3047/1144/1061 3046/1142/1060 3077/1171/1091 3078/1173/1092
f 3034/1145/1048 3033/1143/1047 3064/1172/1078 3065/1174/1079
f 3048/1146/1062 3047/1144/1061 3078/1173/1092 3079/1175/1093
f 3035/1147/1049 3034/1145/1048 3065/1174/1079 3066/1176/1080
f 3049/1148/1063 3048/1146/1062 3079/1175/1093 3080/1177/1094
f 3036/1149/1050 3035/1147/1049 3066/1176/1080 3067/1178/1081
f 3050/1150/1064 3049/1148/1063 3080/1177/1094 3081/1179/1095
f 3037/1151/1051 3036/1149/1050 3067/1178/1081 3068/1180/1082
f 3051/1152/1065 3050/1150/1064 3081/1179/1095 3082/1181/1096
f 3038/1153/1052 3037/1151/1051 3068/1180/1082 3069/1182/1083
f 3052/1121/1066 3051/1152/1065 3082/1181/1096 3083/1183/1097
f 3039/1123/1053 3038/1153/1052 3069/1182/1083 3070/1184/1084
f 3053/1122/1067 3052/1121/1066 3083/1183/1097 3084/1185/1098
f 3040/1124/1054 3039/1123/1053 3070/1184/1084 3071/1186/1085
f 3054/1125/1068 3053/1122/1067 3084/1185/1098 3085/1156/1099
f 3041/1126/1055 3040/1124/1054 3071/1186/1085 3072/1158/1086
f 3061/1163/1075 3060/1160/1074 3091/1187/1105 3092/1188/1106
f 3088/1164/1102 3087/1161/1101 3118/1189/1132 3119/1190/1133
f 3075/1165/1089 3074/1162/1088 3105/1191/1119 3106/1192/1120
f 3062/1166/1076 3061/1163/1075 3092/1188/1106 3093/1193/1107
f 3089/1167/1103 3088/1164/1102 3119/1190/1133 3120/1194/1134
f 3076/1168/1090 3075/1165/1089 3106/1192/1120 3107/1195/1121
f 3063/1169/1077 3062/1166/1076 3093/1193/1107 3094/1196/1108
f 2965/1197/979 3089/1167/1103 3120/1194/1134
f 3077/1171/1091 3076/1168/1090 3107/1195/1121 3108/1198/1122
f 3064/1172/1078 3063/1169/1077 3094/1196/1108 3095/1199/1109
f 3078/1173/1092 3077/1171/1091 3108/1198/1122 3109/1200/1123
f 3065/1174/1079 3064/1172/1078 3095/1199/1109 3096/1201/1110
f 3079/1175/1093 3078/1173/1092 3109/1200/1123 3110/1202/1124
f 3066/1176/1080 3065/1174/1079 3096/1201/1110 3097/1203/1111
f 3080/1177/1094 3079/1175/1093 3110/1202/1124 3111/1204/1125
f 3067/1178/1081 3066/1176/1080 3097/1203/1111 3098/1205/1112
f 3081/1179/1095 3080/1177/1094 3111/1204/1125 3112/1206/1126
f 3068/1180/1082 3067/1178/1081 3098/1205/1112 3099/1207/1113
f 3082/1181/1096 3081/1179/1095 3112/1206/1126 3113/1208/1127
f 3069/1182/1083 3068/1180/1082 3099/1207/1113 3100/1209/1114
f 3083/1183/1097 3082/1181/1096 3113/1208/1127 3114/1210/1128
f 3070/1184/1084 3069/1182/1083 3100/1209/1114 3101/1211/1115
f 3084/1185/1098 3083/1183/1097 3114/1210/1128 3115/1212/1129
f 3071/1186/1085 3070/1184/1084 3101/1211/1115 3102/1213/1116
f 3085/1156/1099 3084/1185/1098 3115/1212/1129 3116/1214/1130
f 3072/1158/1086 3071/1186/1085 3102/1213/1116 3103/1215/1117
f 3059/1155/1073 3431/1216/1445 3090/1217/1104
f 3086/1157/1100 3085/1156/1099 3116/1214/1130 3117/1218/1131
f 3073/1159/1087 3072/1158/1086 3103/1215/1117 3104/1219/1118
f 3060/1160/1074 3059/1155/1073 3090/1217/1104 3091/1187/1105
f 3087/1161/1101 3086/1157/1100 3117/1218/1131 3118/1189/1132
f 3074/1162/1088 3073/1159/1087 3104/1219/1118 3105/1191/1119
f 3094/1196/1108 3093/1193/1107 3124/1220/1138 3125/1221/1139
f 2965/1222/979 3120/1194/1134 3151/1223/1165
f 3108/1198/1122 3107/1195/1121 3138/1224/1152 3139/1225/1153
f 3095/1199/1109 3094/1196/1108 3125/1221/1139 3126/1226/1140
f 3109/1200/1123 3108/1198/1122 3139/1225/1153 3140/1227/1154
f 3096/1201/1110 3095/1199/1109 3126/1226/1140 3127/1228/1141
f 3110/1202/1124 3109/1200/1123 3140/1227/1154 3141/1229/1155
f 3097/1203/1111 3096/1201/1110 3127/1228/1141 3128/1230/1142
f 3111/1204/1125 3110/1202/1124 3141/1229/1155 3142/1231/1156
f 3098/1205/1112 3097/1203/1111 3128/1230/1142 3129/1232/1143
f 3112/1206/1126 3111/1204/1125 3142/1231/1156 3143/1233/1157
f 3099/1207/1113 3098/1205/1112 3129/1232/1143 3130/1234/1144
f 3113/1208/1127 3112/1206/1126 3143/1233/1157 3144/1235/1158
f 3100/1209/1114 3099/1207/1113 3130/1234/1144 3131/1236/1145
f 3114/1210/1128 3113/1208/1127 3144/1235/1158 3145/1237/1159
f 3101/1211/1115 3100/1209/1114 3131/1236/1145 3132/1238/1146
f 3115/1212/1129 3114/1210/1128 3145/1237/1159 3146/1239/1160
f 3102/1213/1116 3101/1211/1115 3132/1238/1146 3133/1240/1147
f 3116/1214/1130 3115/1212/1129 3146/1239/1160 3147/1241/1161
f 3103/1215/1117 3102/1213/1116 3133/1240/1147 3134/1242/1148
f 3090/1217/1104 3431/1243/1445 3121/1244/1135
f 3117/1218/1131 3116/1214/1130 3147/1241/1161 3148/1245/1162
f 3104/1219/1118 3103/1215/1117 3134/1242/1148 3135/1246/1149
f 3091/1187/1105 3090/1217/1104 3121/1244/1135 3122/1247/1136
f 3118/1189/1132 3117/1218/1131 3148/1245/1162 3149/1248/1163
f 3105/1191/1119 3104/1219/1118 3135/1246/1149 3136/1249/1150
f 3092/1188/1106 3091/1187/1105 3122/1247/1136 3123/1250/1137
f 3119/1190/1133 3118/1189/1132 3149/1248/1163 3150/1251/1164
f 3106/1192/1120 3105/1191/1119 3136/1249/1150 3137/1252/1151
f 3093/1193/1107 3092/1188/1106 3123/1250/1137 3124/1220/1138
f 3120/1194/1134 3119/1190/1133 3150/1251/1164 3151/1223/1165
f 3107/1195/1121 3106/1192/1120 3137/1252/1151 3138/1224/1152
f 3127/1228/1141 3126/1226/1140 3157/1253/1171 3158/1254/1172
f 3141/1229/1155 3140/1227/1154 3171/1255/1185 3172/1256/1186
f 3128/1230/1142 3127/1228/1141 3158/1254/1172 3159/1257/1173
f 3142/1231/1156 3141/1229/1155 3172/1256/1186 3173/1258/1187
f 3129/1232/1143 3128/1230/1142 3159/1257/1173 3160/1259/1174
f 3143/1233/1157 3142/1231/1156 3173/1258/1187 3174/1260/1188
f 3130/1234/1144 3129/1232/1143 3160/1259/1174 3161/1261/1175
f 3144/1235/1158 3143/1233/1157 3174/1260/1188 3175/1262/1189
f 3131/1236/1145 3130/1234/1144 3161/1261/1175 3162/1263/1176
f 3145/1237/1159 3144/1235/1158 3175/1262/1189 3176/1264/1190
f 3132/1238/1146 3131/1236/1145 3162/1263/1176 3163/1265/1177
f 3146/1239/1160 3145/1237/1159 3176/1264/1190 3177/1266/1191
f 3133/1240/1147 3132/1238/1146 3163/1265/1177 3164/1267/1178
f 3147/1241/1161 3146/1239/1160 3177/1266/1191 3178/1268/1192
f 3134/1242/1148 3133/1240/1147 3164/1267/1178 3165/1269/1179
f 3121/1244/1135 3431/1270/1445 3152/1271/1166
f 3148/1245/1162 3147/1241/1161 3178/1268/1192 3179/1272/1193
f 3135/1246/1149 3134/1242/1148 3165/1269/1179 3166/1273/1180
f 3122/1247/1136 3121/1244/1135 3152/1271/1166 3153/1274/1167
f 3149/1248/1163 3148/1245/1162 3179/1272/1193 3180/1275/1194
f 3136/1249/1150 3135/1246/1149 3166/1273/1180 3167/1276/1181
f 3123/1250/1137 3122/1247/1136 3153/1274/1167 3154/1277/1168
f 3150/1251/1164 3149/1248/1163 3180/1275/1194 3181/1278/1195
f 3137/1252/1151 3136/1249/1150 3167/1276/1181 3168/1279/1182
f 3124/1220/1138 3123/1250/1137 3154/1277/1168 3155/1280/1169
f 3151/1223/1165 3150/1251/1164 3181/1278/1195 3182/1281/1196
f 3138/1224/1152 3137/1252/1151 3168/1279/1182 3169/1282/1183
f 3125/1221/1139 3124/1220/1138 3155/1280/1169 3156/1283/1170
f 2965/1284/979 3151/1223/1165 3182/1281/1196
f 3139/1225/1153 3138/1224/1152 3169/1282/1183 3170/1285/1184
f 3126/1226/1140 3125/1221/1139 3156/1283/1170 3157/1253/1171
f 3140/1227/1154 3139/1225/1153 3170/1285/1184 3171/1255/1185
f 3160/1259/1174 3159/1257/1173 3190/1286/1204 3191/1287/1205
f 3174/1260/1188 3173/1258/1187 3204/1288/1218 3205/1289/1219
f 3161/1261/1175 3160/1259/1174 3191/1287/1205 3192/1290/1206
f 3175/1262/1189 3174/1260/1188 3205/1289/1219 3206/1291/1220
f 3162/1263/1176 3161/1261/1175 3192/1290/1206 3193/1292/1207
f 3176/1264/1190 3175/1262/1189 3206/1291/1220 3207/1293/1221
f 3163/1265/1177 3162/1263/1176 3193/1292/1207 3194/1294/1208
f 3177/1266/1191 3176/1264/1190 3207/1293/1221 3208/1295/1222
f 3164/1267/1178 3163/1265/1177 3194/1294/1208 3195/1296/1209
f 3178/1268/1192 3177/1266/1191 3208/1295/1222 3209/1297/1223
f 3165/1269/1179 3164/1267/1178 3195/1296/1209 3196/1298/1210
f 3152/1271/1166 3431/1299/1445 3183/1300/1197
f 3179/1272/1193 3178/1268/1192 3209/1297/1223 3210/1301/1224
f 3166/1273/1180 3165/1269/1179 3196/1298/1210 3197/1302/1211
f 3153/1274/1167 3152/1271/1166 3183/1300/1197 3184/1303/1198
f 3180/1275/1194 3179/1272/1193 3210/1301/1224 3211/1304/1225
f 3167/1276/1181 3166/1273/1180 3197/1302/1211 3198/1305/1212
f 3154/1277/1168 3153/1274/1167 3184/1303/1198 3185/1306/1199
f 3181/1278/1195 3180/1275/1194 3211/1304/1225 3212/1307/1226
f 3168/1279/1182 3167/1276/1181 3198/1305/1212 3199/1308/1213
f 3155/1280/1169 3154/1277/1168 3185/1306/1199 3186/1309/1200
f 3182/1281/1196 3181/1278/1195 3212/1307/1226 3213/1310/1227
f 3169/1282/1183 3168/1279/1182 3199/1308/1213 3200/1311/1214
f 3156/1283/1170 3155/1280/1169 3186/1309/1200 3187/1312/1201
f 2965/1313/979 3182/1281/1196 3213/1310/1227
f 3170/1285/1184 3169/1282/1183 3200/1311/1214 3201/1314/1215
f 3157/1253/1171 3156/1283/1170 3187/1312/1201 3188/1315/1202
f 3171/1255/1185 3170/1285/1184 3201/1314/1215 3202/1316/1216
f 3158/1254/1172 3157/1253/1171 3188/1315/1202 3189/1317/1203
f 3172/1256/1186 3171/1255/1185 3202/1316/1216 3203/1318/1217
f 3159/1257/1173 3158/1254/1172 3189/1317/1203 3190/1286/1204
f 3173/1258/1187 3172/1256/1186 3203/1318/1217 3204/1288/1218
f 3193/1292/1207 3192/1290/1206 3223/1319/1237 3224/1320/1238
f 3207/1293/1221 3206/1291/1220 3237/1321/1251 3238/1322/1252
f 3194/1294/1208 3193/1292/1207 3224/1320/1238 3225/1323/1239
f 3208/1295/1222 3207/1293/1221 3238/1322/1252 3239/1324/1253
f 3195/1296/1209 3194/1294/1208 3225/1323/1239 3226/1325/1240
f 3209/1297/1223 3208/1295/1222 3239/1324/1253 3240/1326/1254
f 3196/1298/1210 3195/1296/1209 3226/1325/1240 3227/1327/1241
f 3183/1300/1197 3431/1328/1445 3214/1329/1228
f 3210/1301/1224 3209/1297/1223 3240/1326/1254 3241/1330/1255
f 3197/1302/1211 3196/1298/1210 3227/1327/1241 3228/1331/1242
f 3184/1303/1198 3183/1300/1197 3214/1329/1228 3215/1332/1229
f 3211/1304/1225 3210/1301/1224 3241/1330/1255 3242/1333/1256
f 3198/1305/1212 3197/1302/1211 3228/1331/1242 3229/1334/1243
f 3185/1306/1199 3184/1303/1198 3215/1332/1229 3216/1335/1230
f 3212/1307/1226 3211/1304/1225 3242/1333/1256 3243/1336/1257
f 3199/1308/1213 3198/1305/1212 3229/1334/1243 3230/1337/1244
f 3186/1309/1200 3185/1306/1199 3216/1335/1230 3217/1338/1231
f 3213/1310/1227 3212/1307/1226 3243/1336/1257 3244/1339/1258
f 3200/1311/1214 3199/1308/1213 3230/1337/1244 3231/1340/1245
f 3187/1312/1201 3186/1309/1200 3217/1338/1231 3218/1341/1232
f 2965/1342/979 3213/1310/1227 3244/1339/1258
f 3201/1314/1215 3200/1311/1214 3231/1340/1245 3232/1343/1246
f 3188/1315/1202 3187/1312/1201 3218/1341/1232 3219/1344/1233
f 3202/1316/1216 3201/1314/1215 3232/1343/1246 3233/1345/1247
f 3189/1317/1203 3188/1315/1202 3219/1344/1233 3220/1346/1234
f 3203/1318/1217 3202/1316/1216 3233/1345/1247 3234/1347/1248
f 3190/1286/1204 3189/1317/1203 3220/1346/1234 3221/1348/1235
f 3204/1288/1218 3203/1318/1217 3234/1347/1248 3235/1349/1249
f 3191/1287/1205 3190/1286/1204 3221/1348/1235 3222/1350/1236
f 3205/1289/1219 3204/1288/1218 3235/1349/1249 3236/1351/1250
f 3192/1290/1206 3191/1287/1205 3222/1350/1236 3223/1319/1237
f 3206/1291/1220 3205/1289/1219 3236/1351/1250 3237/1321/1251
f 3226/1325/1240 3225/1323/1239 3256/1352/1270 3257/1353/1271
f 3240/1326/1254 3239/1324/1253 3270/1354/1284 3271/1355/1285
f 3227/1327/1241 3226/1325/1240 3257/1353/1271 3258/1356/1272
f 3214/1329/1228 3431/1357/1445 3245/1358/1259
f 3241/1330/1255 3240/1326/1254 3271/1355/1285 3272/1359/1286
f 3228/1331/1242 3227/1327/1241 3258/1356/1272 3259/1360/1273
f 3215/1332/1229 3214/1329/1228 3245/1358/1259 3246/1361/1260
f 3242/1333/1256 3241/1330/1255 3272/1359/1286 3273/1362/1287
f 3229/1334/1243 3228/1331/1242 3259/1360/1273 3260/1363/1274
f 3216/1335/1230 3215/1332/1229 3246/1361/1260 3247/1364/1261
f 3243/1336/1257 3242/1333/1256 3273/1362/1287 3274/1365/1288
f 3230/1337/1244 3229/1334/1243 3260/1363/1274 3261/1366/1275
f 3217/1338/1231 3216/1335/1230 3247/1364/1261 3248/1367/1262
f 3244/1339/1258 3243/1336/1257 3274/1365/1288 3275/1368/1289
f 3231/1340/1245 3230/1337/1244 3261/1366/1275 3262/1369/1276
f 3218/1341/1232 3217/1338/1231 3248/1367/1262 3249/1370/1263
f 2965/1371/979 3244/1339/1258 3275/1368/1289
f 3232/1343/1246 3231/1340/1245 3262/1369/1276 3263/1372/1277
f 3219/1344/1233 3218/1341/1232 3249/1370/1263 3250/1373/1264
f 3233/1345/1247 3232/1343/1246 3263/1372/1277 3264/1374/1278
f 3220/1346/1234 3219/1344/1233 3250/1373/1264 3251/1375/1265
f 3234/1347/1248 3233/1345/1247 3264/1374/1278 3265/1376/1279
f 3221/1348/1235 3220/1346/1234 3251/1375/1265 3252/1377/1266
f 3235/1349/1249 3234/1347/1248 3265/1376/1279 3266/1378/1280
f 3222/1350/1236 3221/1348/1235 3252/1377/1266 3253/1379/1267
f 3236/1351/1250 3235/1349/1249 3266/1378/1280 3267/1380/1281
f 3223/1319/1237 3222/1350/1236 3253/1379/1267 3254/1381/1268
f 3237/1321/1251 3236/1351/1250 3267/1380/1281 3268/1382/1282
f 3224/1320/1238 3223/1319/1237 3254/1381/1268 3255/1383/1269
f 3238/1322/1252 3237/1321/1251 3268/1382/1282 3269/1384/1283
f 3225/1323/1239 3224/1320/1238 3255/1383/1269 3256/1352/1270
f 3239/1324/1253 3238/1322/1252 3269/1384/1283 3270/1354/1284
f 3259/1360/1273 3258/1356/1272 3289/1385/1303 3290/1386/1304
f 3246/1361/1260 3245/1358/1259 3276/1387/1290 3277/1388/1291
f 3273/1362/1287 3272/1359/1286 3303/1389/1317 3304/1390/1318
f 3260/1363/1274 3259/1360/1273 3290/1386/1304 3291/1391/1305
f 3247/1364/1261 3246/1361/1260 3277/1388/1291 3278/1392/1292
f 3274/1365/1288 3273/1362/1287 3304/1390/1318 3305/1393/1319
f 3261/1366/1275 3260/1363/1274 3291/1391/1305 3292/1394/1306
f 3248/1367/1262 3247/1364/1261 3278/1392/1292 3279/1395/1293
f 3275/1368/1289 3274/1365/1288 3305/1393/1319 3306/1396/1320
f 3262/1369/1276 3261/1366/1275 3292/1394/1306 3293/1397/1307
f 3249/1370/1263 3248/1367/1262 3279/1395/1293 3280/1398/1294
f 2965/1399/979 3275/1368/1289 3306/1396/1320
f 3263/1372/1277 3262/1369/1276 3293/1397/1307 3294/1400/1308
f 3250/1373/1264 3249/1370/1263 3280/1398/1294 3281/1401/1295
f 3264/1374/1278 3263/1372/1277 3294/1400/1308 3295/1402/1309
f 3251/1375/1265 3250/1373/1264 3281/1401/1295 3282/1403/1296
f 3265/1376/1279 3264/1374/1278 3295/1402/1309 3296/1404/1310
f 3252/1377/1266 3251/1375/1265 3282/1403/1296 3283/1405/1297
f 3266/1378/1280 3265/1376/1279 3296/1404/1310 3297/1406/1311
f 3253/1379/1267 3252/1377/1266 3283/1405/1297 3284/1407/1298
f 3267/1380/1281 3266/1378/1280 3297/1406/1311 3298/1408/1312
f 3254/1381/1268 3253/1379/1267 3284/1407/1298 3285/1409/1299
f 3268/1382/1282 3267/1380/1281 3298/1408/1312 3299/1410/1313
f 3255/1383/1269 3254/1381/1268 3285/1409/1299 3286/1411/1300
f 3269/1384/1283 3268/1382/1282 3299/1410/1313 3300/1412/1314
f 3256/1352/1270 3255/1383/1269 3286/1411/1300 3287/1413/1301
f 3270/1354/1284 3269/1384/1283 3300/1412/1314 3301/1414/1315
f 3257/1353/1271 3256/1352/1270 3287/1413/1301 3288/1415/1302
f 3271/1355/1285 3270/1354/1284 3301/1414/1315 3302/1416/1316
f 3258/1356/1272 3257/1353/1271 3288/1415/1302 3289/1385/1303
f 3245/1358/1259 3431/1417/1445 3276/1387/1290
f 3272/1359/1286 3271/1355/1285 3302/1416/1316 3303/1389/1317
f 3292/1394/1306 3291/1391/1305 3322/1418/1336 3323/1419/1337
f 3279/1395/1293 3278/1392/1292 3309/1420/1323 3310/1421/1324
f 3306/1396/1320 3305/1393/1319 3336/1422/1350 3337/1423/1351
f 3293/1397/1307 3292/1394/1306 3323/1419/1337 3324/1424/1338
f 3280/1398/1294 3279/1395/1293 3310/1421/1324 3311/1425/1325
f 2965/1426/979 3306/1396/1320 3337/1423/1351
f 3294/1400/1308 3293/1397/1307 3324/1424/1338 3325/1427/1339
f 3281/1401/1295 3280/1398/1294 3311/1425/1325 3312/1428/1326
f 3295/1402/1309 3294/1400/1308 3325/1427/1339 3326/1429/1340
f 3282/1403/1296 3281/1401/1295 3312/1428/1326 3313/1430/1327
f 3296/1404/1310 3295/1402/1309 3326/1429/1340 3327/1431/1341
f 3283/1405/1297 3282/1403/1296 3313/1430/1327 3314/1432/1328
f 3297/1406/1311 3296/1404/1310 3327/1431/1341 3328/1433/1342
f 3284/1407/1298 3283/1405/1297 3314/1432/1328 3315/1434/1329
f 3298/1408/1312 3297/1406/1311 3328/1433/1342 3329/1435/1343
f 3285/1409/1299 3284/1407/1298 3315/1434/1329 3316/1436/1330
f 3299/1410/1313 3298/1408/1312 3329/1435/1343 3330/1437/1344
f 3286/1411/1300 3285/1409/1299 3316/1436/1330 3317/1438/1331
f 3300/1412/1314 3299/1410/1313 3330/1437/1344 3331/1439/1345
f 3287/1413/1301 3286/1411/1300 3317/1438/1331 3318/1440/1332
f 3301/1414/1315 3300/1412/1314 3331/1439/1345 3332/1441/1346
f 3288/1415/1302 3287/1413/1301 3318/1440/1332 3319/1442/1333
f 3302/1416/1316 3301/1414/1315 3332/1441/1346 3333/1443/1347
f 3289/1385/1303 3288/1415/1302 3319/1442/1333 3320/1444/1334
f 3276/1387/1290 3431/1445/1445 3307/1446/1321
f 3303/1389/1317 3302/1416/1316 3333/1443/1347 3334/1447/1348
f 3290/1386/1304 3289/1385/1303 3320/1444/1334 3321/1448/1335
f 3277/1388/1291 3276/1387/1290 3307/1446/1321 3308/1449/1322
f 3304/1390/1318 3303/1389/1317 3334/1447/1348 3335/1450/1349
f 3291/1391/1305 3290/1386/1304 3321/1448/1335 3322/1418/1336
f 3278/1392/1292 3277/1388/1291 3308/1449/1322 3309/1420/1323
f 3305/1393/1319 3304/1390/1318 3335/1450/1349 3336/1422/1350
f 3325/1427/1339 3324/1424/1338 3355/1451/1369 3356/1452/1370
f 3312/1428/1326 3311/1425/1325 3342/1453/1356 3343/1454/1357
f 3326/1429/1340 3325/1427/1339 3356/1452/1370 3357/1455/1371
f 3313/1430/1327 3312/1428/1326 3343/1454/1357 3344/1456/1358
f 3327/1431/1341 3326/1429/1340 3357/1455/1371 3358/1457/1372
f 3314/1432/1328 3313/1430/1327 3344/1456/1358 3345/1458/1359
f 3328/1433/1342 3327/1431/1341 3358/1457/1372 3359/1459/1373
f 3315/1434/1329 3314/1432/1328 3345/1458/1359 3346/1460/1360
f 3329/1435/1343 3328/1433/1342 3359/1459/1373 3360/1461/1374
f 3316/1436/1330 3315/1434/1329 3346/1460/1360 3347/1462/1361
f 3330/1437/1344 3329/1435/1343 3360/1461/1374 3361/1463/1375
f 3317/1438/1331 3316/1436/1330 3347/1462/1361 3348/1464/1362
f 3331/1439/1345 3330/1437/1344 3361/1463/1375 3362/1465/1376
f 3318/1440/1332 3317/1438/1331 3348/1464/1362 3349/1466/1363
f 3332/1441/1346 3331/1439/1345 3362/1465/1376 3363/1467/1377
f 3319/1442/1333 3318/1440/1332 3349/1466/1363 3350/1468/1364
f 3333/1443/1347 3332/1441/1346 3363/1467/1377 3364/1469/1378
f 3320/1444/1334 3319/1442/1333 3350/1468/1364 3351/1470/1365
f 3307/1446/1321 3431/1471/1445 3338/1472/1352
f 3334/1447/1348 3333/1443/1347 3364/1469/1378 3365/1473/1379
f 3321/1448/1335 3320/1444/1334 3351/1470/1365 3352/1474/1366
f 3308/1449/1322 3307/1446/1321 3338/1472/1352 3339/1475/1353
f 3335/1450/1349 3334/1447/1348 3365/1473/1379 3366/1476/1380
f 3322/1418/1336 3321/1448/1335 3352/1474/1366 3353/1477/1367
f 3309/1420/1323 3308/1449/1322 3339/1475/1353 3340/1478/1354
f 3336/1422/1350 3335/1450/1349 3366/1476/1380 3367/1479/1381
f 3323/1419/1337 3322/1418/1336 3353/1477/1367 3354/1480/1368
f 3310/1421/1324 3309/1420/1323 3340/1478/1354 3341/1481/1355
f 3337/1423/1351 3336/1422/1350 3367/1479/1381 3368/1482/1382
f 3324/1424/1338 3323/1419/1337 3354/1480/1368 3355/1451/1369
f 3311/1425/1325 3310/1421/1324 3341/1481/1355 3342/1453/1356
f 2965/1483/979 3337/1423/1351 3368/1482/1382
f 3358/1457/1372 3357/1455/1371 3388/1484/1402 3389/1485/1403
f 3345/1458/1359 3344/1456/1358 3375/1486/1389 3376/1487/1390
f 3359/1459/1373 3358/1457/1372 3389/1485/1403 3390/1488/1404
f 3346/1460/1360 3345/1458/1359 3376/1487/1390 3377/1489/1391
f 3360/1461/1374 3359/1459/1373 3390/1488/1404 3391/1490/1405
f 3347/1462/1361 3346/1460/1360 3377/1489/1391 3378/1491/1392
f 3361/1463/1375 3360/1461/1374 3391/1490/1405 3392/1492/1406
f 3348/1464/1362 3347/1462/1361 3378/1491/1392 3379/1493/1393
f 3362/1465/1376 3361/1463/1375 3392/1492/1406 3393/1494/1407
f 3349/1466/1363 3348/1464/1362 3379/1493/1393 3380/1495/1394
f 3363/1467/1377 3362/1465/1376 3393/1494/1407 3394/1496/1408
f 3350/1468/1364 3349/1466/1363 3380/1495/1394 3381/1497/1395
f 3364/1469/1378 3363/1467/1377 3394/1496/1408 3395/1498/1409
f 3351/1470/1365 3350/1468/1364 3381/1497/1395 3382/1499/1396
f 3338/1472/1352 3431/1500/1445 3369/1501/1383
f 3365/1473/1379 3364/1469/1378 3395/1498/1409 3396/1502/1410
f 3352/1474/1366 3351/1470/1365 3382/1499/1396 3383/1503/1397
f 3339/1475/1353 3338/1472/1352 3369/1501/1383 3370/1504/1384
f 3366/1476/1380 3365/1473/1379 3396/1502/1410 3397/1505/1411
f 3353/1477/1367 3352/1474/1366 3383/1503/1397 3384/1506/1398
f 3340/1478/1354 3339/1475/1353 3370/1504/1384 3371/1507/1385
f 3367/1479/1381 3366/1476/1380 3397/1505/1411 3398/1508/1412
f 3354/1480/1368 3353/1477/1367 3384/1506/1398 3385/1509/1399
f 3341/1481/1355 3340/1478/1354 3371/1507/1385 3372/1510/1386
f 3368/1482/1382 3367/1479/1381 3398/1508/1412 3399/1511/1413
f 3355/1451/1369 3354/1480/1368 3385/1509/1399 3386/1512/1400
f 3342/1453/1356 3341/1481/1355 3372/1510/1386 3373/1513/1387
f 2965/1514/979 3368/1482/1382 3399/1511/1413
f 3356/1452/1370 3355/1451/1369 3386/1512/1400 3387/1515/1401
f 3343/1454/1357 3342/1453/1356 3373/1513/1387 3374/1516/1388
f 3357/1455/1371 3356/1452/1370 3387/1515/1401 3388/1484/1402
f 3344/1456/1358 3343/1454/1357 3374/1516/1388 3375/1486/1389
f 3391/1490/1405 3390/1488/1404 3421/1517/1435 3422/1518/1436
f 3378/1491/1392 3377/1489/1391 3408/1519/1422 3409/1520/1423
f 3392/1492/1406 3391/1490/1405 3422/1518/1436 3423/1521/1437
f 3379/1493/1393 3378/1491/1392 3409/1520/1423 3410/1522/1424
f 3393/1494/1407 3392/1492/1406 3423/1521/1437 3424/1523/1438
f 3380/1495/1394 3379/1493/1393 3410/1522/1424 3411/1524/1425
f 3394/1496/1408 3393/1494/1407 3424/1523/1438 3425/1525/1439
f 3381/1497/1395 3380/1495/1394 3411/1524/1425 3412/1526/1426
f 3395/1498/1409 3394/1496/1408 3425/1525/1439 3426/1527/1440
f 3382/1499/1396 3381/1497/1395 3412/1526/1426 3413/1528/1427
f 3369/1501/1383 3431/1529/1445 3400/1530/1414
f 3396/1502/1410 3395/1498/1409 3426/1527/1440 3427/1531/1441
f 3383/1503/1397 3382/1499/1396 3413/1528/1427 3414/1532/1428
f 3370/1504/1384 3369/1501/1383 3400/1530/1414 3401/1533/1415
f 3397/1505/1411 3396/1502/1410 3427/1531/1441 3428/1534/1442
f 3384/1506/1398 3383/1503/1397 3414/1532/1428 3415/1535/1429
f 3371/1507/1385 3370/1504/1384 3401/1533/1415 3402/1536/1416
f 3398/1508/1412 3397/1505/1411 3428/1534/1442 3429/1537/1443
f 3385/1509/1399 3384/1506/1398 3415/1535/1429 3416/1538/1430
f 3372/1510/1386 3371/1507/1385 3402/1536/1416 3403/1539/1417
f 3399/1511/1413 3398/1508/1412 3429/1537/1443 3430/1540/1444
f 3386/1512/1400 3385/1509/1399 3416/1538/1430 3417/1541/1431
f 3373/1513/1387 3372/1510/1386 3403/1539/1417 3404/1542/1418
f 2965/1543/979 3399/1511/1413 3430/1540/1444
f 3387/1515/1401 3386/1512/1400 3417/1541/1431 3418/1544/1432
f 3374/1516/1388 3373/1513/1387 3404/1542/1418 3405/1545/1419
f 3388/1484/1402 3387/1515/1401 3418/1544/1432 3419/1546/1433
f 3375/1486/1389 3374/1516/1388 3405/1545/1419 3406/1547/1420
f 3389/1485/1403 3388/1484/1402 3419/1546/1433 3420/1548/1434
f 3376/1487/1390 3375/1486/1389 3406/1547/1420 3407/1549/1421
f 3390/1488/1404 3389/1485/1403 3420/1548/1434 3421/1517/1435
f 3377/1489/1391 3376/1487/1390 3407/1549/1421 3408/1519/1422
f 3424/1523/1438 3423/1521/1437 3455/1550/1469 3456/1551/1470
f 3411/1524/1425 3410/1522/1424 3442/1552/1456 3443/1553/1457
f 3425/1525/1439 3424/1523/1438 3456/1551/1470 3457/1554/1471
f 3412/1526/1426 3411/1524/1425 3443/1553/1457 3444/1555/1458
f 3426/1527/1440 3425/1525/1439 3457/1554/1471 3458/1556/1472
f 3413/1528/1427 3412/1526/1426 3444/1555/1458 3445/1557/1459
f 3400/1530/1414 3431/1558/1445 3432/1559/1446
f 3427/1531/1441 3426/1527/1440 3458/1556/1472 3459/1560/1473
f 3414/1532/1428 3413/1528/1427 3445/1557/1459 3446/1561/1460
f 3401/1533/1415 3400/1530/1414 3432/1559/1446 3433/1562/1447
f 3428/1534/1442 3427/1531/1441 3459/1560/1473 3460/1563/1474
f 3415/1535/1429 3414/1532/1428 3446/1561/1460 3447/1564/1461
f 3402/1536/1416 3401/1533/1415 3433/1562/1447 3434/1565/1448
f 3429/1537/1443 3428/1534/1442 3460/1563/1474 3461/1566/1475
f 3416/1538/1430 3415/1535/1429 3447/1564/1461 3448/1567/1462
f 3403/1539/1417 3402/1536/1416 3434/1565/1448 3435/1568/1449
f 3430/1540/1444 3429/1537/1443 3461/1566/1475 3462/1569/1476
f 3417/1541/1431 3416/1538/1430 3448/1567/1462 3449/1570/1463
f 3404/1542/1418 3403/1539/1417 3435/1568/1449 3436/1571/1450
f 2965/1572/979 3430/1540/1444 3462/1569/1476
f 3418/1544/1432 3417/1541/1431 3449/1570/1463 3450/1573/1464
f 3405/1545/1419 3404/1542/1418 3436/1571/1450 3437/1574/1451
f 3419/1546/1433 3418/1544/1432 3450/1573/1464 3451/1575/1465
f 3406/1547/1420 3405/1545/1419 3437/1574/1451 3438/1576/1452
f 3420/1548/1434 3419/1546/1433 3451/1575/1465 3452/1577/1466
f 3407/1549/1421 3406/1547/1420 3438/1576/1452 3439/1578/1453
f 3421/1517/1435 3420/1548/1434 3452/1577/1466 3453/1579/1467
f 3408/1519/1422 3407/1549/1421 3439/1578/1453 3440/1580/1454
f 3422/1518/1436 3421/1517/1435 3453/1579/1467 3454/1581/1468
f 3409/1520/1423 3408/1519/1422 3440/1580/1454 3441/1582/1455
f 3423/1521/1437 3422/1518/1436 3454/1581/1468 3455/1550/1469
f 3410/1522/1424 3409/1520/1423 3441/1582/1455 3442/1552/1456
f 3458/1556/1472 3457/1554/1471 3488/1583/1502 3489/1584/1503
f 3445/1557/1459 3444/1555/1458 3475/1585/1489 3476/1586/1490
f 3432/1559/1446 3431/1587/1445 3463/1588/1477
f 3459/1560/1473 3458/1556/1472 3489/1584/1503 3490/1589/1504
f 3446/1561/1460 3445/1557/1459 3476/1586/1490 3477/1590/1491
f 3433/1562/1447 3432/1559/1446 3463/1588/1477 3464/1591/1478
f 3460/1563/1474 3459/1560/1473 3490/1589/1504 3491/1592/1505
f 3447/1564/1461 3446/1561/1460 3477/1590/1491 3478/1593/1492
f 3434/1565/1448 3433/1562/1447 3464/1591/1478 3465/1594/1479
f 3461/1566/1475 3460/1563/1474 3491/1592/1505 3492/1595/1506
f 3448/1567/1462 3447/1564/1461 3478/1593/1492 3479/1596/1493
f 3435/1568/1449 3434/1565/1448 3465/1594/1479 3466/1597/1480
f 3462/1569/1476 3461/1566/1475 3492/1595/1506 3493/1598/1507
f 3449/1570/1463 3448/1567/1462 3479/1596/1493 3480/1599/1494
f 3436/1571/1450 3435/1568/1449 3466/1597/1480 3467/1600/1481
f 2965/1601/979 3462/1569/1476 3493/1598/1507
f 3450/1573/1464 3449/1570/1463 3480/1599/1494 3481/1602/1495
f 3437/1574/1451 3436/1571/1450 3467/1600/1481 3468/1603/1482
f 3451/1575/1465 3450/1573/1464 3481/1602/1495 3482/1604/1496
f 3438/1576/1452 3437/1574/1451 3468/1603/1482 3469/1605/1483
f 3452/1577/1466 3451/1575/1465 3482/1604/1496 3483/1606/1497
f 3439/1578/1453 3438/1576/1452 3469/1605/1483 3470/1607/1484
f 3453/1579/1467 3452/1577/1466 3483/1606/1497 3484/1608/1498
f 3440/1580/1454 3439/1578/1453 3470/1607/1484 3471/1609/1485
f 3454/1581/1468 3453/1579/1467 3484/1608/1498 3485/1610/1499
f 3441/1582/1455 3440/1580/1454 3471/1609/1485 3472/1611/1486
f 3455/1550/1469 3454/1581/1468 3485/1610/1499 3486/1612/1500
f 3442/1552/1456 3441/1582/1455 3472/1611/1486 3473/1613/1487
f 3456/1551/1470 3455/1550/1469 3486/1612/1500 3487/1614/1501
f 3443/1553/1457 3442/1552/1456 3473/1613/1487 3474/1615/1488
f 3457/1554/1471 3456/1551/1470 3487/1614/1501 3488/1583/1502
f 3444/1555/1458 3443/1553/1457 3474/1615/1488 3475/1585/1489
f 3491/1616/1505 3490/1617/1504 3521/1618/1535 3522/1619/1536
f 3478/1620/1492 3477/1621/1491 3508/1622/1522 3509/1623/1523
f 3465/1624/1479 3464/1625/1478 3495/1626/1509 3496/1627/1510
f 3492/1628/1506 3491/1616/1505 3522/1619/1536 3523/1629/1537
f 3479/1630/1493 3478/1620/1492 3509/1623/1523 3510/1631/1524
f 3466/1632/1480 3465/1624/1479 3496/1627/1510 3497/1633/1511
f 3493/1634/1507 3492/1628/1506 3523/1629/1537 3524/1635/1538
f 3480/1636/1494 3479/1630/1493 3510/1631/1524 3511/1637/1525
f 3467/1638/1481 3466/1632/1480 3497/1633/1511 3498/1639/1512
f 2965/1640/979 3493/1634/1507 3524/1635/1538
f 3481/1641/1495 3480/1636/1494 3511/1637/1525 3512/1642/1526
f 3468/1643/1482 3467/1638/1481 3498/1639/1512 3499/1644/1513
f 3482/1645/1496 3481/1641/1495 3512/1642/1526 3513/1646/1527
f 3469/1647/1483 3468/1643/1482 3499/1644/1513 3500/1648/1514
f 3483/1649/1497 3482/1645/1496 3513/1646/1527 3514/1650/1528
f 3470/1651/1484 3469/1647/1483 3500/1648/1514 3501/1652/1515
f 3484/1653/1498 3483/1649/1497 3514/1650/1528 3515/1654/1529
f 3471/1655/1485 3470/1651/1484 3501/1652/1515 3502/1656/1516
f 3485/1657/1499 3484/1653/1498 3515/1654/1529 3516/1658/1530
f 3472/1659/1486 3471/1655/1485 3502/1656/1516 3503/1660/1517
f 3486/1661/1500 3485/1657/1499 3516/1658/1530 3517/1662/1531
f 3473/1663/1487 3472/1659/1486 3503/1660/1517 3504/1664/1518
f 3487/1665/1501 3486/1661/1500 3517/1662/1531 3518/1666/1532
f 3474/1667/1488 3473/1663/1487 3504/1664/1518 3505/1668/1519
f 3488/1669/1502 3487/1665/1501 3518/1666/1532 3519/1670/1533
f 3475/1671/1489 3474/1667/1488 3505/1668/1519 3506/1672/1520
f 3489/1673/1503 3488/1669/1502 3519/1670/1533 3520/1674/1534
f 3476/1675/1490 3475/1671/1489 3506/1672/1520 3507/1676/1521
f 3463/1677/1477 3431/1678/1445 3494/1679/1508
f 3490/1617/1504 3489/1673/1503 3520/1674/1534 3521/1618/1535
f 3477/1621/1491 3476/1675/1490 3507/1676/1521 3508/1622/1522
f 3464/1625/1478 3463/1677/1477 3494/1679/1508 3495/1626/1509
f 3524/1635/1538 3523/1629/1537 3554/1680/1568 3555/1681/1569
f 3511/1637/1525 3510/1631/1524 3541/1682/1555 3542/1683/1556
f 3498/1639/1512 3497/1633/1511 3528/1684/1542 3529/1685/1543
f 2965/1686/979 3524/1635/1538 3555/1681/1569
f 3512/1642/1526 3511/1637/1525 3542/1683/1556 3543/1687/1557
f 3499/1644/1513 3498/1639/1512 3529/1685/1543 3530/1688/1544
f 3513/1646/1527 3512/1642/1526 3543/1687/1557 3544/1689/1558
f 3500/1648/1514 3499/1644/1513 3530/1688/1544 3531/1690/1545
f 3514/1650/1528 3513/1646/1527 3544/1689/1558 3545/1691/1559
f 3501/1652/1515 3500/1648/1514 3531/1690/1545 3532/1692/1546
f 3515/1654/1529 3514/1650/1528 3545/1691/1559 3546/1693/1560
f 3502/1656/1516 3501/1652/1515 3532/1692/1546 3533/1694/1547
f 3516/1658/1530 3515/1654/1529 3546/1693/1560 3547/1695/1561
f 3503/1660/1517 3502/1656/1516 3533/1694/1547 3534/1696/1548
f 3517/1662/1531 3516/1658/1530 3547/1695/1561 3548/1697/1562
f 3504/1664/1518 3503/1660/1517 3534/1696/1548 3535/1698/1549
f 3518/1666/1532 3517/1662/1531 3548/1697/1562 3549/1699/1563
f 3505/1668/1519 3504/1664/1518 3535/1698/1549 3536/1700/1550
f 3519/1670/1533 3518/1666/1532 3549/1699/1563 3550/1701/1564
f 3506/1672/1520 3505/1668/1519 3536/1700/1550 3537/1702/1551
f 3520/1674/1534 3519/1670/1533 3550/1701/1564 3551/1703/1565
f 3507/1676/1521 3506/1672/1520 3537/1702/1551 3538/1704/1552
f 3494/1679/1508 3431/1705/1445 3525/1706/1539
f 3521/1618/1535 3520/1674/1534 3551/1703/1565 3552/1707/1566
f 3508/1622/1522 3507/1676/1521 3538/1704/1552 3539/1708/1553
f 3495/1626/1509 3494/1679/1508 3525/1706/1539 3526/1709/1540
f 3522/1619/1536 3521/1618/1535 3552/1707/1566 3553/1710/1567
f 3509/1623/1523 3508/1622/1522 3539/1708/1553 3540/1711/1554
f 3496/1627/1510 3495/1626/1509 3526/1709/1540 3527/1712/1541
f 3523/1629/1537 3522/1619/1536 3553/1710/1567 3554/1680/1568
f 3510/1631/1524 3509/1623/1523 3540/1711/1554 3541/1682/1555
f 3497/1633/1511 3496/1627/1510 3527/1712/1541 3528/1684/1542
f 3544/1689/1558 3543/1687/1557 3574/1713/1588 3575/1714/1589
f 3531/1690/1545 3530/1688/1544 3561/1715/1575 3562/1716/1576
f 3545/1691/1559 3544/1689/1558 3575/1714/1589 3576/1717/1590
f 3532/1692/1546 3531/1690/1545 3562/1716/1576 3563/1718/1577
f 3546/1693/1560 3545/1691/1559 3576/1717/1590 3577/1719/1591
f 3533/1694/1547 3532/1692/1546 3563/1718/1577 3564/1720/1578
f 3547/1695/1561 3546/1693/1560 3577/1719/1591 3578/1721/1592
f 3534/1696/1548 3533/1694/1547 3564/1720/1578 3565/1722/1579
f 3548/1697/1562 3547/1695/1561 3578/1721/1592 3579/1723/1593
f 3535/1698/1549 3534/1696/1548 3565/1722/1579 3566/1724/1580
f 3549/1699/1563 3548/1697/1562 3579/1723/1593 3580/1725/1594
f 3536/1700/1550 3535/1698/1549 3566/1724/1580 3567/1726/1581
f 3550/1701/1564 3549/1699/1563 3580/1725/1594 3581/1727/1595
f 3537/1702/1551 3536/1700/1550 3567/1726/1581 3568/1728/1582
f 3551/1703/1565 3550/1701/1564 3581/1727/1595 3582/1729/1596
f 3538/1704/1552 3537/1702/1551 3568/1728/1582 3569/1730/1583
f 3525/1706/1539 3431/1731/1445 3556/1732/1570
f 3552/1707/1566 3551/1703/1565 3582/1729/1596 3583/1733/1597
f 3539/1708/1553 3538/1704/1552 3569/1730/1583 3570/1734/1584
f 3526/1709/1540 3525/1706/1539 3556/1732/1570 3557/1735/1571
f 3553/1710/1567 3552/1707/1566 3583/1733/1597 3584/1736/1598
f 3540/1711/1554 3539/1708/1553 3570/1734/1584 3571/1737/1585
f 3527/1712/1541 3526/1709/1540 3557/1735/1571 3558/1738/1572
f 3554/1680/1568 3553/1710/1567 3584/1736/1598 3585/1739/1599
f 3541/1682/1555 3540/1711/1554 3571/1737/1585 3572/1740/1586
f 3528/1684/1542 3527/1712/1541 3558/1738/1572 3559/1741/1573
f 3555/1681/1569 3554/1680/1568 3585/1739/1599 3586/1742/1600
f 3542/1683/1556 3541/1682/1555 3572/1740/1586 3573/1743/1587
f 3529/1685/1543 3528/1684/1542 3559/1741/1573 3560/1744/1574
f 2965/1745/979 3555/1681/1569 3586/1742/1600
f 3543/1687/1557 3542/1683/1556 3573/1743/1587 3574/1713/1588
f 3530/1688/1544 3529/1685/1543 3560/1744/1574 3561/1715/1575
f 3576/1717/1590 3575/1714/1589 3606/1746/1620 3607/1747/1621
f 3563/1718/1577 3562/1716/1576 3593/1748/1607 3594/1749/1608
f 3577/1719/1591 3576/1717/1590 3607/1747/1621 3608/1750/1622
f 3564/1720/1578 3563/1718/1577 3594/1749/1608 3595/1751/1609
f 3578/1721/1592 3577/1719/1591 3608/1750/1622 3609/1752/1623
f 3565/1722/1579 3564/1720/1578 3595/1751/1609 3596/1753/1610
f 3579/1723/1593 3578/1721/1592 3609/1752/1623 3610/1754/1624
f 3566/1724/1580 3565/1722/1579 3596/1753/1610 3597/1755/1611
f 3580/1725/1594 3579/1723/1593 3610/1754/1624 3611/1756/1625
f 3567/1726/1581 3566/1724/1580 3597/1755/1611 3598/1757/1612
f 3581/1727/1595 3580/1725/1594 3611/1756/1625 3612/1758/1626
f 3568/1728/1582 3567/1726/1581 3598/1757/1612 3599/1759/1613
f 3582/1729/1596 3581/1727/1595 3612/1758/1626 3613/1760/1627
f 3569/1730/1583 3568/1728/1582 3599/1759/1613 3600/1761/1614
f 3556/1732/1570 3431/1762/1445 3587/1763/1601
f 3583/1733/1597 3582/1729/1596 3613/1760/1627 3614/1764/1628
f 3570/1734/1584 3569/1730/1583 3600/1761/1614 3601/1765/1615
f 3557/1735/1571 3556/1732/1570 3587/1763/1601 3588/1766/1602
f 3584/1736/1598 3583/1733/1597 3614/1764/1628 3615/1767/1629
f 3571/1737/1585 3570/1734/1584 3601/1765/1615 3602/1768/1616
f 3558/1738/1572 3557/1735/1571 3588/1766/1602 3589/1769/1603
f 3585/1739/1599 3584/1736/1598 3615/1767/1629 3616/1770/1630
f 3572/1740/1586 3571/1737/1585 3602/1768/1616 3603/1771/1617
f 3559/1741/1573 3558/1738/1572 3589/1769/1603 3590/1772/1604
f 3586/1742/1600 3585/1739/1599 3616/1770/1630 3617/1773/1631
f 3573/1743/1587 3572/1740/1586 3603/1771/1617 3604/1774/1618
f 3560/1744/1574 3559/1741/1573 3590/1772/1604 3591/1775/1605
f 2965/1776/979 3586/1742/1600 3617/1773/1631
f 3574/1713/1588 3573/1743/1587 3604/1774/1618 3605/1777/1619
f 3561/1715/1575 3560/1744/1574 3591/1775/1605 3592/1778/1606
f 3575/1714/1589 3574/1713/1588 3605/1777/1619 3606/1746/1620
f 3562/1716/1576 3561/1715/1575 3592/1778/1606 3593/1748/1607
f 3609/1752/1623 3608/1750/1622 3639/1779/1653 3640/1780/1654
f 3596/1753/1610 3595/1751/1609 3626/1781/1640 3627/1782/1641
f 3610/1754/1624 3609/1752/1623 3640/1780/1654 3641/1783/1655
f 3597/1755/1611 3596/1753/1610 3627/1782/1641 3628/1784/1642
f 3611/1756/1625 3610/1754/1624 3641/1783/1655 3642/1785/1656
f 3598/1757/1612 3597/1755/1611 3628/1784/1642 3629/1786/1643
f 3612/1758/1626 3611/1756/1625 3642/1785/1656 3643/1787/1657
f 3599/1759/1613 3598/1757/1612 3629/1786/1643 3630/1788/1644
f 3613/1760/1627 3612/1758/1626 3643/1787/1657 3644/1789/1658
f 3600/1761/1614 3599/1759/1613 3630/1788/1644 3631/1790/1645
f 3587/1763/1601 3431/1791/1445 3618/1792/1632
f 3614/1764/1628 3613/1760/1627 3644/1789/1658 3645/1793/1659
f 3601/1765/1615 3600/1761/1614 3631/1790/1645 3632/1794/1646
f 3588/1766/1602 3587/1763/1601 3618/1792/1632 3619/1795/1633
f 3615/1767/1629 3614/1764/1628 3645/1793/1659 3646/1796/1660
f 3602/1768/1616 3601/1765/1615 3632/1794/1646 3633/1797/1647
f 3589/1769/1603 3588/1766/1602 3619/1795/1633 3620/1798/1634
f 3616/1770/1630 3615/1767/1629 3646/1796/1660 3647/1799/1661
f 3603/1771/1617 3602/1768/1616 3633/1797/1647 3634/1800/1648
f 3590/1772/1604 3589/1769/1603 3620/1798/1634 3621/1801/1635
f 3617/1773/1631 3616/1770/1630 3647/1799/1661 3648/1802/1662
f 3604/1774/1618 3603/1771/1617 3634/1800/1648 3635/1803/1649
f 3591/1775/1605 3590/1772/1604 3621/1801/1635 3622/1804/1636
f 2965/1805/979 3617/1773/1631 3648/1802/1662
f 3605/1777/1619 3604/1774/1618 3635/1803/1649 3636/1806/1650
f 3592/1778/1606 3591/1775/1605 3622/1804/1636 3623/1807/1637
f 3606/1746/1620 3605/1777/1619 3636/1806/1650 3637/1808/1651
f 3593/1748/1607 3592/1778/1606 3623/1807/1637 3624/1809/1638
f 3607/1747/1621 3606/1746/1620 3637/1808/1651 3638/1810/1652
f 3594/1749/1608 3593/1748/1607 3624/1809/1638 3625/1811/1639
f 3608/1750/1622 3607/1747/1621 3638/1810/1652 3639/1779/1653
f 3595/1751/1609 3594/1749/1608 3625/1811/1639 3626/1781/1640
f 3642/1785/1656 3641/1783/1655 3672/1812/1686 3673/1813/1687
f 3629/1786/1643 3628/1784/1642 3659/1814/1673 3660/1815/1674
f 3643/1787/1657 3642/1785/1656 3673/1813/1687 3674/1816/1688
f 3630/1788/1644 3629/1786/1643 3660/1815/1674 3661/1817/1675
f 3644/1789/1658 3643/1787/1657 3674/1816/1688 3675/1818/1689
f 3631/1790/1645 3630/1788/1644 3661/1817/1675 3662/1819/1676
f 3618/1792/1632 3431/1820/1445 3649/1821/1663
f 3645/1793/1659 3644/1789/1658 3675/1818/1689 3676/1822/1690
f 3632/1794/1646 3631/1790/1645 3662/1819/1676 3663/1823/1677
f 3619/1795/1633 3618/1792/1632 3649/1821/1663 3650/1824/1664
f 3646/1796/1660 3645/1793/1659 3676/1822/1690 3677/1825/1691
f 3633/1797/1647 3632/1794/1646 3663/1823/1677 3664/1826/1678
f 3620/1798/1634 3619/1795/1633 3650/1824/1664 3651/1827/1665
f 3647/1799/1661 3646/1796/1660 3677/1825/1691 3678/1828/1692
f 3634/1800/1648 3633/1797/1647 3664/1826/1678 3665/1829/1679
f 3621/1801/1635 3620/1798/1634 3651/1827/1665 3652/1830/1666
f 3648/1802/1662 3647/1799/1661 3678/1828/1692 3679/1831/1693
f 3635/1803/1649 3634/1800/1648 3665/1829/1679 3666/1832/1680
f 3622/1804/1636 3621/1801/1635 3652/1830/1666 3653/1833/1667
f 2965/1834/979 3648/1802/1662 3679/1831/1693
f 3636/1806/1650 3635/1803/1649 3666/1832/1680 3667/1835/1681
f 3623/1807/1637 3622/1804/1636 3653/1833/1667 3654/1836/1668
f 3637/1808/1651 3636/1806/1650 3667/1835/1681 3668/1837/1682
f 3624/1809/1638 3623/1807/1637 3654/1836/1668 3655/1838/1669
f 3638/1810/1652 3637/1808/1651 3668/1837/1682 3669/1839/1683
f 3625/1811/1639 3624/1809/1638 3655/1838/1669 3656/1840/1670
f 3639/1779/1653 3638/1810/1652 3669/1839/1683 3670/1841/1684
f 3626/1781/1640 3625/1811/1639 3656/1840/1670 3657/1842/1671
f 3640/1780/1654 3639/1779/1653 3670/1841/1684 3671/1843/1685
f 3627/1782/1641 3626/1781/1640 3657/1842/1671 3658/1844/1672
f 3641/1783/1655 3640/1780/1654 3671/1843/1685 3672/1812/1686
f 3628/1784/1642 3627/1782/1641 3658/1844/1672 3659/1814/1673
f 3675/1818/1689 3674/1816/1688 3705/1845/1719 3706/1846/1720
f 3662/1819/1676 3661/1817/1675 3692/1847/1706 3693/1848/1707
f 3649/1821/1663 3431/1849/1445 3680/1850/1694
f 3676/1822/1690 3675/1818/1689 3706/1846/1720 3707/1851/1721
f 3663/1823/1677 3662/1819/1676 3693/1848/1707 3694/1852/1708
f 3650/1824/1664 3649/1821/1663 3680/1850/1694 3681/1853/1695
f 3677/1825/1691 3676/1822/1690 3707/1851/1721 3708/1854/1722
f 3664/1826/1678 3663/1823/1677 3694/1852/1708 3695/1855/1709
f 3651/1827/1665 3650/1824/1664 3681/1853/1695 3682/1856/1696
f 3678/1828/1692 3677/1825/1691 3708/1854/1722 3709/1857/1723
f 3665/1829/1679 3664/1826/1678 3695/1855/1709 3696/1858/1710
f 3652/1830/1666 3651/1827/1665 3682/1856/1696 3683/1859/1697
f 3679/1831/1693 3678/1828/1692 3709/1857/1723 3710/1860/1724
f 3666/1832/1680 3665/1829/1679 3696/1858/1710 3697/1861/1711
f 3653/1833/1667 3652/1830/1666 3683/1859/1697 3684/1862/1698
f 2965/1863/979 3679/1831/1693 3710/1860/1724
f 3667/1835/1681 3666/1832/1680 3697/1861/1711 3698/1864/1712
f 3654/1836/1668 3653/1833/1667 3684/1862/1698 3685/1865/1699
f 3668/1837/1682 3667/1835/1681 3698/1864/1712 3699/1866/1713
f 3655/1838/1669 3654/1836/1668 3685/1865/1699 3686/1867/1700
f 3669/1839/1683 3668/1837/1682 3699/1866/1713 3700/1868/1714
f 3656/1840/1670 3655/1838/1669 3686/1867/1700 3687/1869/1701
f 3670/1841/1684 3669/1839/1683 3700/1868/1714 3701/1870/1715
f 3657/1842/1671 3656/1840/1670 3687/1869/1701 3688/1871/1702
f 3671/1843/1685 3670/1841/1684 3701/1870/1715 3702/1872/1716
f 3658/1844/1672 3657/1842/1671 3688/1871/1702 3689/1873/1703
f 3672/1812/1686 3671/1843/1685 3702/1872/1716 3703/1874/1717
f 3659/1814/1673 3658/1844/1672 3689/1873/1703 3690/1875/1704
f 3673/1813/1687 3672/1812/1686 3703/1874/1717 3704/1876/1718
f 3660/1815/1674 3659/1814/1673 3690/1875/1704 3691/1877/1705
f 3674/1816/1688 3673/1813/1687 3704/1876/1718 3705/1845/1719
f 3661/1817/1675 3660/1815/1674 3691/1877/1705 3692/1847/1706
f 3681/1853/1695 3680/1850/1694 3711/1878/1725 3712/1879/1726
f 3708/1854/1722 3707/1851/1721 3738/1880/1752 3739/1881/1753
f 3695/1855/1709 3694/1852/1708 3725/1882/1739 3726/1883/1740
f 3682/1856/1696 3681/1853/1695 3712/1879/1726 3713/1884/1727
f 3709/1857/1723 3708/1854/1722 3739/1881/1753 3740/1885/1754
f 3696/1858/1710 3695/1855/1709 3726/1883/1740 3727/1886/1741
f 3683/1859/1697 3682/1856/1696 3713/1884/1727 3714/1887/1728
f 3710/1860/1724 3709/1857/1723 3740/1885/1754 3741/1888/1755
f 3697/1861/1711 3696/1858/1710 3727/1886/1741 3728/1889/1742
f 3684/1862/1698 3683/1859/1697 3714/1887/1728 3715/1890/1729
f 2965/1891/979 3710/1860/1724 3741/1888/1755
f 3698/1864/1712 3697/1861/1711 3728/1889/1742 3729/1892/1743
f 3685/1865/1699 3684/1862/1698 3715/1890/1729 3716/1893/1730
f 3699/1866/1713 3698/1864/1712 3729/1892/1743 3730/1894/1744
f 3686/1867/1700 3685/1865/1699 3716/1893/1730 3717/1895/1731
f 3700/1868/1714 3699/1866/1713 3730/1894/1744 3731/1896/1745
f 3687/1869/1701 3686/1867/1700 3717/1895/1731 3718/1897/1732
f 3701/1870/1715 3700/1868/1714 3731/1896/1745 3732/1898/1746
f 3688/1871/1702 3687/1869/1701 3718/1897/1732 3719/1899/1733
f 3702/1872/1716 3701/1870/1715 3732/1898/1746 3733/1900/1747
f 3689/1873/1703 3688/1871/1702 3719/1899/1733 3720/1901/1734
f 3703/1874/1717 3702/1872/1716 3733/1900/1747 3734/1902/1748
f 3690/1875/1704 3689/1873/1703 3720/1901/1734 3721/1903/1735
f 3704/1876/1718 3703/1874/1717 3734/1902/1748 3735/1904/1749
f 3691/1877/1705 3690/1875/1704 3721/1903/1735 3722/1905/1736
f 3705/1845/1719 3704/1876/1718 3735/1904/1749 3736/1906/1750
f 3692/1847/1706 3691/1877/1705 3722/1905/1736 3723/1907/1737
f 3706/1846/1720 3705/1845/1719 3736/1906/1750 3737/1908/1751
f 3693/1848/1707 3692/1847/1706 3723/1907/1737 3724/1909/1738
f 3680/1850/1694 3431/1910/1445 3711/1878/1725
f 3707/1851/1721 3706/1846/1720 3737/1908/1751 3738/1880/1752
f 3694/1852/1708 3693/1848/1707 3724/1909/1738 3725/1882/1739
f 3714/1887/1728 3713/1884/1727 3744/1911/1758 3745/1912/1759
f 3741/1888/1755 3740/1885/1754 3771/1913/1785 3772/1914/1786
f 3728/1889/1742 3727/1886/1741 3758/1915/1772 3759/1916/1773
f 3715/1890/1729 3714/1887/1728 3745/1912/1759 3746/1917/1760
f 2965/1918/979 3741/1888/1755 3772/1914/1786
f 3729/1892/1743 3728/1889/1742 3759/1916/1773 3760/1919/1774
f 3716/1893/1730 3715/1890/1729 3746/1917/1760 3747/1920/1761
f 3730/1894/1744 3729/1892/1743 3760/1919/1774 3761/1921/1775
f 3717/1895/1731 3716/1893/1730 3747/1920/1761 3748/1922/1762
f 3731/1896/1745 3730/1894/1744 3761/1921/1775 3762/1923/1776
f 3718/1897/1732 3717/1895/1731 3748/1922/1762 3749/1924/1763
f 3732/1898/1746 3731/1896/1745 3762/1923/1776 3763/1925/1777
f 3719/1899/1733 3718/1897/1732 3749/1924/1763 3750/1926/1764
f 3733/1900/1747 3732/1898/1746 3763/1925/1777 3764/1927/1778
f 3720/1901/1734 3719/1899/1733 3750/1926/1764 3751/1928/1765
f 3734/1902/1748 3733/1900/1747 3764/1927/1778 3765/1929/1779
f 3721/1903/1735 3720/1901/1734 3751/1928/1765 3752/1930/1766
f 3735/1904/1749 3734/1902/1748 3765/1929/1779 3766/1931/1780
f 3722/1905/1736 3721/1903/1735 3752/1930/1766 3753/1932/1767
f 3736/1906/1750 3735/1904/1749 3766/1931/1780 3767/1933/1781
f 3723/1907/1737 3722/1905/1736 3753/1932/1767 3754/1934/1768
f 3737/1908/1751 3736/1906/1750 3767/1933/1781 3768/1935/1782
f 3724/1909/1738 3723/1907/1737 3754/1934/1768 3755/1936/1769
f 3711/1878/1725 3431/1937/1445 3742/1938/1756
f 3738/1880/1752 3737/1908/1751 3768/1935/1782 3769/1939/1783
f 3725/1882/1739 3724/1909/1738 3755/1936/1769 3756/1940/1770
f 3712/1879/1726 3711/1878/1725 3742/1938/1756 3743/1941/1757
f 3739/1881/1753 3738/1880/1752 3769/1939/1783 3770/1942/1784
f 3726/1883/1740 3725/1882/1739 3756/1940/1770 3757/1943/1771
f 3713/1884/1727 3712/1879/1726 3743/1941/1757 3744/1911/1758
f 3740/1885/1754 3739/1881/1753 3770/1942/1784 3771/1913/1785
f 3727/1886/1741 3726/1883/1740 3757/1943/1771 3758/1915/1772
f 3747/1920/1761 3746/1917/1760 3777/1944/1791 3778/1945/1792
f 3761/1921/1775 3760/1919/1774 3791/1946/1805 3792/1947/1806
f 3748/1922/1762 3747/1920/1761 3778/1945/1792 3779/1948/1793
f 3762/1923/1776 3761/1921/1775 3792/1947/1806 3793/1949/1807
f 3749/1924/1763 3748/1922/1762 3779/1948/1793 3780/1950/1794
f 3763/1925/1777 3762/1923/1776 3793/1949/1807 3794/1951/1808
f 3750/1926/1764 3749/1924/1763 3780/1950/1794 3781/1952/1795
f 3764/1927/1778 3763/1925/1777 3794/1951/1808 3795/1953/1809
f 3751/1928/1765 3750/1926/1764 3781/1952/1795 3782/1954/1796
f 3765/1929/1779 3764/1927/1778 3795/1953/1809 3796/1955/1810
f 3752/1930/1766 3751/1928/1765 3782/1954/1796 3783/1956/1797
f 3766/1931/1780 3765/1929/1779 3796/1955/1810 3797/1957/1811
f 3753/1932/1767 3752/1930/1766 3783/1956/1797 3784/1958/1798
f 3767/1933/1781 3766/1931/1780 3797/1957/1811 3798/1959/1812
f 3754/1934/1768 3753/1932/1767 3784/1958/1798 3785/1960/1799
f 3768/1935/1782 3767/1933/1781 3798/1959/1812 3799/1961/1813
f 3755/1936/1769 3754/1934/1768 3785/1960/1799 3786/1962/1800
f 3742/1938/1756 3431/1963/1445 3773/1964/1787
f 3769/1939/1783 3768/1935/1782 3799/1961/1813 3800/1965/1814
f 3756/1940/1770 3755/1936/1769 3786/1962/1800 3787/1966/1801
f 3743/1941/1757 3742/1938/1756 3773/1964/1787 3774/1967/1788
f 3770/1942/1784 3769/1939/1783 3800/1965/1814 3801/1968/1815
f 3757/1943/1771 3756/1940/1770 3787/1966/1801 3788/1969/1802
f 3744/1911/1758 3743/1941/1757 3774/1967/1788 3775/1970/1789
f 3771/1913/1785 3770/1942/1784 3801/1968/1815 3802/1971/1816
f 3758/1915/1772 3757/1943/1771 3788/1969/1802 3789/1972/1803
f 3745/1912/1759 3744/1911/1758 3775/1970/1789 3776/1973/1790
f 3772/1914/1786 3771/1913/1785 3802/1971/1816 3803/1974/1817
f 3759/1916/1773 3758/1915/1772 3789/1972/1803 3790/1975/1804
f 3746/1917/1760 3745/1912/1759 3776/1973/1790 3777/1944/1791
f 2965/1976/979 3772/1914/1786 3803/1974/1817
f 3760/1919/1774 3759/1916/1773 3790/1975/1804 3791/1946/1805
f 3780/1950/1794 3779/1948/1793 3810/1977/1824 3811/1978/1825
f 3794/1951/1808 3793/1949/1807 3824/1979/1838 3825/1980/1839
f 3781/1952/1795 3780/1950/1794 3811/1978/1825 3812/1981/1826
f 3795/1953/1809 3794/1951/1808 3825/1980/1839 3826/1982/1840
f 3782/1954/1796 3781/1952/1795 3812/1981/1826 3813/1983/1827
f 3796/1955/1810 3795/1953/1809 3826/1982/1840 3827/1984/1841
f 3783/1956/1797 3782/1954/1796 3813/1983/1827 3814/1985/1828
f 3797/1957/1811 3796/1955/1810 3827/1984/1841 3828/1986/1842
f 3784/1958/1798 3783/1956/1797 3814/1985/1828 3815/1987/1829
f 3798/1959/1812 3797/1957/1811 3828/1986/1842 3829/1988/1843
f 3785/1960/1799 3784/1958/1798 3815/1987/1829 3816/1989/1830
f 3799/1961/1813 3798/1959/1812 3829/1988/1843 3830/1990/1844
f 3786/1962/1800 3785/1960/1799 3816/1989/1830 3817/1991/1831
f 3773/1964/1787 3431/1992/1445 3804/1993/1818
f 3800/1965/1814 3799/1961/1813 3830/1990/1844 3831/1994/1845
f 3787/1966/1801 3786/1962/1800 3817/1991/1831 3818/1995/1832
f 3774/1967/1788 3773/1964/1787 3804/1993/1818 3805/1996/1819
f 3801/1968/1815 3800/1965/1814 3831/1994/1845 3832/1997/1846
f 3788/1969/1802 3787/1966/1801 3818/1995/1832 3819/1998/1833
f 3775/1970/1789 3774/1967/1788 3805/1996/1819 3806/1999/1820
f 3802/1971/1816 3801/1968/1815 3832/1997/1846 3833/2000/1847
f 3789/1972/1803 3788/1969/1802 3819/1998/1833 3820/2001/1834
f 3776/1973/1790 3775/1970/1789 3806/1999/1820 3807/2002/1821
f 3803/1974/1817 3802/1971/1816 3833/2000/1847 3834/2003/1848
f 3790/1975/1804 3789/1972/1803 3820/2001/1834 3821/2004/1835
f 3777/1944/1791 3776/1973/1790 3807/2002/1821 3808/2005/1822
f 2965/2006/979 3803/1974/1817 3834/2003/1848
f 3791/1946/1805 3790/1975/1804 3821/2004/1835 3822/2007/1836
f 3778/1945/1792 3777/1944/1791 3808/2005/1822 3809/2008/1823
f 3792/1947/1806 3791/1946/1805 3822/2007/1836 3823/2009/1837
f 3779/1948/1793 3778/1945/1792 3809/2008/1823 3810/1977/1824
f 3793/1949/1807 3792/1947/1806 3823/2009/1837 3824/1979/1838
f 3813/1983/1827 3812/1981/1826 3843/2010/1857 3844/2011/1858
f 3827/1984/1841 3826/1982/1840 3857/2012/1871 3858/2013/1872
f 3814/1985/1828 3813/1983/1827 3844/2011/1858 3845/2014/1859
f 3828/1986/1842 3827/1984/1841 3858/2013/1872 3859/2015/1873
f 3815/1987/1829 3814/1985/1828 3845/2014/1859 3846/2016/1860
f 3829/1988/1843 3828/1986/1842 3859/2015/1873 3860/2017/1874
f 3816/1989/1830 3815/1987/1829 3846/2016/1860 3847/2018/1861
f 3830/1990/1844 3829/1988/1843 3860/2017/1874 3861/2019/1875
f 3817/1991/1831 3816/1989/1830 3847/2018/1861 3848/2020/1862
f 3804/1993/1818 3431/2021/1445 3835/2022/1849
f 3831/1994/1845 3830/1990/1844 3861/2019/1875 3862/2023/1876
f 3818/1995/1832 3817/1991/1831 3848/2020/1862 3849/2024/1863
f 3805/1996/1819 3804/1993/1818 3835/2022/1849 3836/2025/1850
f 3832/1997/1846 3831/1994/1845 3862/2023/1876 3863/2026/1877
f 3819/1998/1833 3818/1995/1832 3849/2024/1863 3850/2027/1864
f 3806/1999/1820 3805/1996/1819 3836/2025/1850 3837/2028/1851
f 3833/2000/1847 3832/1997/1846 3863/2026/1877 3864/2029/1878
f 3820/2001/1834 3819/1998/1833 3850/2027/1864 3851/2030/1865
f 3807/2002/1821 3806/1999/1820 3837/2028/1851 3838/2031/1852
f 3834/2003/1848 3833/2000/1847 3864/2029/1878 3865/2032/1879
f 3821/2004/1835 3820/2001/1834 3851/2030/1865 3852/2033/1866
f 3808/2005/1822 3807/2002/1821 3838/2031/1852 3839/2034/1853
f 2965/2035/979 3834/2003/1848 3865/2032/1879
f 3822/2007/1836 3821/2004/1835 3852/2033/1866 3853/2036/1867
f 3809/2008/1823 3808/2005/1822 3839/2034/1853 3840/2037/1854
f 3823/2009/1837 3822/2007/1836 3853/2036/1867 3854/2038/1868
f 3810/1977/1824 3809/2008/1823 3840/2037/1854 3841/2039/1855
f 3824/1979/1838 3823/2009/1837 3854/2038/1868 3855/2040/1869
f 3811/1978/1825 3810/1977/1824 3841/2039/1855 3842/2041/1856
f 3825/1980/1839 3824/1979/1838 3855/2040/1869 3856/2042/1870
f 3812/1981/1826 3811/1978/1825 3842/2041/1856 3843/2010/1857
f 3826/1982/1840 3825/1980/1839 3856/2042/1870 3857/2012/1871
f 3846/2016/1860 3845/2014/1859 3876/2043/1890 3877/2044/1891
f 3860/2017/1874 3859/2015/1873 3890/2045/1904 3891/2046/1905
f 3847/2018/1861 3846/2016/1860 3877/2044/1891 3878/2047/1892
f 3861/2019/1875 3860/2017/1874 3891/2046/1905 3892/2048/1906
f 3848/2020/1862 3847/2018/1861 3878/2047/1892 3879/2049/1893
f 3835/2022/1849 3431/2050/1445 3866/2051/1880
f 3862/2023/1876 3861/2019/1875 3892/2048/1906 3893/2052/1907
f 3849/2024/1863 3848/2020/1862 3879/2049/1893 3880/2053/1894
f 3836/2025/1850 3835/2022/1849 3866/2051/1880 3867/2054/1881
f 3863/2026/1877 3862/2023/1876 3893/2052/1907 3894/2055/1908
f 3850/2027/1864 3849/2024/1863 3880/2053/1894 3881/2056/1895
f 3837/2028/1851 3836/2025/1850 3867/2054/1881 3868/2057/1882
f 3864/2029/1878 3863/2026/1877 3894/2055/1908 3895/2058/1909
f 3851/2030/1865 3850/2027/1864 3881/2056/1895 3882/2059/1896
f 3838/2031/1852 3837/2028/1851 3868/2057/1882 3869/2060/1883
f 3865/2032/1879 3864/2029/1878 3895/2058/1909 3896/2061/1910
f 3852/2033/1866 3851/2030/1865 3882/2059/1896 3883/2062/1897
f 3839/2034/1853 3838/2031/1852 3869/2060/1883 3870/2063/1884
f 2965/2064/979 3865/2032/1879 3896/2061/1910
f 3853/2036/1867 3852/2033/1866 3883/2062/1897 3884/2065/1898
f 3840/2037/1854 3839/2034/1853 3870/2063/1884 3871/2066/1885
f 3854/2038/1868 3853/2036/1867 3884/2065/1898 3885/2067/1899
f 3841/2039/1855 3840/2037/1854 3871/2066/1885 3872/2068/1886
f 3855/2040/1869 3854/2038/1868 3885/2067/1899 3886/2069/1900
f 3842/2041/1856 3841/2039/1855 3872/2068/1886 3873/2070/1887
f 3856/2042/1870 3855/2040/1869 3886/2069/1900 3887/2071/1901
f 3843/2010/1857 3842/2041/1856 3873/2070/1887 3874/2072/1888
f 3857/2012/1871 3856/2042/1870 3887/2071/1901 3888/2073/1902
f 3844/2011/1858 3843/2010/1857 3874/2072/1888 3875/2074/1889
f 3858/2013/1872 3857/2012/1871 3888/2073/1902 3889/2075/1903
f 3845/2014/1859 3844/2011/1858 3875/2074/1889 3876/2043/1890
f 3859/2015/1873 3858/2013/1872 3889/2075/1903 3890/2045/1904
f 3879/2049/1893 3878/2047/1892 3909/2076/1923 3910/2077/1924
f 3866/2051/1880 3431/2078/1445 3897/2079/1911
f 3893/2052/1907 3892/2048/1906 3923/2080/1937 3924/2081/1938
f 3880/2053/1894 3879/2049/1893 3910/2077/1924 3911/2082/1925
f 3867/2054/1881 3866/2051/1880 3897/2079/1911 3898/2083/1912
f 3894/2055/1908 3893/2052/1907 3924/2081/1938 3925/2084/1939
f 3881/2056/1895 3880/2053/1894 3911/2082/1925 3912/2085/1926
f 3868/2057/1882 3867/2054/1881 3898/2083/1912 3899/2086/1913
f 3895/2058/1909 3894/2055/1908 3925/2084/1939 3926/2087/1940
f 3882/2059/1896 3881/2056/1895 3912/2085/1926 3913/2088/1927
f 3869/2060/1883 3868/2057/1882 3899/2086/1913 3900/2089/1914
f 3896/2061/1910 3895/2058/1909 3926/2087/1940 3927/2090/1941
f 3883/2062/1897 3882/2059/1896 3913/2088/1927 3914/2091/1928
f 3870/2063/1884 3869/2060/1883 3900/2089/1914 3901/2092/1915
f 2965/2093/979 3896/2061/1910 3927/2090/1941
f 3884/2065/1898 3883/2062/1897 3914/2091/1928 3915/2094/1929
f 3871/2066/1885 3870/2063/1884 3901/2092/1915 3902/2095/1916
f 3885/2067/1899 3884/2065/1898 3915/2094/1929 3916/2096/1930
f 3872/2068/1886 3871/2066/1885 3902/2095/1916 3903/2097/1917
f 3886/2069/1900 3885/2067/1899 3916/2096/1930 3917/2098/1931
f 3873/2070/1887 3872/2068/1886 3903/2097/1917 3904/2099/1918
f 3887/2071/1901 3886/2069/1900 3917/2098/1931 3918/2100/1932
f 3874/2072/1888 3873/2070/1887 3904/2099/1918 3905/2101/1919
f 3888/2073/1902 3887/2071/1901 3918/2100/1932 3919/2102/1933
f 3875/2074/1889 3874/2072/1888 3905/2101/1919 3906/2103/1920
f 3889/2075/1903 3888/2073/1902 3919/2102/1933 3920/2104/1934
f 3876/2043/1890 3875/2074/1889 3906/2103/1920 3907/2105/1921
f 3890/2045/1904 3889/2075/1903 3920/2104/1934 3921/2106/1935
f 3877/2044/1891 3876/2043/1890 3907/2105/1921 3908/2107/1922
f 3891/2046/1905 3890/2045/1904 3921/2106/1935 3922/2108/1936
f 3878/2047/1892 3877/2044/1891 3908/2107/1922 3909/2076/1923
f 3892/2048/1906 3891/2046/1905 3922/2108/1936 3923/2080/1937
f 3912/2085/1926 3911/2082/1925 3942/2109/1956 3943/2110/1957
f 3899/2086/1913 3898/2083/1912 3929/2111/1943 3930/2112/1944
f 3926/2087/1940 3925/2084/1939 3956/2113/1970 3957/2114/1971
f 3913/2088/1927 3912/2085/1926 3943/2110/1957 3944/2115/1958
f 3900/2089/1914 3899/2086/1913 3930/2112/1944 3931/2116/1945
f 3927/2090/1941 3926/2087/1940 3957/2114/1971 3958/2117/1972
f 3914/2091/1928 3913/2088/1927 3944/2115/1958 3945/2118/1959
f 3901/2092/1915 3900/2089/1914 3931/2116/1945 3932/2119/1946
f 2965/2120/979 3927/2090/1941 3958/2117/1972
f 3915/2094/1929 3914/2091/1928 3945/2118/1959 3946/2121/1960
f 3902/2095/1916 3901/2092/1915 3932/2119/1946 3933/2122/1947
f 3916/2096/1930 3915/2094/1929 3946/2121/1960 3947/2123/1961
f 3903/2097/1917 3902/2095/1916 3933/2122/1947 3934/2124/1948
f 3917/2098/1931 3916/2096/1930 3947/2123/1961 3948/2125/1962
f 3904/2099/1918 3903/2097/1917 3934/2124/1948 3935/2126/1949
f 3918/2100/1932 3917/2098/1931 3948/2125/1962 3949/2127/1963
f 3905/2101/1919 3904/2099/1918 3935/2126/1949 3936/2128/1950
f 3919/2102/1933 3918/2100/1932 3949/2127/1963 3950/2129/1964
f 3906/2103/1920 3905/2101/1919 3936/2128/1950 3937/2130/1951
f 3920/2104/1934 3919/2102/1933 3950/2129/1964 3951/2131/1965
f 3907/2105/1921 3906/2103/1920 3937/2130/1951 3938/2132/1952
f 3921/2106/1935 3920/2104/1934 3951/2131/1965 3952/2133/1966
f 3908/2107/1922 3907/2105/1921 3938/2132/1952 3939/2134/1953
f 3922/2108/1936 3921/2106/1935 3952/2133/1966 3953/2135/1967
f 3909/2076/1923 3908/2107/1922 3939/2134/1953 3940/2136/1954
f 3923/2080/1937 3922/2108/1936 3953/2135/1967 3954/2137/1968
f 3910/2077/1924 3909/2076/1923 3940/2136/1954 3941/2138/1955
f 3897/2079/1911 3431/2139/1445 3928/2140/1942
f 3924/2081/1938 3923/2080/1937 3954/2137/1968 3955/2141/1969
f 3911/2082/1925 3910/2077/1924 3941/2138/1955 3942/2109/1956
f 3898/2083/1912 3897/2079/1911 3928/2140/1942 3929/2111/1943
f 3925/2084/1939 3924/2081/1938 3955/2141/1969 3956/2113/1970
f 3945/2118/1959 3944/2115/1958 1998/17/12 3964/23/1978
f 3932/2119/1946 3931/2116/1945 1989/19/3 3960/25/1974
f 2965/2142/979 3958/2117/1972 2003/21/17
f 3946/2121/1960 3945/2118/1959 3964/23/1978 3965/28/1979
f 3933/2122/1947 3932/2119/1946 3960/25/1974 3961/30/1975
f 3947/2123/1961 3946/2121/1960 3965/28/1979 1999/32/13
f 3934/2124/1948 3933/2122/1947 3961/30/1975 1990/34/4
f 3948/2125/1962 3947/2123/1961 1999/32/13 3966/36/1980
f 3935/2126/1949 3934/2124/1948 1990/34/4 1991/38/5
f 3949/2127/1963 3948/2125/1962 3966/36/1980 3967/40/1981
f 3936/2128/1950 3935/2126/1949 1991/38/5 1992/42/6
f 3950/2129/1964 3949/2127/1963 3967/40/1981 3968/44/1982
f 3937/2130/1951 3936/2128/1950 1992/42/6 3962/46/1976
f 3951/2131/1965 3950/2129/1964 3968/44/1982 3969/48/1983
f 3938/2132/1952 3937/2130/1951 3962/46/1976 1993/50/7
f 3952/2133/1966 3951/2131/1965 3969/48/1983 2000/52/14
f 3939/2134/1953 3938/2132/1952 1993/50/7 3963/54/1977
f 3953/2135/1967 3952/2133/1966 2000/52/14 3970/56/1984
f 3940/2136/1954 3939/2134/1953 3963/54/1977 1994/58/8
f 3954/2137/1968 3953/2135/1967 3970/56/1984 3971/60/1985
f 3941/2138/1955 3940/2136/1954 1994/58/8 1995/62/9
f 3928/2140/1942 3431/2143/1445 1987/2/1
f 3955/2141/1969 3954/2137/1968 3971/60/1985 2001/6/15
f 3942/2109/1956 3941/2138/1955 1995/62/9 1996/10/10
f 3929/2111/1943 3928/2140/1942 1987/2/1 3959/1/1973
f 3956/2113/1970 3955/2141/1969 2001/6/15 2002/5/16
f 3943/2110/1957 3942/2109/1956 1996/10/10 1997/9/11
f 3930/2112/1944 3929/2111/1943 3959/1/1973 1988/13/2
f 3957/2114/1971 3956/2113/1970 2002/5/16 3972/15/1986
f 3944/2115/1958 3943/2110/1957 1997/9/11 1998/17/12
f 3931/2116/1945 3930/2112/1944 1988/13/2 1989/19/3
f 3958/2117/1972 3957/2114/1971 3972/15/1986 2003/21/17
